w3_cv,w3_relative_slope,w3_last_ratio,w3_relative_change,w3_drop_relative,w3_zero_fraction,w3_decrease_streak,w3_zero_streak,w3_robust_z,SUMINISTRO_ID
0.141182379802346,0.0008847814891410705,0.21032249918637708,0.014367762698620728,0.2771732309916235,-0.01877789935100794,-0.020339870564008322,-0.010349843509161034,-0.04985683851247185,SUM2_009905
0.03658274668935351,0.009837561802768369,-0.3144873231430089,-0.05898241901256205,-0.21160190819573751,-0.0210789960169748,0.008069906784635813,-0.00902980733533308,0.05520139239700765,SUM2_008507
-0.09213630517257783,0.029574594478902927,-0.3033058686141975,0.03875652300676896,-0.020655692489927,-0.022057931385666536,0.008697227681409188,-0.00836449631341849,-0.005627602166472349,SUM2_007405
-0.018380184793108295,0.05571252777815616,-0.39470344941761715,-0.0011072908064392085,-0.04461303155558262,-0.01908153289931084,-0.006994340943862037,-0.008897156907178188,-0.0012936953064374035,SUM2_003999
-0.10854759403387186,-0.0457914592858457,-0.37973264739160006,-0.054601665944479905,0.01737108524743354,-0.02199752439646685,-0.007567414658322937,-0.009644582252761807,-0.01072627485964959,SUM2_006060
-0.0555176988623116,-0.023629954445498945,-0.5061453056398182,0.006956188648771866,-0.18150202548652855,-0.019389772033421144,0.00794943227453429,-0.009032996131549877,-0.040251263490882136,SUM2_014534
-0.08961925371420192,-0.005377925063647026,-0.33664840621202724,-0.0011003520376288906,0.19323812227030626,-0.018110355916685604,0.013876743407623255,-0.007421675710574937,0.08414006395781962,SUM2_018614
-0.0791557875240558,0.005181318483833411,0.5278772475330578,-0.034970803698838086,0.0254762631587144,-0.02148438771933473,0.010947509450916751,-0.015446807358890377,0.0377651496142941,SUM2_005212
-0.09973654661549883,-4.0888673792672385e-05,-0.40244523855753556,0.034224897510734306,-0.04617103880182261,-0.021851196739290597,0.008701155073513388,-0.008181500777596716,0.012162503917378322,SUM2_009746
-0.07810149747530097,0.02013825173251579,0.13373450789908148,-0.03329098554891104,0.26906355296891454,-0.01932718149961557,-0.0024448401268386344,-0.00861371359307644,0.030553946370820668,SUM2_003893
-0.1266725297333126,-0.038849756708258756,-0.3357313329105186,-0.025173036950474976,-0.11243853232706207,-0.020180919017815293,0.007488947572875741,-0.009289278409767983,-0.13215268148005954,SUM2_008524
-0.10489267164569589,-0.035076317616240985,-0.43397213399261886,-0.03097733134057119,-0.20065244551419123,-0.021064329492275238,0.007257381083940091,-0.00924304072491507,-0.11565982434729931,SUM2_018027
-0.11091851753634407,-0.048598898131451886,-0.3448149900055385,0.024347907165495786,-0.05303536835679198,-0.020329200384958213,-0.011806837368447533,-0.008434211252199727,-0.03774872453226218,SUM2_009206
-0.024654396412662063,0.030171974789299495,0.1589004465799467,0.015073543789297114,0.4125401883719576,-0.0174073891636363,-0.004567505457041819,-0.005364627889748503,0.06573516281352679,SUM2_008883
-0.10469752030465118,0.040886027896656275,-0.3274439669565803,0.046367977107038286,-0.020423992406648588,-0.021967175632980958,0.006984936984769785,-0.008306751592070071,-0.007648150088350142,SUM2_013627
-0.20467892885098485,-0.04040506720449646,-0.46210451684447784,-0.011328097310550178,0.0622375107241663,-0.01997752115787438,0.0074501404622258445,-0.008949449823526499,-0.004701548684023128,SUM2_001160
-0.13384950117633562,-0.01522393116524802,-0.19454161119962504,-0.03585766234784626,-0.043550657782976995,-0.019789207163400463,0.007815926318470215,-0.009097676543736322,0.21702244021238304,SUM2_006608
-0.15170151661651113,0.007511293168519154,-0.03087249499323818,0.0074608310623450235,0.12834230088258716,-0.01867844051321414,0.007800229668565482,-0.007183553406947954,0.03722585864007348,SUM2_013146
0.10934708396253272,0.01870535420252961,0.5574443334269599,0.0620050975994364,-0.10626446107248078,-0.021299217646351398,-0.024194921163144048,-0.017256550794905727,-0.06903625310821868,SUM2_008706
-0.08960324233899669,0.004652960065543164,-0.3911903739412123,0.054836717927892076,-0.004888094250247497,-0.016230381145732588,0.0072941325895063604,-0.006351831178035447,0.24594986994145285,SUM2_011370
-0.10001187428590926,-0.0037333982324779984,-0.15422516215584176,-0.00294190073408688,-0.08215804006110704,-0.02251420461669814,0.011372320121772233,-0.008938992507419497,0.016918663019553783,SUM2_005474
-0.1447052025999101,-0.011217354522299662,-0.1417278405942372,0.008798606580948979,0.05230782587303998,-0.01790682572616211,0.008954883118241668,-0.007720065213868761,-0.04489574759094309,SUM2_013598
-0.13961518300113265,-0.03400074017659427,-0.45391847514410105,-0.09021999464329207,-0.04054525226421386,-0.020605724421184503,0.006932741229238025,-0.00973403872866575,-0.060605595506970755,SUM2_002679
-0.19931260952405147,-0.08442424476003187,-0.41526048293012047,-0.06188409532044629,-0.09521593638044006,-0.021285186969883057,0.005897063676482281,-0.00975772964929446,-0.09890846013339889,SUM2_012371
-0.1453493537345128,-0.020255704833481124,-0.33042595691566506,0.03782981375227233,-0.011638481996535064,-0.018357895764648753,0.006606166345932879,-0.007128145507141977,0.04310600657401703,SUM2_011309
-0.12820563158877835,-0.01780561011428629,-0.3901256457141834,0.007357371339405514,-0.03448424450561618,-0.019983482253178565,-0.007424230877088491,-0.007761561919855468,-0.10658504056191205,SUM2_000658
-0.09349310682550205,-0.0841340829964775,-0.10981936076131804,-0.01679620905042854,-0.10659150002150648,-0.02233622392513245,-0.014404866380835307,-0.008690896863028302,-0.06834528659252338,SUM2_004145
-0.15571598468117195,-0.018928109159919326,-0.4448500362337698,0.020332783510729216,-0.012172299992911868,-0.01958199238101584,-0.005927603901093912,-0.00631814179755608,-0.005276332418043008,SUM2_016142
-0.10906202270503658,-0.016711070571661473,-0.451589614072968,-0.06441671177607368,0.09298630499966194,-0.01989865847974715,-0.0072617166275613446,-0.00878571783554898,-0.009612949100873697,SUM2_016678
0.0013996283287179528,0.017385070490723884,0.5132608600756206,0.054977516128284235,-0.056317281006129497,-0.021238224374598956,0.02083991450321726,-0.016831913410696044,0.025752321895134555,SUM2_013274
0.0606515909400702,-0.06864282686316178,-0.15202387449436938,-0.06192905595530677,-0.207491958663873,0.05486097805069112,-0.04532677262339669,-0.04185541522587701,-0.015148433542494153,SUM2_003081
-0.1973267756397059,-0.0688575620589301,-0.2862207736782102,-0.019488136493930944,-0.08631636842080827,-0.02452302495265048,-0.0027145595310226305,-0.009552453952652671,-0.027211624590585716,SUM2_014093
-0.10440154918418014,0.032683152735048716,-0.11169978086985347,0.011554541485319097,-0.07617623975275375,-0.019958800110014413,-0.0063539272006958875,-0.008936698252082728,0.005154583693530839,SUM2_009912
-0.1310229767836444,0.0030064106963739383,-0.112116745681235,0.04339534901819173,-0.09932874267614258,-0.020512369599399404,0.012363126113678666,-0.00855309431970047,0.04231089668586965,SUM2_005481
-0.0738139381282664,-0.045919576994348274,-0.43989574646422297,0.02191676701609508,-0.10165706635128527,-0.018613453288132187,0.00917587327344169,-0.008015495949546994,0.15098469257075714,SUM2_009611
-0.19382375606666438,0.016268109181512756,-0.2683477912851698,0.01654497964938057,-0.018989937595056836,-0.019942812833778845,-0.012349507726816932,-0.008477167309233272,-0.03865566158860199,SUM2_007614
-0.11318512583677356,-0.045156440712332706,-0.3925577208117811,-0.08679190852997347,0.11322517444225126,-0.02030624571011076,-0.005401244856484789,-0.008705786078091804,-0.019234124852734007,SUM2_010008
-0.09201739534557953,-0.010304296790134521,-0.37721153460236234,0.007863018597024785,0.10263632130800127,-0.018458404723108352,-0.004846771502215482,-0.007626954668737899,-0.11358633413909966,SUM2_014204
-0.14549862764509416,-0.011227267406231171,-0.447362230138714,0.02377763796804941,-0.05179879384492388,-0.017405069897763824,-0.005257825128082786,-0.0075233447768717765,-0.16235958504935505,SUM2_008263
-0.12627595547946507,-0.008949379566077715,-0.3220009558409035,0.007695862202841229,0.07450054111251944,-0.018876380182341956,-0.009782821989156086,-0.006607358581905427,0.008735207495042691,SUM2_010239
0.26330992439937323,-0.058213103573728386,0.25575660654871635,0.02694229616130363,0.5874865373838201,-0.041148532749212575,-0.05726960556037608,-0.010846601026263817,-0.07409506920598445,SUM2_002843
-0.16748848170783126,-0.06172183814269838,-0.5303845095796131,-0.029201318931558473,-0.13113797342965997,-0.020380266665865288,0.006987488656328492,-0.009024277965594006,0.07365317044744965,SUM2_004157
-0.09499871527453067,0.017933143944718184,-0.4895090668939225,0.052057511987342396,-0.031204860829287105,-0.02228323138194797,0.007507898771668983,-0.00833463180467032,0.001380881314939591,SUM2_008325
-0.051542934936016103,-0.005158781042551077,-0.32570611783964365,0.018136841868642894,0.06986997969716198,-0.020581825582319788,0.009677870421720691,-0.007967522556598727,0.019339620420835625,SUM2_014743
-0.13943284534636638,-0.03850538953966982,-0.4284076347480549,-0.048671883938107514,-0.07148545316077276,-0.019424311803005356,0.00629076705171749,-0.009266413154494302,0.21125197602452067,SUM2_015405
-0.06545626245368777,-0.023635714256756018,-0.5225958264993118,-0.06126638746256012,-0.23303476529046113,-0.02179735712327645,0.009639056226750268,-0.009953066714309044,-0.0864889273854212,SUM2_015846
-0.11131897880932518,-0.052701740327291205,-0.10737796494149096,-0.05740653484051221,-0.05914955979247989,-0.021156139904945064,-0.01093153356330107,-0.009896997671029157,0.021547092630896637,SUM2_013661
-0.04960452523076049,0.018916542934397172,0.7124132231092212,-0.004637888126252969,-0.0341313855373325,-0.02187075878731698,-0.028838925342183092,-0.015934993625736422,-0.03977118955971337,SUM2_010040
-0.14728535002269322,-0.01918841431489497,-0.44699509042366187,-0.013275313802179852,-0.1512394757533306,-0.020651769645347227,0.007951601986210952,-0.009338800004635099,0.0840954146273853,SUM2_003505
-0.09000570691188453,-0.0135515313940679,-0.3089338007677254,-0.0332142694886918,0.08250280620662259,-0.019784135190101165,-0.013585335633534715,-0.007973122980253461,-0.11233364025389454,SUM2_010096
-0.06811250458629874,0.02012711137611674,-0.2800982598494448,0.01660511087908221,0.024483692827300674,-0.02064901308175493,-0.007327121865657977,-0.007453302873171636,-0.015961368229712683,SUM2_004531
-0.1340581748740361,-0.021017951909488165,-0.43880724208195937,-0.010866220511862751,-0.01844513344471308,-0.02023583173634971,0.007156029547119474,-0.00873628194029692,0.0228061160782655,SUM2_009814
-0.10440545610243031,0.006722382333406281,-0.3490610961575845,0.06753599135979074,0.016672177450462754,-0.02239832224916241,0.006857528426767612,-0.008293144783413064,-0.012508190669583863,SUM2_011082
0.016403017318836026,0.034278563445579856,-0.31845500094978896,-0.0022739676736209503,-0.1024548178226079,-0.01799955498416943,0.005840577693782175,-0.008906028933409213,-0.09131624228144064,SUM2_011578
-0.12398260139845793,0.005087620475525544,-0.32588192632473767,-0.004411482096631576,0.008051257828986797,-0.020544831347878472,-0.010877179217594443,-0.007811459189542447,-0.06488706066355625,SUM2_016389
-0.1235259980679743,-0.0236716547790091,-0.36851588860267176,0.028902428831075706,-0.03565383673818341,-0.01945323550332962,0.006956259821367779,-0.00951721726910851,-0.07330286654485205,SUM2_018824
-0.06815019721095833,-0.013230654200264308,-0.27319195497337956,-0.03651898401450847,0.022740733164812007,-0.02010877131772023,-0.01078566142960721,-0.00958824685557268,-0.05160882242247333,SUM2_012182
0.06784721912026637,0.05888060192626053,0.7973345935716682,0.0015691393579742702,-0.002587874079807772,-0.01838024702392437,0.016182522847590815,-0.014558358259836288,0.13682507801823965,SUM2_005170
-0.04967158546506983,-0.01972670688888435,-0.39634863294722894,0.0449689154129696,-0.07556292571889392,-0.01742179104727401,0.008484244775638004,-0.00834069535094016,0.2007809217089776,SUM2_012022
-0.12688142561834298,-0.062300939139962506,-0.22485910597918446,0.017246006920486043,0.1251953009147209,-0.018197679329378002,0.013590754043783787,-0.007599773148697186,0.11058575536819681,SUM2_010846
-0.06120278388168234,-0.02016282963572321,-0.42131649703432733,-0.029303025521240766,0.118273711088415,-0.019618800857768286,0.005607089104877836,-0.008068758906070941,-0.02879354681561346,SUM2_009688
-0.16495861178351134,-0.017225315405058006,-0.3819715912851356,-0.05601025115840761,0.001982029480452817,-0.020392776949392934,-0.004878294220459882,-0.008522133920616164,-0.013201859532883825,SUM2_012929
-0.11286032711627865,-0.06097380966504969,-0.3134693771810014,-0.021688416292628333,0.04934474910316874,-0.020450204365816925,-0.010578306762345037,-0.007159609685846123,-0.009095125268341553,SUM2_016448
-0.06643435044823658,0.006466426904789296,-0.4624273033120082,0.030677730236142252,0.11667902680261559,-0.020195353998600337,0.007131506183931513,-0.00839991504159429,0.02324443675704799,SUM2_003613
0.07318409400973477,0.0757842943433094,0.5105775494687741,-7.385359523031931e-05,-0.01362480770112089,-0.01797789163435124,0.02894759052496059,-0.016102688198429454,-0.000908753820483666,SUM2_005085
-0.10590292755546356,-0.00039039231472456497,-0.3144594717504853,0.02861725919025111,0.23847477353708513,-0.01804207242062811,0.014724512506087173,-0.006860924931147275,0.1322753537292143,SUM2_007817
0.45449500727587333,0.25950039840041245,-0.19596267549760218,0.1923324209564619,0.2455733148366944,-0.02951371593834686,-0.006148357272356517,-0.006911537542861661,-0.060972311989717476,SUM2_014513
-0.09305253308553607,0.0003609569453045159,-0.454006287080767,-0.00921833383922595,-0.03466045253038926,-0.021041601424389246,-0.0067177302766397735,-0.007462980865232392,-0.04425014504162581,SUM2_016729
-0.07118178893812863,-0.0030019280576622045,-0.10234264044255861,0.0787212073049511,-0.06236498065102207,-0.021537294981041375,0.010557553865223753,-0.008140138348068537,0.03208711935320091,SUM2_017567
-0.22632164274982963,-0.030064295001944925,-0.279056408678522,-0.06032658158252867,-0.03722821913578969,-0.019536344786153837,0.006051174762831566,-0.008805953318346871,-0.006306192893824458,SUM2_005837
-0.1810959491592194,-0.025477637366890044,-0.3748939764879372,-0.058316847225533944,-0.09802909595657092,-0.020844272035854,0.00805283417945189,-0.009751180896732766,-0.06405151126880927,SUM2_000952
-0.1005658784498297,0.0052542322424972854,-0.3658882686169477,0.0357538283950641,-0.09222501190464841,-0.021041969424589867,-0.005063078398948794,-0.008127821321768596,-0.03478951523929642,SUM2_002925
-0.05696868142542261,-0.003548848661117083,0.681454952193725,-0.009889864682482801,-0.19377090345181855,-0.02241782804789841,-0.03853758262906755,-0.019126583478642496,0.000648472755304845,SUM2_007474
-0.11255221376493277,-0.060757914117299194,-0.4470766353824687,-0.0025959667639408887,-0.04553238508940533,-0.02204600643558412,-0.0074533468432235765,-0.008576823697327016,-0.029132894159919643,SUM2_015159
-0.04754747537697261,0.15163878117354132,-0.13577228392588517,0.07222629210074379,-0.02124530430933845,-0.01929998890576782,-0.012007915166081257,-0.008526731936849438,-0.07274321042459948,SUM2_013103
0.15584131592739914,-0.07901408853708927,-0.3799628728694675,-0.04105448484549,-0.05560920435581042,-0.016391886254799846,-0.016191408134696276,-0.007339354541453129,-0.04388197254498093,SUM2_017592
-0.11912657914466922,-0.020714532364736256,-0.45353605327629554,0.01862140725175932,-0.08687153796375285,-0.018970528045078525,0.005362572645175689,-0.00775297864576819,-0.08024170307073623,SUM2_004580
-0.15903333021444235,-0.014208858300064858,-0.44799977008667813,-0.008189664997607902,0.057407096072115284,-0.019246914597912022,0.006062673721776545,-0.008075401780325685,0.001339890662605351,SUM2_015690
-0.11367713485242352,-0.050005265998255964,-0.36068732976327256,0.03612883739113158,-0.03865013353624044,-0.021165456653743135,0.011371801253728303,-0.009053647593616862,-0.036177030657539105,SUM2_006718
0.5635480511919638,0.05497521040133484,-0.3103631559347145,-0.08222497377241414,-0.09151680125699732,-0.023401772979630656,0.009255906688452508,-0.007598452058171991,-0.1157931145500323,SUM2_003744
-0.031309589364351534,0.026593561086201055,0.3009177613262331,-0.051156501093983855,-0.1612055065953935,-0.020750350913364492,-0.014259937671138909,-0.014546414784446455,-0.08909687633018475,SUM2_002462
-0.12394104350498383,-0.02269996589238992,-0.36223144433660703,-0.001204017602386618,-0.0011650932512319106,-0.018384822500405837,0.007906512950403986,-0.0077345645052775,-0.0714071292726342,SUM2_003409
-0.11733271397097973,-0.05601041193483469,-0.40004968615451864,-0.0016926177380627509,-0.009064974836768524,-0.021781307216940028,-0.007907077508471708,-0.008576990959847198,-0.025591665650945793,SUM2_018075
-0.07436401192999388,0.020351101077534982,-0.23722821208627068,0.10035681664963969,-0.04349192208022387,-0.019748421910190102,-0.008772339633597573,-0.0073780998110806436,0.018921606791905136,SUM2_013559
-0.15399611647826603,-0.006772874739066841,-0.503520004983983,0.06553270613267514,-0.08761658740881179,-0.021823453679586362,-0.0037857494635486232,-0.007871603496867502,-0.09030110666388565,SUM2_013393
-0.06446835451298119,0.021293788794690162,-0.10249372014195968,0.08988791852961367,-0.02549919026375781,-0.01935783980739282,-0.012162921645764406,-0.007335101759617213,0.04487336706008481,SUM2_013874
0.09618254827959713,-0.010594608496268953,0.7619236413265323,-0.003337738532920513,-0.01671653084373196,0.12319505195475262,0.015011763816734284,0.07541504035659256,-0.0022545739243076683,SUM2_004494
-0.16022886250071783,-0.012608164199839105,-0.2353226673861096,-0.048000024465396085,-0.11296302604796253,-0.018395553404780284,-0.010845288451445008,-0.007636636115988056,-0.24279652150200454,SUM2_017997
-0.0694697066929313,-0.01216238822312766,-0.06649042565665231,0.0279596460273764,-0.055846651949996474,-0.02153545701394821,0.015294436231935835,-0.008233137870623257,0.0332085162945379,SUM2_015978
-0.09273278668910508,0.019447944127519805,-0.37348370236797307,-0.015508295751110051,-0.03384932515738762,-0.019723299430606987,-0.008211349691431882,-0.008200100255628184,-0.025946503183202747,SUM2_015925
-0.13481961210058563,-0.018540165257780523,-0.4490821836846588,-0.023942885549820554,0.07317779889404438,-0.019625182547193934,0.007147104526932804,-0.00826644205983867,-0.05083803786047721,SUM2_002345
-0.0785693294125295,-0.023187337926765833,-0.2707028103355279,0.02447590687078089,-0.003418094261023419,-0.015799738912836526,0.008898575800870398,-0.00858195740145341,0.2248025488513846,SUM2_008220
-0.10585122634642094,-0.010087976216144328,-0.4331800390853201,0.018808117065297548,0.014411695474604474,-0.01781502861475872,-0.005996043893019111,-0.0064402532843650055,-0.009061975027936984,SUM2_014854
-0.13116273236747256,-0.03178696339541802,-0.3491298679711979,0.022840607484689128,-0.010560032164209485,-0.020148284114614595,0.007000565942097621,-0.0075090999602544835,-0.03158292418617517,SUM2_011422
-0.08979477583250546,-0.054164818671909976,-0.31323619853080337,-0.011027366976829645,-0.009126924743267468,-0.022283145285569524,-0.010399952020080896,-0.00869578925526563,-0.044920626513990744,SUM2_002783
-0.1107189411830984,0.02270254009988755,0.2911476231698037,0.011093087208617437,-0.06668791137709965,-0.021490745682450955,0.03312264330903053,-0.014922389577471431,0.046046050930130894,SUM2_011098
-0.17690271480136127,-0.016113779757789683,-0.49361492954124175,0.001130819674287736,-0.029231806361883973,-0.01956717616244815,-0.0065952922255652704,-0.006829494463176029,-0.01291802454118611,SUM2_007364
-0.16572536451060507,-0.06957596216252519,-0.5051563218539986,-0.051895984082498306,-0.14093177613752225,-0.02023732632447966,0.006984700428691299,-0.009067520085065377,0.07836291156823517,SUM2_001467
-0.046599500475794864,0.006690423858630895,-0.4415505017006251,0.033832054262023535,-0.08572440648996378,-0.02227866531919831,0.005791936810797163,-0.008485439640352341,-0.08113986674228355,SUM2_013028
0.013910698414353296,-0.0028177102290769056,0.6755185393565132,0.03791441763406078,0.010432444388141171,-0.016606129121937267,0.02092226054062591,-0.013472797826281366,0.04580726869378393,SUM2_005143
-0.08211979764473314,-0.05610589373432566,-0.3253861578483421,0.020533969790290606,-0.09555310259108592,-0.019217250262716173,0.007026566883233533,-0.00814522859705291,-0.024499620976993593,SUM2_008313
-0.08863838021662182,-0.03240536443674333,-0.33171395394156344,-0.016246918608689327,-0.10904653509262026,-0.019436651052430427,0.005561353654656727,-0.0069394426033379305,0.1982084401326103,SUM2_008477
0.07599334929197962,0.028991707914006775,-0.12102190359931642,0.11374332708603077,0.19343214194643274,-0.019635232638342586,0.010295604187106644,-0.007741948362577945,0.015829706321121437,SUM2_009378
-0.07061819327249688,-0.008926667432340432,-0.4312431250921852,0.0337522741706756,0.16173770887266134,-0.021332665033925915,0.007485232802747893,-0.008394661980007483,0.015178299809624382,SUM2_008305
-0.13468961843195743,-0.044972299045846126,-0.26834454213025066,0.051416918218738596,0.002290517234081342,-0.019584489451219222,0.005269919010403891,-0.00809536609332095,-0.06657996921784665,SUM2_005891
-0.13221091196755305,-0.04567829413014134,-0.48134302789255157,-0.011776750104122597,-0.1758025006521176,-0.020843172027741195,0.007216744356551547,-0.009644666970534439,-0.07199935841773486,SUM2_008321
0.04714993284143486,0.10541417536402546,-0.055302283543857175,0.1222164126747225,0.013315353441072968,-0.021136633215549126,0.008675945195650969,-0.008498018283442977,0.02048020691852227,SUM2_000280
0.011756318864576568,0.016953262744447844,-0.13259035540316505,0.12506404028109502,0.007748455801011453,-0.020351836541420254,0.008711787228572469,-0.008084968302921014,-0.04030508877652759,SUM2_014101
-0.06823969096456292,-0.023940721973296962,-0.506375279895172,-0.06275744272186752,-0.20555941444457154,-0.021884187509261813,0.009648765981478008,-0.009953066714309044,-0.0798071447491181,SUM2_011019
-0.19686259117202548,-0.03256261227077892,-0.46650772382928746,-0.06531902409848851,-0.16258301327041366,-0.020817902496759123,0.006763322339172329,-0.009166290489997165,0.0721866201736013,SUM2_016131
-0.040478725631700636,-0.014419337213218896,-0.25072988733501467,0.029211402214153786,-0.07585242486493429,-0.01857058253567212,0.009520356250818547,-0.008036043058422862,0.15143056675463765,SUM2_005313
-0.12891911414840454,-0.026950170193927325,-0.45508871515486654,0.026762967471832287,-0.017952474780905274,-0.02207794504102355,0.007162178870141621,-0.008364073557031306,-0.003245650276232352,SUM2_007587
-0.04311380348640344,0.10520326434505622,-0.09957592372412893,0.05666784937491898,-0.01001843065854334,-0.0207148879003713,-0.006994598994819326,-0.00755470459225724,0.0799261137015701,SUM2_005874
-0.0682874528169804,0.04603720611950934,-0.4934558908524599,-0.059567266628173,-0.16116568237935475,-0.02153164662158493,0.00944375457913423,-0.009828538412925315,-0.0722243793941352,SUM2_018359
-0.11723625097010255,-0.05742473551289928,-0.3793263881049705,-0.06633595634689624,-0.0361636821229469,-0.020141271359038104,-0.008657236583794768,-0.009379888361929756,-0.013434924999229311,SUM2_003379
-0.06468977180156985,-0.03627803852508368,-0.21336452400460945,0.030362333047304024,0.10490631741627972,-0.018503193674363615,0.012721306578637204,-0.007613391370322499,0.11937574416734961,SUM2_009086
-0.09724879749937743,0.039876554683607665,-0.3314926927812185,-0.03774779130402616,-0.029880797112931755,-0.023156191378213183,0.010784255102908275,-0.008442001987172206,0.0033471207920607845,SUM2_002790
-0.07920855283849144,-0.05047042839955328,-0.37458141513383353,-0.06970584231988368,-0.009047147650696186,-0.02022470310083197,0.005946123531483346,-0.008157774430968176,-0.07717804452032356,SUM2_000949
-0.1032129224515221,-0.007294302358181242,-0.35884568773785924,0.0021526218276948436,0.007652772913883927,-0.01925688045963746,-0.006566380525860562,-0.0062991125090696865,-0.011577577001536419,SUM2_014678
0.10660685088805562,0.08222813148285288,0.040925173935349134,-0.022341412705689137,-0.14086698610570933,-0.016009593822462774,0.014210694762891834,-0.008967882846979606,0.14350799028650246,SUM2_017232
-0.20180208033738833,-0.05217213079717613,-0.4662581586849582,-0.02692140362765596,-0.12161200790118472,-0.02089837151393517,0.007470500584098154,-0.009580759582895716,-0.08101701336962266,SUM2_014690
0.2798662636615249,-0.038778566945165446,0.1303755475054152,0.05455969893222399,-0.16562675649989703,0.08301336774258879,-0.023584419175299447,-0.040533147019755286,0.18623680702228146,SUM2_005026
0.18093030659088477,0.07508050668051174,-0.07007617775822597,0.2858903994848525,0.06798911483175986,-0.016899678224814856,-0.011119450378446598,-0.007119470403790319,0.023252899963679057,SUM2_016803
0.27987357995633816,-0.023365257258937025,-0.46392371532652604,-0.060048923950376365,-0.18000286900069123,-0.023981253607351465,0.008313228516590158,-0.007931131612523892,0.08244494961897156,SUM2_011474
-0.09954055944154167,-0.015524338578916663,-0.42766583231082145,-0.014340391206107566,-0.07075051435446403,-0.020098168739654303,-0.008978850603608963,-0.008894546541454522,-0.0015232565357169096,SUM2_000600
-0.07026680265227073,-0.03687596981880052,-0.4080576883155098,0.03608464313913667,-0.1893282304423757,-0.019563156765060374,0.007508616383195281,-0.009165322073530904,-0.09467243036042491,SUM2_011788
-0.0007255424253274273,0.04980247249317097,-0.3507222709405436,0.09341912060421964,-0.040994609860975265,-0.017540117893693558,0.005916521614839316,-0.008662727098134954,0.11902233385119305,SUM2_009107
-0.11502732648938219,-0.06946997805813923,-0.46250591618185694,-0.06144107959063787,0.02842154046194646,-0.019785021744369868,0.0069602009356022915,-0.00917091489353776,0.12457684407680922,SUM2_001665
-0.05594426145812457,0.010442815008054671,-0.442252339003874,-0.021066693963988276,0.17464295535657376,-0.016381064432108784,0.012658782385015194,-0.008425825565095756,0.0033445928597290913,SUM2_002010
-0.0125733422305841,-0.06451212428344329,-0.2678762929122091,-0.05587897629460381,-0.17702615221831328,0.043214598945545295,0.011049995968613117,-0.050199188202036484,0.04953017164958114,SUM2_007253
-0.03347679197552601,-0.0826028162556881,-0.30662248525461744,-0.01565778686464779,0.040468676228895606,-0.019030216102652285,0.009729932760507282,-0.00908059821755472,-0.03627518945945083,SUM2_008350
-0.07872409887841228,-0.05107282425601467,-0.28775710142990524,-0.02457123412866362,0.007513667465579051,-0.019505786653069446,0.006557147671290321,-0.009075952561396799,0.19390624455336292,SUM2_010518
-0.06637073671461317,-0.049017061446313286,-0.3872694287530688,0.0028411745090130003,-0.09298653896539698,-0.01848110818182932,0.007444653287224828,-0.0068695080967462905,0.11682761248956837,SUM2_011843
0.08369549316358034,0.1556470675661755,-0.011496719370179917,0.18194186098084475,0.05129406665021341,-0.02059647530570059,-0.006858264571012686,-0.007474080272131245,0.03651429452025058,SUM2_003807
-0.16969112502456637,-0.015321033997161292,-0.4509558381164952,0.011137787103713345,-0.02119189990536579,-0.019340620241486847,-0.0056887377865118315,-0.00686120983235345,-0.009015651442300534,SUM2_000320
-0.14882296858514982,-0.01266725091772714,-0.4203316681525376,-0.012042644376610012,-0.04842334837561667,-0.02153059426250739,-0.00640025326443999,-0.007689298184218982,-0.05831899590421631,SUM2_003415
-0.15738818303302218,-0.016173743724169472,-0.4977518349592521,-0.04877053658959279,-0.03898243074361002,-0.02073292804152539,0.005864647959425924,-0.00973818957967296,-0.07412854257117638,SUM2_002008
-0.08006823154088821,-0.01085799679964545,-0.409902391653201,0.004827106641302908,-0.05275166985676906,-0.020806045996508538,-0.007064755308596763,-0.008099715526577619,-0.07607040887780211,SUM2_012775
-0.16420362491775742,-0.07956293039068105,-0.38792963395274566,-0.07790448361381867,-0.12110549404212283,-0.021072611764058266,0.005832999858240963,-0.009847926007311703,-0.09091150381870802,SUM2_018720
-0.14911076533656417,-0.00304053931584556,-0.45072119677904643,-0.04832729390358294,-0.023090429273453804,-0.020571758473156638,0.00566625544663885,-0.009688124306120545,-0.06857818122818302,SUM2_004729
-0.047066948302322206,0.08057527334125092,-0.11511224289893314,0.1044592151354284,0.0939625121021994,-0.019886058811209202,0.007465146943430791,-0.008277765631932664,0.010889463526439361,SUM2_013938
-0.07229375065819618,-0.04473564706345321,-0.2808421967973476,0.053219024667353065,0.02821782315376011,-0.018179729491274922,0.005269919010403891,-0.006460327839990901,0.09714210043020302,SUM2_014086
-0.14536924525731104,-0.044689581559807665,-0.3189946135688271,-0.04510010398940811,-0.016211432000437488,-0.017929967976280648,0.00784412375447603,-0.00822436499076755,-0.00348033618085678,SUM2_016477
-0.14519957300717964,-0.04027353892559168,-0.4606871246302447,0.010056247057967312,-0.1543787748721162,-0.020484790846884385,0.006754118792288139,-0.007846798665420048,-0.0782042345125166,SUM2_017689
-0.08569019638856086,-0.04957902359621883,-0.35447951076802003,-0.01817469752336568,-0.13166305572850573,-0.017535737037921568,0.010950802092143042,-0.00745133340713644,0.11546467490224295,SUM2_006369
-0.10270093525353516,-0.014221728104943815,-0.5383371210699306,0.014703014980537846,-0.030768157915994538,-0.017982501633894137,0.0070187659195356565,-0.007276254683265227,-0.05289341518239218,SUM2_012989
-0.11462999901735235,-0.05254833486360244,-0.1568837081236616,0.014384942319295954,-0.0892078295174596,-0.022141281097644155,0.008935996192447983,-0.008801877544742868,-0.046294848375520566,SUM2_010263
-0.18664525547521527,-0.05860092882794869,-0.23688207571508307,-0.01937452336702507,-0.05161418223798492,-0.023850611896141054,-0.007573957779083684,-0.009560515255969135,-0.04434265701864407,SUM2_008182
0.09217090051254331,0.05477114135236229,0.500262534037636,0.035885588702423796,0.18339486112189415,-0.013411739930855288,-0.031722114404728656,-0.01236509023748107,-0.06693470142381278,SUM2_010157
-0.18078890397237143,-0.02174604746814193,-0.462552702541823,-0.022515025904291202,-0.0330360200604769,-0.01998748646575003,0.006287499373034258,-0.008740169547775432,-0.040852806994999595,SUM2_008042
-0.18495200750514695,0.025448156032331148,0.7138172552036404,-0.018732609447790465,-0.10748751136691881,-0.022127006245077446,-0.03154793810072781,-0.015183786036671417,0.01236747926178278,SUM2_011177
-0.03453290684477943,-0.003492519268832263,-0.44211255393398324,0.04291604099074753,-0.06537282265136282,-0.017945811637963376,0.004689093249644208,-0.008328066655562372,0.08604860908466697,SUM2_003316
-0.061667680912863634,-0.011723367777797002,-0.5002269012114567,0.03252325443960772,-0.07576681919506617,-0.018658535578259024,0.008300127539509958,-0.008033559121470402,0.170153703540272,SUM2_004441
-0.18611202534765395,0.006458768603262809,-0.034344652047712323,-0.013201151628676949,-0.12449563635297864,-0.020455248235817278,-0.009837014233341653,-0.009725149519134644,0.020717577814767785,SUM2_016008
-0.0447206303936812,0.14521948899264264,-0.2239175477687252,0.10166643199307242,0.07419014229134567,-0.020669963754264498,-0.009651117492335352,-0.008112019693518597,0.07218070382331102,SUM2_017038
-0.019022042826219294,0.03326418195924609,-0.24020261427778214,0.03713710194018994,-0.011449547083845704,-0.02060337439207087,-0.00683652877903283,-0.007485252585292047,-0.00494841608202679,SUM2_005068
-0.09855468449611089,-0.02312961939587362,-0.5214290666474363,-0.03159574910966602,0.07948977348003113,-0.018731771079406576,-0.01080331586795744,-0.007714870223772296,-0.012849756842508142,SUM2_000656
-0.08398699981496889,0.003762012980058971,-0.051520665275738356,0.000906266495136145,-0.09574375829620818,-0.01888116648626955,-0.01152416963668534,-0.007273934316136657,0.047707692458524756,SUM2_012728
-0.17348687437793225,-0.013675545766145996,-0.5196510573300988,-0.008940502545840492,-0.012559962824567363,-0.019131520155376634,-0.0066664729489393755,-0.007773391210486855,-0.005459669224388413,SUM2_016104
-0.18398403230449195,-0.00167500265555822,-0.5010736208897613,0.02995708354469955,0.016926384205037486,-0.02163059787898143,0.009455976631542472,-0.008962320073706662,0.0028487562399842586,SUM2_003873
-0.1053425944798562,-0.013530188020502251,-0.4102528742766493,0.035150694110347644,-0.040561681398994395,-0.02162767766526364,0.009799900338413823,-0.008277107024567817,0.015536089600404646,SUM2_014510
-0.1890539430883246,-0.01702693950912006,-0.49254188524837206,-0.05771140380377854,-0.13094990860647066,-0.02108293598022978,0.005251051865165597,-0.009642154187891284,-0.06871445553373268,SUM2_000675
0.09618254827959713,-0.010594608496268953,0.7619236413265323,-0.003337738532920513,-0.01671653084373196,0.12319505195475262,0.015011763816734284,0.07541504035659256,-0.0022545739243076683,SUM2_006652
-0.12234694667477605,-0.027263376434095977,-0.45651550481585723,-0.03644690036039267,-0.07222058836853028,-0.01971845513992784,0.005476913139382454,-0.008411899847824412,-0.049751822460275194,SUM2_014677
-0.03701084646218626,0.0012007927714554722,-0.4518673251704162,-0.03786600036316819,-0.1968824197385672,-0.02185800118242397,0.0059453795668665725,-0.00995397261040198,-0.08528788040170907,SUM2_001053
0.04085420590896445,0.007352713637172857,0.2736312531755146,0.06117839296801743,-0.12090232577019011,-0.021336166596423067,-0.025556873836338267,-0.020669307769671366,-0.11998056353206628,SUM2_007402
-0.07539400012290562,-0.006034370802582301,-0.30929647575238256,-0.0016568762778955582,0.15636315165120634,-0.01863490842358509,-0.005647643383002686,-0.007394758612204106,0.019749568930360516,SUM2_011440
-0.13207374453490311,-0.05557952935413775,-0.48061632981957525,-0.010652233431005484,-0.15390311744559815,-0.020683029029434207,0.007817126260957229,-0.009664483693989041,-0.07973917807927378,SUM2_001336
-0.09052270243419251,-0.06192584978873507,-0.08876639039969433,-0.00856469346108095,-0.016791837265065498,-0.02175400373946058,-0.009295400308809279,-0.009054045335038419,-0.17261978379670645,SUM2_002927
-0.17604242263243938,-0.031822435394985166,-0.49086697996299666,-0.03936673692326661,-0.08780521266141676,-0.019896794714516212,0.006424940084420521,-0.009206217119208559,0.18144521261966778,SUM2_015406
-0.06359728503451949,0.011515606084182473,-0.4381441894591441,0.044604589842151474,-0.11152295735617095,-0.018686725533455985,0.008271595603838906,-0.008182318893351212,0.02530078213318688,SUM2_007377
-0.16408401833279496,-0.010862923412484276,-0.448325996598616,-0.0074385847612697285,0.061850887104967764,-0.019240316201551973,0.006108400402053815,-0.007787655223607888,0.017194678943287668,SUM2_008141
-0.24753438665218316,-0.07462589838843232,-0.3760956016171171,-0.08817483595130321,0.005485601458371509,-0.019439844307937004,0.005927130177549044,-0.009455639389740342,-0.004811243546426222,SUM2_013727
0.13502099983925847,-0.015005349195138646,0.10229538878779021,0.047835281576736444,-0.18871957034007417,-0.01961859497695153,-0.031329987261264576,-0.03847754883528943,-0.012080044761427431,SUM2_004362
-0.17340732648938723,-0.06936182869821075,-0.11062424798419204,0.046073760414247454,-0.10262139611857987,-0.022542736779286775,-0.01170613461128767,-0.009020777899344589,-0.10555816687505179,SUM2_009586
-0.15074038194467348,-0.02269502533258965,-0.4624011138046934,-0.050349053578412406,-0.048211412306189944,-0.020480005370442998,0.0059239234489402,-0.008073435619621098,-0.05588976489276816,SUM2_018454
-0.17566290370335574,-0.026027768037594528,-0.4431097149612581,-0.07801533382167349,-0.05338471191632103,-0.020721122612622073,0.0060415546619300734,-0.00959145102110635,-0.06185743355793222,SUM2_007836
-0.13166746405399937,-0.010637971090403427,-0.48919714427508715,-0.018448025545478686,0.1263939677928279,-0.019512990742174108,-0.007413527003694104,-0.006487425541746436,-0.003936852519214921,SUM2_014767
-0.2176763069752273,-0.0292592594363134,-0.49637934230910313,-0.02434779767967426,-0.16491137651263837,-0.021042842999494528,0.007848205501137328,-0.009368614306328838,-0.09175147989071342,SUM2_017332
-0.13225233889184426,-0.09315728665013134,0.34528276126860574,0.01866654768061452,-0.145410807412655,-0.02423905470584632,-0.02682368296190557,-0.02372892489557585,-0.17108208980606818,SUM2_015257
-0.1995679876419353,-0.018466605878589868,-0.4226587845022486,0.01061857579050334,0.0742718894511776,-0.019054243839552426,0.01234906022534535,-0.009077543062583461,-0.01136387779675453,SUM2_012955
-0.19462773164530572,-0.08909222555598198,-0.3496852547138436,-0.06236922379795079,0.02883335510103698,-0.020260775950588516,0.005827683328326281,-0.007446630032358827,0.04146432482931116,SUM2_002143
-0.11481373968598337,0.003311702060097814,-0.01788922630142105,-0.020709685527158624,0.06084719550016254,-0.019487053931708107,-0.0039671564144706335,-0.008331199314417908,0.021397096955015658,SUM2_001895
-0.1651932019130992,-0.0470563188364702,-0.3498949841375801,0.002040555632056217,-0.008026081672859564,-0.0194277878279629,0.006264479665074259,-0.008245585871380821,-0.10817012697819132,SUM2_013616
0.09618254827959713,-0.010594608496268953,0.7619236413265323,-0.003337738532920513,-0.01671653084373196,0.12319505195475262,0.015011763816734284,0.07541504035659256,-0.0022545739243076683,SUM2_005109
-0.11352883154964313,-0.00830697511100428,-0.4037119043839594,0.06220915019362527,-0.03449198801417188,-0.021873274394713947,0.008859270342448617,-0.00849165090909834,0.0041888363684324725,SUM2_009352
-0.07631337678846901,-0.010102693414753255,-0.41538356798926646,0.06219872645448721,-0.008648534343346673,-0.021219975677887307,0.006819982391457433,-0.007921348537746143,0.004601289130641479,SUM2_015178
-0.16691817981144944,-0.03499651935505702,-0.42439690304694927,-0.06557380720791346,-0.10080955300529933,-0.0209366915085169,0.005432464858786392,-0.00769938368215,0.0037779838540905873,SUM2_007263
-0.08879241684433511,0.0025969423402513936,-0.3854689600003918,0.032343469592474264,-0.04224976800096268,-0.021255442832492866,0.007045995648255819,-0.008562604256322381,-0.03166140009173475,SUM2_000164
0.2369710439673419,-0.015927241178974757,-0.23180024630811197,-0.023430281138451473,0.09478845092426028,-0.016026611998567378,-0.015260805078388876,-0.007334640488170063,-0.022768753898721406,SUM2_008987
-0.09947709472955893,-0.026448059335491325,-0.40267543107107046,-0.029746228095997057,-0.1552374948326541,-0.020402382385606776,0.007612292248527408,-0.009414868700924733,-0.11259092779626723,SUM2_002433
-0.17230049540397244,-0.009469114151060104,-0.5100771576907981,-0.014834503316291084,-0.03478613865465467,-0.019477666865399756,0.005590013763610986,-0.008724967522351332,-0.05933273442431134,SUM2_005340
-0.15522806587192514,0.008332014476243182,-0.48951086955383694,-0.047607016029201296,-0.08182140983089227,-0.020385103475770532,0.007217938949070647,-0.009717084785706752,-0.06529306853341266,SUM2_011795
-0.15609438636005157,-0.02842706798815912,-0.32298072118729787,-0.022299845395359508,-0.09487619600169148,-0.02014457880175561,0.009778346720596546,-0.009606740717987316,-0.08241867236146713,SUM2_011332
0.40551118561907423,0.03844588622449767,-0.27412172986148475,0.034794136639463714,0.20876478946614646,-0.016704212971482484,0.008828713736491026,-0.007585677946363381,0.18110530503637662,SUM2_010905
0.00011863492588945757,0.04221204461356437,-0.18425337318336762,-0.016460969021961303,0.052563055868572794,-0.017083316714374082,0.013734973667640597,-0.008584740806461684,0.06170075675044136,SUM2_000721
-0.17473167799002992,-0.024538309024010517,-0.4226739686720494,-0.0060400790762335215,0.029067597478988582,-0.019497577902579683,0.008113846749466068,-0.007806131592184237,-0.04773862813166188,SUM2_016046
-0.16172490477101298,-0.013162117339848567,-0.4961600403231506,-0.06059691964335399,0.07577876031613709,-0.02000250836779953,-0.006430242038373356,-0.008569953528290406,-0.017661479370699913,SUM2_015895
-0.1569217668108557,-0.012329616355367468,-0.130148065170865,-0.04450722126794084,-0.020342165604318625,-0.02037897454644741,0.00606276794682468,-0.00822304289413266,-0.05211561278899464,SUM2_009910
-0.06764729009927736,0.03468010699825096,-0.47240209902232727,0.03996658248596016,-0.1192943554312899,-0.019189802769438637,0.008215000693558036,-0.008132284241646536,0.19072416763432248,SUM2_007457
0.12693439941594412,-0.05241740547276517,-0.30710004221329296,0.018610853588555947,0.161762668698761,-0.01624290708200784,0.01007642732024254,-0.008073944429090716,-0.031244217828711247,SUM2_002613
-0.20233993574171777,-0.04939808633042645,-0.5016953173367302,-0.06303531271304803,-0.10040275199392337,-0.020692240215788086,0.006468610806488466,-0.009229511790129126,0.07552243422153751,SUM2_012919
-0.09811860454441985,0.007445416233563315,-0.22385776506245433,0.035303116593558545,-0.07691735650889711,-0.020818104251148717,-0.004201250477751525,-0.008040651425319139,-0.07831926185810917,SUM2_004745
-0.05627951495898611,0.007562933400137179,-0.3162329560235444,0.07398623322147657,0.033791611795548404,-0.01649579111782698,0.006015487408142575,-0.005671725619981856,0.27105819859110714,SUM2_016770
-0.1273525648658087,-0.016172505627426063,-0.31665457402087344,-0.006331749075522886,-0.053652373507917316,-0.020154700932413915,-0.00535978743487874,-0.00940102422890544,0.003749423426841972,SUM2_000126
-0.0839290210949858,-0.04499859488669457,-0.15202634607785157,0.04322804218923741,-0.0404201905660849,-0.022136111374973906,-0.004776816265690184,-0.008541252529494472,-0.09712034426286585,SUM2_008850
-0.08222173178429877,-0.004532069182740009,-0.40842335209916597,-0.003171640504297346,-0.035930749656656075,-0.020299287049196348,-0.007793845509147311,-0.007477283257605262,-0.005305474745369644,SUM2_018203
-0.1301980687853745,-0.07814196483297453,-0.12788887049004605,0.03592399041441332,-0.05580232708020445,-0.020681900789528,-0.013414269781459518,-0.008572801930019334,-0.049084145022569976,SUM2_014955
-0.05916723343207532,0.05821659164812496,-0.18643535989929907,0.08937034543920086,0.05092426827450165,-0.020591759748598632,-0.0047323932081244835,-0.008301761613737526,0.08810272559133367,SUM2_010260
-0.12404527980681905,-0.007002826241115044,-0.42057929113382564,0.026342116615984502,0.1189468135819461,-0.018096870569337398,0.009567491216355367,-0.007261946638246026,0.19919921451555775,SUM2_016113
0.6471219341390415,0.02442355924968795,-0.14088113047213918,-0.045291837711660315,-0.17884809765365597,-0.025140987490741163,0.010085192167488446,-0.008761421306043262,-0.07602776239417616,SUM2_001447
-0.21160460141719586,-0.016303378025675087,-0.41589590945054045,-0.007463292766955253,0.01113257999323744,-0.019456904206669234,0.005485569218558202,-0.0072126410633358996,0.023346171951674828,SUM2_004294
-0.1655448897283876,-0.0002978134802787143,-0.3962791948713682,-0.045630251581801486,0.025532224428171636,-0.021649789607241378,-0.010016558497572858,-0.00976308540940727,0.02342289472384123,SUM2_017339
-0.04614089598822665,-0.040173953327232725,-0.4091344833994057,-0.051989045812764624,0.02130187799903841,-0.020208938380640397,0.005685078368069596,-0.00722420641933517,0.11803083870153772,SUM2_010549
0.09618254827959713,-0.010594608496268953,0.7619236413265323,-0.003337738532920513,-0.01671653084373196,0.12319505195475262,0.015011763816734284,0.07541504035659256,-0.0022545739243076683,SUM2_003905
-0.15569955731845792,-0.0598077365010181,-0.4595923766398733,-0.0019358074206636104,-0.009230156701892245,-0.0205573978255989,0.007903774753461209,-0.0095340992198181,-0.06492307320212772,SUM2_002631
-0.18512375685013868,-0.014429122398555285,-0.4434054280408434,0.006533497997762314,-0.05223022391262285,-0.02005531553471515,0.005666048068091093,-0.00828139033740842,-0.009479788580881195,SUM2_004424
-0.17050132254267353,-0.03439458193833507,-0.331738734871326,0.005563832113994962,0.07250259093140118,-0.021481282149212227,-0.00710323344318832,-0.007869279266205462,-0.12522331639586196,SUM2_004128
-0.11276101302562516,-0.015985614030303873,-0.40088625708742087,-0.017168518126186368,-0.05176191586587449,-0.022674838904840188,0.010835838110169093,-0.008237400918985333,-0.029230806413520972,SUM2_011723
0.11316839667719605,0.0412589709282918,0.6315301517525354,0.09089018097098167,-0.05608877460707762,-0.019113432358676224,0.048691832006523945,-0.014475580770288593,0.06808844942774836,SUM2_009901
-0.04287845367708762,-0.027284221181825812,-0.45620867297344103,-0.040114871325539515,0.1139628523679241,-0.01651766937571291,0.011689769345316632,-0.008137316769773527,0.05822673056773749,SUM2_015292
-0.2554077854414207,-0.06080048863790597,-0.42953859513792303,-0.08369903781637582,0.006370612679983359,-0.019507593572470783,0.006158195152071404,-0.009480322301662337,0.023950536139085384,SUM2_002947
-0.10132546724398925,0.014148842505892809,-0.023992100168676155,-0.03533554049522916,0.18977180137816368,-0.01914456091122329,-0.00556061321192123,-0.007467929094739455,-0.09832958398775404,SUM2_013446
-0.11793087849465293,-0.055448500561629796,-0.35331448106243935,0.03646001894761129,-0.06245569399372648,-0.022052478090398214,-0.008437945220886976,-0.008449203461895946,-0.030693730005516052,SUM2_009004
-0.19861822207750765,-0.014786533610504462,-0.5123328190132632,-0.010928045548846993,0.013772243506042166,-0.01998663967006455,0.006104344445132764,-0.0072126410633358996,-0.02061548541008542,SUM2_001671
-0.05111403480281621,0.002382058505314537,-0.16729924382218922,0.016235973608336913,0.02694881242902917,-0.02069479864150136,-0.01456515155290283,-0.00804585613963427,0.031964786144605614,SUM2_011952
-0.0804253189876001,-0.01303928521261096,-0.06821599003281112,-0.021586230436169057,-0.0652180086636981,-0.02004653348966593,-0.008697904241559477,-0.008190935663303481,-0.09135339411904977,SUM2_006186
0.07727885766123235,0.002798929994900155,0.6878641643534738,0.01620419208917786,-0.05072493059269617,-0.014674527838432667,0.014869396463277812,-0.01594650320670839,0.1502246209757067,SUM2_014336
-0.18321759969052356,-0.024484925433471166,-0.4614817793052392,-0.06857998914699158,-0.11041718073694118,-0.020898445898278405,0.006155478499748775,-0.009732887351690532,-0.061305161690429336,SUM2_015068
-0.12236327543570995,-0.007581481094369536,-0.46252367539882433,-0.05879012376129115,-0.030800260205830356,-0.022142272118399416,-0.006324735445292605,-0.009468813178463778,0.004355287203948745,SUM2_010272
-0.11655805105696737,-0.007614259002927261,-0.42300781465413906,0.006603098053987459,-0.04567414075520708,-0.02071632611563329,-0.0072404844217708875,-0.007505004715277363,-0.03382462970832816,SUM2_009937
-0.18008063994325021,-0.013750682175246132,-0.47284575095551684,0.05056715465774793,-0.05870446830119436,-0.021104179612394795,-0.004219076586792206,-0.007696929742484609,-0.012759294895295249,SUM2_004408
-0.10509640405529386,-0.028497755452618255,-0.587848956696845,-0.02738153253952148,-0.19617150769411665,-0.021238598976177327,0.0069902864350806825,-0.009300313913263056,-0.10684331686006665,SUM2_013861
-0.13847522678848548,-0.07810210886371174,-0.3733728103118515,-0.007051673978647857,-0.021850235110675176,-0.020506890768162898,-0.009083277735356474,-0.009181298198660088,-0.01934521301742165,SUM2_016550
0.09618254827959713,-0.010594608496268953,0.7619236413265323,-0.003337738532920513,-0.01671653084373196,0.12319505195475262,0.015011763816734284,0.07541504035659256,-0.0022545739243076683,SUM2_015035
-0.17132540442461103,-0.008449378959547407,-0.4730195933464295,-0.06684923285873465,-0.09855274203660123,-0.02108189589825405,0.0048769738989790385,-0.009747277656014687,-0.07222607484674157,SUM2_007207
-0.09952453635878093,-0.025644959942018385,-0.3905484378304771,0.04067942832093732,-0.027692532221621175,-0.021665530944329207,0.010533292451501967,-0.008305487387957,0.0036988088341806035,SUM2_018808
-0.112177895940509,-0.02064589213817055,-0.3780412242250597,0.0016129992036473494,-0.06290862608171975,-0.02071975153709984,-0.009184293025341773,-0.008396377709175057,-0.08068900359149742,SUM2_009347
-0.12452421748210263,-0.028565880289466668,-0.3424175689888444,-0.00849739047822378,0.11698432967715773,-0.01890111510675077,0.012582147968690402,-0.007992407602495626,0.02544187871466606,SUM2_017794
-0.11309802666532351,-0.014336518578115598,-0.36403165442748536,0.0332028723019146,-0.023559074301119594,-0.021753632553034287,0.00874420059938244,-0.008361552901255644,0.005894786355206597,SUM2_009741
-0.13482044337442553,-0.022137644892989923,-0.3398158703787894,0.025908685344049026,-0.0030728981476764914,-0.01756668284831559,0.004558511140814037,-0.006664428107965398,0.08395304147318147,SUM2_010277
-0.12016569990246866,-0.00902559482494865,-0.38643824080848277,0.047580658319103894,-0.03581820653521659,-0.019665797456294598,0.008486340887733288,-0.008313671568879147,-0.025404590571096324,SUM2_001035
-0.00876158504049373,0.0059678245305767675,0.8450405989408889,-0.016630347021784588,0.012928493141904623,-0.020029872127509202,0.024411376919457158,-0.016996429499922618,0.13670614059211567,SUM2_011704
-0.145480851855365,-0.03964067135611985,-0.3193734159311128,-0.038388815099969824,-0.03301174107651759,-0.01844634594747229,0.007213358349901724,-0.008423057666970268,-0.011667831141080998,SUM2_008175
-0.12560997003329194,0.018898844620327055,-0.3798393926638001,-0.04141496100945294,-0.03617187585736348,-0.020171824415003786,-0.007590423463970426,-0.007527528991104636,0.00023594710766832865,SUM2_000844
-0.117381057748049,0.020665077002282907,-0.020773122276479893,-0.007215695962583468,0.025066225737255293,-0.019074197620556753,0.008935437732741261,-0.009280075580864708,0.20472708755300265,SUM2_005385
-0.13079551726148464,-0.011234847955434352,-0.4279633644552847,0.013374409213267806,0.10915964132380025,-0.018390383032567757,0.012198088585209616,-0.007170894825553126,0.16949305606063525,SUM2_012886
-0.11365067590615638,-0.01623426719358914,-0.375475972093695,-0.021852330135127947,-0.08279217291566797,-0.019780051493693513,-0.007682139390845588,-0.007386847926257975,-0.02302963783780935,SUM2_014350
0.09618254827959713,-0.010594608496268953,0.7619236413265323,-0.003337738532920513,-0.01671653084373196,0.12319505195475262,0.015011763816734284,0.07541504035659256,-0.0022545739243076683,SUM2_007977
0.012819015834164626,0.027533693615580567,0.8327714345573881,-0.0034918706348799613,0.011145315341375875,-0.020045460779007034,-0.009554325454694002,-0.010119234278493074,0.004386452585525276,SUM2_001029
-0.13811034122900445,-0.05612761894816394,-0.3847587173814638,-0.059349603734688325,-0.009624369130270259,-0.01838495718907442,0.007563662616627734,-0.008667813684548727,-0.0069839183339808234,SUM2_007084
-0.1499291357844886,0.03424545816152773,-0.0026273465296712253,0.01641919736444012,0.05598378050660156,-0.017946710843222108,0.005200401811489051,-0.006411533565034412,0.04279732579208701,SUM2_000680
0.02426011482126465,0.023828962716850362,0.745630992471496,0.017185047951730766,-0.0904325211765096,-0.02245358191986665,0.03381093921258016,-0.015386074523815133,-0.006937203079251812,SUM2_004533
0.23161397572996054,0.0017544151399656025,-0.02597133111678559,0.08910093030583124,-0.12757609584326396,-0.029553003912058097,-0.022029379556602977,-0.037316931682438804,-0.04567438110808666,SUM2_010548
-0.16105415853750732,-0.053414455686266425,-0.5072193717258112,-0.02909597739277302,-0.16368766948123267,-0.020519341745475907,0.006127210224788298,-0.009732516013008164,-0.07060685780552314,SUM2_011179
0.25614089562431575,0.06408042791461847,-0.12940176308637558,0.16121797545343455,-0.06814410313563532,-0.01728790467832298,0.019732189405750757,-0.008222244181846788,-0.035804315353914415,SUM2_018885
-0.022748892344551016,0.010583215284218326,0.8109235183543708,-0.015901139457335102,0.004193780083824176,-0.020654334316467942,-0.01644537795671215,-0.010644840685422251,0.008036987065863426,SUM2_010121
-0.17830086581010476,-0.01863895362103723,-0.471212035652359,-0.00027183134820579123,-0.031230261250706347,-0.019567943678553912,-0.006181895900060879,-0.006829494463176029,-0.012011670296192527,SUM2_012482
0.005770120683086912,0.06517899425252635,-0.24410571499172687,0.048678405257847515,-0.037773649462896255,-0.017636826123996054,0.0090914453708094,-0.007751167276861792,0.21231855696635873,SUM2_010823
-0.1279803320960135,-0.010134314113401618,-0.3965634925984136,0.015068774067313398,0.155212893639297,-0.01784936935761509,0.01174140713691065,-0.006667567605281928,0.18848967111887222,SUM2_010820
-0.132904293771558,-0.015564762646154584,-0.26228148169327076,-0.014523944677415402,-0.02158061546073911,-0.02131924339955698,0.01169023227503298,-0.009090869797181999,0.005976376952038498,SUM2_018773
-0.13494587074473458,-0.011467885803765506,-0.3920662647516718,0.032078792842390444,-0.028996659506272237,-0.02140082325306033,0.008418025287833013,-0.008228499494784446,0.004321583735584753,SUM2_017389
0.02256561088454388,0.003363160258416563,0.08479961353725643,0.05386450781762475,-0.11381309499698342,-0.021121288669832605,-0.023620165619730592,-0.013173770927058523,-0.10013884470248594,SUM2_005753
0.024924140502469123,-0.005300325998886042,0.594106738342729,0.04277123707101046,-0.1472582857813043,-0.02223809755023879,-0.04463969528507915,-0.01814198541272284,-0.09346536798252233,SUM2_010057
0.032479292681827907,-0.03498089985406995,0.6063907710615878,0.020225630314509895,-0.11881676434549995,-0.02157817685983462,0.029808081874047054,-0.01786575998601113,0.0026554879469511037,SUM2_008250
-0.14708681518237526,-0.0421505392294471,-0.3638794987250826,0.03025019468523722,-0.0743528434705785,-0.021838856739830846,0.009855010996812144,-0.00890902466715478,-0.031419785357373636,SUM2_008028
-0.027691463879120505,-0.02687740052912274,-0.35540399617968255,-0.009841866340254326,0.015311348114289719,-0.0170707880481597,0.010229366450666825,-0.008649871972580476,0.016991299189527694,SUM2_002657
-0.09510454453916324,-0.00581347285080829,-0.3643014402571704,0.030692173316492165,-0.05506398205944115,-0.022050986701726994,0.010017643078093334,-0.008678535319913548,0.01217564264300754,SUM2_002547
-0.06024815423527381,0.018464353026731335,0.42195957784156113,-0.00293673721028568,0.02210429083790994,-0.020428870207637558,-0.005755814696132484,-0.01298483699973219,0.01691089409062476,SUM2_015721
-0.08182717840090821,-0.02808891222382649,-0.5308886031955772,0.04015728116316315,-0.17253832606099434,-0.019518283440893312,0.007029052302282142,-0.008739245601915555,-0.09811267436955709,SUM2_011206
-0.0745208215669185,-0.00043780927514802946,-0.44012091870707837,0.006561495583903473,-0.042947056544730425,-0.01691680145785062,0.0105075842851677,-0.007216738803467006,0.09391264158792428,SUM2_012291
-0.09917289411321278,0.002417124150200707,-0.34572411318275753,0.04112541919899113,0.022833434871587087,-0.02223343232509077,0.007235161852851671,-0.008217103891796885,-0.008993639041968,SUM2_008909
-0.1602317712335954,-0.017485482912213364,-0.03718228840072886,0.007641897684311385,-0.04730826155612057,-0.02168024098453736,0.015348695619910872,-0.008937960976792909,0.039424151881782867,SUM2_018785
-0.10536527785449741,0.0023948763353866726,-0.44606653774278165,0.00991778056532883,-0.019063463373844382,-0.01968941665523799,-0.007117886452406718,-0.00781710298257488,-0.023398095887584985,SUM2_001709
-0.09137252445212848,-0.0014268545116189542,-0.4721340232907661,0.07083444987935034,-0.023414948117851636,-0.020842790748030842,0.006524476268601295,-0.008522140676221212,0.012700808686900041,SUM2_004525
-0.16068187265969755,-0.005220746582331015,-0.41706847921658363,0.006460323633885004,-0.024599415592905967,-0.019168886006919014,-0.005599422426984775,-0.0069456667111542246,-0.0028578371797753493,SUM2_017410
-0.13252707123641766,-0.02386742322156397,-0.42141315169832094,-0.006500937118941096,-0.063051838325946,-0.020198084918076238,-0.00810711715829542,-0.009437104217076157,-0.005054321943086934,SUM2_002429
-0.10663678773324681,-0.016776453448193413,-0.40728544597539107,0.008690630414068852,-0.06324483841608694,-0.017899633162920852,0.007622621987181508,-0.007276254683265227,-0.06036712345509386,SUM2_013299
-0.08432460791526417,-0.03314135720227961,0.5784143463495537,-0.0472923752443244,-0.09939131758396866,-0.021102100875040598,-0.035347773303067036,-0.019680391349955674,-0.08120149001886337,SUM2_010784
-0.07299838740628216,-0.033895434273870165,-0.09270017212222223,-0.004532861546893402,-0.06869120292162104,-0.0212775431121267,0.012478243035486399,-0.008723006204284933,0.03885159451765912,SUM2_001986
0.1746201628463903,0.06713655764184757,-0.2160567353239705,0.3197504677851361,0.13338698650047756,-0.016445438566257825,0.006727339490134525,-0.006262164221631322,-0.004668854863816774,SUM2_002505
-0.1164205537606537,-0.014997638312776446,-0.42111907478893196,0.030849278701531656,-0.027319173188264035,-0.02179471348167574,0.009283166877339252,-0.008360198860419128,0.009385776522863033,SUM2_010861
-0.11746105073972905,-0.013574330919960076,-0.434656266213743,-0.027904968072978115,0.0741378098394749,-0.018226988330432275,0.007955943224858097,-0.007116124306455915,0.11162887374308927,SUM2_011842
-0.15701493739461747,-0.02022147312573565,-0.4899934238286915,-0.008329837811336805,-0.014318565732367172,-0.019874576221276242,-0.005551284507368134,-0.006615709165277208,-0.0024761581218894243,SUM2_008901
0.1621663139463702,0.1570706000831376,-0.14487313536625032,0.2695312879905495,0.022382013505845476,-0.017301200077873332,-0.0050488946463118885,-0.007614759871732067,-0.004218142553528955,SUM2_003535
-0.16159167608007058,-0.025610101680904652,-0.407842525091682,-0.05288826378549823,-0.08559795878000052,-0.02002294470673306,0.0036201666791439687,-0.009175147097366993,0.0715183938254493,SUM2_011615
-0.09494929888771027,-0.04053337004577205,-0.2661166595176095,0.019102374205052598,-0.07123623375143573,-0.018944542751368785,0.007491198344190583,-0.007659448694096608,0.06537180411708518,SUM2_015683
-0.13967907290143522,-0.061885444179149963,-0.4945683371341059,-0.053875549223680985,-0.18671945497471326,-0.02088846270309866,0.0064510046856495196,-0.009812575076658666,-0.07017031298354834,SUM2_006536
0.8978672447002705,0.18278525494757064,0.0030358024165497237,0.2706452330032067,0.38860521441373275,0.11904606558779027,0.012260593620679253,-0.008041415603051275,-0.02297999754635849,SUM2_006019
-0.11230797903009107,0.01330659128617058,-0.40547845145589667,0.10840257536943212,-0.033414805310156497,-0.02151687711961278,0.0072174266164311465,-0.00810834033360522,-0.03892773757519722,SUM2_009780
-0.09551616381888292,-0.010529147954513108,-0.4044106107034947,0.005248788289555359,-0.029167447451395285,-0.018922344960991887,-0.009036090470657562,-0.006921462954714637,0.005348533491426629,SUM2_001887
0.2356389139838347,0.06199967404693083,0.48526531834666986,0.30875724883307404,-0.04648032550731123,-0.018669865484901526,-0.027045894900855637,-0.013215579218850118,0.05213016390935279,SUM2_006359
-0.1480428899549398,-0.05869765827742659,-0.40984732733092966,-0.03262203047729199,-0.061885444406445514,-0.02372193347877368,-0.005379972435707652,-0.009109753138156736,-0.029326327415441118,SUM2_002736
-0.1935414767120589,-0.04173296884190946,-0.4912662520614967,-0.020527371349849968,-0.1007988093555954,-0.020376239758545835,0.007042807951801849,-0.009311899577794163,0.17169422071845702,SUM2_013430
-0.14093754274560855,0.028265514544804565,-0.3802990847870199,0.03915547355906611,0.030272169848750162,-0.017648095796904423,0.006318528423560191,-0.007161957935604482,0.2570187980256623,SUM2_006044
-0.13042696796181777,-0.034854903431025215,-0.3674355109319172,-0.01889127259092849,-0.054278392171652846,-0.01952398397728398,0.014575062781346876,-0.00919679327845037,-0.05911517447360417,SUM2_004097
-0.10513431574073424,-0.018472234464056006,-0.4210782921905364,0.036176089564888755,-0.04049345998460812,-0.021884793886509702,0.008317700408142274,-0.008271783687485577,-0.0011123911682742055,SUM2_013625
0.12449759128533552,-0.05409701199641396,-0.18549984667808475,0.08083161713830707,-0.030837105373334818,-0.021667592390295098,-0.013115081164429273,-0.04428706674916063,-0.01257441690533805,SUM2_003987
-0.1465597221726238,-0.019058980030470865,-0.16147447823179756,-0.0056992320284484504,-0.06005166820118986,-0.020183749414859342,0.011936151983891469,-0.008904884162773886,0.03489579889667836,SUM2_010852
-0.188136709482506,-0.01760668199412277,-0.4683244752059448,0.015520143328471781,-0.03381587212985893,-0.019159688613678616,0.0059563583721539345,-0.008157899537136321,-0.05700075696952822,SUM2_002054
0.003986875932003386,0.01875563529257632,-0.2195766355665484,0.040245800373084374,0.18423635568034427,-0.020522497510283115,0.013301035923784493,-0.0074818271666365855,0.019373009939614137,SUM2_008849
-0.06882480252577376,-0.0030910982034332663,-0.40743663142439035,0.061195380958674495,-0.05766878771185151,-0.02022861558078543,-0.005501563469467888,-0.007502555215346385,0.03980248274884556,SUM2_016491
-0.06593589874557595,0.015429119904455325,-0.2636946024858609,0.04151973293487465,-0.04959913335081549,-0.02212673145732357,-0.009580549022292434,-0.008779296237905477,-0.03460102687965254,SUM2_009806
-0.10676570434706152,-0.01807530588307648,-0.33914672268327845,0.04810966917040549,-0.03827941755408454,-0.021750123457961117,0.007886935109120367,-0.008379409250873746,0.00957685343277688,SUM2_015346
-0.19551301858983688,-0.016919280528340807,-0.4355361763214479,-0.043216987723417116,-0.04926215937732577,-0.020915230674326817,0.005276976216605088,-0.008159416354962142,-0.07219981090118718,SUM2_006417
-0.11040302140859118,-0.024631437541322226,-0.007832852733335215,0.008098726956199998,0.05828260743889248,-0.018776661113813042,0.009340536586530342,-0.007538878609907454,0.024543736310939434,SUM2_009198
-0.06552466359182293,-0.11178973001552332,-0.5135799674958698,-0.0639097186861958,-0.20841907952119776,-0.022445789189936262,0.009030506416538752,-0.009672836589552532,-0.054360675971522075,SUM2_018610
-0.04454342939107667,0.028609300561257323,-0.43399728659046516,0.051276431355537076,-0.028912563188722464,-0.017446154343276798,0.009462739552330542,-0.008295352263299364,0.010947219094695195,SUM2_009211
-0.00016916606663020737,0.07443490954957918,-0.347753616361205,-0.005528285413578743,-0.17433632789811734,-0.01966783161911471,0.00789440122207619,-0.009358359026637769,-0.12758473741160986,SUM2_000111
-0.19072820718515887,-0.019625651630198117,0.4434698401554721,0.024345219709473835,-0.1181968418231714,-0.02349879079376328,0.035954787022694785,-0.019875038469079776,0.040127958577020076,SUM2_006979
-0.04375167188053834,0.009400557577731398,-0.12657591854463165,0.035934244116553715,-0.08126071380412042,-0.020194894709622532,0.017806863243536666,-0.00826141954262596,0.002040081597086212,SUM2_003819
-0.10353927244550731,-0.002200151568568675,0.17590104848737392,-0.01319115173770094,0.03510049941507714,-0.018940937781295047,0.009359131478933544,-0.011260467120618962,-0.03453177580500795,SUM2_016719
-0.1627381434523781,0.015178038475106011,-0.3577975276473874,0.0016835631491305236,-0.046073385218536475,-0.023379251438023215,0.008791683098879373,-0.009333995050524891,-0.009195053434285321,SUM2_002678
0.20839623022753204,-0.02043694852747152,-0.26422685358102094,0.06490639190527829,-0.03359795099590564,-0.0170467983106506,0.011412247379505814,-0.008708439150363078,0.1163963972928701,SUM2_013419
-0.13304503946408602,-0.07392978258038375,-0.07675387600939347,-0.02779681094080283,-0.11817863416772226,-0.023901348531242574,-0.012074618360017695,-0.009268486493687514,-0.05460024200195711,SUM2_000299
-0.09162061402301046,0.004419894394700703,-0.37463277278551227,0.10078832110507889,-0.011137357299599453,-0.019953986212738944,-0.0029920679635902737,-0.007432265706293492,0.03526169866615373,SUM2_007047
-0.004132697059885011,0.0011935329533509953,-0.00725309899598893,-0.0010395128473840915,-0.06806640821030815,-0.019401636863037686,-0.009630036166830041,-0.009380501132108648,0.02756794757590838,SUM2_006662
0.034865898526806466,0.01996339794947276,0.6868409429190321,-0.008671919075303963,-0.0049726066466104606,-0.01797479321813364,0.016404120103124024,-0.010066997973102454,-0.023869524861193446,SUM2_001438
0.3421457194361895,0.0538695086167497,0.2539280170738206,0.31095291053616525,0.19509626344428452,-0.012258844091630723,0.021751199565684325,-0.006863506728108812,0.04021906296564287,SUM2_017422
-0.09418119976579493,-0.01998133877700169,0.43434123784535766,0.007151713054561059,-0.15082446163693086,-0.022585778740306876,0.036001243036508174,-0.020000168193320726,0.055865500552875244,SUM2_015334
-0.1344099825056909,-0.004532867749636393,-0.320341728638775,0.007373556779418813,0.19231688495758276,-0.017520302450414,0.008789032179212435,-0.0069836244860556635,0.13547931009417558,SUM2_009325
-0.1101374313226688,-0.007183104937158844,-0.0057062353486743355,0.014462652217618522,-0.03201151237340843,-0.018113880756259044,0.006552212699811576,-0.007734023497664458,-0.030763058352281776,SUM2_008752
0.09618254827959713,-0.010594608496268953,0.7619236413265323,-0.003337738532920513,-0.01671653084373196,0.12319505195475262,0.015011763816734284,0.07541504035659256,-0.0022545739243076683,SUM2_004088
-0.12829073852151376,-0.00027947385981826197,0.5436800250370053,-0.014039341729097043,-0.0516361522459989,-0.02152358139584707,0.006420215377344279,-0.018605922484651108,-0.0055254454884872874,SUM2_012508
0.09618254827959713,-0.010594608496268953,0.7619236413265323,-0.003337738532920513,-0.01671653084373196,0.12319505195475262,0.015011763816734284,0.07541504035659256,-0.0022545739243076683,SUM2_012568
-0.0007297226952072688,0.034008581070480555,0.8407506807148039,0.02310600103896445,-0.0546671084804593,-0.02339880742599735,0.0431731336960414,-0.016721185663872,0.00789398786591214,SUM2_002872
-0.16256524370955605,-0.03651363688997673,-0.3946355535277712,-0.04969933837147815,-0.07771794478328009,-0.021038770067524228,0.006661528235448364,-0.00951929920404908,0.09516527977422459,SUM2_014845
-0.1335184746538684,-0.05244513283208119,-0.42504997913093634,-0.0469819598834897,-0.08342317810693942,-0.01918119391839475,0.006618429621575264,-0.009392016479573193,0.16477035385913993,SUM2_004966
0.2301817537270204,-0.061102110632068794,0.052532436300839515,-0.024728574516447003,-0.22076937354272969,0.07448368737501743,-0.03493082528349839,-0.04344058436623376,0.11767401511454756,SUM2_017718
-0.1695358648463874,-0.014983536732545827,-0.4115414821825733,0.015858699760777344,0.0006199020917534881,-0.02205882566756275,0.009711377615206865,-0.009000952452589767,-0.03539919903093851,SUM2_014386
-0.18051168214519112,-0.0844268500214123,-0.39107664988463176,-0.07496595247025496,-0.10099046563401357,-0.02124781734872942,0.005791391072678062,-0.00978814463312774,-0.10506287992346905,SUM2_011800
-0.16288090914049977,-0.0331455835539729,-0.37073079831815414,0.022275548546567863,-0.007572916984268319,-0.018634554488383713,0.005179726690880671,-0.00815195296087529,-0.07108238581883017,SUM2_010788
-0.06675975102390856,0.057019424613907445,-0.5124871715600452,-0.04054135671450006,-0.2021825549295923,-0.021581715823948928,0.009238919473273599,-0.009833769545897337,-0.08084230461016254,SUM2_016358
-0.2352055708845453,-0.06774434324665855,-0.368507626080533,-0.08719481709963223,-0.0026250749197806586,-0.020485584084478717,0.005608194655329359,-0.007840628529128766,0.016656942839570227,SUM2_006562
-0.20614414836129474,-0.0461392318783102,-0.3884457390490247,-0.005431679279070513,-0.013328959533477416,-0.020860529263365447,0.007289629454911975,-0.009172350406589449,-0.019181368989702352,SUM2_002443
-0.08394990788391807,-0.005586106159475916,-0.31041522210669653,0.006412241823706287,-0.05101406632332452,-0.02224945328587667,0.01140869878611232,-0.008757766919886664,0.011495775507664093,SUM2_017068
-0.09887588662679689,-0.01564169460209707,-0.42362938158724717,0.05063777531687802,-0.000501387011443133,-0.021816263050549765,0.00707726961415798,-0.007995285888743276,-0.029032830151597844,SUM2_000546
-0.14393186945114034,-0.01668604829169955,-0.07390033876393169,-0.037286070723842324,0.03673285019859809,-0.01968784105807032,-0.008723954043411633,-0.007651193281526647,0.032535440133154375,SUM2_001191
-0.038325283998436224,0.006072336152831792,-0.3345679522530314,-0.05603522807942064,-0.16239322233855719,-0.021243850188813113,0.01038977985232414,-0.00982381420588457,-0.10100909953355011,SUM2_008493
-0.1293854757015472,-0.02844344266249644,-0.4276176082617842,-0.0016703254420823391,-0.10084177742228291,-0.018880011322944784,0.00650021399435943,-0.007775939392130267,-0.06733493874057107,SUM2_012038
-0.13918703713084893,-0.0007062567363455487,-0.3814850865049586,-0.014192614394486927,-0.004525197461844019,-0.01977428387396275,-0.006096419750259952,-0.008219157876529291,-0.011497095055210526,SUM2_009172
-0.09168977198870831,0.02883484619246842,-0.33411477095555003,0.07027692992613775,0.0038086736240439114,-0.021611197121742937,0.00032496457187887603,-0.008272086559340492,-0.020071983332628128,SUM2_001228
-0.09725001947410923,0.0057881388270498765,-0.33270854519417714,0.03955966400096596,-0.022169217973366632,-0.020754746033552752,-0.003938813605987835,-0.007795372188229639,-0.002909930697227018,SUM2_010236
-0.11164632103551886,-0.03094897830505804,-0.36484438749064196,-0.037854764915605785,0.07970687323565448,-0.018525379685646944,0.0167926078114186,-0.00875352735463695,-0.03079306019089781,SUM2_004471
-0.04348731029445094,-0.011705320781412381,-0.3774724084739911,0.0014684434074175255,0.03726648247292545,-0.020730742054987383,0.013019384634402175,-0.008499572951704474,0.01886429367169552,SUM2_010355
-0.10137247286785175,-0.013150210440924404,-0.38901362950461504,0.04153146714010621,-0.015493055471803643,-0.021793220966643736,0.008071391273797485,-0.00833463180467032,0.004024652253589241,SUM2_013255
0.10018473567728266,-0.04234200589538527,0.06604589357445044,-0.028049190105020282,-0.1587024588500252,-0.018798887066271287,0.007556693232846093,-0.009613381714107225,0.1960253501802815,SUM2_009830
-0.11998963578605193,-0.032711811384354215,-0.3274023976001318,0.04040396846845775,0.006144362216682856,-0.017982079163548777,0.005843171596937007,-0.006997450439184587,0.14955346960261523,SUM2_012719
0.3975142251084372,0.18439381918744818,0.5984412827937321,0.07718696463834827,1.3218429876667293,0.13465286513758917,-0.01980900424986422,-0.00431692369524015,0.019971950282512592,SUM2_001578
-0.10851504717543023,-0.055687671320152024,-0.5202516116405402,0.03244434188483726,-0.05138763171205144,-0.022842553281109033,-0.0017113488687360914,-0.008613264908166697,-0.038169418514073766,SUM2_009176
-0.11628427442365605,-0.02893741166291237,-0.435496005928597,-0.030948709167583542,-0.18697833220563911,-0.02098867780415568,0.007458796758873088,-0.009356661458919014,-0.1351534703869042,SUM2_010840
-0.04367097128870711,-0.005366823700214153,-0.5207907429206144,0.029459031539497017,-0.16076520860237936,-0.01889764279767199,0.009279073935774382,-0.008218060380210144,0.07386614538732965,SUM2_016407
0.09618254827959713,-0.010594608496268953,0.7619236413265323,-0.003337738532920513,-0.01671653084373196,0.12319505195475262,0.015011763816734284,0.07541504035659256,-0.0022545739243076683,SUM2_005951
0.21540314267340754,0.00967764737023753,0.4131410269904275,-0.038881577418265825,0.057153849015950345,-0.016817801074614325,-0.028054901997770592,-0.012584168332689698,-0.05435609349664705,SUM2_010739
0.1138269708324279,0.07303130437922659,0.04885679467006908,0.005442144996295405,-0.12200132948952798,-0.016222112862017753,0.012591690052970828,-0.008867654874111829,0.029714380333975842,SUM2_018257
-0.12676807791055494,0.003940217423997814,-0.15392653000388334,0.013553713392426586,-0.030711003362105093,-0.019746324312719308,0.021374521340882587,-0.00805806461027266,0.03896220972571903,SUM2_001615
0.0008265219649285559,0.03119311736699002,-0.24541388820497137,0.05531888468132825,0.02290691826510662,-0.016369185988186517,0.006091561396077242,-0.008233844225677033,0.14544523556943295,SUM2_014000
-0.08620685912051158,0.0159306321886862,-0.31987975342665653,0.11081282619790507,-0.008122847654103862,-0.020273699735064692,-0.0071133577212598815,-0.007478659558017837,0.03754720198695655,SUM2_003596
-0.1679321598840385,0.021110511010954826,-0.3794715013131667,0.038899192681589104,0.008603043272765726,-0.02199083178838828,0.00904288318656836,-0.008996338415973054,-0.030414717929235658,SUM2_001781
-0.11353609978045978,-0.06938070279124652,-0.478943863896282,-0.05084043350493076,-0.13116670159535948,-0.02081422819997203,0.006955317384063844,-0.009481178793250406,-0.05224055352774196,SUM2_006633
-0.15115098128483695,-0.045392045156348995,-0.4404663434688806,-0.03511013856388197,-0.08958579945778686,-0.01918053288302304,0.006670473954392735,-0.009392016479573193,0.1845881730657355,SUM2_018235
0.2368963187793945,0.04584699964100146,0.4293024704143975,0.10028176809292008,-0.08812025309400615,-0.02017642498688372,-0.01634509416794766,-0.013892977937910042,-0.05417199063914226,SUM2_000335
-0.007476839474058203,0.022299137959714475,0.6969264711019336,0.007407472427273298,-0.11793346675098186,-0.018638155255780733,-0.020162045595462287,-0.01688302637136322,0.014589510515628023,SUM2_006651
-0.07258722992832811,-0.046171061321299806,-0.03237233803214744,-0.006304765822640846,-0.06046692554617218,-0.021227839224803154,0.0189529310236425,-0.008861006635020744,0.04963248215707398,SUM2_001102
-0.10138394089911704,-0.018614667889934204,-0.4499726695204166,0.010893847585939953,-0.06631219448835383,-0.018780495485009308,0.006744110136585907,-0.00666061383782814,0.04022632615549186,SUM2_018170
-0.07084623420287224,0.035897807502981806,-0.32116092884747144,0.006166610782232294,0.1907484353013153,-0.01947156910445979,-0.009854539477250882,-0.007588866468775173,-0.06404398794321271,SUM2_011467
0.11660342808502452,0.04352145290047453,-0.26955203089975616,-0.002244939889047947,0.10935292784811294,-0.017510453904748598,-0.013558662360175408,-0.007592100065695861,-0.016837220654979383,SUM2_016765
-0.2133721874293065,-0.08134634650577073,-0.3769952808161971,-0.08375912303183922,-0.03558847022268305,-0.019948140307828988,0.0062634177498269855,-0.009340168590830826,-0.020670580861463995,SUM2_005780
-0.07249897805993012,0.031068469069217935,0.1656115794595064,-0.0040144926084904105,0.42308139535662975,-0.017407733542515246,-0.002556403835513448,-0.00627623197768126,0.02900758955931687,SUM2_007016
-0.1093011297780138,0.023422608712724134,0.11195691091421614,0.028680398558580622,-0.12765113276874232,-0.02110738263818717,-0.017516194141858975,-0.010987404486150383,0.037380443111654636,SUM2_001974
-0.04471340096871126,0.025502980652186813,-0.3195255795189087,-0.03233494162460657,0.10343034322446494,-0.017975731366524077,0.0117172268378142,-0.008631322307367288,-0.05113313377080133,SUM2_000186
-0.1390410186438606,0.006735017697996762,-0.39505092592499735,0.03598214829367962,0.004399654254419903,-0.021366610090538814,0.01352851886440816,-0.008625278327320057,0.006905257018745231,SUM2_003331
-0.22415495189878526,-0.052499698295456185,-0.42364523727430947,-0.044938791493387635,-0.09697096234563,-0.020957689947532415,0.006959923491498915,-0.009907279255477162,-0.03216813314569017,SUM2_003767
-0.04624633932711303,0.04233873760640244,-0.3563758058256269,0.05126516976311342,-0.020425317084723893,-0.016945385734636834,0.007735025266424067,-0.00819089038532428,0.2497905844448237,SUM2_000176
0.18135989863948798,-0.012884238610622148,0.0814928736962083,0.09389935316797636,-0.1280830555848462,0.07734938429912255,0.03592204825861313,0.18325343457475346,2.815696830857674e-05,SUM2_002582
-0.08067840231928838,-0.05831945987860958,0.37549943195394964,0.010586947437495223,-0.12850765112354412,-0.02330531100552464,-0.026984283513091838,-0.01918600729748841,0.041918228321429225,SUM2_015739
-0.13530501558739322,-0.01256035689561431,-0.3721129092679206,0.005586083542131479,0.01904457072190978,-0.02127330003314252,0.0070001619500097865,-0.008936732323888634,0.007854426229351657,SUM2_007815
-0.12289905277353068,0.009343201211285377,-0.40770059113531276,-0.0554120209715072,0.02084540306171561,-0.019784608750222164,0.0057101916992911995,-0.009137668308980676,0.2039634277112627,SUM2_013263
-0.07727872250010366,-0.03525166459603808,-0.06655797351769173,-0.005842314164403892,-0.08784730194040417,-0.02150932304184719,0.016210112191329066,-0.008686100570248712,0.03860287483942433,SUM2_018274
-0.18960985920484688,-0.0044771585936709945,-0.3637518063707911,0.014378973556505217,-0.05260416397176878,-0.023480135707036283,0.00968087790241827,-0.009066898153009515,-0.008385925519131955,SUM2_015079
-0.08516648992878309,-0.01632231054961461,0.11866039559243169,-0.015610658614054848,-0.10224573685971172,-0.023398513196298217,-0.02431996156226119,-0.01376768161630274,-0.1261349687564076,SUM2_006803
-0.10784833238443756,-0.016459938935751817,-0.36132697501098765,0.013483038449600937,0.03660562613795906,-0.017621199270978175,-0.008194199479175802,-0.006531158378613407,-0.0015433514249703006,SUM2_004046
-0.11928628885353025,-0.003937340501195183,-0.3310756549859309,-0.009705217019890003,0.002827681646124171,-0.01867715078351517,0.00995315199370472,-0.00668292078847899,0.1479380526648891,SUM2_016428
-0.16254070462951437,-0.036341117472650855,-0.35350331408507774,0.027038092515198307,0.012613730716204466,-0.018604866857188908,0.00501727777132866,-0.008114582964718866,-0.049335801876354536,SUM2_008815
-0.08637859201935125,-0.05623759149660819,0.6374298169505466,-0.02333244632995991,-0.16503102442901216,-0.021757159680809317,-0.029598412434257614,-0.016823983990285084,0.04252361412111952,SUM2_018973
-0.03577270699664466,-0.004703582407749176,0.2822733942295418,0.09347529117838133,0.05012002533022444,-0.017253434539015535,-0.01003087547042422,-0.009239499087649965,0.030010135872870602,SUM2_016567
0.09618254827959713,-0.010594608496268953,0.7619236413265323,-0.003337738532920513,-0.01671653084373196,0.12319505195475262,0.015011763816734284,0.07541504035659256,-0.0022545739243076683,SUM2_015500
-0.09986691191123942,0.004082379175174035,-0.3880608990733552,0.10389171678114448,-0.0052366835737269034,-0.02024629004348889,-0.009819821754464182,-0.007405737703366654,0.02729265686682266,SUM2_010293
-0.04428765588570499,0.01557656393554635,0.19713477926130119,0.02150871818264831,-0.036695320369022656,-0.021755108816030124,0.01651992776998796,-0.010921267288569764,0.021944039517405402,SUM2_016641
-0.15256925808942595,-0.022513125447978195,0.05115199650525076,-0.010475281905118993,0.0005794023858948172,-0.0196109132650767,0.006264595731830111,-0.00954704313678132,-0.026227618436576984,SUM2_017670
-0.032916375865512965,-0.00992644287517706,-0.3430910039996732,-0.0036833905804149573,-0.0642917218490914,-0.017362655967213647,0.010311366370289805,-0.007434082313386682,0.09375799246065566,SUM2_015581
0.11200694039788583,-0.023931008889090506,-0.17184378769112899,0.0008296049510887506,-0.09623576536330501,0.07510698990442746,0.025859649940860274,-0.047340534590066534,-0.00015552248024305881,SUM2_007832
-0.07262713185243888,0.000843657824639079,-0.4058544101234234,0.04945585925462327,0.032220819445284064,-0.02006697285903713,0.009956187200869823,-0.008103857938403748,0.012350509949649573,SUM2_002699
-0.07882123900275877,0.16567260660235997,-0.3253754236455386,0.09390152674053043,0.047584454859229026,-0.02168489903507521,-0.01053506297749949,-0.008382854920865669,0.016123382616374186,SUM2_004460
-0.21796610619831558,-0.07475475372498736,-0.415497262096713,-0.05750604577335583,-0.1271161525240933,-0.021310513711145476,0.00643475315448135,-0.009986987307857362,-0.10800846609813161,SUM2_011338
-0.07055370060007846,-0.011790180255031152,-0.23887233749746564,0.020083282025195735,-0.060050227158131096,-0.022724651716074924,-0.00916938522899799,-0.008983209122167192,-0.04584107214538707,SUM2_007197
-0.23964461774949491,-0.058846837836558995,-0.387373576113454,-0.0814459739310279,-0.003373187206759816,-0.01922756232846196,0.0068527613292262615,-0.009498397819715388,0.0011301887061266349,SUM2_010819
0.48699728863526426,0.07169717017819058,0.021970953560546732,-0.016308919866940885,-0.008496333173599565,-0.016516309541302312,0.010650900052412312,-0.007416011084557882,-0.05627609290342891,SUM2_011410
0.42567132363884125,0.014656293017687973,0.19076150428729172,0.17171958034014775,0.09822953943299484,-0.015813205818165962,0.014671407920655525,-0.006055262220332724,0.004439917621935198,SUM2_001225
0.20792261445226953,-0.004144060812057557,-0.3678656961929656,-0.018520595528736868,-0.0883208830745942,-0.019749628958904458,0.0077929564275213015,-0.007795237476388726,0.07699374648251806,SUM2_014293
-0.13548486769987061,-0.12467341655070378,-0.38421155980371674,-0.04081979024255015,-0.16218826240779566,-0.02182067957509016,0.009400333284830874,-0.00875678172019126,0.12341370211292149,SUM2_006402
0.0606515909400702,-0.06864282686316178,-0.15202387449436938,-0.06192905595530677,-0.207491958663873,0.05486097805069112,-0.04532677262339669,-0.04185541522587701,-0.015148433542494153,SUM2_000787
-0.16435471930367612,-0.03561045965643319,-0.45887730024005613,0.0164281777401018,-0.047622613525636535,-0.018810009521925332,0.007067646733622113,-0.007648089996618787,-0.07140021690800585,SUM2_009640
-0.14614762589177033,-0.019319635921722342,-0.5842738361327005,-0.028514455285000174,-0.17768355733262717,-0.020747594939324786,0.005645317305920624,-0.009793693565832306,-0.07034336163760024,SUM2_017342
-0.03627091042697355,0.055909915753314686,-0.4073247133571294,-0.03208254512907939,0.014934204577841257,-0.01754404094064064,0.011702141036107986,-0.008710337718789572,0.166271182273667,SUM2_013600
-0.11435172870055828,-0.010942601502382548,-0.37012269547895754,0.011092551464389444,-0.07324064258691396,-0.020703882883257814,0.008258355030899998,-0.008498227757627364,0.006336163281349602,SUM2_012384
0.09618254827959713,-0.010594608496268953,0.7619236413265323,-0.003337738532920513,-0.01671653084373196,0.12319505195475262,0.015011763816734284,0.07541504035659256,-0.0022545739243076683,SUM2_010457
-0.1597011387867346,-0.014117170497947643,-0.4464061874695524,-0.05398697157449415,0.018208569721561773,-0.019558637709348802,-0.004308101374588847,-0.00859628556224638,-0.011516328500180957,SUM2_014696
-0.037471511671843746,0.01116369810225224,0.009418298374098329,0.012291111701366774,-0.003475478533421895,-0.0178820917521297,-0.012189849639307058,-0.00766628395403567,0.04217132293072392,SUM2_000471
0.04750503294419395,0.019808296685764094,0.05964580933684586,-0.005992809418790325,-0.1965829925521865,-0.018554723833311266,0.008626679427606724,-0.009440345211934969,0.1952068930377596,SUM2_005725
0.04371275538614684,0.0021934347148552776,0.5958067331969343,-0.01877599314590896,-0.13558801054738004,-0.018448817905177634,-0.026315123366787936,-0.016591853270593968,0.06849747109656061,SUM2_018607
-0.055498123709633716,0.12122173498742139,-0.27545757756989914,0.09214929734266411,0.08046378265191734,-0.019749756357711815,0.007541659338092452,-0.008193999786813282,0.019715085798559406,SUM2_018205
-0.08113993133860391,-0.011897631721161057,-0.36641557543009573,-0.008718566633612153,0.03550800995830889,-0.020471315328527428,-0.008434416522708071,-0.009422927506512982,-0.03031933132534668,SUM2_012295
-0.1526441387425752,0.021559220022571095,-0.3266437884211913,0.06375839731061332,0.11721586930651054,-0.020308995013592627,0.007837571407327226,-0.008360201188736548,-0.001536039052776925,SUM2_017026
-0.12093710312983194,0.0012936986582717368,-0.44128178888804753,0.032784727337511164,0.01813487537054617,-0.017720707878105695,0.006536680555221544,-0.006940631161719173,0.24154256040729633,SUM2_009170
-0.08823402353964842,-0.05147545924059219,-0.026915590840125993,-0.014352748966556523,-0.019857448343800543,-0.021784365633723688,-0.013457779604268864,-0.00878799465618518,0.014671156182241482,SUM2_007557
-0.10321421640477353,-0.010319877099607754,-0.11960883435626493,-0.0008502853515765178,-0.09773851150988003,-0.020956764228941924,0.01088290018470966,-0.008543204890919965,0.037822639537840375,SUM2_015871
0.13249550297008475,-0.021260724844432404,-0.4118446425886935,-0.04972403456353378,-0.23011261756984078,-0.021476054234400653,0.007012024957438185,-0.009597395407844081,-0.09198597018918901,SUM2_009686
-0.10444324058482168,-0.020795199430892104,-0.0330894320086932,0.00827117885222032,0.06494749901421012,-0.01857271172166433,-0.004652275765571232,-0.006262100415592564,0.03821814266100311,SUM2_008143
-0.21827507015627007,-0.015006083346229718,-0.23374193489717196,-0.052299982562693415,-0.10690692359753455,-0.020632534736899945,-0.016276319825900516,-0.00859359666792673,-0.12999934033024854,SUM2_008821
-0.07949968213143786,0.018303046081839656,-0.3484515093398207,0.10400058824586315,-0.025266398358821763,-0.020103595293583368,-0.008779338325369299,-0.007464073125960538,0.01715126227895012,SUM2_005187
-0.14327508173845704,-0.038473037392910095,-0.4408221098081967,-0.01743179713145585,-0.025613978802611858,-0.02056352837144113,0.00829627647149592,-0.010056671117245317,-0.04217071595652121,SUM2_017564
0.2781878083298004,0.22677711701618683,0.4232787136272652,0.16026245544977472,0.10627849253543006,-0.01731915631041417,-0.014794814845705311,-0.009598259214859699,-0.0009378918940262049,SUM2_003413
-0.1302796225387288,-0.031286030638973096,-0.4210780167680676,-0.002784108563859863,-0.08965823768640205,-0.019469261577165664,0.009546715227757446,-0.009312036336938069,-0.02357195103824874,SUM2_013670
-0.07185617808534517,0.0023600566388037023,-0.5138618731126197,-0.048358008071507405,-0.20624567798054833,-0.021936519960817292,0.008848908984924303,-0.009843329574056741,-0.0793616169357344,SUM2_012776
-0.09493062416797896,-0.001201244937290863,-0.43695298014873163,0.09408729244863621,-0.0677411129130004,-0.02059409919868496,0.006347923453491421,-0.008072221528529077,0.01140617256150183,SUM2_018604
-0.12396304558174462,-0.04220026645362328,-0.4015245145890335,-0.061441702986234005,-0.03796132796211827,-0.020551115695357093,-0.007941963828561738,-0.009353931954698734,-0.005315136466714122,SUM2_002721
-0.09340704764732699,0.018799258144427948,-0.41577844063832436,0.06249397385484069,-0.030377836062039025,-0.021884880328224665,0.006774544957673019,-0.008325842132483217,-0.002698784647908673,SUM2_007408
-0.1457060850082919,-0.013196502494438569,-0.43991998071985927,-0.015661102680827967,-0.0035038449759808147,-0.02196509352887032,0.008601988196176318,-0.009010795204397326,-0.009133507515116875,SUM2_015303
-0.07641470598124744,0.0440652055670019,-0.4999415443881253,-0.03777348085200201,-0.2132528019841538,-0.020818949597835545,0.00592221174251627,-0.009445779992975668,-0.09299861556373591,SUM2_004260
-0.022445562445577057,0.07117542127462073,-0.2784529943310899,0.07000582001192243,-0.05082111142381866,-0.016711008307492232,0.008101089522149264,-0.008243881865790663,0.21477302981983679,SUM2_011034
-0.13401634502578325,0.006657485521348277,-0.44660009575016363,-0.049992519285737516,0.022736459411608352,-0.019860962775914474,0.004156582906272997,-0.009152713757329674,0.20176165031368734,SUM2_015817
-0.12818723334659557,-0.011446130457664638,-0.3226288216502244,-0.02873374228664783,0.05135795249804918,-0.019699884260474636,0.006592924939986552,-0.007680373669423017,0.2391841511838142,SUM2_005022
0.15748596522320962,0.17144260752313023,-0.15655353515895615,0.22750243858701538,0.19922825255412172,-0.013605066239741387,0.003629487835305808,-0.006193196333423308,-0.013967341577052423,SUM2_005561
-0.044894495535937565,0.034651603224119414,-0.3110899237265487,0.07245393535674313,0.02076373331692086,-0.021830625697131692,0.006985893342672323,-0.007912099141425141,-0.0012758546068827904,SUM2_013021
-0.08709224139525928,0.06478823373910206,-0.48178565848714217,-0.01755888393986093,-0.203223278645498,-0.02107884051423143,0.0053712230228663005,-0.009811621522935486,-0.08782446023412135,SUM2_005836
-0.09433020459526144,-0.02649629456055398,-0.28756041567840873,0.012803893584692222,-0.025592986825584207,-0.020659499024889685,0.005876413787312083,-0.008248683174784078,0.004310611788998489,SUM2_009364
-0.14187369292480892,-0.021997186524464467,-0.33415978302457394,0.0007425542320741883,-0.06288553126545139,-0.018739275813178573,0.0068276664802981845,-0.007220128075448677,0.08302915153862409,SUM2_006725
0.022067657189175444,-0.04746646779018447,-0.079133732355445,-0.01632372186376645,-0.15714719437389046,-0.028699781921349293,-0.017050162658607104,-0.04142337364882573,-0.016715258772075848,SUM2_014244
-0.17110579307492974,-0.019649478651723024,-0.4170979771256089,0.009756960878459408,0.011026422006751177,-0.01817247507203963,-0.006304619267534265,-0.006974097734101963,-0.00020702332430073584,SUM2_010541
0.3270810092723552,-0.04498274155021547,-0.36583633369917407,-0.02455371692898345,0.0014974261109020003,-0.016998489616036682,-0.011046555819900414,-0.00816375168755221,-0.04371251334792357,SUM2_010585
-0.0554481881070711,-0.03405346437065053,-0.37650379321515287,-0.029247741403043193,-0.026932562920435516,-0.017772034488264202,0.00764862810341034,-0.008693853384988418,-0.013799853470778365,SUM2_005895
0.4028980531774645,0.047529892888301686,0.37137144944565786,0.20005549940863415,0.48702545168516453,-0.019142771768457783,0.031117940151393436,-0.003850298941791757,0.03677883291866623,SUM2_004475
-0.17598470081016235,-0.004286443873885626,-0.40116553704659796,-0.0061627184756672965,-0.019287833538896588,-0.01975167252441986,-0.009392187186260528,-0.007442007734768235,0.014060510188572527,SUM2_004211
-0.19380458901564582,-0.05422998908523844,-0.5318291503665071,-0.023403034278061896,-0.12495593478205491,-0.02034052974609999,0.006746350145238132,-0.009219023411329977,0.0828874972382316,SUM2_015337
-0.14517326712475037,0.0024717683301950497,-0.383695444544575,-0.0034918322520261515,0.05641362666531483,-0.020870638096381636,-0.004109095608849949,-0.007323541040083881,-0.13542887617527838,SUM2_001952
-0.07803574005378816,0.08032236507791496,-0.13088690207054898,0.11173335601632699,-0.08760446842421529,-0.02294067355568949,0.009570760365302928,-0.008500476112958488,-0.06516289203255889,SUM2_010090
0.04873572770656994,0.08126626527290456,0.09559110540089609,0.005018455450318784,-0.07152684630554526,-0.017704997662168338,0.006354615255681794,-0.008898513940250033,-0.050880047758845415,SUM2_010287
-0.008685029567640157,0.01937814190102532,-0.01038339484475101,0.08554988069704063,0.06999876358995863,-0.019397071514755577,0.010541792789525287,-0.008160382987226987,0.07878465243163812,SUM2_003178
-0.11821888278932943,-0.05289689668854025,-0.1583172697809081,0.01126690974882671,-0.09862640911575579,-0.022163650864919913,0.009804686311034165,-0.008805016815776225,-0.05827943846051181,SUM2_018147
-0.058050651621648665,-0.0031754982832320226,-0.08982440808662957,0.004435052709612865,-0.06519403695293474,-0.017022328504040483,0.016803527278482184,-0.008423589291390818,0.03789838154490011,SUM2_014797
-0.019769001823597518,0.15790979806074018,0.0695545726799682,0.040075468517481866,-0.03748539260622452,-0.019144481476412095,0.00520071985602992,-0.009559583501927281,-0.0753840494793973,SUM2_017920
0.1638672009203265,0.013177885768711668,-0.37678599031973703,-0.0419906716885053,-0.22119009114048796,-0.021363138365043888,0.007966803925641416,-0.009734378666112898,-0.020318676384345254,SUM2_013693
0.00010350294654607738,0.000978428607883501,-0.2901911925776551,0.08677899255673398,0.11133145627554494,-0.015567096146466142,0.012521838917748463,-0.007729672538642517,0.013974367810898222,SUM2_014618
-0.06363749523543481,-0.02899753670173718,-0.4551780114439524,-0.07258909344689146,-0.20720752868822045,-0.022288237043497437,0.009639056226750268,-0.009953066714309044,-0.07866068246504462,SUM2_013221
0.016005679378911446,0.02594688065810973,0.7478911022834543,-0.01173606557548636,-0.14519780525768639,-0.020745730752471072,-0.03377281401716105,-0.01691335888702942,0.030758128611119817,SUM2_004993
-0.19276781145919494,-0.023306073088018915,-0.09836210464659718,0.005233925359634625,0.008696296419394234,-0.02025663977685472,0.006951169935188212,-0.00946069067089415,-0.07021334859778644,SUM2_013890
-0.07620269241407923,0.004953518172978503,-0.20362650820548014,-0.022993615156897615,-0.07945544201273413,-0.021185154973646505,0.01451390057041747,-0.00856765432320562,0.03574898564392576,SUM2_007375
0.481106519328035,0.03750795899250947,-0.1085824455143565,-0.0614919052220587,-0.18794810405772827,-0.021451541463412743,0.0073834762659688346,-0.008919812723250358,0.061910330679079494,SUM2_017723
-0.08814999289270309,0.01464845017428699,-0.11477345618798018,-0.01231395148933059,-0.0831113009160458,-0.022046646048267716,-0.010505305389298078,-0.008958870773955048,-0.1129420185874946,SUM2_005621
-0.14689640453720956,-0.026258128776697677,-0.41166399249765717,0.020252849562427813,-0.02669994296821937,-0.021418299674603927,0.006035024566137044,-0.008724292166880223,0.001604721309582517,SUM2_003262
-0.1654367487547163,0.008966854220693125,-0.4344798369124475,-1.2974819136857273e-05,-0.04384101611003892,-0.0220514580224228,-0.004193666211930312,-0.009208274137492685,0.009711899867394621,SUM2_012358
-0.12134880621090338,-0.010937004189580901,-0.4471258565878397,0.05391265324774972,-0.011863467059941504,-0.022172765160303774,0.006919443485816815,-0.008228384259035004,-0.0005238341419767468,SUM2_005117
-0.11653398670254704,-0.041687273452492866,0.12477039300155982,-0.021208416939418304,-0.10175917595080788,-0.02259613862780873,0.02370778876389019,-0.011707191634887471,0.008341986039638077,SUM2_002523
-0.1786409520525566,-0.030791123703736288,-0.5055879482695564,-0.03365876105020808,-0.1647980547453011,-0.02078730085970957,0.008009839449390817,-0.009368614306328838,-0.08016489047112825,SUM2_012784
-0.11502258418245374,-0.024095272983618254,-0.4062092049915962,0.0003015410124961357,-0.03259252232903391,-0.020101243076734027,-0.00749950557074054,-0.00925910055392893,0.007292927521104768,SUM2_014715
-0.0010382854638549155,0.012739976700089353,-0.4122274280859065,-0.0008134020951553397,0.023227612540153892,-0.01868000377142126,-0.010269579982907348,-0.00703587173837329,-0.012738301904630489,SUM2_002711
0.02611099737069526,-0.07880161099850772,-0.48555534313830107,-0.050295775130806006,-0.24193459082261284,-0.02176703098085682,0.008609847299809185,-0.009563257010479723,-0.10035565216425064,SUM2_013001
-0.2578054658927863,-0.07189199273061411,-0.3695676884744589,-0.08823026856414855,0.010985475196756708,-0.019223290662712462,0.006393898743023756,-0.009415973954290877,0.01358184849378621,SUM2_013951
-0.1362244685364103,-0.03943722491390296,-0.35638796366872116,-0.054959639216675696,-0.08779784578369394,-0.020180557711762394,-0.010276277891657729,-0.009434052464620897,-0.0025635774825525834,SUM2_011518
-0.16505507750444554,-0.023013516916190906,-0.09912239505502388,-0.028388398449001494,0.04346018491403121,-0.019489154196747634,0.006971598654519062,-0.00805187094426128,0.04643273399438759,SUM2_006710
-0.09103450957408793,-0.007197052203856446,-0.2794656796451037,-0.09166942077301102,-0.03431074781503187,-0.02257364773174463,-0.009854265301990524,-0.00871225230403822,-0.04535107010270776,SUM2_001711
-0.08448039471469952,-0.07613359772621997,-0.45982977089904475,-0.038048006933302896,-0.18072331934441596,-0.02183123275558842,0.009161720091948959,-0.009238605974856337,0.14055101040395535,SUM2_013190
-0.05312996720501565,-0.0013971356664692846,-0.31992114299675,0.07684148462797513,0.03070025254412908,-0.016650199203612888,0.0057880350631171525,-0.005622557349289246,0.2596757823288424,SUM2_015710
0.0877075130412557,-0.055571362234847196,-0.12811263858083044,-0.05527104538872137,-0.20083613419924765,0.06174830285032431,-0.03711811456430713,-0.037961751382325624,-0.013199052841128569,SUM2_014328
-0.13688776790409862,-0.018089896832332843,-0.35245302603246154,-0.05054966170424811,-0.010012744062033518,-0.020012434073753433,-0.0072467319711290515,-0.008587752681660562,-0.0151472582570357,SUM2_008838
-0.0757633066009056,0.002641977154886969,0.20401412085056297,0.020518443111966676,-0.08010832512157191,-0.021502498144743035,-0.016454953666132005,-0.012299645469320893,-0.014428314647793589,SUM2_006192
-0.14057487610911892,-0.06239938746140909,-0.08979297935182251,0.030305403595630553,-0.06246690298707758,-0.022219934919519232,-0.01266938004581073,-0.009019897204409549,-0.013298959857123299,SUM2_003696
-0.11762277114187596,0.02159784587861551,-0.15640536844149497,0.01809121046557591,-0.10900317221754754,-0.018730260261448452,0.017813778959530825,-0.00850875159020646,0.005628051879179164,SUM2_017284
-0.2026291144199684,0.0033257290657382685,-0.3774836021366781,0.0220342810725866,-0.013036284818193822,-0.0191734257348381,0.004384120353412799,-0.00817575991022482,-0.04012909643150388,SUM2_010322
-0.1574567143650699,-0.017662538477818828,-0.3892463807489909,-0.051001244473169824,-0.004739735871830893,-0.020042115944397466,-0.004718652364291467,-0.00859628556224638,-0.017845225934948406,SUM2_009993
-0.14548883760785483,-0.049007209895122736,-0.1406634854688904,-0.03455837774044931,0.14927803902187234,-0.01560503091664486,-0.010005474175527319,-0.007049826969605648,-0.08009888416688009,SUM2_015123
0.09618254827959713,-0.010594608496268953,0.7619236413265323,-0.003337738532920513,-0.01671653084373196,0.12319505195475262,0.015011763816734284,0.07541504035659256,-0.0022545739243076683,SUM2_005082
-0.10681836956867544,-0.02380564711864929,-0.32199052294525654,-0.0034409143876881153,-0.021816022755442647,-0.0209397219352195,0.004546850750997631,-0.00816930951658329,0.005096823247779518,SUM2_014247
-0.08228962239055303,-0.0002748906055359462,0.6980806300165022,-0.010101638411600129,-0.08706406919615832,-0.022688273859075986,0.05380257800871803,-0.01921864345080096,0.011803032091559482,SUM2_008844
-0.15332851519155954,-0.02050074069242062,-0.4216532823188179,-0.006445202735643661,-0.014304864504057532,-0.0200834523941217,-0.006072358305653129,-0.00793262596369002,0.014309848463965946,SUM2_006430
-0.11127162530144497,-0.010994497368799457,-0.3648860948266985,-0.0032204248005934222,0.002881943980207153,-0.018076351536706132,0.009195075813112186,-0.007276684926325399,0.17907835988876208,SUM2_002615
0.267273329017825,-0.02563073024887776,-0.3360921902768256,0.024279714649538493,-0.020710641460402822,-0.01566316043248154,0.007950123580779392,-0.007441113589056153,0.20010586885953013,SUM2_012813
-0.12222115772889508,-0.0069518274267353335,-0.45296060223036916,-0.0030125813385175225,-0.1421523553237734,-0.019509202471027907,0.004898229688395887,-0.008496185342879822,-0.08243087053044826,SUM2_002087
0.9314464445210529,0.08511461155431851,-0.08416624817256427,-0.003888572714703212,0.1338887830749262,0.11559153109671524,0.010360209772197735,-0.007685842415282482,0.1526228549921925,SUM2_012391
0.03055580500218862,0.002162179956017203,-0.0938630193630059,-0.010866380347045443,-0.01182243001643775,-0.021504131875312884,-0.00836791718217222,-0.007706657995121513,-0.043570664306946984,SUM2_013988
-0.1475093797644106,-0.017029865847189424,-0.38558966622824375,0.06808519815980105,-0.09806939282004834,-0.021353863171764575,-0.005475220899931571,-0.007876685425045939,-0.07817736630198971,SUM2_009178
-0.12003816533724057,-0.010492597215529403,-0.2859025241227483,-0.030069220017841708,0.052648215457105144,-0.019653082167802944,0.006592851730576795,-0.00768816705326286,0.25258908330122326,SUM2_005877
-0.07138796203855974,-0.006931890151761505,-0.26034028970813944,-0.0010333129641706164,-0.047392158252583416,-0.020026972427019587,-0.007941249807579756,-0.009379245498210394,0.024685869533681168,SUM2_018535
-0.11874973075164667,0.0043295510959474055,-0.3477227197462772,-0.031010653030903567,-0.019765005206653582,-0.021717023194109602,-0.005731669269008091,-0.007864287247841011,-0.09289196902015204,SUM2_016909
-0.16972863484704978,-0.02379678554072174,-0.5549658866138157,-0.00029533284652601203,-0.18549419271733245,-0.021415275066913243,0.006807902914394408,-0.009764347473833274,-0.09868482104276191,SUM2_014434
0.17373002585206201,-0.019638381295841972,-0.2231487978923324,-0.03777457597358898,-0.23543167046766128,-0.021494857900028128,0.007829120280950366,-0.009495670059136572,0.06335506582859497,SUM2_018815
-0.04442894882654081,-0.012837817917091385,-0.1681499054550854,0.07026483596722874,-0.08900189976551767,-0.017250031816964745,-0.009762612680907876,-0.008533483111000812,0.018128308173270838,SUM2_009184
-0.038762907537198764,-0.027513316807790837,-0.37945160660067717,0.03665018401945149,-0.16697119255081758,-0.019295355325678575,0.007107212446726345,-0.00912378895968748,-0.027994705013401188,SUM2_018040
-0.18947822035566483,0.01600956703998277,-0.355743443209296,-0.010934085284563754,-0.09496611849726809,-0.01903684143700485,0.009056796880132766,-0.008041575287547646,0.07867307059961055,SUM2_008495
0.0624786670831048,-0.018644656231607222,0.6200777746562911,0.025459987193870104,-0.06962672201628337,-0.019522224368867195,-0.01829140005965855,-0.018297607299042666,-2.7521355430525086e-05,SUM2_017622
0.21840565086132674,0.020149963880371675,0.508593307695629,0.02487923835886175,-0.14219950238370213,-0.015555110374562827,-0.019637580298175677,-0.01766109357846092,-0.019522824847606066,SUM2_017577
-0.07285518343692382,-0.003149206757416865,-0.42809737451013186,0.025214563342667657,0.03231023065086933,-0.018149847372113215,0.006313228208275077,-0.006451139227348246,0.12963928872664848,SUM2_004279
-0.1628606729772874,0.004957858793584412,-0.34356805325316253,-0.0026762257260354084,-0.05018830552084773,-0.01995514823975884,0.006021626732181177,-0.009677594649053083,-0.05237643601786703,SUM2_006255
-0.10291836987215966,-0.005929019825175542,-0.4498135537494587,0.04012633378853976,-0.035458220249502695,-0.02183309196077206,0.007218310078508508,-0.008172067894790767,-0.0029454128294974613,SUM2_006697
-0.08064171373113146,-0.031569676210154204,-0.41452409791785916,0.0352723667467959,-0.06408336911930211,-0.019628126434319944,-0.010631148656068276,-0.009090556680697953,-0.01867594308102643,SUM2_007661
-0.09277999118637907,0.00333035084269089,-0.3966647642586056,0.09823407241726823,-0.018230871971249556,-0.020095379400298277,-0.004987332708241291,-0.007464073125960538,0.01389113377055704,SUM2_000576
-0.07044358534693942,0.007872789073742606,-0.5153722765284987,-0.024881023226462677,-0.10304141602438446,-0.020317248259544764,0.009355535230148782,-0.008903432132012126,0.06828853691743346,SUM2_011753
-0.1410094699292196,-0.046191663602047364,-0.43078952615007315,0.017149220961882632,0.04296780298545242,-0.019058329409520822,-0.010328327229614513,-0.00804080190510639,-0.01534911509852226,SUM2_003302
-0.10713311368756391,-0.10427471486953191,-0.350650491504963,-0.044053442684665545,-0.16904984596887887,-0.022353026917066497,0.009106886948305743,-0.009238605974856337,0.16395276780904933,SUM2_011576
-0.011762100921425664,0.01141210298332961,0.5426599162610927,0.0046784088869583,-0.013127178058474237,-0.0190914061280069,0.009803785001406383,-0.015969352177436565,0.1835583758748175,SUM2_012574
-0.10261935335903112,-0.017378842763673682,-0.4116812699803695,0.03417301116505021,-0.04258674978989335,-0.021844464726700197,0.008821595699739605,-0.008160734408096209,0.003686627316753628,SUM2_004568
-0.15107878184570311,-0.06086714802990091,-0.4791766598111019,-0.04273177485034383,-0.11490511972762647,-0.020586332807096843,0.006957311501506025,-0.009531836910242997,-0.06756224513936585,SUM2_002006
-0.12883697348868678,0.03384966021824455,-0.3369547675234772,0.027604963911965506,0.0008338573039333011,-0.017490107352723158,0.008240323420725457,-0.007161957935604482,0.26197128895290467,SUM2_000718
-0.07948333882714265,0.011301008464596574,-0.24611556980662969,-0.01780861468775185,0.06605725465629594,-0.01977449227925952,-0.011168974175490603,-0.007881196094982673,-0.06126866536330776,SUM2_000398
-0.03932989264288827,0.036385223880846654,-0.17634646174777424,0.03066429618915465,0.2605097766875079,-0.01818292279359729,0.020257891972694574,-0.007920934060544806,0.01570741754305962,SUM2_008116
-0.23384535960037697,-0.06813328118312748,-0.4082258316841491,-0.09069896232310147,-0.004913157712125263,-0.020042848120417345,0.005584000605824172,-0.007983691939159059,0.03544972222784635,SUM2_003148
-0.05129626325723138,0.1378070397760381,-0.21251266932051144,0.07917409285067127,-0.013714439802112743,-0.019540078105022358,-0.01093098885483354,-0.008611703580164068,-0.06108706127900611,SUM2_003528
-0.09794417394821213,-0.0024470987515400142,-0.39810412224337655,0.023256380771956464,-0.025090787372688543,-0.02195122205682859,0.009152663384410394,-0.008181016664693432,-0.027013536289514174,SUM2_018592
-0.1552652040695513,-0.025140076453165,-0.5036411668364588,-0.06304441314138058,-0.12659744916196328,-0.02086328560929022,0.005747562513118663,-0.008218490434032534,-0.06957666513494862,SUM2_005933
-0.02057908596785369,-0.020568103876952005,0.6578147763500102,0.0170907363989905,-0.15772744868034203,-0.022635305208728244,0.03426170809816478,-0.01737154461060527,0.013301447469176966,SUM2_005581
-0.10913873942583603,-0.009592092483198714,-0.4566390737451093,-0.007271331871397761,-0.014783735595573905,-0.018832784222221628,0.006033609712695071,-0.00859828407282412,-0.0756635198225216,SUM2_005943
-0.01903776096817683,0.002885628501397918,0.7463587401298846,-0.00897921783678249,-0.11643596362536546,-0.020482061858332533,-0.018759309759893806,-0.01694481597702606,0.01616178833301644,SUM2_018942
-0.0799678332175234,-0.034493975455824395,-0.3535620564633365,-0.043658697822754416,-0.06909110434781499,-0.02041389792460453,0.005747532354189398,-0.007198863789644648,0.13234647600675148,SUM2_018693
0.09618254827959713,-0.010594608496268953,0.7619236413265323,-0.003337738532920513,-0.01671653084373196,0.12319505195475262,0.015011763816734284,0.07541504035659256,-0.0022545739243076683,SUM2_016873
-0.08510520549909331,-0.06625335993745798,-0.3300476976929153,0.10526035227238935,-0.048429304051393125,-0.0224243974141853,0.009032103007511848,-0.008393467166895006,-0.020888154993319297,SUM2_006265
-0.017366297428605536,-0.007983912878552001,0.7324496798932087,0.03927576826054906,-0.17383126662594628,-0.02355466077316365,-0.03133029367209508,-0.016586657172372354,-0.004378652167547314,SUM2_017350
-0.15261444900484106,-0.0023743637309596465,-0.05024400582204032,-0.049047552361329044,-0.06646425260916801,-0.021848548075187407,-0.010075266425361417,-0.00962964270634677,0.0330771231199686,SUM2_013266
-0.10371315396503353,-0.0031216776078344306,-0.30328657546736865,0.004174646661392301,0.027352588428745016,-0.0204236300048878,-0.007855720770784707,-0.009417786881430062,0.014148783083749585,SUM2_009547
-0.16152666496351809,0.09211529406039778,-0.03233971656968848,0.0703539990182005,-0.07192974306024766,-0.02183144282573469,-0.011271680476628802,-0.009055584186380288,-0.03903541007412768,SUM2_016628
-0.10857263465506879,-0.039596773088507634,-0.372984010172216,0.06480067936467013,-0.04674111744861917,-0.021711519113658866,0.008766484414258178,-0.008334141748485253,-0.04056607838272175,SUM2_002618
-0.03896414735423766,-0.03399710312487125,-0.4495948316192919,0.03937893518522403,-0.139727571443995,-0.018471084685965453,0.005223031835718379,-0.00811872730852807,0.09405202683807691,SUM2_001904
-0.035708731083219855,0.008210317775132508,-0.4450247211149712,0.0526127697619347,-0.04771613296124243,-0.01837217122878803,0.007941138099419726,-0.008342266908397181,0.09383717167031022,SUM2_010589
-0.1147255383868349,0.0032923119505447462,-0.3797979753893304,0.09270862153520032,-0.024362175591264457,-0.02137707676505145,0.007159179836762533,-0.00799277522491736,-0.014425533887902284,SUM2_010458
-0.07117444861938063,0.024656626230857504,-0.4879320727589267,-0.03564924127320997,-0.17232049867023272,-0.02098923836291616,0.008848908984924303,-0.009841035586118926,-0.0771457501362694,SUM2_011549
0.06800633861596131,0.12466388327297886,0.09563868020060536,0.12132207372310752,0.13979612144901593,-0.020613106162195017,-0.010691898567869553,-0.007526990008913379,-0.03330669725023983,SUM2_011190
-0.07877218739616029,-0.045311812230168315,-0.2998377136610504,0.019889396650060037,0.045521178070514035,-0.018253978164653316,0.010123017436006522,-0.007567460796331279,0.16197076684869743,SUM2_006461
-0.09280643442802575,0.009025811362254482,-0.3750300100160972,0.10153767706432719,-0.009376758071789584,-0.020457365898938366,-0.004920940699541172,-0.007497159551262958,-0.009676594796708885,SUM2_000032
-0.15570998686584464,-0.035839928566407456,-0.3274195430024188,0.0041998437332929255,-0.0662464714574827,-0.01954786664703802,0.011606838216048725,-0.007697842356111283,0.1268226301462574,SUM2_005149
-0.08410985109843908,-0.002897679582953688,-0.05130182984825922,0.032297147519849904,-0.09690778471594264,-0.02168219354553244,0.015721683930778583,-0.00855261261883976,0.04196270325511912,SUM2_010452
-0.05586983113639325,-0.003956512191718858,0.05477173770892422,0.006970981280576272,-0.10907093378534442,-0.019989211517719475,-0.019453833375432134,-0.010622644625752202,0.023917683929378063,SUM2_017797
-0.14930791390914291,-0.032217505315265495,-0.4677330836960767,-0.009340151313734548,-0.014942291771670965,-0.019391628642472028,0.006722756884646965,-0.008332734676215335,0.07153662690770476,SUM2_009849
-0.07547859708790775,0.02285187162529122,-0.44911274913756055,-0.0011512044972210485,-0.06312701319805003,-0.01800236283850421,0.01056610141043984,-0.007239971216253952,0.13031290270931803,SUM2_001740
-0.029101470452972823,0.09330796128173306,-0.40862030544504335,0.003597212202391031,-0.06919685372616527,-0.019401202078072142,0.007635682638337668,-0.008691193466992818,-0.05364497680720991,SUM2_000309
0.08250822677236061,-0.013889632645139097,0.7738079218297336,-0.025929250079924686,-0.08716761079668812,-0.01689263002678284,0.02399853411078207,-0.01689088435382771,-0.032815211823608956,SUM2_003035
-0.1348330934736947,-0.033276579254523396,-0.33093065699825563,-0.04257426313557869,-0.0158295404188478,-0.02024045115084124,-0.009556355259413476,-0.009293504969284324,-0.011230835396898042,SUM2_000266
-0.04731957304049529,0.0006954035707313462,-0.4267864940257288,0.009811205854721963,0.16819331054508863,-0.01733850983051873,0.009029647566263779,-0.006119777914596275,0.15457563143095018,SUM2_000293
-0.08406727336265882,-0.054722952434592076,-0.18516475608175614,-0.001345507913548282,-0.08694545227965862,-0.02202675391529857,-0.013233744580545242,-0.008432316708434084,0.0560891917769333,SUM2_007341
-0.1932062842061896,-0.0649784674349438,-0.32323022091246223,-0.009419743388861439,-0.09971693588880352,-0.023641852743012386,-0.009770748712022086,-0.009418674567228879,-0.07788124069284717,SUM2_001589
-0.1685411181150578,-0.02877944884330926,-0.37657104770602495,0.008422592526493486,-0.018855417216473744,-0.019472562298257584,0.00697411680677572,-0.00833727784385228,-0.06212917242274448,SUM2_003322
-0.08575422473792557,-0.038708538149375735,-0.35960028128721166,-0.014096226554519049,-0.0448149061554481,-0.02181025205203691,0.010751530534286097,-0.008844695357248517,0.014567118944881339,SUM2_010058
-0.12045957441161415,-0.004533011861582402,-0.49261413051051717,-0.07341267374558842,-0.026422702134471336,-0.021390678840322936,0.008579296172290172,-0.008882435831034988,-0.08461087170891107,SUM2_003697
-0.12132393704889702,-0.01296913701752515,0.4256166835522131,0.009892381765569157,-0.11880004698437932,-0.0232752316732143,0.03511317351680934,-0.019621208057880396,0.04762583637966608,SUM2_008010
-0.12480382257987666,-0.024310634988966334,-0.5369785477143075,0.00966200253360244,-0.10039436959200247,-0.01954673567361464,0.005796237693489555,-0.007812015828877669,-0.07088867907682886,SUM2_001458
0.09618254827959713,-0.010594608496268953,0.7619236413265323,-0.003337738532920513,-0.01671653084373196,0.12319505195475262,0.015011763816734284,0.07541504035659256,-0.0022545739243076683,SUM2_018735
-0.09200137140701774,-0.06813430759286292,-0.3101200404838495,-0.02474504059640703,-0.09659922020670823,-0.022647002866231343,-0.009366417513672873,-0.008766605494445067,-0.048803941454690844,SUM2_006091
-0.12262072734937875,-0.042118966886339676,-0.40315204178355096,0.0194935938884902,-0.040416364036427885,-0.020956214890124242,0.010778436350351982,-0.008728874532553655,-0.025691670877267647,SUM2_008161
-0.17867071181908917,-0.005843402919800155,-0.34183799705328866,0.00214675878626125,-0.05168625767594158,-0.022482461568792148,0.009571201524792256,-0.009316472162733633,0.002733700885504899,SUM2_017378
-0.1014417875834083,0.0006198109911466848,-0.3469875398467487,0.03257032220704009,-0.07924455339436981,-0.020912018025230832,-0.009477713305008994,-0.008140353309306661,-0.047151480928849486,SUM2_017897
-0.11939037510327652,-0.0021420222547160776,-0.32790118148103387,-0.0009167525928964321,0.0027003061356645195,-0.021084924513120128,0.011349096919605239,-0.00851948982373117,-0.002777818599080651,SUM2_015680
0.011360093937650922,-0.05168612499507932,-0.10402460066702857,-0.04774590175255568,-0.15853852816822905,-0.026822133104171586,-0.027761265709670045,-0.0404969777382784,-0.01442497623404435,SUM2_009435
-0.07509879624127383,0.01914688189882155,-0.3411156700344208,0.04170376058321986,-0.10244962608945425,-0.01904620915104116,0.008382011364641057,-0.00847002668352948,-0.0456758011054388,SUM2_006527
-0.19011153499697656,-0.07102823176053644,-0.4333099644778745,-0.05025645257157378,-0.1237544811292283,-0.02115526259986523,0.0064804321614451545,-0.009775167036412045,-0.07063743119779939,SUM2_008617
0.6534261415099457,0.047066628227489596,-0.0909080403709993,0.02063008611965354,0.08958877059596382,-0.016457147921562516,0.009082915199343731,-0.006533877740162913,0.29236317955178054,SUM2_006821
0.09618254827959713,-0.010594608496268953,0.7619236413265323,-0.003337738532920513,-0.01671653084373196,0.12319505195475262,0.015011763816734284,0.07541504035659256,-0.0022545739243076683,SUM2_003652
-0.20278189495829904,-0.05438822544456732,-0.5232864898534777,-0.05362634138676957,-0.1186951282665171,-0.02063921527978039,0.00658748018261576,-0.009497396956160125,0.08130632333881042,SUM2_004031
-0.14169613609821013,0.010541331015631242,-0.3359749822565691,0.07498455670495321,-0.06636617343856091,-0.021274477698032784,-0.003149525838858918,-0.008028706879870628,-0.06040422458863408,SUM2_011609
-0.11827063208280979,-0.012346677891841266,-0.3724077551587716,-0.0037223831726146254,-0.04800661760105816,-0.02093740427748079,0.011709918338821068,-0.008483915824779987,0.005389708636454256,SUM2_006311
0.21379576350454502,0.06952197153567469,0.44534614839217845,0.06728807279917272,0.08292607340110135,-0.017762703243765398,-0.01713604440408309,-0.011019841647502296,0.03559282313402199,SUM2_009714
0.2184139349970667,0.09495349307730776,-0.1900936786794086,0.2860226938117464,0.15790376348516763,-0.01769622912573405,0.007532641696960848,-0.006363743335651585,-0.008258616822080397,SUM2_012742
-0.1778043544994396,-0.03059698855248334,-0.483385291140279,-0.0437878971598459,-0.13971964963501166,-0.020687668089509212,0.004078569895949909,-0.009468486555141348,-0.061764204481934114,SUM2_012582
-0.04479841446283459,-0.05203411883325136,-0.3396547861275306,0.016484481034300565,-0.012067622066347022,-0.018483174604201465,0.008362239148478405,-0.007535334647575369,0.0821103803646469,SUM2_014883
-0.09827270554860326,-0.015234205368084546,-0.397865691661767,0.03087820323635519,-0.053651492103229524,-0.021106194913164504,0.007972960888121172,-0.008228555790286727,-0.028768848813967636,SUM2_015682
0.024759990513277378,-0.02918382751731659,-0.2921476875434196,0.06676239755889266,-0.18580796105407105,-0.018857725335299752,0.008069833270612111,-0.009368569343989415,-0.052553238797650316,SUM2_010726
0.09618254827959713,-0.010594608496268953,0.7619236413265323,-0.003337738532920513,-0.01671653084373196,0.12319505195475262,0.015011763816734284,0.07541504035659256,-0.0022545739243076683,SUM2_009324
-0.11087312882375351,0.001192197751407119,-0.22547638662753194,0.009967993721215429,-0.06116371401151692,-0.020630701780391114,0.009333753503493747,-0.008436627040206233,0.021294152045331298,SUM2_014674
-0.13190112615889382,-0.04431343807072646,-0.41463469850801926,-0.04419555525052747,-0.0011759616663450788,-0.018981412174945346,0.006718464857790043,-0.009124194597965872,0.1884426639088618,SUM2_012158
-0.037594488563194625,-0.011639806174109823,0.06243800076706205,0.03338580031765963,0.020246930107819368,-0.015881205678367483,0.008587338837176458,-0.00835208020042958,0.21407372520273849,SUM2_017041
-0.23081533344194552,-0.08618707010966692,-0.3577877082729405,-0.10614713677817908,0.0076251533573381824,-0.019618113001121797,0.006151432845586678,-0.009557044641363826,0.025296433453846412,SUM2_003735
-0.058050651621648665,-0.0031754982832320226,-0.08982440808662957,0.004435052709612865,-0.06519403695293474,-0.017022328504040483,0.016803527278482184,-0.008423589291390818,0.03789838154490011,SUM2_014045
-0.06299640140483778,-0.013152657272792852,-0.3551598343466136,0.1185069737702368,0.05248238124862673,-0.020055304574821846,0.010552967522426706,-0.008145301804229085,0.006576172768897848,SUM2_001522
-0.028422145143119443,-0.04424642582111259,-0.46296001898268857,0.04774011951378295,-0.15446003384674206,-0.01921900153090638,0.008982245983352483,-0.008391455402610545,0.06250093599366104,SUM2_016324
-0.08726405773995045,0.004231596329420126,0.1618329587876299,0.05152356797929312,-0.12331632873208616,-0.022652019422922037,-0.026508320781284754,-0.01698356223756232,-0.11684520307354718,SUM2_000378
-0.10763849193214607,-0.005228143032805748,-0.3810313546907752,0.002902624737884761,-0.0851528177494594,-0.020892768611175817,0.008288377362225383,-0.008410640829170831,0.0032212851579302157,SUM2_004055
-0.1804526370838266,-0.012089499304165932,-0.4567585065094466,-0.08032481008483651,-0.02140474640982475,-0.02074926217149306,-0.004915909789341989,-0.008450687208865191,-0.014060262582781846,SUM2_012008
-0.06339013503185466,-0.0316071238767824,0.0768424466899399,-0.017593955977623373,-0.16122092165840002,-0.01740351469258044,0.01877782651014165,-0.010075323495984997,0.11764071535067613,SUM2_011394
-0.048782163136801705,-0.033860762348726856,-0.4892854837062111,0.04727652541962285,-0.2062099016570321,-0.019943190690451723,0.008955088965063139,-0.009368569343989415,-0.07661559468337434,SUM2_009857
0.17994629754440047,-0.002166319573966327,-0.33254137810573614,0.02739801547711874,0.036878820254012186,-0.016762644835587502,0.008513933586541901,-0.008170013780042746,0.08942798021302875,SUM2_015616
-0.09298429449367107,-0.00982910417290073,0.7329806352327488,0.04408911921084665,-0.07954787085440317,-0.022403001181598537,-0.023839617049550847,-0.017531254719882677,0.01170904893897035,SUM2_008413
-0.1462431216758347,-0.020444581543279647,-0.16177718093783539,-0.007058375804076346,-0.060378946110164575,-0.020183749414859342,0.011824449062740525,-0.008904884162773886,0.03555114897637057,SUM2_008323
0.162308854220309,0.16103391465995104,-0.15143892862043426,0.25915725481732105,0.011976987915947259,-0.017473293606062718,-0.006316517410228502,-0.007517334735779918,-0.08721537272738798,SUM2_014486
-0.19942577457814928,-0.03379956389248738,-0.38024366819108474,-0.027324582510794126,-0.017869728642514647,-0.021892724764298092,-0.008745842932788942,-0.009927468908645081,-0.01639220216723713,SUM2_012023
-0.130290931454037,-0.01976723695375209,-0.3014784646976604,-0.021490046877810875,-0.001669998914392782,-0.01734822889628348,0.008565834374169579,-0.009213162054030026,0.1814809443853076,SUM2_013222
-0.0402937720021139,-0.003268420104107825,-0.2812577717402693,0.024540108913685042,0.21340415430004653,-0.021218797599578305,0.006120787936567641,-0.007847119403633227,0.030828631129933864,SUM2_001566
-0.11502562033923827,-0.009254204795168069,-0.35793777817044903,0.033942111730201195,0.011031528279068888,-0.019246388069503774,0.009582827498338919,-0.008234297910678359,-0.017535208838924315,SUM2_011217
0.12791545327260762,0.08075095794274831,0.4276521369540993,0.3093909462482438,-0.0494078076713791,-0.01698287478260942,-0.026697659954852942,-0.015252794574258854,0.10770780188208354,SUM2_000295
-0.19616463504582277,-0.07017980532935465,0.6290875457696085,0.0012963090562087831,-0.17606655648729247,-0.024097144390250264,-0.04267063569820726,-0.021769773399294902,-0.08276849402657298,SUM2_009268
-0.10879207154081456,-0.0788305879241726,-0.3991806885430489,0.002245924250240505,-0.0054616117978111165,-0.018838033767563548,0.011282797793801638,-0.00709073451843676,0.0741749655892077,SUM2_017010
0.9107316225213417,0.07761581426767117,-0.06319291351081005,-0.08727112559582047,0.12125797321712092,-0.013042992329203742,0.009941408234258337,-0.008461946355951551,0.18225042586887455,SUM2_001392
-0.11225265602091321,0.021311198107848577,-0.04702490723810485,-0.01679142876036805,-0.07622660587164529,-0.02041986997372417,0.01261056528339643,-0.009894899530161263,-0.030785381185369505,SUM2_009093
-0.15213690250550707,-0.0308677915344994,-0.39267759737902475,0.0010873296328968184,-0.013438540088029537,-0.01877586231659876,0.00736369964805923,-0.007501314125347482,-0.007224097193680603,SUM2_010098
-0.09275818791835375,-0.0020255906251750036,-0.42743949338362164,0.0354393582304718,-0.021344721859436915,-0.022038671604382897,0.008244358565443134,-0.008013541165567782,-0.02471173805590408,SUM2_005427
-0.08542223974119541,-0.006156638172603714,-0.35817275366768075,0.012666396447680537,0.15512562370179878,-0.018238383371505015,0.015866900596523507,-0.0065018061726168875,0.12445636340359975,SUM2_011680
-0.11690870818682175,-0.017531122899336445,-0.449765880514618,-0.008736406500006013,0.0034468195473768607,-0.020143733477770126,0.00698779555170149,-0.00873628194029692,0.00498341136358285,SUM2_004820
-0.10413147302214927,-0.0034538895054755754,-0.3766187221078467,0.06419728396248789,-0.05254578356744408,-0.020959863782621917,0.007233286213786707,-0.008525109476740456,0.0033002085566111185,SUM2_011748
-0.06598802960898072,0.014375585250187062,-0.2519566235640255,-0.019501458700194214,-0.07173893653020749,-0.0223961168845224,-0.009825911713506049,-0.008947241886453414,-0.11719727989772646,SUM2_014281
-0.057355150195179026,0.019276021335085707,-0.1304362390889292,0.012432944987205114,-0.07291161441906913,-0.022102652216531758,-0.008990109937747712,-0.008900480253561152,-0.046442942790012556,SUM2_004592
-0.11247713032313875,-0.008131830869441647,-0.3643316748342792,0.011643314353069487,-0.055524501581302,-0.020702424313531816,0.008256176671524623,-0.00852132595323729,0.00690722798216008,SUM2_018806
-0.08755182300909307,0.022455707305211563,-0.024900649045703403,0.0045072406662539175,0.11804031770996962,-0.01753396249867046,-0.012041280922094857,-0.006402185822390741,0.0371535088134209,SUM2_018302
-0.08232294084751289,-0.055016015322746636,-0.18815629893312338,0.013180231926146391,-0.06009310954738373,-0.018815267310623378,0.0115332205190528,-0.007614902817869433,0.10440034488252978,SUM2_016471
0.11226160344987032,-0.03537379738359471,-0.07132351301941042,-0.06239866530222119,-0.13198765669390805,0.0646548985970728,-0.02496248329045688,-0.030284041442273153,0.040177014511512926,SUM2_008075
0.16802062662107484,0.09356739885247375,0.05660759748733106,-0.002642802244067573,-0.03609100827317884,-0.01396851866135288,0.012432041751647766,-0.0068956732340221556,0.18933095000086506,SUM2_007191
-0.1037067884145352,-0.01829717066479252,-0.41037655688585434,0.03572986001165208,-0.052527708442576024,-0.021723884650866256,0.009832572232179032,-0.008163316133276506,0.007297519662714721,SUM2_003965
-0.13172537481866708,-0.004154081626664183,-0.42851857113806113,0.030866974032615024,0.09205867162811981,-0.018054011735307372,0.008461464238111251,-0.006950727494519931,0.13737049161571388,SUM2_000712
-0.17386848035706307,-0.015807865212349434,-0.4755714751530051,0.02630945771009215,-0.02120648031888899,-0.019931816924268056,0.005354657977866859,-0.008263266945014964,-0.00900895865987605,SUM2_016430
-0.19687026467291,-0.02815678388571006,-0.47838004570269754,-0.017541837270033243,-0.16741074277760953,-0.021150124252252992,0.0051633118588095194,-0.009851222419242429,-0.08267250092702474,SUM2_017436
0.09618254827959713,-0.010594608496268953,0.7619236413265323,-0.003337738532920513,-0.01671653084373196,0.12319505195475262,0.015011763816734284,0.07541504035659256,-0.0022545739243076683,SUM2_015213
-0.05784644108966247,-8.501762282068365e-05,-0.413060206719857,0.059705236140531234,0.013883982419200126,-0.016149301938610257,0.007011601143439972,-0.005286582813283834,0.2530859113164482,SUM2_017946
-0.20175691434785303,-0.008197017900376713,-0.324391485019759,0.0032325416784752515,0.008389436899463459,-0.018178453263579215,0.006495635062881339,-0.006765801351299322,0.0521310560299605,SUM2_003919
-0.08859732146211954,-0.006677629707501143,0.20141565662366195,-0.003536897964504396,0.03113574902254358,-0.02032868063539663,-0.008144293173712482,-0.008913130682291975,0.023893818279113792,SUM2_006737
-0.1537793297877619,-0.028909955280160143,-0.3667219792066147,0.008636219392284896,-0.08996995891047523,-0.020267828046341314,0.009415639541355608,-0.009606740717987316,-0.07948390001448541,SUM2_006877
-0.08477073295440431,-0.016313669267448243,-0.43537130947437686,-1.3430241122751318e-05,0.0020214182077315707,-0.018158040810742005,0.005782918565286241,-0.006351724996384242,0.18357189496001927,SUM2_007595
-0.1405702017159562,0.00235253939088165,-0.012807708242419166,0.008700071817720378,0.07439632193057824,-0.018165071046028138,0.009177800624243278,-0.008214114932330072,-0.022786906647931374,SUM2_002537
-0.08791209253904098,-0.07706113321286875,-0.06206640620768496,-0.006331422899464381,-0.06868935581518147,-0.021498163101742945,-0.014650988388904062,-0.008503865703979934,0.02686601424597142,SUM2_008186
0.25409633874459064,0.1651967703597882,0.4846311291825682,0.1305441294633451,0.4972317230706521,-0.027487559740875456,-0.016611646724663618,-0.007882387711547338,0.020627826878752774,SUM2_007421
-0.16540203122716396,-0.0538262553487552,-0.46027990437522226,0.0013868030671394574,-0.12207310067347418,-0.020646504283995663,0.007079719553978223,-0.007894828189918619,-0.04467930883995085,SUM2_011403
-0.10758153225519611,0.006059109527548066,-0.4317770778249918,0.02447074927872363,-0.07800920410161863,-0.02142855380704427,-0.006968875402983232,-0.00813350574028892,-0.053914106843152884,SUM2_010498
0.20241659232166037,-0.023338917227209183,0.19843939351121295,-0.06224080051860127,-0.09683327510314368,-0.01669427907312494,0.01706851825643333,-0.03150149705539412,0.11083686736640533,SUM2_005439
-0.10264357696232904,-0.027705797853631153,-0.34185705723612897,0.009922847331442042,-0.04578547690193403,-0.020659055174256057,0.00677687163783919,-0.008511007018077466,0.006971285094138566,SUM2_011837
0.09618254827959713,-0.010594608496268953,0.7619236413265323,-0.003337738532920513,-0.01671653084373196,0.12319505195475262,0.015011763816734284,0.07541504035659256,-0.0022545739243076683,SUM2_013287
0.00523215743880433,0.0762820352994347,0.8602650203082304,-0.027309678094745066,0.03853196614660779,-0.020684661629751834,-0.00581348728651334,-0.011352092922338356,0.023359355441325565,SUM2_014653
-0.16231403428884233,0.03739801506032596,-0.10544230298247122,0.051533333892609855,-0.05584655917476872,-0.023872950776383912,0.015470397942835012,-0.009606430527452133,-0.06259306710158034,SUM2_015317
-0.21351004243723776,-0.03039320241732224,-0.5286352467576501,-0.0677544102767457,-0.1670951637326836,-0.021418368417321622,0.005357745961109562,-0.009689583109350829,-0.031842438128886805,SUM2_002617
-0.024690858967758997,-0.03155183607749517,-0.23696978196694524,0.04267343490262519,-0.07341199713379308,-0.018046407118217422,0.009055255743700783,-0.008022788914529896,0.09797160372691352,SUM2_011522
0.09618254827959713,-0.010594608496268953,0.7619236413265323,-0.003337738532920513,-0.01671653084373196,0.12319505195475262,0.015011763816734284,0.07541504035659256,-0.0022545739243076683,SUM2_001215
0.018480262978455123,-0.047117716794386685,-0.15742492172421124,-0.0078011725034644415,-0.17506129694768097,0.04405546375500299,0.0258809223105414,-0.042570830376944535,0.04296870644531285,SUM2_007851
0.17558082109181677,-0.01190829995346722,-0.23362837564274658,-0.013715145576454544,-0.21955526519178417,-0.019581186891637962,0.00769871544165888,-0.008576869388977653,0.1172921553629886,SUM2_000796
-0.050355533119353715,-0.010874799113009186,-0.27494823421205405,0.06262773132765646,0.011329128849554481,-0.02174463103111295,0.010985531459674494,-0.008526514160903272,0.02463295411585083,SUM2_005429
-0.22887378025517538,-0.052666237474660815,-0.3612583593424961,-0.09032713633050006,0.004038694818436287,-0.019706107195333153,0.003116148702631792,-0.007855333848232249,0.032826079291695794,SUM2_002264
-0.048215653911695446,-0.05336966860352588,-0.32912053787212964,-0.0003251631748651054,0.014051029213712962,-0.018671749812652624,0.011714121562955745,-0.007584987069197279,0.07975569562803293,SUM2_006493
-0.13703643856557648,-0.014984569472385292,-0.3537277479167215,0.0821810487319017,0.025080050261952126,-0.01730253820821421,0.004885070092441492,-0.006427276214061842,0.16229403118675442,SUM2_006851
0.07218902841144272,0.09825684008979348,0.6590000524694514,0.005803763238080272,-0.2172424575784792,-0.021308977861798105,0.013799664828774452,-0.014437921759822902,-0.06915276499176574,SUM2_016704
0.280842389366477,-0.10491666913991929,0.3677806004702726,-0.17583214735881772,0.7700287996019684,0.15933975545888338,-0.03282048981289598,-0.006885783319967714,-0.020623407562722313,SUM2_013473
-0.018673748215216966,0.019537382427015703,-0.09276258705267294,0.0692852690975323,-0.11016225193089839,-0.02082800295501481,-0.009028978324615166,-0.00784738892572383,-0.060736380192061866,SUM2_013366
-0.1077108431492602,-0.0551465662361878,0.6647609409355403,-0.047899954869002496,-0.1362008230070204,-0.022714796661035853,-0.02081100385956598,-0.01969646572566298,-0.12433225259243255,SUM2_014132
-0.07550965016070163,0.029934681088370406,-0.4244902235715563,0.08934724164298709,-0.01741173756775739,-0.017198418201673914,-0.005648280947750501,-0.007444076901623303,-0.08319934954186052,SUM2_017799
-0.15987493365396047,0.04042271431624478,-0.16110340505323717,-0.03882240455836224,0.06728431822320421,-0.019138701942015734,-0.004128239892956555,-0.00744348644195574,-0.04081361666485781,SUM2_012106
-0.10475041292868684,-0.12213444783833624,-0.3899645210062628,-0.05123541748085334,-0.16501203008414128,-0.021515589649598245,0.009126412407946205,-0.009162934549583102,0.16646697181050712,SUM2_007075
0.11231020220661377,-0.10046760581954514,-0.3233893985467753,-0.08138095270900686,-0.1169892264770273,0.05430250866406181,0.006526086332137651,-0.04893849306319204,-0.0836139248477223,SUM2_016780
0.09618254827959713,-0.010594608496268953,0.7619236413265323,-0.003337738532920513,-0.01671653084373196,0.12319505195475262,0.015011763816734284,0.07541504035659256,-0.0022545739243076683,SUM2_012270
-0.2058490848314321,-0.06158752702642737,-0.00028221246500882284,-0.05656955075961474,0.015247798751971495,-0.020352751932123634,0.006573933204028717,-0.008129351156589937,-0.05984691461440857,SUM2_001983
-0.058508207484319306,-0.034183584298464666,-0.36315888786885886,0.020096872672770043,-0.07449396996551819,-0.017664274195799856,0.009374546010851052,-0.008391297805412149,0.19105659568434952,SUM2_005538
-0.09970478512660742,0.006794943198571822,-0.13995294994917837,-0.010487278370902478,-0.07284835371234881,-0.019326740948095906,-0.00730259713464027,-0.007575124836973461,-0.10658946576036425,SUM2_014713
-0.10502227281180702,0.0584284963827915,-0.49725414323364064,-0.05769654694296846,-0.21023932205185386,-0.02122508656584813,0.005922723609772191,-0.009391932987507137,-0.10164101533309593,SUM2_012752
-0.06220109851402206,-0.010086297775626734,-0.07102815806060365,0.017725606610762352,-0.006026968722862298,-0.020623622696538318,-0.012053061386835925,-0.008409129370224111,-0.06013102372490925,SUM2_006584
-0.0877608819801325,-0.014955076585482101,-0.36213501961274586,0.01779762137696184,-0.027483766282892917,-0.018896701752016975,-0.007903186821372293,-0.007088940918458045,0.010370762297424754,SUM2_003601
-0.14286160279585208,-0.0036972601508084,-0.35813968721204137,0.02419477665104623,0.05633806510666892,-0.018410015923940266,0.00917433009714833,-0.007282155809835139,0.20205939462454348,SUM2_003295
-0.1905069570356233,-0.007023489597663195,-0.488062834025596,-0.06406029587410567,-0.15923410245453629,-0.021006512274339424,0.00538295291933061,-0.009796450813586254,-0.0813844602738549,SUM2_014046
0.3584707373383243,0.038367821938636235,-0.14014523629030065,-0.04514966071148759,-0.14669363165522792,-0.01957198667132501,0.007869406923131003,-0.00885523770531595,0.06598420214284095,SUM2_018916
-0.04765400761051537,-0.017084692309279333,0.03754472117233807,-0.006592909395234159,0.06779746226494332,-0.0165712643880232,0.009007201951775406,-0.007446205073802581,0.039857198706569744,SUM2_014907
-0.11005877112596263,-0.03365710254509,-0.436349966050477,0.0127196311787876,0.08337698316178441,-0.018660775673165136,-0.008505916161372282,-0.006753054660576364,-0.004624185608685052,SUM2_018960
-0.1607680820741912,-0.014009961872838917,-0.5227532208343283,-0.0338382811293486,-0.055373048553308844,-0.020378571994569453,0.00624817299314142,-0.009533482382816146,-0.054069056431454286,SUM2_004083
-0.16402937339998253,-0.05631955818535387,-0.517773732438661,-0.06213869719014002,-0.19086054163238647,-0.020868071603643575,0.006607797590947892,-0.009876348517529186,-0.06950987592453248,SUM2_002127
-0.1681740228608794,-0.022103496806299826,0.6572572756316042,0.015541605806721648,-0.1727619600129305,-0.022747240188389705,-0.02423870520755797,-0.017970325077678203,-0.0010451654788088329,SUM2_001253
-0.15051597285559798,0.01336635539767642,-0.21134846105282895,-0.021473737698945623,-0.05944327452329441,-0.019206262735463914,0.00834308434389903,-0.00791526385995441,0.23963558639674948,SUM2_004345
-0.07473410181675355,0.005724430876972934,0.856023012374892,0.056678011525166994,-0.08375561611483885,-0.020736181310685213,-0.02489058733994988,-0.014737556227377819,0.1846092943001299,SUM2_007158
-0.05583136309680459,-0.013722167280288152,-0.10139562823043831,0.05207749532036372,-0.09384934581540255,-0.021386775347023396,-0.01383368485640736,-0.00836360356480309,-0.06056562014697424,SUM2_018377
0.21193213209754602,0.09363569093958864,0.6282207520951265,0.08401542685448707,0.7727624818715634,-0.03447616605397967,-0.021544902675077256,-0.007645343925992328,-0.044282898055101064,SUM2_000847
-0.1145080901588393,-0.03297834779679866,-0.4105216288347352,0.027507004665778885,-0.011170333359965817,-0.018619316293927927,-0.006712070093297442,-0.006571139202515214,0.0013055546918254383,SUM2_007097
-0.17962817467872944,-0.032788884359326725,-0.40220480453848556,-0.06566553727614818,-0.11107426491408305,-0.02119492466989637,0.0064854508090170125,-0.008377814176304994,-0.028789889626779513,SUM2_011650
0.07550602640825654,0.01262636248458594,-0.4682807795428977,-0.02664851200464862,-0.23496370353028923,-0.021084393901259022,0.008693722095284084,-0.008899013305428296,-0.08836698735475323,SUM2_008949
0.02026409188759364,-0.04527928536426913,-0.392005689011622,0.005040861464604298,0.03861375691273027,-0.01712517290006452,0.011878483614941445,-0.00825867623672836,-0.017023471034008794,SUM2_014103
-0.10025585365044506,-0.03858271314202953,-0.32702628508645365,0.023205836929825523,0.04531220124279482,-0.019062315071950997,-0.010717293225814365,-0.0070486934689603185,-0.0013691574869228063,SUM2_008275
-0.0957033348365259,-0.002823163623353579,-0.1442921509044534,-0.0062194666009627855,-0.1016215953008373,-0.02059734422443412,0.01763185130916265,-0.00858463877620274,0.04134521092175371,SUM2_004056
0.3980504512007379,0.016780109855100558,-0.3227013378373549,-0.058255037516415364,-0.21870163869633696,-0.024988971857872758,0.008124464077392684,-0.008373571332332765,-0.06988500632510877,SUM2_012447
-0.1086179273501577,-0.055274606692425385,-0.3076574106861805,0.026187278557721395,0.0009688762653823402,-0.01956981378094775,0.005526732405628171,-0.007282507893319386,-0.053433276921683225,SUM2_013529
-0.14377729779077356,-0.004166880651893587,-0.34690949758975975,0.032846257875933586,-0.032042981295368346,-0.021350417434952855,0.011567525784359068,-0.008625278327320057,0.0022457334844002185,SUM2_017355
-0.13877928929606523,0.014950734866068242,-0.364543940772166,0.06629685853883274,-0.07741477206652653,-0.02131088559309512,-0.0032127416359898735,-0.008028706879870628,-0.04569948699146792,SUM2_001642
-0.17218374927319216,-0.034770636967487965,-0.3646839951939037,-0.05940922606060565,0.04309486780362942,-0.020458921421025247,0.006081237423117914,-0.00781241702491686,-0.013041741968775339,SUM2_000563
-0.13848503075018653,-0.01887280835914046,-0.4169802035901317,-0.056174413987576374,-0.10622003823496184,-0.01934455090811145,0.005594676531148706,-0.007692710376475268,0.15651845488917676,SUM2_008701
-0.1721283235723526,-0.016244697179504435,-0.46980085666813254,0.025039130595690563,-0.02151940509117687,-0.019931816924268056,0.005175874625377057,-0.008263266945014964,-0.00916883185594055,SUM2_001483
0.05642623060902487,-0.03143609230844895,0.6437289022929604,-0.005727633868134615,-0.10675257565132901,-0.013852570657527628,-0.01936426903930303,-0.014758720409007903,0.37741508149928055,SUM2_008745
-0.05274746441799659,-0.028169496011846196,0.8637649826365369,-0.02469494607372142,-0.08812563842587176,-0.020928626320660487,0.016199629945511267,-0.011713574825462559,-0.02731164383640311,SUM2_018527
-0.20850274212957037,-0.02344420102372382,-0.39373401886532705,0.006812993728658165,-0.039226547269857394,-0.01904930032636177,0.005736445095653907,-0.008149201979541217,-0.047275138117780856,SUM2_013066
-0.1515502971830459,-0.036938819706735564,-0.32472405669137294,-0.045933221536772637,-0.06945594622260036,-0.020627381984543933,-0.00872281069128341,-0.007633037088438141,0.0047029652591224855,SUM2_002861
-0.06664051845790461,0.008736917808367082,-0.3365278615885396,0.10276269127903581,-0.06597005258031045,-0.020141486464341402,0.008076340461451241,-0.00798736724836723,0.01843730467041898,SUM2_006246
-0.1559515319649898,-0.02589069155313999,-0.32606685725699347,-0.005378679076467949,0.11289931824559633,-0.021447908848086773,-0.007004120388648419,-0.008044612512245619,-0.010758667137979244,SUM2_001745
-0.1298203579938399,0.07299448874378275,-0.27220457197281633,0.016756234429783586,-0.07902929965056896,-0.019969976478631978,0.006749699799247441,-0.009084494145011517,-0.09894618930365055,SUM2_003384
-0.08186244844893015,0.0043457148532365306,-0.08680471316226522,0.05636004407407856,-0.03991852596224358,-0.020163523863081227,-0.006385566218878308,-0.007724614092565529,0.0033578835895016756,SUM2_015227
-0.07097271083977995,-0.03655852461573823,-0.36251687733431487,0.022383508455753414,-0.09738413582905965,-0.017431372967837266,0.005575570926981688,-0.006897908736208667,0.21197993468007223,SUM2_003039
-0.03543699869408989,0.0031016162894274973,-0.25764325937677757,0.021513714058525275,0.06761814925572326,-0.020877809945307486,0.013554439723889426,-0.008498005214510917,0.015640049355552625,SUM2_009892
0.7599482917695274,0.008398353415576714,-0.04565572213173634,0.01200945364645176,-0.016974301738769848,-0.018508424547393307,0.013256204690300191,-0.008820292171724607,0.06531009196068308,SUM2_013537
-0.12621710373044887,-0.024834952139463306,-0.4103318360337763,-0.016987301274067126,-0.0221707160317452,-0.018141595050052087,0.0077558175679915044,-0.008535724353511237,-0.06686716795622838,SUM2_012472
-0.17794713719226884,-0.013099564626502016,-0.48937221435126704,-0.0706108237021478,-0.11267199023462957,-0.02108040902321074,0.005090246364275073,-0.009747277656014687,-0.07047592021617943,SUM2_000090
-0.003087470536633412,-0.002545640621874637,-0.47673449647696425,-0.024126418182194104,0.22151467008462694,-0.017756006297537076,-0.012651419960314802,-0.0064951330835054406,-0.016710963194033857,SUM2_017842
-0.06075974159515274,0.018685558800359443,-0.4196249287097119,0.10224651232906305,-0.03417804231687217,-0.019923635563393917,-0.007984643816637067,-0.007436295034554787,0.04967916387451279,SUM2_008546
-0.0332168016569124,0.04380850136792637,-0.19621053828457807,0.034802024192434985,0.04110234215349641,-0.02073931731867269,-0.006713257505256894,-0.007518408203672296,-0.009156202326344889,SUM2_005974
0.5428001716612363,0.0557805651442412,-0.3033259524732391,-0.025659614057679737,0.007624210690057312,-0.0170389060589839,0.007723821278194672,-0.007156222236271818,0.23894076239226622,SUM2_016530
-0.10578665663160632,-0.032494871462544726,-0.27030765969672343,0.008277850603988937,0.026718564027440366,-0.018410222996027906,-0.011460997371966621,-0.0069852894452541075,0.0018781356909765082,SUM2_001997
-0.09078293978608162,0.007510540079399765,-0.34485797989551265,0.023999205078521556,-0.00752891886539093,-0.02221214666606975,0.011243261014986803,-0.008532518492669077,-0.002804731082110128,SUM2_008276
-0.10856221616283519,-0.00656855374803471,-0.11319124178811787,0.005718176028652282,-0.04734332599061085,-0.02031997929538845,0.005505795119922682,-0.009755682586166419,-0.08445444987203381,SUM2_000098
-0.014914801506656958,0.027354344632347795,-0.2944054168760599,0.037718723742097456,0.1854238518817248,-0.01887109350386169,0.010010704178706451,-0.007411802694809835,0.045631646164325634,SUM2_011947
-0.058050651621648665,-0.0031754982832320226,-0.08982440808662957,0.004435052709612865,-0.06519403695293474,-0.017022328504040483,0.016803527278482184,-0.008423589291390818,0.03789838154490011,SUM2_002071
0.09618254827959713,-0.010594608496268953,0.7619236413265323,-0.003337738532920513,-0.01671653084373196,0.12319505195475262,0.015011763816734284,0.07541504035659256,-0.0022545739243076683,SUM2_008513
-0.19055693764486634,-0.024739071725593965,-0.39262471757487766,-0.04989071150813275,-0.08604773714291888,-0.020905521446282466,0.00611679891017522,-0.008264152514877289,0.020510275508229103,SUM2_010966
-0.04440698369061065,0.02440125994974176,-0.2873911135849922,0.04250202086132627,-0.04867556495120753,-0.0176712960292013,0.012232923438095745,-0.007065091307510439,0.08029779915592225,SUM2_003886
-0.08347965940824562,-0.06185243558586413,-0.05523548129006878,-0.004655375394673932,-0.037585271864797744,-0.02141675269782408,-0.014575052474043759,-0.008283436847791972,0.09940971410644077,SUM2_011382
0.2950169207691777,-0.01626452545640572,-0.38842683122671207,-0.0379411539228823,-0.16747556451099438,-0.02272304493648697,0.0087454996359967,-0.008423132457367,0.0859775231896544,SUM2_010793
0.09618254827959713,-0.010594608496268953,0.7619236413265323,-0.003337738532920513,-0.01671653084373196,0.12319505195475262,0.015011763816734284,0.07541504035659256,-0.0022545739243076683,SUM2_010592
-0.11949296269797312,-0.03420879775138296,-0.3886325237078817,0.05619237576227376,-0.009558232967604208,-0.022435234359297975,0.008181228620053212,-0.008774435565839254,-0.022098010924152374,SUM2_008708
0.09618254827959713,-0.010594608496268953,0.7619236413265323,-0.003337738532920513,-0.01671653084373196,0.12319505195475262,0.015011763816734284,0.07541504035659256,-0.0022545739243076683,SUM2_012068
-0.11331636271685241,0.10424761093258565,-0.3149594503548102,0.0551632670896907,-0.05048060148920001,-0.02193694517132886,-0.009106429841568262,-0.009016696010931458,-0.02494586215553668,SUM2_003230
-0.06721653824623533,0.0613939693284659,-0.12372748868488721,0.10197838251019331,0.010806696401944833,-0.020489795756365718,-0.010838870836644776,-0.008696571340092992,0.04033051297270511,SUM2_005298
-0.09338325384948165,0.057944511545544086,-0.27887889035009505,0.26424706678127496,0.015655877309297305,-0.020249312875903418,-0.006855417179408033,-0.007889707880954385,0.020024714425723088,SUM2_013018
-0.17551644813562997,-0.02995334663271686,-0.46179583877628627,-0.017687034849835016,-0.0038866700479230866,-0.019817485045289622,0.006361605209429949,-0.008551963370900747,0.05909508859319403,SUM2_015551
-0.0246830356836781,0.026767239756516147,0.08322829890107822,0.0005495179507792721,0.24431574646342846,-0.018490019710675022,0.006322112658925598,-0.007096094190361013,0.07344661415602957,SUM2_012437
-0.19453159476114226,-0.026908932086407412,-0.4044639138818937,-0.006261636326736547,-0.041325218141357964,-0.021922715509765812,-0.008616168011488082,-0.009903985538264624,-0.0069121965843848806,SUM2_003884
-0.08997401373873505,0.016584965210125757,-0.2884107652645553,0.038705952449009394,-0.056337808932133804,-0.021027106654885906,-0.007127466167695358,-0.008150571814788465,-0.09663024055977523,SUM2_007195
-0.1323431365871906,-0.037033741335675836,-0.39584211267652003,0.06591162369071699,-0.03977007869505781,-0.022158416998849403,0.008765394486664843,-0.008393467166895006,-0.010385387272321559,SUM2_017666
-0.14105777473518083,-0.05014454651286265,-0.31736426892254616,-0.033598000210740595,-0.03063910525080125,-0.017313041698439103,0.006483969127380642,-0.00906509466694969,0.012725109426843129,SUM2_016746
0.4662443047420535,0.020958269228855745,-0.3457142255626282,-0.05435128130235013,-0.3123051937899009,-0.024903620851208168,0.009045506361586231,-0.008781950944336986,-0.0727807918845461,SUM2_001527
-0.123591491529662,-0.04308727133522773,-0.42926417404124545,-0.004942948103974611,-0.14863017180813154,-0.019640245601768063,0.007468658370337246,-0.007511432883740901,-0.06554234322610437,SUM2_017458
-0.024205249441509334,0.012031486867353358,0.043315726348039,0.004599536895152891,0.007879342724507268,-0.016907415900523075,0.008915104212939238,-0.007889089454352117,0.18141170162782252,SUM2_018136
-0.014295894331368974,0.02612144499130925,0.3823509519625094,0.02044817534074449,-0.037991105399310686,-0.02113721443537102,0.0178715667417189,-0.014208222429616965,0.021808593546835963,SUM2_005219
0.04232587880279415,-0.04192028024919038,-0.32153247221593456,-0.03569956430083234,-0.11375335560688367,0.04984633942422392,0.014875993111912128,-0.0469116565053241,-0.04053715609463008,SUM2_004870
0.04882408254036502,-0.0656899752173776,-0.45909494795825045,-0.05102369063885218,-0.2157346475108167,-0.020906279056750545,0.008912586173127523,-0.00879554497160927,0.03678115624493117,SUM2_001701
-0.09660372725736685,-0.006570885140969658,-0.41134497852678525,0.052944269771193556,-0.0296450760622937,-0.021625583276215755,0.00883053056705845,-0.008097544116699846,0.012193998385749829,SUM2_003106
-0.058050651621648665,-0.0031754982832320226,-0.08982440808662957,0.004435052709612865,-0.06519403695293474,-0.017022328504040483,0.016803527278482184,-0.008423589291390818,0.03789838154490011,SUM2_012130
-0.058050651621648665,-0.0031754982832320226,-0.08982440808662957,0.004435052709612865,-0.06519403695293474,-0.017022328504040483,0.016803527278482184,-0.008423589291390818,0.03789838154490011,SUM2_005176
0.8996472970582412,0.1561765196882517,0.00845242711598202,0.1463871627994588,0.35530926266567714,-0.03086632375308742,0.024459439536665316,-0.005805825219068267,-0.015459004239450324,SUM2_008897
0.09036725915369524,0.05553366953199444,0.8735103423282871,0.023847931826101374,0.0007348595303318855,-0.014206782835325504,0.01476150589063544,-0.013110106879043789,0.033202663909666356,SUM2_006492
-0.058050651621648665,-0.0031754982832320226,-0.08982440808662957,0.004435052709612865,-0.06519403695293474,-0.017022328504040483,0.016803527278482184,-0.008423589291390818,0.03789838154490011,SUM2_001025
-0.11853349707235886,-0.013718823867880897,-0.299327462751026,0.011749050461142047,0.10936924662986727,-0.017541197975430793,0.010880483667439442,-0.007232441035093432,0.1332951813153662,SUM2_002832
-0.08501884299036337,0.021668859852143486,-0.08020612664988278,-0.011018989922896627,-0.07811534324610411,-0.022402348191752658,-0.00885658899810519,-0.008958870773955048,-0.11192898126690816,SUM2_008465
-0.13771041628676944,0.01625674368674726,-0.4272800031472704,-0.017694073034324898,-0.04251387288943985,-0.020122141854545996,-0.004333235901292109,-0.008527346981148865,-0.01695657146205194,SUM2_013416
-0.1312575692208919,-0.0341305604198862,-0.41531933038794466,0.03530561000476754,-0.04537585689130526,-0.02256242304061962,0.008287273604211439,-0.008753752473024411,-0.026996117411282567,SUM2_004163
-0.17473163335753136,-0.057546302929822116,0.32224618998780813,-0.06520975262791909,-0.1440526365290174,-0.024013296407914293,-0.023340225975211217,-0.02185048871346911,-0.15115514495496152,SUM2_017646
-0.044226976742887975,-0.0063722215130494544,-0.13359473959307608,0.01684539089768629,0.01469372529076315,-0.021354466813234295,0.012835601784078304,-0.00845605739004164,0.02581696458585455,SUM2_002349
-0.1654808321936638,0.046634566965409296,-0.2620037711743435,0.01077238453342565,-0.039057543899105485,-0.023581132334040415,0.010292831998869104,-0.009263330023419402,-0.001626242187389592,SUM2_002738
-0.17646873890441647,-0.03680539572206339,-0.4710621160220073,-0.07551215084754259,-0.18453165294457402,-0.021041575119210593,0.005692945054498179,-0.009787768335283501,-0.07753154682521805,SUM2_007811
-0.1269236934754397,-0.0012216569018691126,-0.31840315370228783,0.0712944030877464,-0.007757712592735147,-0.021189523019967064,-0.004504328403430634,-0.007917592681055219,-0.07157227405635114,SUM2_012725
-0.2006000743303879,-0.035506842334489905,-0.41900801180190805,-0.01173602943277913,0.002751997008748675,-0.01941961918722283,0.008348022736923609,-0.007692868781953771,0.08171695022673206,SUM2_018841
-0.19966709765574453,-0.018744573885936252,0.5488667011580659,0.02022963869538081,-0.13110290728074303,-0.023640739982559257,0.03701241880335966,-0.020683584274969607,0.03646431051335184,SUM2_006357
-0.1638143492819619,-0.05919693299980494,-0.4649155575673821,-0.03479314798386103,-0.08166809473403788,-0.019911221792894597,0.006656443914642913,-0.009107022583238363,0.13122854304608061,SUM2_000486
0.09618254827959713,-0.010594608496268953,0.7619236413265323,-0.003337738532920513,-0.01671653084373196,0.12319505195475262,0.015011763816734284,0.07541504035659256,-0.0022545739243076683,SUM2_006540
0.02497441278964563,0.04060749585341308,0.795153042978922,0.082764501583687,-0.13306019840270888,-0.022823870879657683,-0.029965351473911005,-0.01558118849201734,-0.01722069777596129,SUM2_014603
-0.12011292756862213,-0.02863241745315631,0.36754600573161716,-0.007308124759750102,0.009254199852327078,-0.018984625346413528,0.008544315948501885,-0.014703881565270952,0.14067556684911728,SUM2_001013
-0.12612044569607622,-0.00918450192925839,-0.38398192055578584,0.0032534997348145404,-0.017797626581574893,-0.01876780573895179,-0.006767729088064688,-0.006409740502857766,0.007193552504616657,SUM2_017377
-0.0697062608918402,0.04047888939173563,0.3725319822298664,-0.013634394667692609,-0.07897063699860293,-0.022042378852418765,-0.023743760906517912,-0.018015961032012928,0.042519670954672295,SUM2_013925
-0.17661174989028192,-0.03019162532591596,-0.44623146768804267,-0.06834671408100079,0.030433339335538982,-0.020550435290724686,0.0057304230902434855,-0.009206740461366023,-0.025358286982975358,SUM2_014859
-0.08682360366049498,-0.03032073061125125,-0.5329722402326569,-0.06728604092603216,-0.20135761261022345,-0.021916396317021226,0.010029755216055793,-0.00938316720083043,-0.09410297929808768,SUM2_004167
-0.05214349937331917,-0.042633563466983077,-0.051423976223236745,-0.07077637644935302,-0.0893483715035098,-0.02165145510463893,0.01709459778366122,-0.008626566131943075,0.05780204962918034,SUM2_000305
-0.15931601619271524,-0.08102052458989592,-0.35472649127202477,-0.0015941726576561613,-0.03789454736268956,-0.018520972482569953,0.011233780048990451,-0.0074998281587276006,0.09621068815798964,SUM2_004283
-0.1496608641435769,0.059798388281900684,-0.4848587082461143,0.020295797868871333,0.008648179332216508,-0.019472153452123837,-0.0025453012232136843,-0.006885341038512974,-0.04233131803104389,SUM2_007627
-0.07708274728212419,-0.015058845368618063,-0.29446283990468664,0.03216360254517725,-0.05539644588861792,-0.021799556746595814,0.011491987088983354,-0.00869944459009204,0.028327944689285088,SUM2_012837
-0.10194643981180848,-0.00973231854560334,-0.0024254472344066432,0.010193801476555023,0.052337269773589365,-0.01805902967607474,0.005922254618779345,-0.0073298761811401245,-0.039866693487187896,SUM2_017721
0.03993343450672611,0.14939119997948888,0.005546978647290762,0.04839400458974198,-0.029114783641796822,-0.019641815826286314,-0.007998385229361252,-0.007277411268613382,0.08184426122715907,SUM2_016281
-0.12247561761988734,-0.017230266026320273,-0.3543312394544445,0.03825490713216788,-0.01468311996020944,-0.019037236546124707,0.00746740040608935,-0.007639627320427641,0.0066177397669222775,SUM2_011040
0.09618254827959713,-0.010594608496268953,0.7619236413265323,-0.003337738532920513,-0.01671653084373196,0.12319505195475262,0.015011763816734284,0.07541504035659256,-0.0022545739243076683,SUM2_004818
-0.10729191599798771,0.021156079801022014,-0.4158400760317783,0.060661252564455134,-0.03186020261286717,-0.021902485216026203,0.007760880220717406,-0.00855666912648909,0.0003602648372536215,SUM2_011201
-0.08732517209122395,0.01433296313777344,-0.30613748391493245,0.030688359331438562,-0.007567034630727545,-0.02113263266310313,0.01005713492464675,-0.008925764277421451,-0.015225602769706154,SUM2_012866
-0.1662724679628768,-0.0011713465381068017,-0.45152109981502947,-0.026915779294678765,-0.059749571902069795,-0.019615871939936032,0.007171038512250569,-0.00903868679773156,0.1651554555562057,SUM2_018690
-0.058050651621648665,-0.0031754982832320226,-0.08982440808662957,0.004435052709612865,-0.06519403695293474,-0.017022328504040483,0.016803527278482184,-0.008423589291390818,0.03789838154490011,SUM2_004723
-0.13269542128577055,-0.06695149239318529,-0.3591515374898762,-0.03514196951174728,0.013506265914179772,-0.018305439673514886,0.007213830226971312,-0.009647521872342536,-0.07329270169940293,SUM2_004477
-0.13943026636599826,-0.059428102938871116,-0.35553133389924896,0.06960186552283798,-0.06728945835131199,-0.020634707898216698,0.009929993875905154,-0.00845291805204612,-0.031935995139829323,SUM2_016693
-0.17061683279979,0.019115049952777925,-0.32847605328709917,-0.013128911907920973,-0.1231184017737829,-0.018842008973347608,0.00935027401612504,-0.007755139525649203,0.07829955232214882,SUM2_014898
0.5392718748316769,0.2289719385886047,-0.05438284913374044,0.13654978800706447,0.20313063411821336,-0.01587417782054379,0.011011737363936867,-0.006069987510585898,0.053958686961443916,SUM2_005444
0.30852173409297645,0.027696054045704778,-0.23644086672894843,0.01671413841740326,0.007310316505207902,-0.01712957623055691,0.011244942445951854,-0.008863513382455926,0.06211661228926894,SUM2_016921
-0.09988049086009235,-0.002510504036940024,-0.3701367387976922,0.12058577655223948,0.04713061031987933,-0.021183741052248913,0.013006250391057239,-0.008874483675988783,0.005203872918447069,SUM2_010566
-0.12222681479889186,-0.011724337565091478,-0.05813985096787011,0.00813342651724547,-0.012405328728593559,-0.016868218427395613,0.02007654550310095,-0.006991880455339996,0.19500183884488692,SUM2_000558
-0.14863061633764046,-0.07947224765423679,-0.49396674664550205,-0.07044172140172304,-0.16386531353519138,-0.021116911400979165,0.006775578622553046,-0.00944109162578399,0.03286600392363846,SUM2_018256
0.2329929219156178,0.11682727026344389,0.49974978443860946,0.19037488779695794,0.392696935126436,-0.031239134001651563,-0.018074481072301994,-0.005042253707188731,-0.016397958104224973,SUM2_016997
-0.10811348105747054,0.020580082442296203,0.6941708922062506,0.010200521792301137,-0.14408307325607156,-0.021422795661073097,-0.02267576450282742,-0.01709478375259691,-0.014747821045011277,SUM2_010535
-0.1244657569930859,0.0028303813599357503,-0.15472847439813112,0.014556477562774433,0.000636696685419385,-0.019290405073804556,0.023419236085258067,-0.007833614449184357,0.03427406134368045,SUM2_013454
0.09518087359184546,0.03460246538875033,0.5018277696389626,0.03676653431614998,0.1623085117466912,-0.013647897048840573,-0.012219558750231342,-0.009958781694703291,-0.02576886137598397,SUM2_007703
-0.11458237341686961,-0.0055183403700514114,-0.030398104589414294,-0.023445125994882972,0.08785778629326409,-0.01811821148078421,0.005891020038236305,-0.007254944638105563,0.013782857275366883,SUM2_004877
-0.04383813674346393,-0.013757135194783613,-0.3027631904686645,0.07343291000292695,0.04181932577569551,-0.016622512424441273,0.006188016575315135,-0.0055838737722619936,0.20610437104893706,SUM2_018694
0.2593818364909275,-0.020404315822473124,-0.16197915078794542,-0.03040531711726156,-0.032013963537293244,0.08489831481756852,0.019930183620207688,-0.0386277906049093,0.04263725423273223,SUM2_012712
-0.12143608553752898,-0.025067911596906134,-0.3274997203180788,0.020161632330694224,-0.1126900246799887,-0.018773187001854496,0.007373746930919536,-0.007568223002533255,0.07161772380296012,SUM2_001473
0.09618254827959713,-0.010594608496268953,0.7619236413265323,-0.003337738532920513,-0.01671653084373196,0.12319505195475262,0.015011763816734284,0.07541504035659256,-0.0022545739243076683,SUM2_000845
-0.1919114019315305,-0.016342801819334403,-0.36103781366898996,-0.04885677480869162,-0.05116946932390474,-0.020291856973288093,0.0079459818942033,-0.009165964913497613,0.15602414062731146,SUM2_009966
-0.13922226973837282,-0.011852118799570774,0.00299685090774032,0.004412357035963014,0.026302075342960973,-0.018712712280986588,0.007344599693558882,-0.008146079933893541,-0.06132296657402073,SUM2_007847
-0.08232447793897554,-0.032392808462324195,-0.4303853485143646,0.013190658097041997,-0.0600553208149894,-0.01725887775119362,0.005862620377475655,-0.008639108108186924,0.1569192248772194,SUM2_004139
-0.07719040112643635,-0.005418151222056277,-0.4593298648511646,0.03760030478137653,-0.05351755497620577,-0.01721697682011551,0.006751128722799609,-0.006591226293249432,0.2722580610540478,SUM2_009607
-0.14712285161191196,-0.001351047494878996,-0.17846737320209655,-0.005690285344201097,0.02629048298165096,-0.020079244306140966,0.006590028796996472,-0.009644213050293785,-0.05634139682992978,SUM2_009506
-0.1496581962070762,-0.008106839210067794,-0.49486251686492244,0.033034217051712104,-0.04912682365966735,-0.01767272561170648,-0.00524605178507854,-0.007547139312022458,-0.17979044608160674,SUM2_012599
-0.06407938192536174,-0.04999077420385667,-0.36946417620243976,0.004410609424424653,-0.10662513855691688,-0.019515391638323935,0.0053034100420686296,-0.006873139119574674,0.028015738228197213,SUM2_012187
-0.21811633468171868,-0.06561206075075691,-0.35312947421183516,-0.04783681972351508,-0.05695802183871625,-0.020642777726493387,0.006441238886233214,-0.00833841865662422,-0.08218584705055874,SUM2_008102
-0.08103126264155498,0.0019733344588202363,-0.4541559578529181,0.02556777713713551,-0.09310205728457674,-0.018761990448711692,0.005225065627981157,-0.00845298517183938,0.21465274996445757,SUM2_016860
-0.21180092325099506,-0.05204656750084792,-0.47315315053414964,-0.02806007749531661,-0.08753717188184329,-0.020257721425995745,0.007132614600948317,-0.009283233502052835,0.1317931857601446,SUM2_011855
-0.20254428368841873,-0.027626229831735866,-0.4486829305026846,-0.013757158245328438,-0.01570423988906052,-0.020144627566674084,0.00568655104689323,-0.007619341159342048,0.06407564808108887,SUM2_008103
-0.11243574410609178,-0.0006641624678897145,-0.34927884003225845,0.020469055701756115,-0.000973032741490059,-0.017925798114588096,0.0068594843409770555,-0.006755647072925667,0.13808691084423874,SUM2_007442
-0.057143709236478005,-0.05739552494733312,-0.36117695253828846,0.0028127810390010093,-0.08382184238773563,-0.019160542095682066,0.010773907626184397,-0.008072998819413259,0.013913710506522885,SUM2_013472
-0.1604728704595347,-0.01948776804521557,-0.4620181204672429,0.024894790856379873,-0.012877251829660069,-0.01957710968020071,-0.006146060960648538,-0.006368680214613144,-0.011445682827469116,SUM2_002273
-0.07362993409168199,-0.03125575676317813,-0.32374606669906525,-0.01543579075814842,-0.06656673292238383,-0.01954743478619232,-0.008500124750191481,-0.009363666988451534,-0.0042068399804776726,SUM2_016088
-0.10371887004857663,-0.0010326393315155601,-0.3155803703747905,0.020305135400356108,0.20551207805755806,-0.017697013917402013,0.013028423857696397,-0.006776186481046285,0.17358486202640866,SUM2_002793
0.09618254827959713,-0.010594608496268953,0.7619236413265323,-0.003337738532920513,-0.01671653084373196,0.12319505195475262,0.015011763816734284,0.07541504035659256,-0.0022545739243076683,SUM2_008328
0.09618254827959713,-0.010594608496268953,0.7619236413265323,-0.003337738532920513,-0.01671653084373196,0.12319505195475262,0.015011763816734284,0.07541504035659256,-0.0022545739243076683,SUM2_001549
0.48950186372567933,0.01598744423433116,-0.0755217735887086,-0.0336581494773803,0.21240987474759562,-0.016618713529545005,0.015293213554122807,-0.007638065245058582,0.12447928778755779,SUM2_013779
-0.058050651621648665,-0.0031754982832320226,-0.08982440808662957,0.004435052709612865,-0.06519403695293474,-0.017022328504040483,0.016803527278482184,-0.008423589291390818,0.03789838154490011,SUM2_010241
-0.08518677906845976,0.03970972201078578,-0.17611326431366844,0.05584137203021881,-0.02901910334910337,-0.020985240291938396,-0.005630477489951939,-0.008112051853312397,0.07695035670797049,SUM2_010010
-0.09976550088024648,-0.03267173340146577,-0.3801682071063161,-0.04088362132521472,-0.047536899678814394,-0.021563184779965848,-0.007128730836327554,-0.009388771184479595,-0.024878354516235,SUM2_008128
-0.1030085539578991,-0.01123606723715962,-0.38697426812611796,0.002640291671049329,-0.04353707446949557,-0.020930926214750668,0.008600233747021827,-0.008478924585553273,0.009351485793467142,SUM2_003835
-0.23811282235221864,-0.06148568029542563,-0.40420485770516723,-0.04400443680671707,-0.12386225805492423,-0.02135387606196641,0.006330598443728633,-0.009929174808643266,-0.1047430895675086,SUM2_011586
-0.11151426722188791,-0.02759798416430742,-0.5029781736438342,-0.027891356440829435,-0.20471365777283707,-0.021250983458650133,0.007224090499075861,-0.009290294553716409,-0.1144593741485419,SUM2_009804
-0.08811653691914746,-0.01828900264168066,-0.4199188717149043,0.07199503282196182,-0.02892899658220202,-0.020805913892633417,0.007214413796343961,-0.007957809412172907,-0.009003455136572833,SUM2_010621
-0.13412894120903243,-0.040760367423047,-0.4723404819025493,-0.07597645497067042,-0.11116883775923761,-0.020813462181719356,0.005744797085919095,-0.008591135316454349,0.059098405623724294,SUM2_004369
-0.07922102640518212,-0.029699725521752464,-0.15428593088224873,-0.02230285925578137,0.05867535720471303,-0.020011871591278766,0.006596939970433457,-0.009217981075870805,0.06858110489622955,SUM2_009604
0.16712875595804721,0.10757106245521508,0.616621476985874,0.09031621569918173,0.8345426133615185,-0.03294913617035121,-0.020452654977139474,-0.00912699336697329,-0.019335929354671655,SUM2_001715
-0.15942811879126037,0.010352224578121887,0.09055120541401382,0.006990483746625883,-0.004440470848230396,-0.020535345307036417,0.007406118230777322,-0.009328658902878581,0.1287588476149742,SUM2_018358
0.38314378098605645,0.011726447709901729,-0.30196310380200353,0.007546157278471044,0.09716865256405369,-0.016657096976821793,-0.007719147435481312,-0.005799262762461234,-0.02383643894318339,SUM2_011313
0.40202574954566883,0.04665209590464925,-0.1134621278316255,-0.028702121803337366,0.0023261484079667356,-0.0233646798494286,0.00918901067301347,-0.008300542319174518,0.1426249299825924,SUM2_001579
-0.12181908711084752,0.018171538078819365,-0.3997508514480587,0.053663739621136075,-0.07794067328567547,-0.019659590193174523,0.007731001991014293,-0.008290940014620407,-0.01907534501772143,SUM2_017925
0.12847459692425026,0.07027745661948108,0.8380692195323703,0.021527713798893833,0.013079428551101896,-0.011726731469177517,0.02063208245939547,-0.011815286703113687,-0.024355850013545018,SUM2_013276
-0.128563485385686,-0.015461959303990585,-0.380840884279776,0.013117232375318416,-0.01570436186477635,-0.01848663712569519,0.007911589679770844,-0.007620572623595795,0.11357270927230115,SUM2_011970
-0.09467609587357118,-0.017188953373478696,-0.542199676476486,0.012982403490890517,-0.055610493758161426,-0.018573460970803278,0.007463721128368869,-0.006335937539144512,0.11777628311822175,SUM2_002416
-0.19461628546114862,-0.021821462086215975,-0.4121103788950086,0.01146038960430997,-0.03345706921091088,-0.018914339601570164,0.008308441861565105,-0.008175608589120326,-0.05770088572918365,SUM2_009797
0.3071331864397077,0.07544816372419974,0.19797918093861172,0.029217691221826325,-0.033289914987801254,0.08214845505662563,0.013711107183145638,-0.015097605958513569,-0.040716864598802374,SUM2_011806
0.005523812157692925,0.006293317333013915,-0.3257952953089972,0.005583837872790931,0.16878751818617502,-0.01427081691897028,0.01585587375664679,-0.00635206907740319,0.23153727584644232,SUM2_009102
-0.06922373884284393,-0.046950440399730536,-0.2981821188882037,0.025760554778664256,0.060868329829735904,-0.01762873227330582,0.010531636562639331,-0.007758460340325369,0.12596548165392724,SUM2_010639
0.028279952839315177,0.001120214295321554,-0.2486512781307766,0.025755381729512417,-0.02051248183559647,-0.01954703109662508,-0.010281711434600318,-0.008436569620544053,-0.12338943671254152,SUM2_007747
-0.03448142273722142,-0.04670553167056313,-0.24456980333539838,-0.023826015056153275,0.16009128330151118,-0.013946908358106126,-0.004303242623330749,-0.008903871768230227,0.01722376986117968,SUM2_004393
-0.17635809549222772,-0.02827761465213758,-0.4844215246081074,-0.061872527193637984,0.01891359092123716,-0.02019037530817474,0.0055824103123808064,-0.009017278233304416,0.11713043838100327,SUM2_014874
-0.0190131957447078,0.015723391849111305,0.0964097709983452,0.05635052152447253,0.006527940050095282,-0.014321265362208787,0.008493142431084162,-0.00829827167700469,0.1919501360299298,SUM2_008743
-0.13492537811783323,-0.02764211382247988,-0.3027657170242278,-0.03204200899724808,0.14138551434511473,-0.018820524109656227,0.014734899599073375,-0.008738379558581047,-0.044056387694276666,SUM2_008560
-0.10918438563104457,0.06000255305235567,-0.32678844971966725,0.05908486503464812,-0.01699837332641608,-0.01743460574929092,0.007702086229268043,-0.007949221310609019,0.034245852181130756,SUM2_003383
0.09618254827959713,-0.010594608496268953,0.7619236413265323,-0.003337738532920513,-0.01671653084373196,0.12319505195475262,0.015011763816734284,0.07541504035659256,-0.0022545739243076683,SUM2_002437
-0.15433159401870938,-0.027242398758263293,-0.3955108312148343,0.1174036620451252,0.018547237049809394,-0.02209075330436012,0.0101137912548939,-0.008997620499206499,-0.0009792116156553856,SUM2_011961
0.6345494402058172,0.061098779234866854,0.19368247078452222,0.06684252778912905,-0.23299792735318947,0.08199231244035642,0.007757148503100367,-0.015910620884249403,-0.021227437525071002,SUM2_005987
-0.06450855766251568,0.044448132721243164,-0.38940044219332237,0.08524921254771092,-0.06996847586293889,-0.017434779566051436,0.009368373096663295,-0.008036872387498305,-0.08352765589282837,SUM2_008553
-0.1355092399809707,-0.01625591808864916,-0.43027674614354405,0.03621167674434186,-0.023604273542198788,-0.020935245774571155,0.007549775637822703,-0.008232425562943586,-0.003754750423677334,SUM2_002407
-0.08219551763172328,-0.015170359284949508,-0.3568684347594708,0.024221207547518817,-0.011438692676179005,-0.018984131540726524,-0.009021164327887295,-0.0066557198485764375,-0.0021930858324873087,SUM2_015360
-0.19413511369655329,-0.007259583762124757,-0.4850087803876617,-0.06410158333219929,-0.15603173729322303,-0.02100995145717494,0.004970407238142417,-0.009796450813586254,-0.08310103887418109,SUM2_017590
-0.11485359254228626,0.0022502805993538802,-0.41424136135687323,0.05882101526950947,0.006090408266142154,-0.021965906133838288,0.007193708246710365,-0.008161694365469872,-0.0032939621279820088,SUM2_004373
-0.10292948371631641,-0.04320405293739582,-0.25928615391232607,-0.019446168626617327,-0.08425508419450098,-0.019977572949792834,0.006983090064704649,-0.008980652547317784,0.17508374532917553,SUM2_000816
-0.08329475513863306,-0.023909989852737543,-0.49631560060827873,-0.0493300700839875,-0.12451637136678435,-0.020333634121073852,0.010288836068268192,-0.008741440426948379,0.062032107058545116,SUM2_015927
-0.19351557167049763,-0.08319110180685792,-0.35332327387943613,-0.05433220676068871,-0.03460876738023992,-0.02099003445003717,0.005523949189186214,-0.008417232477115663,-0.12259668306148548,SUM2_003092
-0.16391999861868894,-0.014782937012950728,-0.4166520613068748,-0.010933802856201583,-0.038499527286919785,-0.021904365162907797,-0.004868026610914133,-0.008053662579783153,-0.04418713880218171,SUM2_011200
-0.10558846196383395,-0.015315290170422968,-0.3996151990876323,0.03652466095498657,-0.05106283054302574,-0.021778412831482283,0.008464189697294356,-0.008356944167301986,0.005902403171194242,SUM2_008817
-0.11593661776935646,-0.05599666006627886,-0.47324137691127827,-0.050600292962809976,-0.002487441446460232,-0.020413139925391833,-0.011355612749159898,-0.008095543443941861,-0.031979082759564584,SUM2_008516
-0.09618509683370277,-0.020555709780546765,-0.3061859645328348,0.00033264338389483035,-0.03671864227564044,-0.020970778819017658,0.007074515995997984,-0.008244388357465913,0.006666000755662536,SUM2_006507
-0.17252742453306621,-0.02905790904063447,-0.3249197947655763,0.009465104918291953,0.0945557408017295,-0.020916076977506554,-0.007731864501847957,-0.008333116012029063,0.01481170237985975,SUM2_000786
-0.058050651621648665,-0.0031754982832320226,-0.08982440808662957,0.004435052709612865,-0.06519403695293474,-0.017022328504040483,0.016803527278482184,-0.008423589291390818,0.03789838154490011,SUM2_015149
0.09618254827959713,-0.010594608496268953,0.7619236413265323,-0.003337738532920513,-0.01671653084373196,0.12319505195475262,0.015011763816734284,0.07541504035659256,-0.0022545739243076683,SUM2_001286
0.007148747980420927,-0.02884387485309158,-0.4022602963227634,-0.047941789334812045,-0.24813105411106778,-0.022074140356424292,0.008739825911907651,-0.009726616342815289,-0.09250289900299821,SUM2_000351
-0.13587699196822195,-0.04829600250525022,-0.38502933950868506,0.011224386768074286,-0.03450027320263373,-0.020072527433511036,-0.007189287186683266,-0.00850928149834947,-0.01733029847916923,SUM2_004595
-0.1982209148500381,-0.0030709548047196467,-0.3993724185891404,-0.0017064654224433428,0.035088089791547435,-0.02123621922085209,-0.011781568904026282,-0.00808940222235343,0.028335850261790852,SUM2_004094
0.12735888933092276,-0.05565697307745434,0.1645053780108407,0.04506854225268677,-0.17220806764624566,-0.0211792338371672,-0.029236100324816237,-0.0377434328800592,-0.0442517549635781,SUM2_005476
-0.068724725107244,0.07944916737895305,-0.4561595525943433,-0.013964027446149491,-0.05614160031512211,-0.020296032589377837,0.007732262912368272,-0.00884265684070163,0.101161802093151,SUM2_015427
0.201320461323575,-0.0033164066041790063,-0.40774969141215367,-0.011903499960699242,-0.2285525863285935,-0.0246465675643319,0.00974000859994989,-0.009088998892629903,-0.08228617110117852,SUM2_002198
-0.17429388662811493,-0.014938199617453499,-0.5704457869037933,-0.054605707229564614,-0.013788791230776287,-0.020785546107293766,-0.004810268009802702,-0.008528807226290895,-0.012546475809134802,SUM2_016931
-0.16846383453244274,-0.014358305194810647,-0.37229624517740867,-0.016395224639787258,0.02734519101419916,-0.02186651210149141,-0.005168923167745417,-0.007891460726151095,-0.13211538542918277,SUM2_017079
-0.1027546178328785,0.0025458681923908317,-0.3692240620619932,0.035465859871352826,-0.09171817077228911,-0.020861532409197518,-0.0035042128412490136,-0.008130532020013266,0.018219430065792686,SUM2_001430
-0.10924828473765333,-0.032618550857313924,-0.383244239377468,-0.00727495017005689,-0.038049337744640345,-0.021117478631487642,0.010417702354591002,-0.00905710437106917,-0.027206264786346607,SUM2_013298
-0.14494325205243244,-0.049635179282416245,-0.4393417292915897,-0.04355590378004782,0.0018473999200614322,-0.019929800824160942,0.006191755125344994,-0.009174241201274056,0.05198875878935527,SUM2_000226
-0.14085720839201551,-0.060525690033853496,-0.4089765045930891,-0.004648573954320775,-0.05458529082400602,-0.01929642633755529,0.006520046589163874,-0.00826146906305908,-0.002576099084400206,SUM2_011808
-0.11653499746844782,-0.01880027190492029,-0.4236971143458955,0.007074180306158692,-0.0423847199828914,-0.018903071453972797,-0.005115259592400266,-0.00646027891991483,-0.0009724343935973257,SUM2_013832
0.1384162332188134,0.016979241542850944,-0.44958825706950806,-0.03303527073225254,-0.21762379388414516,-0.021792779027597083,0.008510549231986533,-0.009596489511751145,-0.08027252562424778,SUM2_009097
-0.03539090799335962,-0.05633894508918273,-0.3118928904087587,0.013432203019399108,0.0038997102094450327,-0.018498529138260583,0.007716259481175244,-0.006722560686999173,0.15949338373496566,SUM2_004015
-0.16382460760050863,-0.032547595700960774,-0.297391597101865,-0.05176465480705705,0.14035419510175964,-0.019190533974155648,0.011924093436029758,-0.00921482331028602,0.2093523504010531,SUM2_008947
-0.11734581477650483,-0.0071287591054998755,-0.19658975461588651,-0.005303151556699465,-0.019616131224432183,-0.02103100117306293,-0.009992872191324281,-0.007788213358936818,-0.1202936375414976,SUM2_008959
0.0863536277790508,0.03561199344995959,0.04122839748631522,-0.014419804948124147,-0.1029851013047213,-0.021087510784043643,0.008492468620650263,-0.0091356654501526,-0.0448657118645153,SUM2_003711
-0.08943480978934466,0.017801323288641157,-0.11218380300089928,-0.00022588583826843762,0.0053188882098331395,-0.01753864803767884,-0.014211121614957287,-0.006401070223424593,0.03509081392836903,SUM2_014893
-0.15357187296233005,-0.022498688024850947,-0.4432249466226719,-0.06651472964019627,-0.1033242080735604,-0.020486073491031653,0.005754890716116734,-0.00821144419661597,-0.07042208676967668,SUM2_013828
-0.12035995778055888,-0.013912277743932677,-0.3730517803204371,0.0009728189495488801,0.016235937366838593,-0.018138297761463702,-0.004855317794278678,-0.006441623430729458,-0.0066961827372411156,SUM2_008543
-0.15057935494297586,-0.027211404117808525,-0.44880189947174187,-0.04730528453178418,-0.09409375182808875,-0.01951232542431116,0.00686024669792942,-0.009152049323475771,0.12534071146904174,SUM2_016805
-0.1687884594987999,-0.033665876573340976,-0.5167594474071078,-0.032213165571363486,-0.16940717979418002,-0.02109365280479398,0.0036946488163785637,-0.009776686146796637,-0.0631823249758144,SUM2_005926
-0.13332330151430233,-0.012627213650677399,-0.49589619069756496,0.015932589794894238,0.10621108306431419,-0.01842558316975937,0.009685476896818843,-0.007272261113430346,0.1397443297574468,SUM2_012276
-0.14863260129289052,-0.022906558466913578,-0.46929471621171653,-0.07761861954611673,0.002367610827614741,-0.020410268351011375,0.006106855515443828,-0.009428569612939034,-0.05033587119837838,SUM2_016182
0.30923642294606724,0.09773432532545752,0.4796257994400155,0.07008627681987978,-0.04879232831785218,-0.01811808401797759,-0.017866197046613057,-0.011903530784015594,0.0013047483241692775,SUM2_018287
0.19343820758354574,0.028087345618461823,-0.268548273714745,-0.00018811338549760254,0.05218758455872245,-0.017115325338917485,-0.008643217239823536,-0.008624938725587592,-0.022521930523497567,SUM2_000202
-0.09645971882042045,-0.008373656763172537,-0.44886235228473453,0.019487798840746584,-0.0316813314994062,-0.01873268757657629,-0.006374354543455957,-0.00646027891991483,0.0035140208938759555,SUM2_017565
-0.18627611041718106,-0.05923231389451954,-0.3565654260999612,-0.022318688299234536,-0.0901148801474128,-0.024423584420790838,-0.008787999104834413,-0.00954004626496617,-0.042308621873737795,SUM2_016480
-0.10266656352049183,0.002486031210489753,-0.1339383024667198,0.0051472599913126365,-0.09266211241913853,-0.02055176734381579,0.01647170795755707,-0.008569630421446813,0.03993107617354156,SUM2_007069
-0.1488941744364277,-0.024494407914163706,-0.39155876609607115,-0.026699419664571688,0.08935338623794341,-0.01969887358256121,0.00993943505380267,-0.008578076976563412,-0.051820249839997314,SUM2_001021
-0.1737110441146993,-0.037929241761049594,-0.40254144480797904,-0.013567411969055258,-0.1663443317699886,-0.021036085519499797,0.007696068201318282,-0.009886818498326346,-0.11306000834239271,SUM2_014826
0.35750920604807235,0.00824005092114784,-0.2967153710145024,-0.07625514110279957,-0.20190155800354806,-0.0239623498541998,0.008374568222451934,-0.008528370304294309,-0.08005747862710791,SUM2_010339
-0.11426978672155377,-0.00919500153657028,-0.38443669700709704,0.009819027212505046,0.06839916898380131,-0.01716646328949991,0.008348036396476846,-0.006827260025742113,0.0031900419979719375,SUM2_012397
-0.12638635207858523,-0.03135188180518477,-0.3511254811198222,-0.013889975430521357,0.09267070697763044,-0.0216529305868677,-0.010070115486764786,-0.007547452966381994,-0.015137689250081054,SUM2_014212
-0.12169257664315385,-0.033545548550541454,0.44053406650260757,0.004872618525773334,-0.10216656215813039,-0.023007688049945275,0.038142596396743535,-0.020147845026197785,0.05160875026065934,SUM2_015274
-0.155184954647389,0.013657653923886038,-0.5714296074294426,-0.030602176647661333,-0.006378917536546404,-0.020325741618666675,-0.0044447677693399655,-0.008498424847775552,-0.014202289975778246,SUM2_013220
-0.17499340534223345,-0.021731441688094863,-0.30237252810088944,-0.006398107184470777,-0.03218692080375035,-0.020129061728826954,0.007619770469697503,-0.007680065033750326,0.06028021493612799,SUM2_007949
-0.13290154850545013,-0.0021989898281227745,-0.36525083439440015,0.03690637997876727,0.033187435293184145,-0.01857488288617619,0.007039837632080733,-0.006985724190444109,0.07986648578918663,SUM2_008549
-0.13398540740660705,0.014379732884326892,0.32855327207209345,-0.02110184579543653,-0.05829089141245532,-0.0206754082936876,-0.02184576960344656,-0.014547812341055583,0.09933484143296964,SUM2_014412
-0.10201611005456526,0.02795023426326343,-0.36399584349935965,-0.010813329673513408,-0.029695464967275355,-0.023267303569958618,-0.00676129350187301,-0.008688011369218459,-0.022074943436537587,SUM2_006343
-0.1862027454944193,-0.023079310897572643,-0.49848385413569113,-0.018252286230692555,-0.021052607639915726,-0.020135969295117642,0.005417861299730493,-0.008687821328541208,-0.005262027014324272,SUM2_014838
-0.09369257122404559,-0.024605164001379742,-0.3808269345026917,0.007928440970529324,-0.10590295538771022,-0.019232790826900815,0.00504478756949314,-0.0068725158713455,0.043331523319834975,SUM2_015505
0.09618254827959713,-0.010594608496268953,0.7619236413265323,-0.003337738532920513,-0.01671653084373196,0.12319505195475262,0.015011763816734284,0.07541504035659256,-0.0022545739243076683,SUM2_008336
-0.05980732024881892,0.00965082867287832,-0.37476244399696285,0.09284057007830263,-0.04260477423290053,-0.02108225771290862,0.008532692796124485,-0.007935665526326689,0.0005172907711706006,SUM2_015387
0.12935802230292232,0.008661695782017854,0.6218295681478005,-0.04808394026585425,0.12796243215997644,-0.012959900283379889,-0.02211767293847243,-0.010265659124054267,0.0010773459489520174,SUM2_007072
-0.07868338484113083,-0.11550541476999943,-0.3972691434919121,-0.06772488756817205,-0.15999032940299032,-0.02241198360898953,0.009213309055098349,-0.00873948925990918,0.08858438986447617,SUM2_008819
-0.09119836679517834,-0.03877269623258761,-0.3773192788446561,-0.017187227118231164,-0.004287317508582446,-0.022685013829892076,-0.009519315782695416,-0.00869578925526563,-0.03811258118880981,SUM2_004834
0.09618254827959713,-0.010594608496268953,0.7619236413265323,-0.003337738532920513,-0.01671653084373196,0.12319505195475262,0.015011763816734284,0.07541504035659256,-0.0022545739243076683,SUM2_015631
-0.1614688922369735,-0.02525190053598903,-0.36377217245978166,0.03696341423443976,0.06722393713731947,-0.020989458129520088,-0.005930790103598012,-0.007817799381626156,-0.12338768328648256,SUM2_004658
-0.17324392570269898,-0.05235111773070109,-0.48782578375912566,-0.04182981533849288,-0.09187162750673586,-0.02013478438463106,0.00699702060348085,-0.00920706409055735,0.11076667716793251,SUM2_006301
-0.13739036549913972,-0.03847394286572583,-0.45927819513351,-0.011457179158631328,-0.031663726533932054,-0.01927911213808558,0.006432955058138694,-0.00766570438782545,0.08771891422582807,SUM2_018792
-0.1918924379166367,-0.004450038841670394,-0.26639385747950667,0.04229553865987274,0.1545340836408448,-0.019804592617987227,0.012434320267134511,-0.008543240036731185,0.008399909669776282,SUM2_000547
-0.1420312265278867,-0.04710991354906679,-0.5048701517733698,-0.014055431282903416,-0.01625881502365508,-0.020535191736207034,0.006849258668955379,-0.00949906423326852,-0.06944698647433209,SUM2_011330
-0.09042281469716647,-0.03549920844158276,-0.4205668299938986,0.021687433908457877,-0.016721119687826774,-0.01850946526745229,-0.0070159224172335125,-0.006539520404218803,-0.003258013308295061,SUM2_018866
-0.1462245694867348,0.006440900084967606,-0.3934674251640685,-0.018320121159244182,0.0023598963648105214,-0.019520757741547413,-0.00576516694744518,-0.006970174081602538,0.009872279829835223,SUM2_018001
-0.12777058221844112,0.003221143927099193,-0.048157776456604615,0.04223776698758078,-0.03729838836652989,-0.021338854311912982,0.01560185816629912,-0.008633680101157984,0.03846383936328661,SUM2_005312
0.06375275595650998,0.1637710474319729,-0.19427067272397155,0.36722447232066163,0.015136154485846886,-0.01888819418789605,0.009870356222152576,-0.00742799273700055,0.016959718556068277,SUM2_005431
-0.14802639584558433,-0.06025413425528794,-0.48800099070086506,-0.0487952774850429,-0.12553099084410899,-0.02018136117759452,0.0072203901323359574,-0.008975181663808044,0.12290154694860142,SUM2_015833
-0.10716434593862592,-0.0027230301286886452,-0.4684592190310088,-0.009516037850776465,0.1411158220367194,-0.018115036920866287,0.00865559249759638,-0.006820065151913776,0.10960765507074892,SUM2_016354
-0.04602384753725034,-0.06473748367534661,-0.35995640119202266,-0.006690714603152223,0.08499913481193018,-0.018857309064785003,0.009090841310741388,-0.006732467018873524,0.07193895356807631,SUM2_006841
-0.07371963282340485,0.12182055633902952,-0.31931524555789437,0.07393487293693689,-0.016491977146959817,-0.02283042760994272,0.010784255102908275,-0.008438782384780692,0.006243693678238118,SUM2_000569
-0.10470204439620234,-0.01842504259830265,-0.3557744642534564,0.039925709322428185,-0.04047575750657274,-0.021560385459176108,0.009799825053995967,-0.00823507620555449,0.011468382124164398,SUM2_008486
-0.1778020540605134,-0.022416404128281324,-0.3912657244248344,-0.019647240726296568,0.04198309118048445,-0.019281360384906188,0.009794493870090546,-0.007478630997977659,0.13318927163398214,SUM2_006783
-0.10289477966170076,-0.04502621578423067,-0.3526113753928009,0.035248333292750164,-0.04388995928004476,-0.020973496302023352,-0.008326303331633467,-0.00841583554774326,-0.04933363032445262,SUM2_009788
-0.07026405431364852,-0.05471608390488656,-0.3311498150551069,0.0338929964188176,-0.011206415897009856,-0.018338632884315066,0.007566459201973843,-0.007294424314236524,-0.024048893925166143,SUM2_006451
-0.17410968122399176,-0.018799226328889838,-0.5914604158107133,-0.031315724612368104,-0.024358985113772155,-0.020328402877050768,0.006261756602849972,-0.008250049448583544,-0.011227963797667849,SUM2_002288
-0.06574159327197543,-0.019365989680877722,-0.3244444350368107,0.02705753911729668,-0.01674529584585048,-0.017146628032465243,0.008005115204226976,-0.008356463412042037,-0.0756271409719405,SUM2_006965
-0.12284842821290458,-0.008252394163442067,0.18008383636880435,-0.03495913293397572,0.010942276394256321,-0.02020133566752233,0.005690462469985008,-0.01098842845072862,0.04800694666307395,SUM2_011278
0.18745732468502793,0.030190140609890947,0.5741615790536554,-0.00897204902824242,-0.07119332948168272,-0.01531441298650367,0.035336405446396844,-0.012796255941054541,0.16005869603005707,SUM2_002969
0.8452939846933741,0.04349654379635558,-0.1199324640614822,0.043031619414691365,0.0053449730086774,-0.02025086257568425,0.01055227649439946,-0.008971913738118535,0.023268320765164503,SUM2_008148
-0.09439290575112921,0.04225779981352078,-0.2802656668154526,-0.008629852769694035,-0.048677950544090964,-0.022541214497570083,-0.00967452278404834,-0.008706725246390377,-0.1329377100050589,SUM2_009413
-0.12862811987502232,-0.0029297814116100826,-0.40161469950848155,0.05750649981463527,-0.04160098133164104,-0.021096079755184828,0.008181310563740348,-0.008290940014620407,-0.014220127022506074,SUM2_018524
-0.10117814949843136,-0.03884601167321075,-0.42227148654528024,0.015571022677060795,-0.030373417126755335,-0.019017361729937576,-0.007606697701304907,-0.006437175976274924,0.0012222399181317128,SUM2_010534
-0.12715246017325163,-0.002081033358222286,-0.38908432144842653,-0.011117703765735973,-0.025314272495372846,-0.02086691590619578,-0.0059477039193073945,-0.00835792571293123,-0.06924919642224861,SUM2_000477
-0.13695295512248232,-0.057175575901554046,-0.48913752422617246,-0.00042555003603989494,-0.1769696646942702,-0.019799729549294598,0.006552801220020095,-0.008745680569725429,-0.08569319587245752,SUM2_011459
-0.19456469326547804,-0.04807136568090085,-0.5218126786365528,-0.04790828577197036,-0.08959549808377891,-0.019880076829907813,0.0068054356818166946,-0.009206217119208559,0.1519195722555078,SUM2_009397
-0.05739876332419579,-0.003690344655685985,-0.3368594705209763,0.022519225215974985,0.07785222664578775,-0.020276932834954443,0.00882742191634291,-0.008112477234947865,0.020811902014539783,SUM2_000269
-0.13882521541121093,-0.06418601627672348,-0.4971923310659408,-0.037125044920882457,-0.1801686784666683,-0.021130799900591045,0.00644290064503697,-0.009775780250703702,-0.07048284368227427,SUM2_013970
0.07010178703907669,0.0721260343148257,-0.17525323246625435,-0.017192192951418387,-0.12711714910508423,-0.01655900340651658,0.010175220661436793,-0.008906178438525826,0.11536927660796965,SUM2_005737
0.044169947638413865,-0.07965836950353168,-0.43243725811877215,-0.04354069558648118,-0.21434259983542847,-0.021749658940805293,0.005344959433053398,-0.009714292409867362,-0.09194125316800009,SUM2_005865
0.09618254827959713,-0.010594608496268953,0.7619236413265323,-0.003337738532920513,-0.01671653084373196,0.12319505195475262,0.015011763816734284,0.07541504035659256,-0.0022545739243076683,SUM2_009516
-0.143344673519882,-0.01104414561591391,-0.41951326868233957,0.04080660626030613,-0.015494011824933682,-0.022028057376609813,0.008189031964096791,-0.008488193862770204,-0.0077128470350963305,SUM2_005763
0.3761081706065562,0.03261463596949451,0.3030896998295748,0.13398924937418497,0.10379271672018564,-0.015756248666231203,0.017074589150755177,-0.006975422469757506,0.020239918240294384,SUM2_009041
-0.17894175100087367,-0.050122725215732244,-0.30293362688723696,-0.020774489611071877,-0.09058600940370581,-0.023680038250623408,-0.009648283742651,-0.00948202679788723,-0.04444063895765224,SUM2_005644
-0.1252742483753036,-0.02871921282226414,-0.4048216846039819,-0.010582239750938216,-0.06187529693208491,-0.01866249032973406,0.009621816496534787,-0.008091784082063716,0.06133146700004997,SUM2_000603
-0.1208081475152474,-0.021856606154705204,-0.22933675541603224,-0.04628143997566718,0.05822943503694206,-0.019445921156955825,0.00460701069763396,-0.008375031440688251,-0.036787119284576855,SUM2_001167
-0.13137798039047174,-0.032402851029635305,-0.4842123393274237,0.024757587606223003,-0.16285152290061164,-0.020630500734878154,0.00843483778217143,-0.00933640550163842,-0.08063163393816611,SUM2_015224
-0.12080049762470102,-0.011199611379271621,-0.4570884742035418,0.02906725843976976,-0.011260322922169514,-0.022070600814800098,0.00824615714723028,-0.008392416518276722,-6.247052006814311e-06,SUM2_001585
-0.051382879991344346,-0.006288971874886811,-0.33879924406499173,-0.0707696696605106,-0.16867826638064692,-0.020945722838351652,0.009630215028753764,-0.009955017881348243,-0.05850826644907222,SUM2_016735
-0.06312856944854427,-0.007489534567116656,-0.07983898684685242,0.024873372472806667,-0.02437732093332468,-0.019612653712271007,0.01287973784123122,-0.00868130529308576,0.0027572688512282526,SUM2_011965
-0.15542006626267585,-0.058525145991336444,-0.33061781664663153,-0.022799821863917807,-0.08972804413333749,-0.023443087330006034,-0.008957007193094427,-0.009476392098146437,-0.027576050834336,SUM2_010632
0.09618254827959713,-0.010594608496268953,0.7619236413265323,-0.003337738532920513,-0.01671653084373196,0.12319505195475262,0.015011763816734284,0.07541504035659256,-0.0022545739243076683,SUM2_007605
-0.07333633699348226,-0.012923864961924514,-0.12911824377928693,0.01638141028158043,-0.04185018054595213,-0.02112126027263061,0.0138046467277742,-0.008237131882408332,0.034904812598811744,SUM2_012340
-0.13513192652563344,-0.017343857921083793,-0.4389552969384652,0.021437133263991992,-0.01465917663203852,-0.022039204744530073,0.007956904998800304,-0.008363032716173132,-0.008385174075719117,SUM2_014197
-0.12135946560492365,0.002170163934444662,-0.42814289354256313,0.05668012661661479,-0.033267502854784005,-0.02134978660561856,0.006137409578484072,-0.00849966169552771,0.007319333406958761,SUM2_018212
-0.10735446011855176,0.005373017328992688,-0.35129202081432404,0.03605283212849068,-0.048517404836633866,-0.021638387231448713,0.009340241938736088,-0.00837586914801903,0.006923040778566804,SUM2_008035
-0.16800251006423458,-0.03510057511058555,-0.41065327079129144,-0.019917505350170575,-0.18348078201679194,-0.02131101855910722,0.007973982005156657,-0.009945025740332063,-0.08365148015890096,SUM2_012207
-0.058050651621648665,-0.0031754982832320226,-0.08982440808662957,0.004435052709612865,-0.06519403695293474,-0.017022328504040483,0.016803527278482184,-0.008423589291390818,0.03789838154490011,SUM2_000893
-0.11984932809847652,0.008873392530432742,-0.3971744259978687,0.04628175433142178,-0.020736407754718418,-0.02152623015783388,0.007617485243885734,-0.00823672775926307,0.009471086879097588,SUM2_015651
-0.12090519267732651,0.020680600186706817,-0.3117799251759178,0.020704503753454305,0.18920556629856583,-0.0179976883018197,0.011051297379509245,-0.0066975307362760125,0.13515907511227615,SUM2_002787
0.09618254827959713,-0.010594608496268953,0.7619236413265323,-0.003337738532920513,-0.01671653084373196,0.12319505195475262,0.015011763816734284,0.07541504035659256,-0.0022545739243076683,SUM2_003710
-0.11997397630097362,-0.04393899713088269,-0.08133359053874946,-0.014822652988414226,-0.16196941782973112,-0.019175164739732475,0.017773773437016128,-0.009324291481620244,0.06924544703743159,SUM2_000053
-0.03843010077551057,0.0074151668836510715,0.024841076948741637,0.019013302841337933,0.033947055151518704,-0.017682016529112714,0.010118158303447556,-0.00598566165321923,0.04869829930588603,SUM2_006404
-0.09131758555815646,0.0017588267551756158,0.04253443222517572,0.033293467686069736,-0.002093365360286223,-0.018002454181224176,0.006393896128131777,-0.0075708687412037925,0.18224831417314996,SUM2_003799
-0.04375187511591275,0.014487622017005004,0.7180430187933168,0.009445997557496703,-0.13135333660641832,-0.021611518711473116,0.028021983505830305,-0.016195414084831588,0.025003215123438238,SUM2_015628
-0.23217289133468438,-0.06542323511288649,-0.42289368425792684,-0.060214376509214226,-0.05907270889485468,-0.020495889678072334,0.005949933910012356,-0.009680180905661072,-0.06546778250657523,SUM2_009953
-0.1068083163057341,-0.0282781048642044,-0.4736569164354207,0.043899433226054205,-0.05833516657066677,-0.020110211188056705,0.009323419506156167,-0.008699370042816214,-0.030148858158571136,SUM2_016679
-0.058050651621648665,-0.0031754982832320226,-0.08982440808662957,0.004435052709612865,-0.06519403695293474,-0.017022328504040483,0.016803527278482184,-0.008423589291390818,0.03789838154490011,SUM2_016053
-0.07646125069754163,-0.01264298221472683,-0.33707174569991427,0.11943446317343379,0.01637934743902685,-0.02069315968392282,0.013449559519906779,-0.008847819596746388,0.013212968351803828,SUM2_010077
-0.0838211232673077,-0.03277490523325395,-0.42900768413546864,0.012997546282396397,-0.05965690062882155,-0.01725887775119362,0.005833080539264627,-0.008639108108186924,0.1572445340642741,SUM2_005684
-0.08858237590609963,-0.0649761318251878,-0.39720071104063737,-0.02494865110306489,0.025222884162487663,-0.020906247584156344,-0.009983435072104706,-0.00942018671404337,-0.02212364551947656,SUM2_011038
0.003515639169958074,-0.014295167409006108,-0.26967288386489685,0.0350207719966019,-0.05631741707364966,-0.01866075372771585,0.009373591408199256,-0.008022078180302823,0.22461503389406162,SUM2_001241
-0.19953244111665142,-0.06724782724295816,0.10610842030880585,0.014708402961442334,-0.08934885763495906,-0.02388224046144266,-0.024649417419743865,-0.014597747813403835,-0.03308652650221349,SUM2_004837
-0.007838367332845379,0.08548937026158612,-0.43266984519774077,0.00550067726041327,-0.12650898108576017,-0.019758424958771392,0.006595090711143813,-0.009476592748078204,-0.09086495564787779,SUM2_002558
-0.06809743103224786,0.007044372410422902,0.42347430743584685,-0.040000755984023285,0.03118765060005745,-0.020600994750591416,0.010464832293085572,-0.014898288746935209,-0.025582719522856817,SUM2_007456
-0.13423469429365892,0.006516773444039099,-0.4110361688512131,0.029542009970294096,-0.04922486053231374,-0.021347279478063433,-0.003773376849472618,-0.007932670084575988,-0.01575398309772453,SUM2_008675
-0.058258256592484584,0.03524425183977679,0.8793652969795479,-0.010471498895785152,0.01969053136173206,-0.01855121485698242,-0.009082482425131445,-0.010659049137386805,0.007936116471220453,SUM2_002393
-0.100996680018353,0.00014455732874512836,-0.43905310054072155,0.009970745063521658,-0.03843121709940286,-0.020848991008536513,0.008952007355905142,-0.008410640829170831,0.0109875157643481,SUM2_006798
0.31828285519935756,0.002856702843187173,-0.32989758599132374,-0.043975442106269934,-0.22324815212106955,-0.024856471007178877,0.010173682560831131,-0.009062697727351167,-0.08796771745986244,SUM2_008306
0.2397701650458452,-0.035130213108277755,-0.4112284659828728,-0.0682140474834069,-0.14768029198201602,-0.02220500897244039,0.00826596736283047,-0.008668417293632005,0.033849803559817954,SUM2_013464
-0.09798196137507985,-0.0012366623113220254,-0.25683664597046185,0.0014669907115530778,-0.08388631421485818,-0.020506607640413718,0.007091733481839606,-0.00959252368619458,0.06230066932684508,SUM2_005153
-0.08031907966807196,-0.015778930391450584,-0.36501171804973903,0.005509561874561732,-0.035499513274708704,-0.022403046737807457,0.011444965154672318,-0.008711735402478878,0.010828717995498489,SUM2_009484
-0.10987755718977699,-0.008297780815591916,-0.3444832618426448,0.006208121584912799,-0.010244394957134695,-0.01955629424208321,-0.006160984559795679,-0.0068489956107869576,-0.01605704971440778,SUM2_006607
-0.058050651621648665,-0.0031754982832320226,-0.08982440808662957,0.004435052709612865,-0.06519403695293474,-0.017022328504040483,0.016803527278482184,-0.008423589291390818,0.03789838154490011,SUM2_014171
-0.05532360103064739,-0.04238753108800739,-0.38246989229144357,-0.08312195605158247,-0.025574220861378137,-0.020713377708049496,0.006048589565826482,-0.009965972301439727,-0.047124324193351094,SUM2_005915
-0.0763160479534741,0.006784506142679486,-0.06566215693380588,0.013205064130110638,-0.08993624638086506,-0.021895358407728313,0.011779650066899584,-0.008564468760846189,0.04520097129597004,SUM2_000723
-0.18607260853465854,-0.038686323633643396,-0.46437345679045566,-0.005327133452989412,-0.022307376427847633,-0.020287507264493205,-0.0078017344130407226,-0.008687809303536024,-0.020981122381622263,SUM2_006525
0.048251085790124125,0.004843012060046874,0.7014815696110175,0.008633208711850545,-0.1320137321991878,-0.021672356709012096,0.03506157483711965,-0.016364660685248812,0.018945918285669314,SUM2_008316
-0.11975603548928666,-0.06689555692187535,-0.43335239621595034,-0.02294102413648567,-0.03853075245934359,-0.017642127948896913,0.007039265112757996,-0.008004104123502408,0.03855921880877518,SUM2_004221
-0.24036126457620882,-0.08159305650076323,-0.36993167305118185,-0.10356250820241208,0.004017454104658156,-0.019694567194781278,0.005742519694458348,-0.007988256926575864,0.03993332620974923,SUM2_001796
-0.08942667695464399,0.001238913073572917,-0.5774089442021559,-0.0009724123689208665,-0.1045581099970309,-0.018596055613445385,0.006732258332441144,-0.008437833258883417,0.149077151527213,SUM2_013177
-0.16885371833496418,0.005394530884774473,-0.412110089663244,-0.013616926817686332,-0.05149236468597644,-0.02329191844823989,0.008254400227244944,-0.009396905357510135,-0.004772729996991294,SUM2_005674
-0.09874570651894382,-0.0536399930064135,-0.3816796797943044,-0.06797174476000215,-0.09353971117751722,-0.019402665273648315,0.006618441840962682,-0.009208188331471665,0.17739556107225418,SUM2_017343
-0.1284805560537029,-0.05874775672299992,-0.43703889163667514,-0.06979520261466717,0.001026361850943014,-0.0203418574525392,0.0066240829452529435,-0.009124194597965872,0.016874486982574544,SUM2_009581
0.6270646050661173,0.0733561855842437,0.1842766429850597,0.07939585187145812,-0.19710014605191564,0.13420437540699853,0.01004743343486048,-0.01026077944797617,0.14604328162530042,SUM2_002909
0.07556014850260137,0.045148356567558466,0.4383830385724884,0.1376440661652511,-0.12308965034730894,-0.020105846761963947,-0.036274551103877964,-0.017786892012612035,-0.13377605272349605,SUM2_018997
-0.15005601056915857,-0.0437567360185893,-0.5196481985311207,-0.023390114718392217,-0.04535496257159555,-0.020832638829864664,0.006144573800025951,-0.009558822602539301,-0.054669571918326554,SUM2_002727
0.9155911167292338,0.07628303606200822,-0.06074211560803518,-0.08541117117711072,0.14566459585692404,-0.01289664571847961,0.01060385146572373,-0.007421026613655029,0.21978051786276026,SUM2_017412
-0.11506701878201415,-0.020257565521509407,-0.15422515322336042,-0.006911359798441435,-0.07288102736755422,0.14049587586619383,0.01324992882381365,-0.010337422075877761,0.03356665688117316,SUM2_001460
-0.07669699331179772,0.005875701298211799,-0.47191128617456923,0.10786340353326003,-0.015803037425954868,-0.020584765752590134,-0.006071898864451244,-0.0074619101851503946,0.033503391383525025,SUM2_012617
-0.13188136702003983,-0.06734420123864691,-0.48301743025711463,-0.04833599467819551,-0.19338634163554516,-0.020907337578110807,0.006400315982601344,-0.009812575076658666,-0.06693727195179444,SUM2_006767
-0.19512777732312775,-0.039873701233780326,-0.35148193974694175,-0.029984929511126447,-0.03059046852397254,-0.024438650366379273,-0.005269892211459989,-0.009590967047345791,-0.03995694457428661,SUM2_007159
-0.1481428501947069,-0.06587299085139495,-0.35195119334790687,0.03328184229426777,-0.07487783746044381,-0.02258782882965321,-0.007988839345333312,-0.008807916958694506,-0.07392582000174351,SUM2_003082
-0.06168929352832607,-0.027736715568801546,-0.03345572997977255,-0.06977958969431328,-0.07597667810932549,-0.021727216218290216,-0.01281260899608479,-0.008407185929079035,0.07018560230522232,SUM2_001024
-0.06606464695894027,-0.08207857321370755,-0.35319040088815373,-0.04717381077305283,-0.15611236387040314,-0.0213977418752524,0.009087201857822944,-0.009238605974856337,0.17900324618258895,SUM2_007578
-0.10508837921397436,-0.0011470394818330482,-0.3873363928272565,-0.003729780832725889,0.02067444420900683,-0.01873535286985033,0.007864957775855792,-0.00672065037700149,0.18397508878073682,SUM2_008559
0.09866521654697843,-0.0075782429279429575,-0.29809037757996754,-0.011753885655531265,-0.18274353201227692,-0.019819136884888743,0.00826261453894206,-0.00897456547916104,0.08920431379579626,SUM2_004207
-0.046691440836644595,-0.009456865438316605,-0.4890766287779694,-0.0557800624824481,-0.1697203759455344,-0.020737699833858918,0.009009018334570285,-0.009873274599601531,-0.08190720242653401,SUM2_004835
-0.08508131560304785,-0.06599128504872823,-0.2964005378424436,-0.0009189665799744743,0.005454522332632622,-0.02231513488784382,-0.007976319111046869,-0.008989062617617498,-0.1077003579887749,SUM2_013431
-0.20311554293514206,-0.036169537782494876,-0.4030500543759423,-0.03264394885626511,-0.043969966951429254,-0.02377590354615744,0.010936193064763056,-0.009442274664976803,-0.005625551122977647,SUM2_005824
-0.1350549169655571,-0.127961295807074,-0.3577630477616413,-0.04016525555111069,-0.16122735215765363,-0.02194972361225154,0.009339822356649905,-0.008726203073086263,0.12186260816065056,SUM2_011472
0.22894913553709975,-0.023023396017184998,0.09194288669862105,0.0742201563678397,-0.09537592878087113,0.08730799556088345,0.01954630890116372,0.14314986161243468,-0.0005099707912079053,SUM2_018195
0.03834415870380263,0.016315243736287354,0.7128209708210738,-0.020766291585203246,-0.16713688524946427,-0.016465280562256112,0.0360850597580357,-0.016691780422488235,0.10836449295857145,SUM2_012847
0.6469117098910626,-0.011479524942768366,-0.13177701263551744,-0.12566780572899344,0.2783885533056448,-0.023608421606557562,-0.020610337822126998,-0.006113091565689387,-0.05727300012511545,SUM2_016062
-0.12591880497940394,-0.015727245828555426,-0.10718295725895093,-0.001065163010156165,-0.12242154418340478,-0.020181227966798172,-0.011420225868483713,-0.009735095192155358,0.02260588613064108,SUM2_002384
-0.17366263928271208,0.0039037353128018406,-0.5303673212725151,0.00475052953492937,-0.012515082298415543,-0.019964835353115943,0.006589435164412641,-0.007945407137723926,0.003385461006807953,SUM2_017405
-0.1264351779436279,-0.0553781960867766,-0.05040420747815548,-0.00854905985070763,-0.05929611304328395,-0.021793573581417973,0.021422937533295078,-0.008940644271448991,0.04301088854271392,SUM2_012960
0.45860435109473335,0.03344194269804459,-0.36727320190359014,-0.04564945230441138,-0.17472988895418576,-0.025404914889066897,0.010583094300755911,-0.008358107816703382,-0.08129249547832099,SUM2_004070
-0.1613350099936751,-0.02094848251819374,-0.4176793113110812,-0.0013381199495499003,0.0024083537308039276,-0.019496576380571166,-0.00651786877146727,-0.006296599142317812,-0.0023781756246446127,SUM2_016458
-0.09516610173513865,-0.012650445463459906,-0.5293196575513723,0.016188253719117494,-0.029585293158851562,-0.021094971242104705,-0.006906234444579634,-0.0075234039855795,0.008424548901845534,SUM2_006967
0.04791424857480172,0.10063561293071151,-0.07041246386564529,0.13685252715046906,0.016892977806050702,-0.02074981986657782,0.008385000257345076,-0.008432120436174226,0.014003630422452312,SUM2_017865
-0.055218693602496725,-0.03601259532597341,0.5539634780906072,0.014736044092883658,-0.1534049556595766,-0.02430591759412059,-0.03562387719418212,-0.02055822696290193,-0.10716546538972074,SUM2_012035
-0.13524407125165241,0.008746886344322014,-0.39227918426482555,-0.004298160125047252,-0.010280767121791056,-0.02008082815848741,-0.007262615970964122,-0.00820471478437834,-0.011815627631094052,SUM2_018989
0.09618254827959713,-0.010594608496268953,0.7619236413265323,-0.003337738532920513,-0.01671653084373196,0.12319505195475262,0.015011763816734284,0.07541504035659256,-0.0022545739243076683,SUM2_013213
0.07746666086561563,0.04645428324775435,0.8400960593295057,0.020551184251694325,-0.14053740459386438,-0.01761296321977241,0.027363394012947306,-0.01718494448237302,0.004820796179894494,SUM2_001889
-0.15461723656991508,0.032669227951379026,-0.10125363724937753,0.00047004626423198385,0.06894876359830153,-0.01874375806390246,-0.0014980805564122565,-0.007808293431630432,-0.029517390386158325,SUM2_003462
-0.0960440950756951,-0.03639945807655663,-0.3645844959288265,-0.005125844118907957,-0.0705578184016506,-0.02257051408233319,0.011876323023853112,-0.008880790088866214,0.009654055061205041,SUM2_000475
0.5913460183022793,0.041272161621892164,-0.23339478313351777,-0.04956051067497143,-0.2868341873084287,0.12711447590604114,0.008156188301262537,-0.010472237853362655,-0.043804152301562524,SUM2_018307
-0.1298274027780842,-0.005592212345397372,-0.33883822044034945,0.01785391403811292,-0.014645141566916032,-0.01690418745362728,0.009327878357627616,-0.007170396829650347,0.22484601477463126,SUM2_002321
-0.12791381204504457,-0.010496795021248614,-0.4313441164140527,-0.017029692687373373,-0.06827967621135321,-0.020016313622348188,0.007268272046814249,-0.009068496388033337,0.04029007106234757,SUM2_016120
-0.04554290143630796,0.03403061768033299,0.022263445284431495,0.018206373605530436,-0.13973995463672634,-0.020221388057681734,-0.015215864296396236,-0.009967301021819346,0.04661856902823531,SUM2_008271
-0.07819110983426177,0.12660094680168965,-0.43091510356163487,0.1016081968908344,0.056429822794849316,-0.020687549708334876,0.008522074932249303,-0.008181936954707598,0.018720315791470644,SUM2_013793
-0.16912415129722985,-0.05109759446165903,-0.06279958379897387,0.005966962703378621,-0.08759570817390536,-0.022332102067926837,0.017156399546356407,-0.008906759161306881,-0.003738963266186944,SUM2_010186
-0.06902723509248812,-0.013543608086520983,-0.38134967671553,-0.0003960825730768662,-0.03737869095788749,-0.021910726302130874,-0.00456884531741072,-0.008184332982983928,0.0017547604792825951,SUM2_013898
-0.1141441760396105,-0.023103109363060904,-0.5402642080079909,0.030348906974725844,-0.0344006443580942,-0.022227445390721044,0.00776711363326088,-0.008231157518326825,-0.0002496141467617126,SUM2_017784
0.5862163956784961,0.3052292389565828,-0.08693707214796868,0.29752763947838906,0.3351505399294315,-0.02283445687633511,0.008311433165188316,-0.005686310870601655,0.011444103308113431,SUM2_017302
-0.12931331640934993,-0.010690639628528759,-0.3689329292384415,0.04816212891343014,-0.052425478644325806,-0.02088001806731284,0.011833640359905521,-0.008349878240076212,0.009768845788919548,SUM2_003125
0.09618254827959713,-0.010594608496268953,0.7619236413265323,-0.003337738532920513,-0.01671653084373196,0.12319505195475262,0.015011763816734284,0.07541504035659256,-0.0022545739243076683,SUM2_005718
-0.1536096206523972,-0.0069725451472554155,-0.3374591293142181,-0.0658128634549424,0.0783131768962778,-0.020142936767556956,-0.005669420777062287,-0.008952975072090258,-0.002030395679757234,SUM2_005988
-0.09653525257602644,-0.06983093342509156,0.47355062333095,-0.024917250004848537,-0.11484440262832576,-0.022695595725347177,-0.02644907660993991,-0.018749144342663383,0.08944860417600219,SUM2_009492
-0.10315092586853476,-0.027717259148760987,-0.4554673322387764,0.0034109162071536045,-0.021023322321413608,-0.018892119230528113,-0.007552028420958189,-0.006581251879264437,-0.000535583481790804,SUM2_005594
0.04710221702654434,-0.06275035009061422,-0.4538044654850658,-0.0482554443212931,-0.24627768905719258,-0.021298597060714703,0.007208258268020755,-0.009624422721787918,-0.09703146854857429,SUM2_002587
-0.17840248522722127,-0.03258270703855592,-0.37317924772512623,-0.026704067557965467,-0.13952120370905066,-0.021261056017761536,0.008144242836889214,-0.009945025740332063,-0.0918320543145109,SUM2_003190
-0.0837711257008249,0.01878878605470431,-0.49270151855757016,-0.02188031674533499,0.02734739237413452,-0.01928400220877512,-0.010206544045250305,-0.008067505979489123,-0.018185160941568756,SUM2_007547
-0.14299462632803647,-0.01743564042014121,-0.4014315076674252,0.03137710089456781,0.013752774665466747,-0.021680775366501728,0.01189485300161249,-0.008563825538140673,-0.005764689611528514,SUM2_016373
0.09618254827959713,-0.010594608496268953,0.7619236413265323,-0.003337738532920513,-0.01671653084373196,0.12319505195475262,0.015011763816734284,0.07541504035659256,-0.0022545739243076683,SUM2_013049
0.03009842036696524,0.007576259198373736,0.38767208220434785,0.05403161431536456,-0.1551205055050368,-0.021511905744853475,-0.027687643998052847,-0.02003089015522163,-0.10503198288266395,SUM2_007386
-0.12521755145961705,0.00537773247094216,-0.4638748928506451,0.025730442154229656,-0.17164303679466197,-0.01975282424822017,0.0077018320007139,-0.009040747440125502,-0.08113889351641433,SUM2_017862
-0.1382737306537653,-0.014995118757457283,-0.3754777940208901,-0.05077287095690024,-0.09617825806911864,-0.019732015757629073,0.005594676531148706,-0.00769938368215,0.1641372236031568,SUM2_001464
0.2341431358784018,0.07893110713322439,-0.0846746905610555,0.15597010438570647,0.1167447029049233,-0.013755518440376143,-0.008581194025579404,-0.00714209423073364,-0.059980194097399034,SUM2_013400
-0.06224455276228551,0.04610638286735541,-0.07850599947389607,0.09839123651609141,-0.0822407135998435,-0.019959763652195546,0.014075681481955085,-0.00813268253204438,0.05259598791762478,SUM2_007123
-0.0890395827060775,-0.023128872926811126,-0.3507708246785293,0.02398971233799324,-0.06637703556596947,-0.021440850018928558,0.010688208076161646,-0.009191717772096451,-0.04090448857640013,SUM2_015485
-0.11006145852471065,-0.09702694753569366,-0.34581955636970574,-0.03142937207482134,-0.1001748241338275,-0.02099304667994701,0.009447922410387052,-0.008764937218941192,0.1535083489431639,SUM2_005353
-0.03193639937056312,0.010765786075230798,-0.1507274704732567,0.10731132674882646,-0.1068314836004574,-0.020455675917632008,-0.006830711576444897,-0.007754093251614131,-0.052099573301417054,SUM2_014675
-0.02234200997634931,0.0018835139326017075,-0.3172040568539206,0.08120939461602585,0.039830319469476204,-0.016652080261233822,0.005696479015834608,-0.005239875151107662,0.2761874129830715,SUM2_015988
-0.0262736799617382,-0.017610993903084238,0.22392267333305332,-0.05574669020124211,-0.03683882541574936,-0.021179107596879083,0.03796954763491892,-0.011289423608352993,0.07092912870324615,SUM2_007741
-0.14041225101073737,-0.013079335033956283,-0.42166728638867657,-0.037921193994617505,0.05745026098884083,-0.020068990362527836,0.006306704593544372,-0.007680373669423017,0.20943577136963074,SUM2_015700
-0.11988469769867864,-0.01727115656239455,-0.38568279608449896,0.010714405964731227,-0.08448064803876747,-0.018445874851897286,0.011456166570456425,-0.008882574943553927,0.07706224984630734,SUM2_012380
-0.13309020282500836,-0.007643552255829406,-0.35459833549825814,0.06525584960046327,-0.03360312284154027,-0.020814485359603667,-0.005780484630952737,-0.007937947848136857,-0.06160978190467202,SUM2_018708
-0.09803619492281099,0.011950510116716717,-0.34513284524257265,-0.007466359556671101,-0.02266659996840241,-0.020870383969340146,-0.00736691329205786,-0.007522578535129197,-0.010269106563524187,SUM2_009703
-0.08239673670373932,0.014330296388770156,-0.4375623011849362,0.0038755658741564344,-0.0681327074020707,-0.018541515144836075,0.007086708626070394,-0.008452839634271493,0.0509793248156027,SUM2_016699
0.14042212110910168,-0.00041965299445980017,-0.34213558736056304,-0.021651239055850247,-0.09494381160615459,-0.019368077579695556,0.009172919645681742,-0.00800417185864683,0.0903913400704243,SUM2_008014
-0.09524658865141884,-0.043035351154327196,-0.3771801403797304,-0.019483501123954666,-0.09593795056515408,-0.017823675621922344,0.010705265444730846,-0.0074554810034103735,0.10678339190053095,SUM2_011322
-0.1088633197211026,-0.021446021010251563,-0.42248050290314476,0.012483549906393865,-0.0018010631626088972,-0.019144937560658933,-0.006963391810396303,-0.006531158378613407,-0.00811120770295932,SUM2_000611
-0.15600426390662098,0.03330731054602033,-0.4402254912970648,0.023404283408244922,-0.13122309709217422,-0.02006102627224481,0.005879381698234587,-0.00904734096414109,-0.06881894777748912,SUM2_008533
-0.08608024560664387,-0.06355238148195827,-0.25074179733814733,-0.010138482399494875,0.014316264012596381,-0.02138902958605306,-0.008827668452962432,-0.009031264964070607,-0.10471453236686523,SUM2_018967
-0.02817858077375445,-0.002348959990780032,-0.1620193173497733,0.11397776355745792,0.008641008369843547,-0.019806771742481643,0.009135311954661194,-0.008348842109533612,-0.03679565906166228,SUM2_015309
-0.08876644761406641,0.0036500538642697234,-0.23751381598213492,0.005938815247817956,-0.04209713654297857,-0.020831616869318247,0.023307915133096217,-0.007744500810283067,0.028615014591815313,SUM2_013175
0.0034276667363964813,-0.05340823823444909,-0.36502721740480243,-0.0652549728342263,-0.18812312932495914,-0.021145766308657454,0.00915643860776774,-0.009140378670601416,0.13177832341789095,SUM2_008899
-0.14366065772039652,0.034854540546749024,-0.5667583732701822,0.014633838209720963,-0.029699725529500166,-0.010771209146107005,0.004406507658070287,-0.00535747446513492,0.25245630649412176,SUM2_002987
-0.03590359503470486,0.018371478327751416,0.8299353166243947,-0.024655651678284034,-0.039210171820311626,-0.020544787804135423,0.018105900042602048,-0.011703559932684718,0.039703910229322854,SUM2_007740
0.46337380378844956,0.11716270354833473,-0.08886320803416012,0.22279711792870235,0.10660215918557356,-0.01634918854770718,0.01357099793114211,-0.00667673757078856,-0.029860831062108684,SUM2_008347
-0.17178743920676895,-0.04116099363260095,-0.3515194299176666,-0.005006491242684695,-0.034240063816419385,-0.019500720945527097,0.004672903453955765,-0.00807552263224608,-0.06785773263227879,SUM2_004843
0.18135989863948798,-0.012884238610622148,0.0814928736962083,0.09389935316797636,-0.1280830555848462,0.07734938429912255,0.03592204825861313,0.18325343457475346,2.815696830857674e-05,SUM2_012826
-0.12697062793523056,0.008893956129795167,-0.33176878136842963,0.011304131068544148,0.008377205489644556,-0.02057467124475687,-0.008923256627914641,-0.007982613872213863,-0.04319868026965411,SUM2_012517
-0.15165851392884172,-0.028041827866389396,-0.056480155595652524,-0.016644014288826902,0.23551363366669503,-0.021236490887989706,-0.003686562022740668,-0.007277748167914634,-0.1775377809422684,SUM2_008445
-0.1326901253034261,-0.06969492659388932,-0.4185259583838172,0.03500579395358523,-0.0451628808385099,-0.02175451125735988,-0.006888063854657312,-0.008429361779395466,0.0010361951247664127,SUM2_017204
-0.1257137499301936,-0.0057764981776211675,-0.0655418751677129,0.03962866896080521,-0.08141987603213237,-0.020625407240704385,0.00953680489914957,-0.00864338099737981,0.04426892213953699,SUM2_000645
0.024527203663190774,-0.001430245063402985,0.08667142204047687,0.044809372405046316,-0.07359252839620435,-0.021084626751364462,0.00937559460727375,-0.008864711375408302,-0.060558450515447726,SUM2_000951
0.25064616033781933,0.10628827493169468,0.3686348307205675,0.15646912023116347,0.3253845792923438,-0.0329312688963819,-0.01836410674589826,-0.007987997391013395,-0.07388355859141486,SUM2_016188
-0.12086254972810677,0.01820965071863436,-0.37479161781395326,0.010055021687586919,0.09949210685604366,-0.020163629116607396,-0.006263262980067384,-0.007550224594501362,0.0043070162871809686,SUM2_004003
-0.08250812405394706,0.019712072809038382,0.5917451696681273,-0.015803975366332164,0.06697684043552585,-0.02066939383214217,-0.022711036143366135,-0.015191267956926147,0.017278328238227753,SUM2_014218
-0.19416436990832886,-0.04204650720013425,-0.45815564642331574,0.03618118166903119,0.016553747940297424,-0.020027149139017663,-0.008931389104857693,-0.008117898040149592,-0.015836760375182318,SUM2_016510
-0.0717305658811943,-0.069739892225849,-0.3759803062545501,0.0016144734103478939,-0.1267625991406556,-0.019397489065061113,0.007044107684371442,-0.007826410856767066,-0.07572997248926455,SUM2_017056
-0.13366340240258115,-0.034417965673506676,-0.3921222666491816,-0.07407799558258768,-0.041643193577830286,-0.02019534447651871,-0.008443464270039568,-0.009381454263550625,-0.004422034269891609,SUM2_005236
-0.05029171567763622,-0.021277920929245252,-0.04879963960910694,0.03741647051142161,-0.10462395681857897,-0.017360124746601674,-0.011744132039622403,-0.008775749002573375,0.02084832509334645,SUM2_000536
-0.07770737324369745,-0.05487915490242529,-0.112610527118045,-0.018382230156273376,-0.10611744198860962,-0.017320200890307686,0.0228213532678714,-0.0073074236302301445,0.18171907056040162,SUM2_009865
-0.09112784779282218,0.022026199353720338,-0.19598558101949287,0.10194743474261196,-0.05319070445627485,-0.02090378543504478,0.009323375829306797,-0.008118080655399386,0.024792492189752595,SUM2_000695
-0.14301100191412255,-0.035751803437537234,0.647584247623421,0.012637939589764547,-0.12451838347730013,-0.02415154436807427,0.03802491031650401,-0.019949251070962615,0.01970546852311141,SUM2_015766
-0.16408275643189546,-0.061685703791685045,-0.4062961065039323,0.06027876455897342,-0.03466209208483838,-0.022674410924373452,-0.008484421816099529,-0.009035239572631009,0.0069905929706138206,SUM2_012341
-0.09506461711061726,0.010588007714946028,-0.14164944745383937,-0.019103618567493628,-0.04614822928292161,-0.019908994827361685,-0.005821364140070497,-0.00809580354747547,-0.09260404911433083,SUM2_000260
-0.10678326402595986,0.020137635228817407,-0.20709076368234025,0.0011890789862994404,-0.11040016141224614,-0.018587452615886377,-0.009841802308351471,-0.007298140516745417,0.021127813823324473,SUM2_000871
0.07864371894625458,0.09716251317757799,-0.04603030638851715,0.060329227307295286,-0.00798610479015166,-0.020759356901956016,-0.0076752259414487045,-0.007598023707044906,0.05189625970982058,SUM2_007878
-0.058050651621648665,-0.0031754982832320226,-0.08982440808662957,0.004435052709612865,-0.06519403695293474,-0.017022328504040483,0.016803527278482184,-0.008423589291390818,0.03789838154490011,SUM2_009771
-0.10047553047496963,0.0005052410138151484,-0.3834277493190931,0.08639860799198719,-0.04384007830875571,-0.021139166321318913,0.008423830746586276,-0.007993681121010295,-0.0006082654153737085,SUM2_010449
-0.09043310498210881,-0.04148183469004049,-0.34579435355596133,0.07230381937023785,-0.03128098888620904,-0.019297875571112556,0.009349068813606599,-0.008258900341228916,-0.022718627254342965,SUM2_005543
-0.14256665898316692,-0.027501966090045314,-0.3486131226939697,0.008414794735685198,0.012835176902939005,-0.020361901867841363,0.008858098785543195,-0.009652102016713276,-0.07813538079179354,SUM2_014242
-0.20650332843814154,-0.03336936984903059,-0.4331764183687289,-0.052975893452180636,-0.0962848335435321,-0.021170377710314638,0.006128435087868615,-0.009823769934379438,0.0041625329619375765,SUM2_015027
-0.04799588767561791,-0.003774599509865838,-0.14123299537445833,0.04342954124137992,0.06965863756699935,-0.017394303610737172,0.008780020632751623,-0.00617622508933501,0.06502401223690323,SUM2_016476
0.1368962848921146,-0.028413274281021826,0.18429467152904105,0.10422155844793571,-0.13776918609537323,-0.02066562590037925,0.036254595529898535,-0.03804800289525585,-0.0061437154214629645,SUM2_013745
-0.1411810445399086,0.0002750641345552453,-0.13197644507162104,0.08880036407467283,-0.04751547270258326,-0.0177741384635485,-0.010881134983450513,-0.00803859446950692,-0.051404901782994686,SUM2_015562
-0.14799496715334529,0.00012974330108129068,-0.33865985882409133,0.01760264766535279,-0.04450145488450023,-0.020285333448582844,-0.0069524590635952985,-0.008947003860753297,-0.05232319832095984,SUM2_003373
0.3148382538405573,0.07699217890826722,0.248173858554183,0.03516264170570792,-0.007573234170550777,-0.015238079410172436,0.026848509075915156,-0.01750650124039151,-0.07157144036803527,SUM2_000218
-0.10428722388873216,-0.05434098992007005,-0.3744555022887923,0.0442211439788982,-0.025581391837563965,-0.021911710526592448,0.0007354686819471037,-0.008069673671376874,-0.03369640472641856,SUM2_001613
-0.18389424600386275,-0.059835540983337945,-0.5339312230028733,-0.051511746432802284,-0.10643506463023614,-0.02014410834987811,0.006912820635662455,-0.009054620777759216,0.12439103442962089,SUM2_018325
-0.1641195628974398,-0.06859656656614421,-0.5146583144243773,-0.06814065740766391,-0.17135865338732056,-0.020879939170806362,0.006561953757252444,-0.009804401405597855,-0.07215311647247971,SUM2_017544
0.270595452829381,-0.02616069458524533,-0.38123892962664596,-0.029836210074780507,-0.21160106421023292,-0.02155807492035058,0.007380869865912601,-0.009486381583612365,-0.11993291833288193,SUM2_012642
-0.11286166096221281,-0.05358524064062418,-0.14159551575728369,0.015674110350763704,-0.09550408685878713,-0.022113059168255483,0.012423135908963611,-0.008732240124760902,-0.04341040078637546,SUM2_003566
-0.18164363338632436,-0.017019238938189435,-0.4090218228258822,0.014169885520023472,-0.0290400252248366,-0.021552189918021256,0.007182328161350965,-0.009040879008923527,-0.00018550868681213302,SUM2_007204
-0.0682991976803251,-0.004403578609342183,-0.3429330527501993,0.008992660455820006,0.12903283474683408,-0.018041968465979132,-0.008140158329727578,-0.00586847299671871,0.0200002534790973,SUM2_004427
0.09618254827959713,-0.010594608496268953,0.7619236413265323,-0.003337738532920513,-0.01671653084373196,0.12319505195475262,0.015011763816734284,0.07541504035659256,-0.0022545739243076683,SUM2_010199
-0.12241274699576721,-0.007883793310173966,-0.3645703417416912,0.023499429349602065,0.01875328276746586,-0.017837828892440226,0.007476038093179041,-0.006979050884769376,0.10111946282141862,SUM2_018365
-0.12297664739418375,-0.011325534221128388,-0.3696979619636189,0.031010065514352335,-0.08774906987999712,-0.020821640353783543,-0.007454461377290301,-0.007953014998144475,0.000710991112698393,SUM2_011303
-0.17923996143076,0.013647959516889008,-0.3209820739335359,0.005051694111696182,-0.014515565509672288,-0.018933333232431772,0.0049468595948829654,-0.00808878552123064,-0.08871835459301379,SUM2_009646
-0.10794758769761044,-0.014756272062763937,-0.4064811832854459,-0.005569485287628467,-0.004273750033553107,-0.02097431685045959,-0.00709529529239014,-0.007554216010127901,-0.021675210921728107,SUM2_011975
-0.058050651621648665,-0.0031754982832320226,-0.08982440808662957,0.004435052709612865,-0.06519403695293474,-0.017022328504040483,0.016803527278482184,-0.008423589291390818,0.03789838154490011,SUM2_000201
-0.18943081097373726,-0.018414263150471212,-0.35377798318779724,0.0027131547461653736,-0.16787292083132896,-0.021130871528416046,0.008805799833803108,-0.009771442325623571,-0.11804880370117757,SUM2_008600
-0.1247519454176719,0.016185339722438387,-0.42011028783394594,0.12094456268672849,0.01691977188938215,-0.0215353285577018,0.007535140619957829,-0.008312400718723408,-0.00474176399572904,SUM2_010623
-0.11611570185071363,0.008224893345946439,-0.3083729103235737,0.061782445091131864,0.05149300935308106,-0.019723881404281954,-0.010537733362724172,-0.007759603536861527,-0.001513498393125755,SUM2_016600
-0.14808652948517767,-0.03643173687873578,-0.35963509078911937,-0.01780758556982522,-0.04699698890439348,-0.020050443922784288,0.007961340279006326,-0.009563285639212597,-0.0613861520274801,SUM2_018665
0.05152598928499637,0.032950795033312434,0.9362497381609195,0.025295497327520056,-0.05208547294838126,-0.016758079471356595,0.02915613185495769,-0.014344631861698817,0.009718738453953499,SUM2_012251
-0.10556173217595455,-0.038422272909048594,-0.2661507224020491,0.019384018781562838,0.16732201081145207,-0.018703964665466012,-0.014001564223734267,-0.0064096339848816394,-0.0008939036037572728,SUM2_007034
-0.13503886059737466,0.016209824846602754,-0.48509469302917196,-0.00938366712981333,-0.02053923603257061,-0.019158867524633923,-0.006643718075860308,-0.006977107073718618,0.02110612406740161,SUM2_005304
0.6227079998364251,0.3893524607732955,0.07039973722872642,0.2892875644506116,0.24837690706255017,-0.01638813807082594,0.00488150564789888,-0.004678861407449767,-0.01733313912852714,SUM2_015411
0.09618254827959713,-0.010594608496268953,0.7619236413265323,-0.003337738532920513,-0.01671653084373196,0.12319505195475262,0.015011763816734284,0.07541504035659256,-0.0022545739243076683,SUM2_011148
-0.11683870341903317,-0.011075954462415886,-0.42260842748957883,0.00904719116954342,-0.012787389136743533,-0.018421291981716735,0.006559300509611456,-0.0069580193853765225,0.04257259424870663,SUM2_005871
0.12118507523872957,0.02428056900786096,0.5932545250219216,0.005411737027797552,-0.007091413509087508,-0.019710632760505074,0.01807454730580499,-0.02324812698505181,0.14666666162986833,SUM2_017221
-0.13091573818100943,-0.012101298985615225,-0.338350291375527,0.04499873246342528,-0.027726469922918374,-0.02160416645119804,0.007343606483257256,-0.008415940078996254,0.0020310432528575528,SUM2_005626
-0.10578421647834695,-0.024910109212480203,-0.4108897492222006,0.043244493228371594,-0.04508359705720885,-0.01970648291675074,0.008192748012788544,-0.008614206322563985,-0.031375392799267335,SUM2_017300
-0.16844275788842014,-0.02828387261885975,-0.3094093063003108,-0.007247830433196054,-0.061419908396108024,-0.01937651230460708,0.007702044095191224,-0.009346471413276937,0.0006788299154273762,SUM2_014910
0.02054043225570198,0.0262747691630111,0.823868870523653,-0.001471113449223961,0.011110197794355486,-0.019359185560620232,-0.00925527106745705,-0.010402162098448358,0.007724722509262346,SUM2_011702
0.04232587880279415,-0.04192028024919038,-0.32153247221593456,-0.03569956430083234,-0.11375335560688367,0.04984633942422392,0.014875993111912128,-0.0469116565053241,-0.04053715609463008,SUM2_011094
-0.0791767612289915,0.005308718961000459,-0.5095723776985972,0.0548217682157671,0.0037054170254814923,-0.01826749105099209,0.008156049995267266,-0.0080519936526483,-0.05456012918483279,SUM2_005571
-0.21993319990961732,-0.04040801208814343,-0.442092246943246,-0.013620786809288165,-0.05540945786074917,-0.020274077583201874,0.008280678133683507,-0.009372463372570895,-0.07719111268768518,SUM2_012758
-0.08364751454512893,0.023986584668268668,-0.2084461109809769,0.052965289865141305,-0.058040108207745564,-0.02168908829603618,-0.004755842475334204,-0.008712463846203635,0.006533184210108231,SUM2_006062
-0.10043009722983567,-0.035569988254798214,-0.34467892096437225,-0.022377454422039176,-0.07591418007782322,-0.017564650360349817,0.0061038530631054265,-0.00909218657505195,-0.02856255946570211,SUM2_004806
-0.05115187665630455,0.0026685139197247963,-0.31476689424544074,0.0481414891577845,-0.14647927384648637,-0.018590042213266673,0.004369216090300165,-0.009220369286172085,-0.12799523107899527,SUM2_007947
-0.03394361600571212,0.01207648985862223,0.05304866478697016,0.03932110456455045,-0.05693006967045382,-0.017859569161591014,0.007199217585997474,-0.009248852781163362,-0.07540867478470811,SUM2_000485
-0.18002205451297004,-0.0522380152400201,-0.37837902789236344,-0.025956304091791848,-0.04295493640483734,-0.019606226286351554,0.006078016830738003,-0.008574186133950482,-0.08057318783810627,SUM2_006074
-0.1807702890528526,-0.0006017866712751018,-0.4314838493734053,-0.05401708657502809,-0.09444135048365859,-0.01994375248148141,0.006495775669370971,-0.009221411153454047,0.14155586098924072,SUM2_001371
-0.11655244968863673,0.006451700632366357,-0.39813808216530344,0.006186575481980951,-0.03805153417524112,-0.012758382552217711,0.0029069088460650385,-0.005884653073421908,0.230233448388872,SUM2_000782
-0.12205175006878725,-0.0035163711900506253,-0.10341180862462038,-0.035276661184538226,-0.10064702893387337,-0.020809973970431717,-0.012241177368984493,-0.00814476337074881,-0.08456728871213776,SUM2_008780
-0.1439750960937926,-0.025104028738408037,-0.5269558019179625,0.014948066535422041,-0.039891789857553366,-0.01823810968821832,0.00047941425009991365,-0.007465681254460853,-0.0031613197371119913,SUM2_016066
-0.06609610922811916,0.012870991148211414,-0.02592895458325924,0.04547541199054773,0.06617764846244104,-0.01648897819641834,0.00871629068302239,-0.006074541889469071,0.09109972980471484,SUM2_014455
-0.12966216080775922,0.022477422907198986,0.05281440511605766,-0.010418192586094131,0.06386190846420073,-0.019048213086221753,-0.004040386351467552,-0.008134552960121133,0.021451520400642392,SUM2_009134
-0.16163179686629858,-0.022407405079970133,-0.4965110385280226,-0.04308030103400394,-0.11624008364223926,-0.02074446993331722,0.005874658462099747,-0.009684132679841298,-0.07071474681594857,SUM2_017420
-0.1437088481729752,-0.0130552894334531,-0.42793994849401634,-0.07845430568222722,-0.025587985996293177,-0.020069028504069237,-0.006689500908174563,-0.008450687208865191,-0.015584171453790504,SUM2_006691
-0.08595172684903496,-0.021566045346906437,0.014222316330403623,0.0070356583326626225,0.07868621621130303,-0.018628628598151186,-0.0036681115844277106,-0.0062136388376247,0.037315693648007894,SUM2_012636
-0.12881573924630332,-0.04880127384818456,-0.2837871653268277,-0.05285551170790043,0.006457920196019229,-0.016446356631740006,0.006347232055724766,-0.009114492239673339,0.0338458590894611,SUM2_008361
0.30342447015893187,-0.012149337074006497,-0.06251756041798287,0.009151155634169534,0.09254662218008344,-0.015880818403681975,0.008200314118753233,-0.007934781128185419,-0.07778483759773289,SUM2_002186
-0.01438227579122765,0.08713234419204377,-0.018981906793618507,0.08560289093209966,0.03482733529747106,-0.018144065634342527,-0.004040119960566091,-0.007654784419118504,-0.09776757597198822,SUM2_005358
-0.06591858842362763,-0.0074941793492716985,-0.10790173120350015,0.029106661301734345,-0.033328118228288336,-0.02134429769712116,0.014222445201561202,-0.008356487128164121,0.04855507263083693,SUM2_011213
-0.1593688231990884,-0.017793099522524374,-0.4120088178803544,-0.07565810115893606,-0.018079024460775146,-0.020503280657258437,-0.006541214389118724,-0.008534356533331709,-0.019483839248321196,SUM2_012097
-0.048742707160302635,-0.05677218855289715,-0.29905852582867615,0.012029475975497823,0.0033472365013023893,-0.018502466075712376,0.007712378040190812,-0.006722560686999173,0.15327130943389683,SUM2_017526
0.0671218154233286,0.12393524544498465,-0.2215963494978958,0.24386691979412833,0.017471539096903205,-0.019939477470121196,-0.006363746873935731,-0.007666955500090017,-0.012000307788241524,SUM2_013601
-0.06647608809268513,-0.01470993054519033,-0.29871711884159086,-0.0034619827142998256,-0.0039011075905266744,-0.020239755849162593,-0.008745552527136142,-0.009561828560554627,-0.01803384223600572,SUM2_010050
-0.07036341750831218,0.04325431530395171,-0.4301233780169209,0.047493253372533926,-0.08576849059242593,-0.017237658470882312,0.008892977204936378,-0.008360010944589663,0.143535822809412,SUM2_010444
-0.025634941809491683,0.021080661836828017,0.7345336951327164,-0.013281534479802768,0.021623796741799296,-0.020473054573821634,-0.011078442519630688,-0.01352954601305252,0.004147203135117234,SUM2_007338
-0.07976182079408667,0.025281684921245808,-0.2452694912962093,0.08702165868185564,-0.07468711519893949,-0.020500733863977594,-0.00477341572114727,-0.007643010722569965,-0.07822989007075128,SUM2_010284
0.09746704939470865,-0.048170714893116535,-0.00560385601678451,-0.028437044377141285,-0.2752801175490246,-0.02048585652637453,0.006002298763670528,-0.010060384482878779,-0.11236658457765643,SUM2_000946
-0.10747389270109871,-0.05330790447883339,-0.5251767160762422,-0.0451369568180513,-0.16172439020477522,-0.020908765415495693,0.009499214096120952,-0.009276929714624712,-0.1023093914886665,SUM2_008420
-0.19061926345458086,-0.0065968887889828005,-0.46145340990792577,0.031743398215506965,0.0658348545986815,-0.019879159361828717,0.007489880858082695,-0.0085715255749038,-0.004879400209043174,SUM2_000292
-0.14413274301186224,0.024212468056012813,-0.37727938813433126,-0.018637641515696426,0.008959451154579141,-0.019708510492336913,-0.0030926661930116076,-0.008521876097639125,-0.011611217256200786,SUM2_000564
-0.21047279066752625,-0.023951448133639815,-0.4566743967587608,-0.0056688847945939634,0.027113395304324373,-0.01931136971063546,0.006815856343774937,-0.008303205698876558,0.12411862004066299,SUM2_010422
-0.058050651621648665,-0.0031754982832320226,-0.08982440808662957,0.004435052709612865,-0.06519403695293474,-0.017022328504040483,0.016803527278482184,-0.008423589291390818,0.03789838154490011,SUM2_013714
0.25629571264293277,0.1250520010485687,0.5620276133667262,0.09102364674705052,0.6835728412783062,-0.028768319465875176,-0.01220448086971046,-0.005556623063513231,-0.005829054248103824,SUM2_008058
-0.06631910033348569,0.0017839146986117053,0.11812368391640796,0.009492257234873114,0.40954426400413046,-0.01663568643277454,-0.002937964076974136,-0.0061671801132053335,0.04333122480404504,SUM2_003091
-0.10893136227985709,0.004586514444123285,-0.5183156778329215,0.05973983072431717,-0.03477789733795088,-0.022295762744961742,0.007291154965754887,-0.008370088957501451,0.0038811931557228897,SUM2_001422
-0.20524269803270032,-0.029470850965641615,-0.42848439229926977,-0.022190711391439577,-0.0010690269051340574,-0.019374667121173812,0.005899088473269485,-0.0076676687897301084,0.12609363794719214,SUM2_008891
-0.10781902600319888,-0.04425306035379621,-0.3349857725876547,0.041061007248849826,-0.09863429101295842,-0.018861317834675213,0.008180808705817088,-0.008818865418314163,-0.0897289807572913,SUM2_017063
0.20323776558620477,0.01934258489830299,-0.27436329522134867,0.00029072120795690796,-0.03818342564563563,-0.017545014296273108,-0.010975160284039973,-0.008790276951533576,-0.026865461522400297,SUM2_012875
-0.04115918463187694,-0.014035383019356773,-0.14694052305269653,0.029502556021322422,-0.03869190012622767,-0.01283004463766103,0.004393356275466298,-0.005967892328843487,0.28850943464734596,SUM2_015074
0.1099710490732734,-0.04169502824917469,-0.2917927794054154,-0.018922065544180335,-0.11078810493205207,0.055971752553914414,0.011762593656150882,-0.04717083713454026,-0.043945016168516635,SUM2_011009
0.02695012819253407,0.04069146535963814,-0.12787211556497172,-0.013616615232580823,0.1515265453646296,-0.017383256960260586,0.014004419085939673,-0.008339185638573821,0.07792822312680278,SUM2_002017
-0.058050651621648665,-0.0031754982832320226,-0.08982440808662957,0.004435052709612865,-0.06519403695293474,-0.017022328504040483,0.016803527278482184,-0.008423589291390818,0.03789838154490011,SUM2_005078
-0.12077649405200505,-0.03698915946801056,-0.42150081012203267,-0.02911347608563561,-0.05434525019123476,-0.019258606830984827,0.009972211775688184,-0.009262963231198504,-0.044501557561348125,SUM2_010450
0.5504303033487606,0.03494729722148769,0.1637104535782108,-0.05902608710328744,-0.30125969370259886,-0.020253736378020647,0.009810564281727161,-0.010704878617591809,-0.061590818375203124,SUM2_018151
-0.10462873526052345,-0.021496227273475117,-0.42029356194687023,0.015240218440630093,-0.02044023758737528,-0.019001277370503604,0.0058639093765843605,-0.007811109932784733,-0.07394384358294837,SUM2_006202
-0.1611294012008532,-0.006765201853120385,-0.5037173861487638,-0.053520072370415575,-0.09852453199463732,-0.020724196302713514,0.0033929845615444433,-0.009681691587430132,-0.06878672174189795,SUM2_012753
-0.14003491502483306,0.036888068249715425,0.07251558428396891,-0.027576418197472773,-0.008738875261340439,-0.01913260240200425,0.007852646323900318,-0.009151075943635189,0.174209423201253,SUM2_006471
-0.1804647277839641,-0.016794692160522172,-0.45450860425201195,-0.03981295322224091,-0.038773652846047585,-0.020052394476252327,0.005735481790372317,-0.00830058786564061,-0.0080043527356803,SUM2_013188
-0.24956914348363507,-0.08334471948756897,-0.3247420182967821,-0.10128689667735333,-0.005048582200464627,-0.020170432237266646,0.007416127374900897,-0.009578840974459685,0.004301196380490384,SUM2_010158
-0.058050651621648665,-0.0031754982832320226,-0.08982440808662957,0.004435052709612865,-0.06519403695293474,-0.017022328504040483,0.016803527278482184,-0.008423589291390818,0.03789838154490011,SUM2_010427
-0.06274329715634465,-0.05986608438022567,-0.04011483107654916,-0.034421849427725255,-0.03420661849965443,-0.02243876393303158,-0.009804601474829162,-0.008965248573284118,-0.15754169160533435,SUM2_001919
-0.14284657927781058,-0.06369557707402954,-0.31079463222018633,-0.027749885823296367,0.008060727155720029,-0.017313602297274723,0.007725576651252106,-0.008254767464568182,0.02578325123620113,SUM2_015937
0.20138881934231984,0.058703117848814934,0.35290623870448934,0.16886325118741538,0.11929979718694679,-0.018526247438910588,-0.023086060373639916,-0.012245338311756258,-0.05577087740865574,SUM2_000545
-0.20241050893313112,0.003689325618654238,-0.2622505371283954,-0.011685288796807747,-0.045035350461684984,-0.024864907157546044,-0.007724798949289608,-0.009580705415358125,-0.032665337298796476,SUM2_015202
-0.09691888424749495,-0.024324749889412394,-0.020266228476814474,-0.0006808950527229466,-0.02628254300446107,-0.019153443905687902,0.009756652097558553,-0.007595962160031224,-0.043393243356541565,SUM2_000983
-0.1099897253903677,-0.027980384654839357,-0.40583900810172346,-0.03479114706988784,0.011942875622366707,-0.020215508102396938,0.006008874005216759,-0.007829434293969522,-0.06292672664917436,SUM2_008164
-0.12724933665890364,-0.0015989575823422094,-0.4462384849329095,-0.006758466811704904,-0.022952036480804783,-0.022369518325491184,0.005988444967557647,-0.008348492827852026,-0.006854237282788794,SUM2_005122
-0.047358589306492005,-0.034711427194791755,-0.23820703554785466,0.019124619358405592,0.2527642691696171,-0.017728139799973487,0.013378701544251515,-0.00677269885977305,0.1266601733150611,SUM2_003066
-0.0690348138697894,-0.002360206222156156,-0.058112636385899016,-0.007672638370907106,-0.12300572451803064,-0.018564104437392023,-0.013073994398026038,-0.007235554146504959,0.027708929155364347,SUM2_014461
-0.07704569698830863,0.0204652864131812,0.5441420932216162,0.04821168320658812,-0.1467049158849369,-0.02221501117050394,0.02206540061195524,-0.01916038751044049,0.026705932986212204,SUM2_014922
-0.0951073456452923,-0.024720026847260067,-0.40984716248145564,0.024253177341772066,-0.08502278258248605,-0.019591091890339505,0.00994400290951351,-0.008704451970994651,-0.02719520420198222,SUM2_000610
-0.11895564242607581,-0.01462993661460461,-0.42207449454458656,0.06240461556114243,-0.0689624906885849,-0.02097365102893729,0.007414359036386859,-0.00852601537283339,0.003082462171769781,SUM2_010931
-0.18047968168172224,0.020208257429425773,-0.4670359732656514,-0.015215411166183085,0.006496328742162048,-0.019052599089403332,-0.0015813335550275646,-0.007672201574679759,0.009144632094653212,SUM2_008709
-0.10677541337156797,-0.0010309371790619272,-0.05529917651139643,-0.03135214269566644,-0.0791644769350605,-0.020617803819982128,-0.01198443651990147,-0.008043436478441465,-0.07141597112638112,SUM2_000119
-0.08852199577826,0.03231686802258927,-0.3019894459746985,-0.036584180644940366,-0.025075486017582062,-0.022751516875463607,-0.009554160747315956,-0.008653450478655393,-0.045426930943200314,SUM2_007561
0.02984524134407876,-0.04524307429830334,0.009427434895130347,0.0043732037464589285,-0.006820983259109746,-0.018917424988826897,-0.00900596635701133,-0.009279538096023214,0.030825779771299317,SUM2_008860
-0.19800308473130657,-0.016966238088614333,-0.4098242077593299,0.015961148778416492,-0.04493765120710368,-0.019148547871857966,0.005461309558463123,-0.008073054298775773,-0.05074767340013906,SUM2_015109
-0.2163219978634409,-0.0280676504923348,-0.5017949268086876,-0.0688096705374796,-0.10644052356212899,-0.020290693005122283,0.0058983033966078045,-0.009238157769130655,0.12726842336893265,SUM2_008232
0.2301817537270204,-0.061102110632068794,0.052532436300839515,-0.024728574516447003,-0.22076937354272969,0.07448368737501743,-0.03493082528349839,-0.04344058436623376,0.11767401511454756,SUM2_009734
-0.11121184154803943,-0.001928817343493739,-0.42077358940099774,0.016214577643853804,-0.04922423226101878,-0.021150206817778038,0.007059606488119155,-0.008410640829170831,0.011813889750586882,SUM2_017356
-0.011845022254843188,-0.005595742884588323,0.885750975890027,-0.005484810262503771,-0.0725189932888153,-0.01986585086029106,0.01659207671143196,-0.01214657688833769,-0.02370517762440816,SUM2_002865
-0.13168560297849788,-0.014977236235064788,-0.5486775349318549,0.07488891303309772,-0.019702721662757904,-0.022166036350250322,0.00779527733292659,-0.008198361529346932,-0.004033844183081424,SUM2_013817
-0.07983413138897441,-0.013747454501976297,-0.38339805612983324,-0.0035602988705522908,-0.05713405680872476,-0.022647918603499295,-0.00516722360551621,-0.008221271093826768,-0.05730900502984879,SUM2_009265
-0.13728580575981747,-0.022268658929325898,-0.3867908227407299,0.0280141899474246,0.01829309483266638,-0.016430404468935744,0.005605725614844452,-0.0060671237861066535,0.13522940330634076,SUM2_010245
-0.0797577921783895,0.017575916754483157,-0.3831242394190378,0.0086007134645087,-0.031156869497644894,-0.018433146673641373,-0.008352274180912877,-0.006860130203901348,0.00936467241544354,SUM2_014519
0.26633183131057914,0.045018834043233875,0.48200840992871585,0.020334379061616014,0.103722607551513,-0.015631757719998873,-0.01064301830955121,-0.007874572016020322,0.15196052748513908,SUM2_018084
-0.01848523444439565,-0.030597388355867304,-0.5087562573543253,0.0362778471513398,-0.11405823686168304,-0.018041489094040675,0.010071195401188022,-0.008013256824603063,0.10871841418032938,SUM2_009162
-0.2168152693782575,-0.056610624698775446,-0.3921388563837998,-0.06421475031483724,-0.049994319138119525,-0.02015406129580525,0.005941820705263032,-0.009693079014252417,-0.07385161623872835,SUM2_018088
-0.08352198438113537,-0.010473632218201977,0.14983388500369585,-0.011081230320934976,-0.06150215231687543,-0.020929028958760726,0.012055085809257526,-0.011947075411997462,0.029198155451024315,SUM2_017246
0.08718461835942493,0.008660251579398606,-0.3734959866004768,-0.03165972570335034,-0.19768010381448786,-0.020084642188616407,0.010189626132465861,-0.00844824024716095,-0.13505110946682625,SUM2_013979
-0.10469422457015151,-0.0036208405051966633,-0.3183367776309313,0.016443433848367193,-0.04696012856478786,-0.018812281536975416,-0.008165358922551602,-0.007095188087517209,0.006756625238690216,SUM2_007731
-0.041535325088828,-0.012615462553743174,-0.4065353432305486,0.018612170463609294,0.08867560803025291,-0.01879879511843622,-0.006471815636836828,-0.00646027891991483,0.014012522802068786,SUM2_003523
-0.14377820329294272,-0.017929248435791384,-0.528654788798707,-0.03337914656520322,-0.029049886922867484,-0.019924648366897505,0.005937724122800615,-0.00758861009280135,-0.05821631147496834,SUM2_006790
-0.12143239422371888,-0.009360848523901857,-0.39648960656889665,0.006818456285724075,-0.038612357837511026,-0.018772608207311352,-0.006625425075786608,-0.006409740502857766,0.0042460753819878625,SUM2_009692
-0.1152970859577331,0.011085459503678757,-0.38940938265665465,0.00930274236305349,0.09722537131627568,-0.01874129289045808,-0.008481187829285744,-0.006607358581905427,0.003663225978916286,SUM2_009012
-0.11874541864810237,-0.004421243620463055,-0.3583254420717835,-0.011618751150629268,-0.05342358725138373,-0.020136479796426965,-0.007824136242636214,-0.009028211982092322,-0.09014011549989609,SUM2_007719
-0.05071147312713198,0.012088471933739482,-0.31491853376836787,0.08889108049208665,0.028924482651092237,-0.02047649048393894,-0.003992782328442404,-0.007530310657988498,0.009300798865608698,SUM2_007621
-0.1280493309501493,-0.009288037553462535,-0.3516097247240415,0.026976049908930527,-0.03496648859838278,-0.021626205289463157,0.012803612566552653,-0.008484530488479572,-0.00013084845857420853,SUM2_012216
-0.18430232071749553,-0.015174745911645937,-0.46571490526732073,-0.0036712929429940783,0.0168865466979761,-0.019367937395720878,0.00605227091675834,-0.00716850237161463,0.11918532943208557,SUM2_010881
-0.15284375303983583,-0.01038563496318586,-0.01888625563587664,-0.05705875083025639,-0.029680339776187982,-0.020624567561884383,0.006627752924043609,-0.009697483861670294,-0.03184084243075811,SUM2_002860
-0.058050651621648665,-0.0031754982832320226,-0.08982440808662957,0.004435052709612865,-0.06519403695293474,-0.017022328504040483,0.016803527278482184,-0.008423589291390818,0.03789838154490011,SUM2_000960
-0.08362266875838245,0.1318219220083041,-0.2388895347410452,0.08778300878281442,-0.016240443028689277,-0.021679168606392414,-0.01067405683991635,-0.00875914390457902,-0.018914789908112083,SUM2_003466
-0.12847225146360292,-0.023605892270966437,-0.34135258212432423,0.04841205737201819,0.008254278632794418,-0.018136728970732617,0.004956132153919766,-0.0063771595548924006,0.12214033917698246,SUM2_011822
-0.12178928831726746,-0.01975748387716823,-0.3692615866334289,0.03529767740670794,-0.019416100894509795,-0.018290220898622096,0.007189110833805553,-0.0072939749895265015,0.007992749489374713,SUM2_005360
-0.09781184849673522,-0.0213500920550519,-0.5036162202650677,0.0027425761471129564,-0.08763212997606931,-0.018369577819147987,0.007089776633898544,-0.006820517739533639,0.15026777699569283,SUM2_014624
0.18135989863948798,-0.012884238610622148,0.0814928736962083,0.09389935316797636,-0.1280830555848462,0.07734938429912255,0.03592204825861313,0.18325343457475346,2.815696830857674e-05,SUM2_002230
0.0826353314707983,0.030014167287303894,-0.18359731125922255,0.15948501329617032,-0.001422470264987885,-0.017978561177847192,-0.010594848014658124,-0.00779234574398488,-0.08383022983088043,SUM2_016374
-0.20411187014262477,-0.037146164447306784,-0.42098006523838505,-0.03484422217774587,-0.04668477903457462,-0.02379629426550989,0.010940848124912328,-0.009442274664976803,-0.006432717879892892,SUM2_015341
0.08604082280963458,-0.009372193343120831,-0.3455897887345098,-0.01848528869400247,-0.21177588986309687,-0.020677560383377237,0.009668724170628046,-0.008960320429682683,-0.07718300829942289,SUM2_005573
-0.17894088163137595,-0.032648195657404754,-0.5083719228713334,-0.03642379768831394,-0.19067453532195833,-0.02110330254892756,0.003633235978638132,-0.009783391375762339,-0.0727597046212052,SUM2_005063
0.2720290454541103,0.04943725023327244,-0.039782941735428866,0.1891792013788732,0.024882903165198422,-0.017421907598694504,-0.004749912086177901,-0.007662617954950347,0.016552274330780246,SUM2_009434
-0.058050651621648665,-0.0031754982832320226,-0.08982440808662957,0.004435052709612865,-0.06519403695293474,-0.017022328504040483,0.016803527278482184,-0.008423589291390818,0.03789838154490011,SUM2_009552
-0.1707804663529236,0.0026140996874112364,-0.47019931120704717,-0.013207948711064482,-0.010719132388760487,-0.019051357340234835,0.006896650878742946,-0.00823046386742847,-0.005890937797644538,SUM2_000070
-0.19187915332183292,0.00454119843346584,-0.465169840488148,-0.010301622539470062,-0.13680519021263343,-0.02106281365353509,0.007582215842883848,-0.009530704774927769,0.06305088398648992,SUM2_000974
-0.1807430410641497,-0.028447507953947827,-0.44556949951808206,-0.010965618080426674,-0.1025142178560817,-0.0204195984443044,0.008054980553973736,-0.009113998041214603,0.16998209123889585,SUM2_015332
-0.15903884583542835,-0.023176424409826746,-0.40156763453748817,0.004876167017504553,-0.019903101856588952,-0.019865928986611638,-0.007471293903465011,-0.006296599142317812,-0.003590133089192131,SUM2_017535
-0.11424003727744828,-0.026737010872885835,-0.3276610752377703,0.011773515196894239,0.024510382550466836,-0.018234532280354748,0.0067205059401069635,-0.007129129446143254,-0.04899857668087987,SUM2_017067
0.10562120331975042,-0.03031022051029562,0.09143698860385194,-0.06120617828363425,-0.11361606365185983,-0.017964417255165704,0.015494809015010148,-0.03931469146888378,0.07032330751302238,SUM2_005923
-0.16902546589857098,-0.0014898544364737435,-0.46870662045945755,0.030381228450521942,-0.01606452466548462,-0.019936635751319255,0.005282953681379152,-0.007877238195032304,-0.01285609247125909,SUM2_015762
0.22781573598510949,0.059336346794812665,0.5248768740565638,0.12604177876072212,0.798637372686079,-0.038888760005565806,-0.016428695027364843,-0.007813392046780488,0.024243818898290935,SUM2_014796
-0.028566534531164995,0.11096968353044043,-0.4300458108762572,0.017044082957707388,-0.0758731173895851,-0.019403277982438478,0.007608391088763511,-0.008746303879546693,0.10337870953947634,SUM2_016035
-0.10797912118891691,0.0008343618756936948,-0.30099127382686486,0.03153751456954796,-0.049147613282491384,-0.022130931251212536,0.011792831067824538,-0.00879280869842834,0.01461486933056666,SUM2_011809
-0.08839867549518295,-0.03901715688380168,-0.3919196079559944,-0.012588793643594224,0.09355633512936244,-0.01968982847446861,-0.006493813656557644,-0.007383327256402399,0.025866004227691457,SUM2_009885
1.0064599110656598,0.16896930650644537,-0.09533004807505759,0.43054672335407423,0.7003266922457827,-0.023553644248602155,0.033890918057951525,-0.00655045932985886,0.02898014136252619,SUM2_014301
-0.14228326957979961,-0.03731586360011385,-0.3606973999532457,-0.052630089655098286,-0.05438917088329319,-0.020125327698812704,-0.00884432752380004,-0.009425687729026768,-0.007981981280164493,SUM2_012853
0.09618254827959713,-0.010594608496268953,0.7619236413265323,-0.003337738532920513,-0.01671653084373196,0.12319505195475262,0.015011763816734284,0.07541504035659256,-0.0022545739243076683,SUM2_014811
-0.034238180632460466,-0.009838525949424267,0.26734671870198,-0.02005655284746596,0.12331199994407005,-0.018611302227396063,0.010293473896567127,-0.009136479068130778,0.14298761207754349,SUM2_002534
-0.01972380764661402,0.037140179412583456,-0.06607198926843448,0.010242863317314239,0.03454920051887265,-0.018584941600007253,-0.012095639914759568,-0.007593327004812201,-0.12509299104506783,SUM2_007351
0.09618254827959713,-0.010594608496268953,0.7619236413265323,-0.003337738532920513,-0.01671653084373196,0.12319505195475262,0.015011763816734284,0.07541504035659256,-0.0022545739243076683,SUM2_010719
0.05774959037115076,0.021470252580727392,-0.20783327208441893,0.049044455916093216,-0.020031782117507373,-0.01898718263923737,-0.009998310279679627,-0.007908973195097853,-0.07621897714782058,SUM2_018934
-0.13685821768941814,-0.014867245379334709,-0.5134047202050448,0.01171120745413971,-0.07429648980033936,-0.012629203449176752,-0.012245344173496372,-0.0058155217691494895,0.17842789047681043,SUM2_016880
-0.14710902442487372,-0.016873989045065547,-0.1209553865199577,-0.0009130008063939939,0.06629425753271692,-0.018967916732981916,-0.005925848855422191,-0.006101839900840356,0.02574780146856766,SUM2_004891
-0.11285760736700719,-0.001197059556006534,-0.16244087228054016,-0.007154180413976426,-0.0905719254584683,-0.019396857372677757,-0.012219081080609632,-0.006783434418595353,0.04444077749822461,SUM2_010467
-0.11282517961659164,0.008036990897484867,-0.11524201512006269,0.014518746335582195,-0.08790097774705467,-0.020618850609575322,0.015038323764686798,-0.00859995524622784,0.03661986161180103,SUM2_012178
-0.06887834716536378,0.009801088196302135,-0.34586890690677125,0.09971824384830222,-0.04287019164959057,-0.019943535809638223,-0.009083624286646701,-0.007511499452378986,0.02369654450003152,SUM2_005526
-0.1389675515068395,-0.03202789419622127,-0.4584934871140541,-0.030340298962287078,-0.007349802945586695,-0.020607160134706527,0.003357320736836053,-0.009532742806335934,-0.06753708200230166,SUM2_010171
-0.031009555652982773,0.02249359008032696,0.218541028108228,0.07389025353676494,-0.0311890900269144,-0.01958048641821517,0.028749163116063615,-0.011032497312037023,0.0324650450627479,SUM2_018264
-0.17210838298082004,0.001345367624007931,-0.45868005264837464,0.005547369581953986,-0.0253372552374062,-0.020197533339255537,-0.005626152183699708,-0.007932325825681734,0.000845433471170056,SUM2_000022
-0.08225496743116327,-0.03678271761459338,-0.5296958832344305,-0.07794685402338472,-0.17835306892049688,-0.02158122925865654,0.010039464970783533,-0.009031218614916951,-0.0996099300762913,SUM2_004018
-0.13407941370647158,-0.05893974567915513,0.3801986255214958,-0.01984872526658058,-0.11189581271815303,-0.02474261735557231,-0.02878522811327696,-0.02207121485729218,-0.07128266309310041,SUM2_010616
0.017289903024448886,-0.028597917186864052,0.6374935309250402,-0.08170377815762371,-0.14402532573900553,-0.021913300605304664,-0.024834158128536246,-0.01904935786361113,-0.09213804095633944,SUM2_017959
0.1173501217489751,-0.047569987460231625,0.11014214363826466,0.06624549210687589,-0.17359027546423728,-0.02079541998864536,-0.029661464369035627,-0.038335000761798264,-0.07023310832393485,SUM2_015022
-0.11393957073961458,0.005141096788567723,-0.16851341224371313,0.012532915012711202,-0.013132138312763678,-0.019295090612812937,0.02325195965934989,-0.007876135404890326,0.03423945699976536,SUM2_012689
-0.1567318713951795,-0.025994788673069348,-0.03131503792286916,-0.023498587758586476,-0.1587031225045341,-0.019298156413214702,0.02090835568405871,-0.008888848573469808,0.08286068530889318,SUM2_009320
-0.09821303906330368,0.006993461769017195,-0.37029319505437086,0.048986054351651556,-0.006032378013832974,-0.02097172758366863,-0.007783657369250059,-0.00827640555019497,0.04740431416515729,SUM2_017223
-0.13129599556588503,0.012465451641733141,-0.38080907514971396,0.01572181085029143,-0.036619115546120656,-0.022497376691782724,0.007568070744411681,-0.008752372233687345,-0.004892693199454662,SUM2_005859
0.16105491046905981,-0.004662820440393663,0.27770464097927555,0.022073916450029034,-0.13923946689147418,-0.021356970969837654,0.039571966005983006,-0.030337984722263754,0.012226282973054795,SUM2_014404
-0.08773659353438559,0.0024733301724338577,-0.21125169826111473,-0.002447668926602091,-0.03125344570983144,-0.018981269082295728,-0.016556646356611315,-0.006423562361227199,0.0294613757222829,SUM2_005765
-0.1641410697691191,-0.0021446515704386716,-0.36025345137262266,-0.026179026056072873,-0.15089789640290494,-0.02056653361173138,0.007910635501025004,-0.009859637931222494,-0.09878118060577286,SUM2_007333
-0.16829186790020487,-0.004304274931819096,-0.4193695027622386,0.008825645079640277,-0.10468987541104757,-0.01869111303605975,0.010112230187444407,-0.007751392578758916,0.09988690832533531,SUM2_017272
-0.001551695514748988,0.06437310750074066,0.05187116078863977,0.10668884541576107,0.1703783514889559,-0.015660353870675093,0.010471346629204296,-0.007057028395716876,0.06808300503632617,SUM2_007188
-0.06398062809513651,-0.03418656891902007,-0.37104977836050546,-0.024760037747383334,-0.05399045053584476,-0.020076271947724097,-0.005921067742648576,-0.00951207951799206,-0.020577040310828486,SUM2_006299
-0.10568290259583854,-0.02145253865065449,-0.025940929176452555,0.01089969288215429,0.034187235232450756,-0.018524185402907435,0.00966040288455366,-0.006860815168523741,0.0434813262610735,SUM2_018700
-0.11614818450758543,0.01797374781552167,-0.3126246912658682,0.03581502324394833,-0.057410866617951764,-0.021007517874354075,-0.008109985648663245,-0.008056526858653988,0.019391908802213597,SUM2_007033
-0.15419104776423348,0.05585748477489287,0.045385271509626984,0.01193747930902093,0.14869292774557333,-0.01768220407654216,0.014927697811293883,-0.006812507797497573,0.19354482889977914,SUM2_011337
-0.1485676469309448,-0.05581880807735914,-0.2992366179506874,-0.01875686350700888,-0.06936916120860973,-0.02269094757006873,-0.00876183222277192,-0.009285476269294688,0.059766438178358514,SUM2_013838
-0.07846768033487744,-0.013803529189166174,-0.4062199954684392,-0.04703591523158422,-0.11354828853540097,-0.017594258346072422,0.010856263507858644,-0.008969405198586737,0.052243011580734,SUM2_012686
0.06408816061840414,0.01014798707659569,-0.44125313159728635,0.0006110345732302576,-0.028554056326240397,-0.01866087878605143,-0.00840016634313782,-0.009140052352696996,-0.019644971907651645,SUM2_010499
-0.19123469751776165,-0.048037004607602726,-0.5265619851152883,-0.04873890178267715,-0.13500413781130643,-0.02062851837420814,0.006401655835257858,-0.00919223504398149,0.09904671462304233,SUM2_011604
-0.08117463075293838,0.0209380609045162,0.061328988668467074,-0.0506474628711084,-0.1267475538049576,-0.020704749132754628,-0.01778209827360134,-0.010244370482084968,-0.09626659329407863,SUM2_003545
-0.12136125560980919,-0.051569969716561304,-0.45886521807170294,-0.017275739350381968,-0.10177521023239693,-0.019805842999917105,0.0086126716807202,-0.00916552636549368,-0.04922274366196565,SUM2_009644
-0.07205967944551142,0.008544644171530872,0.4131127611837491,-0.02863325201898073,0.14266600911311006,-0.01996200171977299,-0.008796060833020496,-0.013686546571708758,0.01841594748289253,SUM2_006955
0.01361332139228314,0.016930965141510594,-0.23353208857449662,0.02681476701583581,0.21567408808090027,-0.018528621117721626,-0.01226439131808155,-0.006172122784432316,0.017851588816268728,SUM2_012062
-0.14819315526081486,-0.034753554446099066,-0.3475852235624307,0.022574449316547795,0.014463726863027304,-0.018488114966486023,0.0056263081075535746,-0.006890877103737187,0.18192675005164344,SUM2_001086
-0.07650392316052204,0.006635016466238307,-0.31002700314802156,0.06046289127329181,0.024676007791057355,-0.02143877915441243,-0.008715018756439739,-0.008587484051220472,-0.01904048497906044,SUM2_005269
-0.04898782518750915,0.09842887719825903,0.03274897550255439,0.04743060957577151,-0.08454720341225894,-0.017627361120219502,0.00477815268436621,-0.008511880488315006,-0.08447789128523273,SUM2_014070
-0.16467569915176034,0.022771015790844517,-0.20030216847647245,-0.023791419353526987,0.06143121380889954,-0.014912485848554155,-0.01367385128164202,-0.006618205108040861,0.09150981203169588,SUM2_014989
-0.12080661768646923,-0.0035600744981718656,-0.3405646605916715,0.008886563705211913,0.07646930502989667,-0.017499822344130764,0.00925510009856136,-0.006490345198331707,0.01844267936987344,SUM2_002316
-0.11369823109879065,0.0026651951545578084,-0.4813667260793588,0.07821491365135744,-0.048675515622774335,-0.021655504685045675,0.007704754432848028,-0.008234081080886588,-0.023505831592523292,SUM2_007350
-0.07760421584319754,-0.030274003645953403,-0.06573370184984505,-0.06973837262488072,-0.09835518532034897,-0.022390031788490687,-0.015103985320861362,-0.009902665178314535,-0.15468502405065893,SUM2_000608
-0.06340807313425419,-0.002378766547234232,-0.3191198836832104,0.07416954579977439,0.031658877976181846,-0.01740480701461266,0.005963655079043798,-0.006580135058630282,0.11818316853570958,SUM2_008359
-0.1891671101242201,-0.03264391699516724,-0.49909481003273626,-0.017057330792873547,0.001307587561901788,-0.019666052721791658,0.006014045094047687,-0.008654132016094438,0.13316100565548242,SUM2_011575
-0.09933474614763448,-0.03776796562706643,-0.36699918408766247,0.04863580471149618,-0.010197591863218575,-0.022119394888164418,-0.006672901789581619,-0.008450796398132458,-0.019500097634318297,SUM2_017621
0.4910820215500693,0.020000021711607804,-0.2437808420049567,-0.014652338079193578,-0.042288915650845506,-0.018785502954231526,0.008056612358529577,-0.008414661682852025,0.03922402891889128,SUM2_018709
-0.09754618746529477,0.021813097099857744,-0.1598859965533348,0.06313278781731754,-0.03309369386154157,-0.020276924555308072,-0.013095223920127736,-0.007685377998453877,-0.013569736368808918,SUM2_002441
-0.21840692188954688,-0.029528538728692637,-0.5090674579165906,-0.06725444406562872,-0.12171369348006353,-0.02036887621648396,0.005965311598017049,-0.009223512768876906,0.1056779533914239,SUM2_006297
0.0063956894892241685,-0.06436135025318715,-0.2629756973789183,-0.06686579365815562,-0.1507884677902947,0.04510328877389064,-0.030969426045357677,-0.05016374343873518,-0.010019736456723771,SUM2_007968
-0.19665348900723661,-0.040566499281637566,-0.3406346738156489,-0.015319718153777983,-0.043708259459471,-0.019953158231489816,0.007572874480812708,-0.009291099729400945,0.1546943430148028,SUM2_004864
-0.12445675937415471,-0.062122638801973676,-0.3844772532734325,6.41545376983032e-05,-0.09031144648462948,-0.019020728113043762,0.0077763550244786955,-0.008032111778666912,0.022575146078561453,SUM2_017114
-0.09456456127379823,-0.0028757440671016974,0.3634749069835713,-0.045137395253630405,0.07721580834357097,-0.01979163847263074,0.007932696754008945,-0.01454911347097201,0.026388640574400334,SUM2_004419
-0.1413177197842304,0.002820458224124113,0.03375593041028275,-0.015387130705533741,-0.08091715418323803,-0.01977752108826746,0.024495877565136916,-0.012730798069137104,0.04743930181363362,SUM2_002707
-0.0788010340966641,-0.05180386483566444,-0.07225585264949926,-0.010834242747892131,-0.039467301701190456,-0.022075248072828058,-0.010356042545525536,-0.008715247812034527,0.01165049746426417,SUM2_014753
-0.10593369031712634,0.0005430954747466694,-0.388781840566412,0.012853533286244206,-0.023420630909989155,-0.021255295996253958,0.008084934763580224,-0.008495495109332679,0.009029229980377529,SUM2_014324
-0.0274787538898145,0.014344643533575263,-0.3570930997441809,-0.03649298729346946,-0.08022961807774587,-0.018023194943827946,0.007573047547075863,-0.008786145831863988,0.11180798691377543,SUM2_018814
-0.06686603176062494,-0.005889109470682047,-0.12198569349149169,0.019696868023123242,-0.045310502421167076,-0.022173964260388184,-0.011868438955681617,-0.00874452465134994,-0.12838919590757278,SUM2_003754
0.3069239843597942,0.04475522658562196,0.5126847663738257,0.21452290386563075,0.188526328862452,-0.016327347918804386,0.027566917670857387,-0.007579972737121858,0.03788206192227888,SUM2_000328
-0.10915854403442811,-0.005018936373682986,-0.4540867016408539,0.006289037360173835,-0.03676182558685852,-0.020861348340827843,0.010062806559468587,-0.008480486754576754,0.022744676882879174,SUM2_015859
-0.03641401713075317,-0.013090612565130996,0.3872171181868517,0.02138701896942882,0.032417566949288844,-0.01653990301818948,0.01770052702529564,-0.014336860992494996,-0.0015286392743924008,SUM2_018985
-0.10463211127708046,0.012097911573808077,-0.041689574819052735,0.06869974665938683,-0.059329721071769745,-0.021393815009338686,0.012563530017724242,-0.0081212106819071,0.037755644132403995,SUM2_011022
-0.10541634170601451,-0.007881468615347973,-0.4425346878803712,-0.003303017393766336,-0.05114909881275957,-0.020914418666784444,0.008969690877063239,-0.008449059486934755,0.013566249250061174,SUM2_005930
0.09370684843368812,0.05934029959540099,0.1995161965439507,0.0633016421126206,0.2573482270786519,-0.013677667203667945,-0.01081968886006426,-0.01027513047662985,-0.10314786982971813,SUM2_000392
-0.10342956184288463,-0.0077756556463621255,-0.37595084238736487,0.01697494306187415,-0.03669301760703052,-0.018935155004868236,-0.007356640657910934,-0.007091865794793368,0.001971242747757524,SUM2_003875
-0.07322298765393583,-0.0031706241711411953,-0.2733043495280178,0.017412266012612292,0.020138961611632922,-0.02195432862832369,0.014237002767770351,-0.008656521710667813,0.01360286019212808,SUM2_008045
0.4076440013091391,0.0033601763219996334,-0.2465428787767002,-0.04671069333477887,-0.2104055876547016,-0.02226478384518899,0.008552373647787138,-0.0095521266904642,0.0009585043737648138,SUM2_016569
-0.1009898575853178,-0.020617814222195868,0.4255928530205441,-0.006330303689067482,-0.06330101600039999,-0.020107209995539783,0.011285003752888672,-0.014616390125525399,-0.03556432977150425,SUM2_004051
-0.2280492441965189,-0.025866480968886656,-0.4676303748375788,-0.0026580429602418394,-0.12350690683117269,-0.021166385989847554,0.0054659185284551635,-0.009379420455612157,-0.07248325664636238,SUM2_007881
-0.16588364453746968,-0.049394145384874945,-0.5276387291769982,-0.05726947913077572,-0.18445825822558692,-0.02131973786151914,0.006532012277933276,-0.009856189520128157,-0.07316783629492782,SUM2_004387
-0.09519965427127128,-0.025013762350839474,-0.3409809958113049,0.03859529017253904,0.051382468889631175,-0.01711526611095317,0.006682446607676355,-0.006961205069778022,0.18561164886299392,SUM2_014635
-0.12121065711534222,0.0258865082549275,-0.010253735484786204,-0.012512734363495199,0.06626303931047128,-0.0199568625464559,0.005777871697657858,-0.009709514558290768,-0.048767578510449015,SUM2_017134
-0.10332323447462688,-0.02227964855595275,-0.4070027673893753,-0.010521169039727916,-0.06534085128157491,-0.020737511238445555,-0.007809386142109412,-0.008163232623070227,-0.08567895475508676,SUM2_010769
-0.11730279634686203,-0.02412931415183208,-0.43052283612662245,0.0010368554063073794,-0.0832326866460145,-0.01874844138272927,0.007367708707350778,-0.007728462201844945,-0.03379836278061856,SUM2_014597
0.09618254827959713,-0.010594608496268953,0.7619236413265323,-0.003337738532920513,-0.01671653084373196,0.12319505195475262,0.015011763816734284,0.07541504035659256,-0.0022545739243076683,SUM2_017511
0.13609836592460778,0.011699688853847486,-0.27399028393145414,0.03618194695417854,-0.026313286778184182,-0.018752157998014378,0.01149120725831156,-0.008869376258005593,0.06209249008894997,SUM2_008637
-0.17321172019293868,-0.04087723011285599,-0.4853495431173845,-0.031243940049623074,-0.12202840452467038,-0.020821046674583517,0.0041084265197078775,-0.009211737492317724,0.09660222436089953,SUM2_003582
-0.08173161694610163,-0.011536976727805815,-0.42934966195696944,0.028843085815038715,-0.06489106869689414,-0.017491032396714835,0.009384858950506236,-0.008191236833746247,0.19448660035502613,SUM2_008114
-0.12398519760848195,0.010448023192394589,-0.36472090372549254,0.04119433639122054,-0.017358192826028483,-0.02120550551553891,-0.004990726950645561,-0.008022745152409937,-0.04814717218958268,SUM2_013751
-0.10913303773217053,0.015125664457818882,-0.38119871837983554,-0.02013936065941372,-0.055215184571998435,-0.022202804654715774,-0.006243724985071472,-0.008547574100797317,-0.10785264946521486,SUM2_005490
-0.11353738581761849,-0.010396820314156494,-0.3719841674182248,0.05674281502965591,-0.042366564348677596,-0.021171594605748283,0.0009888243362995706,-0.00821958175697582,0.046167803057858094,SUM2_001050
-0.05098778232455527,-0.05983212389670489,-0.5308860078506037,0.03366060275873177,-0.21472842834440303,-0.019886352503270626,0.008730130686237705,-0.009660621723461302,-0.08935022046880678,SUM2_011146
-0.10783324740319349,-0.005229002066329813,-0.3480824527338191,-0.005720031104674516,-0.04620122897416973,-0.019137200237861317,-0.009194433542333838,-0.007003807763385913,0.007238708650978762,SUM2_010610
-0.1725544688740706,-0.021815356184009878,-0.47122970461559593,0.006336447389696699,-0.03834221652764853,-0.019410411483528584,0.0061154774509480075,-0.007852334770244634,-0.05190608107458696,SUM2_007877
-0.18310028096829267,-0.02542168533000721,-0.48029479749383475,-0.06861314351704072,0.01588726595745516,-0.020847778086955693,0.0056236402347226875,-0.009421407972779587,-0.05493050088175181,SUM2_010884
0.18568358576832472,0.1539351888142723,-0.1584722864244999,0.35874227807142983,0.0760352034064517,-0.016733966679089253,-0.004265743238721418,-0.006905282265278217,0.006285064402874442,SUM2_001101
-0.013027450413134545,-0.049319987818421986,-0.39130235501903465,-0.026004144152084872,-0.15722169175303805,-0.020513148543629085,0.005368544899793902,-0.009169649476147039,0.1740272230925854,SUM2_002983
0.21171650041975415,-0.019721602395334423,0.08865921097051284,0.07740515415481104,-0.1540016065204409,0.07880248110754436,0.027616038314991254,0.17356766956075684,-0.004950851475577509,SUM2_017894
-0.07369807092537853,0.016412088782734195,-0.387800055994726,0.1020817421235665,-0.030946507507215604,-0.020101955348077544,-0.007856990176324782,-0.0074102135747362435,0.020578563335286754,SUM2_004189
0.0443072073697881,0.014025802249222886,0.19877696758171406,-0.016831793239144945,-0.008474968741364695,-0.022385685396663784,-0.00526502826688894,-0.010168938946528287,-0.12160289636022867,SUM2_013478
0.012107153985551438,-0.022661953721999577,-0.3941540196189882,-0.034240049420792354,-0.227931507754522,-0.02209175804127975,0.00874194562055594,-0.009726616342815289,-0.08410306136763507,SUM2_009298
0.09423712323566792,0.03088030117278693,-0.15634254637487352,-0.008428685937868547,-0.088459379634201,-0.019880030488607987,0.009120707258966111,-0.00879259946439337,0.11301899886413853,SUM2_006832
-0.11139674915495087,-0.04513292041262315,-0.11659878667991364,-0.026726601527184292,-0.12631828972238274,-0.0190544557308925,0.016886800728513122,-0.009578164807383676,-0.019979460466969263,SUM2_017273
-0.12045879305812728,0.006542363085457021,0.1930969392210159,-0.01532035785917094,-0.06945622859792686,-0.02144290524617279,0.028194454645420162,-0.015765941567989026,0.02429958181313228,SUM2_000601
-0.16588319888860223,-0.0010003358320894971,-0.40304754376226243,-0.030009283215216388,-0.15172506104023695,-0.02056653361173138,0.007910635501025004,-0.009859637931222494,-0.0980638325764687,SUM2_001506
-0.1603441122466694,-0.0061515860631624255,-0.3724500240292067,0.05004650973319709,0.0302839077949984,-0.019689016723395958,0.010046263263827414,-0.008530871755634911,-0.013287586768217929,SUM2_013891
-0.03223341301790994,0.011565039632280092,-0.3455069634112458,-0.050310308302582964,-0.13963148674937212,-0.02055468978901324,0.00944375457913423,-0.00982543509334021,-0.05409051091917758,SUM2_000438
-0.0873708497197819,0.0070920955601980985,-0.12707165264518788,0.04140402070815167,-0.10199743114023203,-0.020904288549460026,-0.01046899372245696,-0.008076514429968096,-0.11501511272165099,SUM2_013432
0.569364551442457,0.01370623110424784,-0.315935428562534,-0.08493303895753171,-0.35862670413493813,-0.02548916793446384,0.008589238294877122,-0.009829474622579066,-0.0943602368712244,SUM2_001576
-0.12565881775425744,-0.013701035118161165,-0.34473772236606937,-0.0028362244719988463,0.12374363349907203,-0.018001844245891466,0.010994706562022024,-0.007384863023458926,0.11036691247713912,SUM2_004239
-0.09412069087355093,0.004607696803898142,-0.3770431159222305,0.01917364274784599,9.571689212958812e-05,-0.01788319517594076,0.00674852396901055,-0.006723466583092109,0.10650611982494618,SUM2_004035
-0.02861757016604377,0.009506850222359834,-0.23532073034264625,0.05335958545302581,0.012766006923341492,-0.01682937245936433,0.0069568054159320075,-0.008359651474799026,0.1485642871456214,SUM2_014090
0.18135989863948798,-0.012884238610622148,0.0814928736962083,0.09389935316797636,-0.1280830555848462,0.07734938429912255,0.03592204825861313,0.18325343457475346,2.815696830857674e-05,SUM2_009163
-0.08755182300909307,0.022455707305211563,-0.024900649045703403,0.0045072406662539175,0.11804031770996962,-0.01753396249867046,-0.012041280922094857,-0.006402185822390741,0.0371535088134209,SUM2_016019
-0.058050651621648665,-0.0031754982832320226,-0.08982440808662957,0.004435052709612865,-0.06519403695293474,-0.017022328504040483,0.016803527278482184,-0.008423589291390818,0.03789838154490011,SUM2_011297
0.28005175227100854,-0.021064812098114775,-0.46564641616974506,-0.057995274392271826,-0.16945334124752767,-0.02431619948625433,0.007967842511714748,-0.00793000667623456,0.04347944425635421,SUM2_010860
-0.10977827545709543,0.02072203802869426,-0.3250715186112667,0.08345901858930307,-0.028041052282474388,-0.01963931588394908,0.011994440462043957,-0.008539764499826482,0.0026977353894461487,SUM2_008351
-0.1317262238922897,-0.05779969914222184,-0.45962125319563774,-0.027208518823594995,-0.14602593893659727,-0.021161322321545113,0.006439257133833818,-0.00918790207351734,0.043330070929486555,SUM2_014770
-0.06928637124562945,0.10707982919081413,-0.23004917581363565,0.14531493141945995,0.024205946887220837,-0.02140420726670205,-0.0068225941313886426,-0.008519665360809704,-0.04085702457234,SUM2_013645
-0.128507269244925,-0.0264561442906438,-0.5198237560460431,-0.0192647021043335,-0.10764812427945532,-0.02064042251321907,0.00795553783573858,-0.008929696282590261,-0.0816250508816825,SUM2_005193
-0.19510773054179403,-0.01604803907729149,0.7637238753947071,-0.042891102937272475,-0.0409105095353747,-0.020908520153958145,0.014440035858021286,-0.014016227014313206,0.005015735242596682,SUM2_003703
-0.14877833400930915,-0.03321310620150285,-0.5048015510407944,0.0013285681599936538,-0.006283892927924318,-0.020341057880677034,-0.00669624494483363,-0.008185141153943521,-0.012288817719597969,SUM2_005892
0.09618254827959713,-0.010594608496268953,0.7619236413265323,-0.003337738532920513,-0.01671653084373196,0.12319505195475262,0.015011763816734284,0.07541504035659256,-0.0022545739243076683,SUM2_013048
-0.13437947591971833,0.012151197657040801,-0.31225335803802234,0.03377386566616752,-0.014906603515544048,-0.021340231638170643,-0.005556952372837513,-0.008058124497865755,0.008270702659219005,SUM2_002144
0.09618254827959713,-0.010594608496268953,0.7619236413265323,-0.003337738532920513,-0.01671653084373196,0.12319505195475262,0.015011763816734284,0.07541504035659256,-0.0022545739243076683,SUM2_016726
-0.12088033501760682,0.017637739171385426,-0.2598943394807032,0.05840616911985419,-0.006907725174317715,-0.021220576767782114,-0.004874691091732153,-0.007949208378968836,-0.032462619649105164,SUM2_002898
-0.14706402006475927,-0.06529389765527123,-0.5352518546094325,-0.04454822574138839,-0.17413034757115164,-0.021350911981227672,0.006410868185905047,-0.009593769088325148,-0.04392207566751441,SUM2_001736
-0.1518908907228993,-0.007371433051125598,-0.43478763804477916,0.01406458949138143,-0.04132496764106991,-0.020128112492182347,-0.001301722641192726,-0.007706114152424453,-0.0664739311008826,SUM2_007161
0.09618254827959713,-0.010594608496268953,0.7619236413265323,-0.003337738532920513,-0.01671653084373196,0.12319505195475262,0.015011763816734284,0.07541504035659256,-0.0022545739243076683,SUM2_010345
-0.08208212500597319,0.014680887639934914,-0.3030821293176039,0.0056438913126471155,-0.019882275731749395,-0.020891902358724023,-0.005600389172632353,-0.007613965785718685,0.05275528286946134,SUM2_015526
-0.128413081869974,-0.0668393252845705,-0.35335782731774357,-0.05237265076967244,-0.03861153277423873,-0.02058788520092164,-0.009347964851897131,-0.00788931079360031,-0.016083508795848325,SUM2_013805
-0.22098798960530566,-0.019251224406451925,-0.3926836711692818,-0.035937065720376374,0.01804133867901847,-0.019376798321427392,0.005598615591931713,-0.006778884070727216,0.09277068434072891,SUM2_010348
0.10381886771888578,-0.023621308206408884,0.3724530413211185,0.017985654679854624,-0.03835695264772818,-0.018839691999606896,0.047687013707465475,-0.02897021062963078,0.007803659429098264,SUM2_018104
-0.0480840048077497,-0.037442061409664065,0.4032644068642545,0.01604245054608746,-0.06922995287599516,-0.022009767047985664,-0.028156749823694392,-0.019482907592489395,-0.006287237758966102,SUM2_011802
-0.18634150362912794,-0.06313476900848243,-0.45723064657185164,-0.05160626482796184,-0.10097830632905065,-0.02101099180807331,0.006533792120839833,-0.009818827914021262,-0.05821679564143519,SUM2_003105
-0.10616894610733696,-0.020786192069522834,-0.379969480157782,0.009915820749556525,0.1058264683425996,-0.019772704332569762,0.00830203059833098,-0.008596615258589136,0.014920812679496267,SUM2_012718
-0.11155650671260234,-0.02761974026422078,-0.3301748896866775,0.03239032426238524,0.021844106872449264,-0.018239276847409433,0.007247955951832507,-0.007135481724467478,-0.009539233961275264,SUM2_010471
-0.17369147484360475,-0.06530582237995954,-0.3897342331237811,0.007140565598749285,0.029962272008422285,-0.01925280015868524,0.0070402962835978185,-0.008198931222205226,-0.03344045116402071,SUM2_001413
-0.13425373883933603,-0.02076166801895951,-0.42978219962141645,-0.011696344844953936,-0.01957812792221455,-0.020254783591073473,0.007136348031610269,-0.00873628194029692,0.005161488687825863,SUM2_013821
0.7431126059568547,0.061762483533596105,-0.07981439149396172,-0.009395234756252277,-0.1271327120590687,0.13470566648583754,0.00981694879433817,-0.010488679299711336,0.06836046651277357,SUM2_011276
-0.09629614205590735,0.019676956691228552,-0.3678243003759841,-0.0036312169313925044,-0.038807678913688054,-0.019778822371856953,-0.007114070880106347,-0.008157583569595128,-0.00023102007135484827,SUM2_002626
-0.11397397350068957,-0.015517914875011238,-0.44250673772581417,0.009135566399235911,-0.016630008714773926,-0.017655989019895547,0.007730241375022912,-0.007472500608830014,-0.06136132884350036,SUM2_010834
-0.11387865760662338,-0.03480081737544098,-0.433128050850911,0.0329152509887859,-0.0286663398232929,-0.020440179697616415,0.009112585994430386,-0.008744649026747724,-0.018020934185309284,SUM2_016689
-0.07174650755871724,-0.050373352270077575,-0.42919868772687675,-0.0011537830352280547,0.02857705564346985,-0.017013725910511073,0.011909986091665863,-0.007231094107030836,0.06167326541559735,SUM2_003131
-0.1088434756940988,-0.09523993448493093,-0.4350804407426475,-0.026072983404846185,-0.0050681459089256115,-0.020442650818331798,-0.006503456714529128,-0.008550428089074575,-0.029493834551159736,SUM2_003175
-0.11733408202436102,0.027885036397365743,-0.4242571686052282,0.04834955847669984,-0.05077110145784236,-0.019561733003051328,0.008344185495804114,-0.008295615233827835,-0.024132661585924316,SUM2_009334
-0.11263142415702473,-0.010916168245917091,-0.4202506837535041,0.053161329142297195,-0.0051124161256609815,-0.02188229547451006,0.007020521149755156,-0.008029468724553936,-0.012282393818998436,SUM2_002158
-0.17665814185864762,-0.0033700717482247817,-0.21669555561588189,-0.019283765863384872,-0.03342177424857095,-0.024274057676953516,-0.007637564255452503,-0.009563298757092178,0.054707440275278976,SUM2_007543
-0.0767049914028899,0.023733456760078202,-0.39159686850300907,0.05673670868103635,-0.03877868276304481,-0.012681960338433365,0.006116443836117771,-0.006104303686190223,0.2588515722841437,SUM2_000024
0.09618254827959713,-0.010594608496268953,0.7619236413265323,-0.003337738532920513,-0.01671653084373196,0.12319505195475262,0.015011763816734284,0.07541504035659256,-0.0022545739243076683,SUM2_012645
0.09618254827959713,-0.010594608496268953,0.7619236413265323,-0.003337738532920513,-0.01671653084373196,0.12319505195475262,0.015011763816734284,0.07541504035659256,-0.0022545739243076683,SUM2_002982
-0.17620508554155712,-0.018720546661313044,-0.26343808972946414,-0.07252262691903173,0.1058965814328249,-0.019483476884945873,-0.006815059544533213,-0.008953499915579161,-0.0026999604651740143,SUM2_001418
0.003572306201072957,0.008568198950079335,-0.26915983256169024,0.031092189392219527,0.23564561961139194,-0.019309281000590522,0.012517687161605295,-0.0077293627717870735,0.029476789264470983,SUM2_000843
-0.17429711029528366,-0.04044876400420601,-0.4948319493042367,-0.018730159501309317,-0.1388288702557233,-0.02078492425567067,0.006321430930853118,-0.008787658382446417,-0.06017565384385391,SUM2_008840
-0.18572857392349457,-0.05919673808570519,-0.05744328088010468,-0.016839892272300323,-0.10229101991079578,-0.023479147744256783,-0.01170822758144574,-0.009514334048697004,-0.019339464058185478,SUM2_018076
-0.020486820601323286,0.017207752502608465,0.7735062703405672,0.024215303477641975,-0.10214151953482535,-0.019956514679246706,-0.027684381693358944,-0.01681620161660421,0.02071647156955985,SUM2_012821
-0.04773056135314914,0.0016448284935853014,-0.4461119347476307,-0.04097213653872652,-0.2235234028372451,-0.021615788280349178,0.006011222477525724,-0.00995397261040198,-0.0819615272857945,SUM2_006249
-0.1998495374733747,-0.016155036702160213,-0.3905198444055385,-0.033833891559251275,-0.0899990705379905,-0.019059440785594572,0.004170135903125391,-0.00952588267402359,0.19168703833958503,SUM2_012246
0.22939373046545156,-0.002869072529478149,-0.4126315321129401,-0.04330542961906712,-0.16678033528740377,-0.024059844380942524,0.00871973853588319,-0.009156410710321337,-0.026026010503852948,SUM2_008308
0.5094198077119463,0.03918845498321768,-0.11842693074932154,-0.05330624134863886,-0.1962008805510062,-0.021653454453146752,0.00993644966734754,-0.009726427930518342,-0.08035130182473413,SUM2_000169
0.3764342749300233,0.015745602784457066,-0.2809673147883307,-0.02808469760783311,-0.052251060204207014,-0.023074573506723036,0.009045625916835245,-0.007380651598892526,0.09564942315704106,SUM2_000972
-0.08667193283274346,0.002265628553556893,-0.3630999265729744,0.10067708178703279,-0.07280409327672144,-0.02007014070816156,0.008252231892493234,-0.00801797132965803,0.00964644169857411,SUM2_014755
0.027563840285885793,0.016806555371780687,0.5264861756461017,0.03398453467739317,-0.1226699077187113,-0.020821322976262192,-0.0370477244068267,-0.019543464844185114,-0.13721911139931256,SUM2_013816
-0.1373554694771308,-0.03414104323632762,-0.42197799996564117,-0.07498783145407253,0.018177763956756014,-0.02022229571499079,0.00705397387730595,-0.009178291143802222,0.1599036149807269,SUM2_010579
0.1099710490732734,-0.04169502824917469,-0.2917927794054154,-0.018922065544180335,-0.11078810493205207,0.055971752553914414,0.011762593656150882,-0.04717083713454026,-0.043945016168516635,SUM2_009967
-0.08512906960897207,-0.012738055177836346,-0.3698833569959571,-0.0038521943024870165,0.018973745642980624,-0.020686936019616565,0.011167566972870644,-0.00810736769464578,0.015733059229924136,SUM2_000500
0.14162153648684278,-0.02101107424327154,-0.2597542988937013,0.01827929988955867,0.17477431604220336,-0.014663143203753023,0.010833328683140988,-0.007096602674937389,-0.01379029632032328,SUM2_005699
0.12377089193803806,0.1436970792234838,0.035606647589746986,0.12871292242033688,0.049460750225801466,-0.02063006192786261,0.009096695221517381,-0.008040999079479867,0.030985168874304962,SUM2_018549
-0.058050651621648665,-0.0031754982832320226,-0.08982440808662957,0.004435052709612865,-0.06519403695293474,-0.017022328504040483,0.016803527278482184,-0.008423589291390818,0.03789838154490011,SUM2_015565
-0.04734523014823211,0.01628155954247529,-0.4591558360221188,-0.018598879481555086,0.20797185912834176,-0.01622330097633338,0.012544094351945478,-0.00782628573041877,0.006417722120308585,SUM2_015669
0.19043320421283821,-0.03316172256199085,0.5176963005669527,0.021041831129740275,-0.15242609345800684,-0.018140255727462657,-0.0256181401678455,-0.018640474712308522,-0.019145378800601773,SUM2_011400
-0.1674716879033978,0.08722880703785126,-0.05731290286853659,0.07060030002589467,-0.05690498116099202,-0.02179466909061543,-0.00977946757748801,-0.00913592619218513,-0.05457921810540606,SUM2_014525
-0.13647392389925803,-0.04160995531362379,-0.44170723882333685,-0.08009563061801912,-0.11448640590189516,-0.021141815534634154,0.005518941556620678,-0.009641590330162788,-0.07333089782140595,SUM2_015462
-0.12002128519564681,-0.04767035555940578,-0.49754079235144955,-0.002753029566135861,-0.15584757424849152,-0.019496874541424025,0.00600602617447338,-0.008652484312014753,-0.07533392691160054,SUM2_005751
-0.12020950568623567,-0.005981165780719881,-0.1324551727869828,0.01100799247563059,-0.06640815740818697,-0.01916664433240728,0.02084531141527687,-0.008435047674103132,0.03635959098500795,SUM2_010478
-0.09876152434580057,-0.005255640949201304,-0.44827076408582067,-0.005792018699906027,0.01851023876532504,-0.0173596150594082,0.006954526130244579,-0.006670576210215942,0.19136321997834177,SUM2_018209
-0.11478378614389909,-0.011041119528279908,-0.2856593072648119,-0.04102708233884328,0.21381498711778696,-0.020356999662184985,-0.011556262226550642,-0.006972505285152739,-0.001711091985041345,SUM2_016907
0.25042300722983907,-0.06539352778694407,-0.21781691221380511,0.01282005093400721,0.15610946403395515,-0.015458817006510134,-0.0084014266371282,-0.008132614370017718,-0.03415257373124682,SUM2_005281
-0.058050651621648665,-0.0031754982832320226,-0.08982440808662957,0.004435052709612865,-0.06519403695293474,-0.017022328504040483,0.016803527278482184,-0.008423589291390818,0.03789838154490011,SUM2_000479
-0.11954000285854546,0.01824631728172945,-0.40585806945087555,0.04781695972559047,-0.015792699350274417,-0.021903252732131964,0.007597095795793827,-0.008537620398035763,2.4921511388653226e-05,SUM2_016783
-0.12483575094504307,-0.04920039985182989,0.23030993747762157,-0.02746648494668319,-0.13362641380784362,-0.023594235848375278,-0.023880446488810197,-0.018755067202496565,-0.12503689773568813,SUM2_006929
0.7180367351564072,0.04991604372295525,-0.1298242536448216,0.07308054682473777,-0.1603436271345317,-0.025915792404755188,0.0095353941194337,-0.008623072543849971,-0.004285993528388997,SUM2_007314
-0.13495780143297287,-0.017717761017834913,-0.4689254880709236,0.020394966129036983,0.05201196526166439,-0.01836883108525169,0.008109377523515033,-0.006676218962778061,0.017039766219157527,SUM2_003640
0.16930555870554842,0.20083254008986992,-0.10405669475838146,0.11509904084512972,0.24933526117913107,-0.04794418125862596,-0.02293011717587415,-0.018267927568630354,-0.05595834481116735,SUM2_013705
-0.0666545925890282,-0.033524711298697454,-0.48014686661596667,-0.043318207423050356,-0.14006209767767266,-0.021209438753161374,0.009576590018514086,-0.009085965207032799,0.10052861825528778,SUM2_009065
-0.12776004098872687,-0.07481483073813014,-0.3436965947371717,0.015589794599238076,-0.04491522911974542,-0.018952049630702284,0.012136877166220235,-0.007608837034559968,0.08707060386594923,SUM2_015010
-0.10408980518969804,-0.012159786986803752,-0.486196099191287,-0.01008511651600628,-0.0515835642493009,-0.020810301518552815,-0.007723044563809564,-0.008090504671612467,-0.0831362741954132,SUM2_010421
-0.03934444057189255,-0.02281821421417757,-0.2533680341262559,0.04288894430265908,-0.07191001098456902,-0.01600105160357384,0.00801124528516646,-0.008260207202760543,0.19538964874233397,SUM2_005042
-0.18228878749639063,-3.294661577047247e-05,-0.3881772763155623,0.024161155516025545,-0.015505080209757957,-0.019024725109230554,0.00606772697204329,-0.008156993641043386,-0.061001145773036766,SUM2_000369
-0.14597015918708262,-0.017322754091422983,-0.3573707605084473,-0.0025566426377412266,-0.0188739434794346,-0.017745978662529617,0.00736154650627296,-0.007183711103682091,0.08408339303853452,SUM2_017475
-0.10521588187684797,0.0009110575769700216,-0.3837430904834931,0.07110829196366833,-0.03693348962883129,-0.017356375920535055,-0.006917268795412738,-0.007488018328105625,-0.046409666436620894,SUM2_016379
-0.1655694967540344,-0.0063492504542840555,-0.4321349886246583,0.002304565203580364,0.07029636508481361,-0.01913679033883868,0.007204725551609323,-0.006692844722143265,0.007987858723748532,SUM2_006442
-0.11940733156395925,-0.023767711877601884,-0.49365390745083826,0.005269054241058048,-0.1463961919798087,-0.019621047613650175,0.005931462327084121,-0.008899493971582875,-0.05580629002779188,SUM2_012492
-0.1913831245174794,0.005483042119103964,0.32799938840320636,0.0028589512269246754,-0.011670425365642832,-0.019457605464354065,0.01592845108723053,-0.01387869759644984,-0.05355198166609206,SUM2_002859
-0.1272003213578488,-0.05297794971391971,-0.46551736601477584,0.04537963391579926,-0.022029061438842618,-0.019815873228763846,-0.008095978794372091,-0.008463143510035345,-0.13019097692213558,SUM2_012418
-0.05599042331496127,0.015571479004522054,-0.3612865544583365,0.09015099513863363,-0.03200796343418755,-0.02029000508889154,-0.008160358468863977,-0.007429363773716391,0.0334789326534018,SUM2_015311
0.14754283561414067,-0.02773584911604548,-0.11590715124471403,0.0015591556316199187,-0.03216716228315342,-0.019881406827197513,0.012389184696536843,-0.008694990924406936,0.005709012418408053,SUM2_011473
-0.11472237948655714,-0.04094164776666397,-0.4334997046008507,-0.05643281745367786,-0.09089535089046788,-0.018995810565739506,0.006625822615392267,-0.00947040179366374,0.1878781710895628,SUM2_004443
-0.15097210003968367,-0.03387341844414949,-0.36013030831554455,-0.06750569032066021,-0.05057865698792974,-0.020229449398411446,-0.008920512865995597,-0.009386764551689086,-0.009807856681718977,SUM2_007653
-0.058050651621648665,-0.0031754982832320226,-0.08982440808662957,0.004435052709612865,-0.06519403695293474,-0.017022328504040483,0.016803527278482184,-0.008423589291390818,0.03789838154490011,SUM2_011138
-0.15902940881522162,-0.02037241997391707,-0.021724549928487474,-0.01998380207865254,0.0390502862066144,-0.019511815038717198,0.008247397487803542,-0.007924652504697118,0.13915726472011059,SUM2_011334
0.3366265616416049,0.057597085782593385,-0.04924121677693709,0.05196531730812728,0.30963104496573735,-0.016239859187512917,0.015384625436916594,-0.0072136951488852965,0.18613842926714352,SUM2_014757
0.1888865381476852,-0.0337715549932713,0.23208651454489543,0.018367620806628935,-0.17499522419637573,-0.021579595562507048,-0.03603111194871848,-0.03135027351280981,-0.01884641063752277,SUM2_003391
-0.07113870734978858,0.004763372487500724,-0.5174541979955037,0.07125164951100353,-0.051485128706619865,-0.02095156984650507,0.008348613469741108,-0.008021264674667484,0.006102471107088073,SUM2_007053
-0.12291200479466528,-0.06285726340092362,-0.4854568373529117,-0.059478710693251315,-0.10793023298410491,-0.020610124144872583,0.006955317384063844,-0.00953180930224802,-0.04752808153909422,SUM2_004996
0.2364543661996364,-0.027452027002243362,-0.40587878026043817,-0.060403792117933085,-0.011684134457452495,-0.021609641331509784,-0.017629166275781896,-0.008047150154996963,-0.05941583214777807,SUM2_016808
-0.19473062456045512,-0.03227846181442287,-0.5366726158824819,0.00043916573436988683,-0.07215238667891717,-0.02054664344548343,0.0068932935073701875,-0.007761172064700311,0.04591879993555137,SUM2_002621
0.03014856053331479,0.059856560284059404,0.5290310036201744,0.062177149159267864,0.1714017861151808,-0.015539759321019128,-0.031795526361923176,-0.012642628074226451,-0.05975235942508935,SUM2_002199
-0.11561218917613074,-0.0026522567652983043,-0.31750035496674944,-0.005284655062927414,-0.0681506836427613,-0.02290431184495132,0.011222035060652419,-0.008987347395671181,0.009617526641826564,SUM2_002814
-0.10716601754449843,-0.06463200960386252,-0.5028118896933822,-0.059967416269246475,-0.12416248800883825,-0.021015652708919214,0.009247174209925949,-0.008821938246243713,-0.08732540552096206,SUM2_011048
-0.09695640018748719,-0.05587044140453008,-0.514676620182594,-0.04585023363601938,-0.1735384809466463,-0.021183825395470642,0.009109203607771656,-0.00933513695663043,-0.09453469369732619,SUM2_007840
0.8117232928890006,0.05798452199538486,-0.16437569348382058,-0.07635499339806456,0.05165378634616348,0.12529882862235392,0.011915133399037508,-0.010779377756824526,-0.05947700402384526,SUM2_006627
0.20193071351351,0.02231190572126247,-0.4161847875130755,-0.027473591965161904,-0.12507276332184228,-0.018516357216283252,0.008441980686001518,-0.007544205471494578,-0.11615769653992229,SUM2_010513
-0.10433504320489254,-0.030727655168813907,-0.4006005512485091,-0.08134261268519796,0.0100305396485725,-0.02301177000786255,0.01108262384103858,-0.008736880312391896,0.006857458379435322,SUM2_000935
-0.12506031459074518,-0.004989479179719832,-0.4484124888651165,0.02398744363136756,0.14550113857958974,-0.01770955502489799,0.00687767719931832,-0.00693031763864928,0.1474495037607434,SUM2_018540
0.013542510386367118,-0.0035562941864506112,0.36803117926248985,0.052240598673006344,-0.10865904070677387,-0.021934442531663344,-0.02363120513618957,-0.02104787313006386,-0.15920770943596133,SUM2_005175
-0.05703117929940112,-0.05118860933869392,-0.48699778080050277,0.028720826316582015,-0.06881174055966434,-0.01743765523909839,0.009392061749281847,-0.008093752477381023,0.2022038751521058,SUM2_004563
0.09618254827959713,-0.010594608496268953,0.7619236413265323,-0.003337738532920513,-0.01671653084373196,0.12319505195475262,0.015011763816734284,0.07541504035659256,-0.0022545739243076683,SUM2_015331
-0.11948550993975568,-0.011702662657984777,-0.4499035525958214,-0.03817849677840631,0.007316896440983831,-0.02061283705475488,0.005677574019525738,-0.008150251898693759,-0.07102326956534706,SUM2_011043
-0.1268824245745868,-0.04182689767022234,-0.07348281894587257,-0.03987906489497939,0.021888947021620187,-0.019953925514397362,0.0077108429598637925,-0.00912741111523088,0.19196701394613785,SUM2_000107
-0.058050651621648665,-0.0031754982832320226,-0.08982440808662957,0.004435052709612865,-0.06519403695293474,-0.017022328504040483,0.016803527278482184,-0.008423589291390818,0.03789838154490011,SUM2_018323
-0.13965355155398315,-0.03363912803818906,-0.38977231997288264,0.019216950770246127,-0.01628194540649252,-0.01998555240452336,-0.007953917181382684,-0.008244719952002775,-0.013679483636868453,SUM2_012094
-0.10925241624159085,-0.0722110769368406,-0.4699658731845953,-0.028424089364984854,-0.09815986315533494,-0.018919095398357847,0.007897921873579124,-0.008696196005697994,-0.08841551110480332,SUM2_014654
-0.058050651621648665,-0.0031754982832320226,-0.08982440808662957,0.004435052709612865,-0.06519403695293474,-0.017022328504040483,0.016803527278482184,-0.008423589291390818,0.03789838154490011,SUM2_016172
-0.13324162185661442,0.004650631532773319,-0.3221136583212539,0.03306690605465544,0.07323615670758486,-0.01944716230044975,0.012826465053305324,-0.007752937487012386,-0.013493164560496148,SUM2_003810
-0.10443320223483796,-0.058826596646049015,0.49539884542969653,0.02812979754745255,-0.1481627400126832,-0.022642459211253026,-0.028497196153692818,-0.01994356413730248,0.04582822492164703,SUM2_013332
0.13535625664348971,-0.04053875209133443,0.2577884642548098,0.07435302975243466,0.09519104901928302,-0.018097056959599206,-0.016172887007490512,-0.012588845470577353,-0.06129615358300946,SUM2_010036
0.0033667419978214443,0.08833904479398838,-0.25846930843273497,-0.005192970424603248,-0.05306874204072044,-0.019111429875766677,0.009954112099879996,-0.008703459275819845,-0.05394779464443108,SUM2_011725
-0.1269919661654329,-0.020815210791450933,-0.3826027958105334,-0.003591393299986187,-0.03513981239390754,-0.018564455640574122,0.006664635748660887,-0.007465157021388521,-0.06409722008491758,SUM2_016926
-0.16158788159947618,-0.0007722536920824434,-0.4217018086502147,-0.043887901375559944,-0.1480757866775155,-0.02066180251044512,0.00839789797339843,-0.009879551906883185,-0.09526777180340532,SUM2_014255
-0.14050900126454044,-0.019222962206768737,-0.15103079733381405,-0.0025862000569315743,-0.060748907949270306,-0.020183749414859342,0.012728978635483317,-0.008542698299366396,0.03362646382426755,SUM2_001136
-0.0891906811894173,0.00917973501270758,-0.06562576691169816,-0.0298675293043101,-0.08155208178052348,-0.022404299614920353,-0.008394195320556195,-0.008691270464231734,-0.1166234865119308,SUM2_014555
-0.09658154509070421,-0.018218212157319565,-0.31788234773333257,-0.001042457270552772,-0.022307969639784878,-0.017652940245741818,0.008093966510217423,-0.006744308885322722,0.21736411019445656,SUM2_018843
0.2914891621700692,-0.01293551329921092,-0.2751923107846226,0.03462354686946699,-0.041892017654689105,-0.015394467289748453,0.0043305199544428396,-0.007954882217521745,0.17530065652226332,SUM2_014470
0.3538140127068029,-0.006620022650663101,-0.2620914654165704,-0.04566915868583513,-0.20511283568220634,-0.022923802470494657,0.008230622119997201,-0.008116626402053273,0.1361870648040588,SUM2_016037
-0.09184518750529969,-0.028293277131807393,-0.4979910388922818,-0.018762406814674632,-0.046716240194436695,-0.0207262952035217,-0.007890535268903447,-0.009271434117380194,-0.008949464508093247,SUM2_003361
0.1445782747938631,0.012104192561069831,0.6346072418609403,-0.0258744653960279,-0.3019928058078972,-0.020930965535285208,0.014351779459000274,-0.01829601909822236,-0.05295546672963029,SUM2_004111
-0.07091308064815115,0.015472179985443413,-0.3556420924865222,0.1018685398649419,-0.036589952019784794,-0.02017830485725468,-0.008535615736816656,-0.007436295034554787,0.0389560667079282,SUM2_009155
-0.11100079878404481,-0.006210680261384235,-0.39037046909623624,-0.018098792827383137,-0.028096890759017945,-0.02122569281537244,-0.006892409177284441,-0.007624012674535279,-0.04858750188822107,SUM2_012711
0.09618254827959713,-0.010594608496268953,0.7619236413265323,-0.003337738532920513,-0.01671653084373196,0.12319505195475262,0.015011763816734284,0.07541504035659256,-0.0022545739243076683,SUM2_012652
-0.08089121984187739,-0.011536778588407955,-0.37552413220363035,0.021192677612293292,-0.07764384500190888,-0.021915469084009438,0.010725769608167351,-0.00857129298741005,0.004357425518522346,SUM2_013973
-0.08308484014110107,-0.10753666315017921,-0.3812764191922303,-0.06997054898777584,-0.15388178352664106,-0.0223545248773199,0.009538115622281365,-0.009110415347231032,0.10774601233595982,SUM2_011732
-0.1096250284276887,-0.047820476144626214,-0.29005408142803446,0.05440111666581711,0.05409237688009596,-0.01668951056185213,0.0052233415213120485,-0.006070315278912468,0.1554659637171389,SUM2_018757
-0.10596358453324244,-0.011286493206689384,-0.13103395638556883,-0.005805780872037191,-0.09976391403125728,-0.020956764228941924,0.013629188039970713,-0.008543204890919965,0.03841870556703598,SUM2_004722
-0.03855688550492202,-0.03196923315360129,-0.34079042071257265,-0.02014229705946338,-0.026703230133370788,-0.018303436951478846,0.011500194470325109,-0.007240856682997081,0.0772359018261757,SUM2_008006
0.2727863863797548,-0.039627496619259225,0.17330083836554738,0.038671454712503835,0.2588390837925143,0.09602783883158066,-0.01723815520400738,-0.0025613261136369593,-0.025869551409553153,SUM2_013500
-0.12455961800605249,-0.013367734724443817,-0.43522849465465646,-0.0020577390097887374,-0.0447067612865146,-0.0209367973823082,-0.00695328838712649,-0.00761107966640055,-0.04515937418066602,SUM2_002996
-0.08285114693064564,-0.04642395763902285,-0.07991801835419296,0.029549271508577203,-0.09134324784874301,-0.01845670751219136,-0.016352118052710106,-0.00859230856161916,-0.10121386740568288,SUM2_015556
-0.15240462321866782,-0.05472336217501052,-0.3574897395870159,-0.017533919439205167,-0.05062104475724277,-0.023387145055228056,-0.008469278197683732,-0.009511015219641854,-0.005410228418210894,SUM2_011989
-0.08219478574672243,-0.055266099163555696,-0.3927243637046652,-0.09694963574335554,-0.030511730923977593,-0.020716218112255918,0.005874634321087132,-0.009585995329873693,-0.07897379407843698,SUM2_015400
-0.16676851404113746,-0.0527791917520107,-0.5298636153009382,-0.06788748898913456,-0.18039104037300532,-0.020868071603643575,0.006540789389538647,-0.009896083402193216,-0.06604247982929265,SUM2_013470
-0.07723181577124075,-0.01797676123572532,-0.09085505176738766,-0.0018382412042883905,-0.0745783640876712,-0.022516052704190003,-0.01230159438023099,-0.00872801016704693,-0.0627648138417867,SUM2_010018
0.21804936988517643,-0.012759829270034034,0.4704795835944056,0.039180299165189204,-0.13420344047881644,-0.020363057977380618,0.028633694106790564,-0.017351772975886318,0.029075367921082444,SUM2_012721
-0.12273834794212597,-0.03359608670621779,-0.4674864246919572,0.0018313636510285975,-0.144283745864192,-0.020667692629833707,0.008443121369749614,-0.009046461712100842,0.07946553284343894,SUM2_006680
-0.16430486818399198,-0.03217175345836248,-0.5161039057931139,0.01088399091035212,-0.06618965845889699,-0.01694894592397021,-0.005865294003842281,-0.007179226410065509,-0.013908201567060696,SUM2_005697
-0.049356924405507575,0.025752935828965134,-0.33148139431466006,0.06516642291141632,0.07250637873542601,-0.019611476028803067,0.011532207127654381,-0.00808989562886512,0.027007461876770694,SUM2_008619
-0.10172405471715036,-0.0006805609193414941,-0.397285651148768,0.019877552528566867,-0.021831641944182252,-0.02126569721386997,0.007155849869865288,-0.008218162911283364,0.0003439579798332804,SUM2_006431
-0.11416704028067008,-0.06678373745079849,-0.3711646549042883,0.03845479605808059,-0.026748836716124807,-0.022554012511972577,-0.004155447481178642,-0.00861109480796069,-0.07296575400894481,SUM2_016246
-0.10544899990595173,-0.001995863192515774,-0.36982819675913686,0.000564110752931921,-0.023747115974537315,-0.02157288525701498,0.011837805925748188,-0.008873510147233862,-0.005330461693801409,SUM2_015943
-0.12637468919679568,-0.018210715524681308,-0.3819719474848132,-0.006606940776307681,-0.10648546387573618,-0.020230307758690853,0.006981713454291473,-0.009913811078422059,-0.09506136303010898,SUM2_017651
0.1449245429990682,0.05794234248511572,-0.13547986336947432,0.30988291708964705,0.046132111928950524,-0.018583862836914034,-0.004858436615866077,-0.007515985248560687,0.02337127470470097,SUM2_006346
-0.19983384713051372,-0.03999145792071412,-0.3899367447841472,-0.023204638615020083,-0.05010191383739544,-0.023073494026640957,0.009202996718886811,-0.009315192455355722,-0.001739225888222407,SUM2_004208
0.04635675513065142,-0.00501024793082,-0.066966721662657,0.01668229120638996,-0.067360317245587,-0.020266000829562758,0.012424985777122357,-0.008779162134533352,-0.02741409758779222,SUM2_006130
0.049099937761144796,-0.029175502774749108,-0.1880968496815481,0.08791018125665864,0.0647285816962942,-0.016626693330514853,0.0062852254060422,-0.005324148010824438,0.17415605292568004,SUM2_013109
-0.14624044161022987,0.02735060103573833,-0.44208162509567905,0.016094937267378782,-0.01600710675777392,-0.01969149098002814,-0.00394124279175291,-0.006867818901608612,-0.004547003638323237,SUM2_012957
-0.12603479799699033,-0.005281282422725902,-0.4003907246053557,-0.011283123618982455,-0.025658481447053717,-0.020369566034891085,-0.005663091529411833,-0.00921663867053605,-0.008969694377301773,SUM2_014295
-0.15357186276944,0.015364671577144481,-0.3216651494418204,0.0023423846522291993,0.025794818025849486,-0.019696078507914692,-0.003713421574488862,-0.008668344574179091,-0.012570377047115954,SUM2_001345
-0.17677053778226512,-0.030094234508051383,-0.347289477661332,0.028112163323919838,0.023515414762970466,-0.01816927870035879,0.007939804896645489,-0.008127456781016913,-0.07165175306641483,SUM2_003944
-0.05847024030822838,-0.012891202480404557,-0.3115729520914004,0.024328522617769015,-0.059510715909322276,-0.018703681774792837,-0.009134668192797167,-0.009050562853036976,0.013726941570060738,SUM2_005365
0.09618254827959713,-0.010594608496268953,0.7619236413265323,-0.003337738532920513,-0.01671653084373196,0.12319505195475262,0.015011763816734284,0.07541504035659256,-0.0022545739243076683,SUM2_010330
-0.10378371731743577,-0.04235854488429878,-0.4102444860890738,-0.018709653554385714,-0.05030085415830854,-0.01931577686639128,0.009203156048473327,-0.00917436611743768,-0.03805679695832841,SUM2_006619
-0.0656290359296624,0.05897627924257791,-0.43079736877198743,0.03272292204149619,-0.07926395844125438,-0.018532329813042883,0.008932284269172416,-0.00812016314397443,0.12624034455476235,SUM2_017235
-0.025033766477091202,0.012763143315223177,0.5055527504977511,0.10392613554308125,-0.09505725615479671,-0.018956449258906178,-0.016793306815512554,-0.015256898158273038,0.03747273536958805,SUM2_001058
-0.0666295747538456,-0.0267525505891343,-0.39193289890685035,0.008430176522231662,0.15746937713584622,-0.021152365875339623,0.0052132700955716494,-0.008057000304286464,0.02150209618449066,SUM2_015769
-0.14796860438499343,-0.025837409395319793,-0.4586389875777721,-0.04493919866983888,-0.11663805182543827,-0.020675364887314675,0.005732722457065953,-0.008172959227173976,-0.06761509145651176,SUM2_002332
-0.16677911661271347,-0.013873983953406976,-0.46506219128154136,-0.0291342920053974,-0.016135190060164332,-0.020125536047638014,-0.0029821681866182143,-0.007654679437775397,-0.003937021552275979,SUM2_017428
-0.10701446529531684,-0.009093121890639861,-0.1992770935717639,0.03501005661545449,-0.12858266485116884,-0.020742360753879564,-0.008802637636522084,-0.00813852487623243,-0.03812077989221414,SUM2_003572
-0.11750399946536379,-0.03651345939814346,-0.3818959443054103,0.016485997934663016,-0.03846511906322504,-0.021063160276539292,0.010143032962689365,-0.00884302496665585,-0.03648563197008932,SUM2_012727
-0.069022195552598,0.04833898057395609,-0.20802778022220983,0.0017128406223426806,0.22228255983348172,-0.019166880218926347,-0.012280799728446586,-0.0078122427664832714,-0.03285717134305964,SUM2_004235
-0.08840044929291523,0.01632435116906749,0.15844870789759127,0.005830153447236728,0.409608297336427,-0.01762948508387372,-0.006408803696690906,-0.006106867388088112,0.04864683909630233,SUM2_000422
-0.08971157978320199,-0.015238169468796928,-0.4019074893713702,0.004281740461225071,-0.10447136283829553,-0.018682514031593933,0.006420343512078081,-0.006850327329835415,0.05500006751034099,SUM2_004579
-0.0583536360849102,-0.06954860961934475,-0.22517190899368233,-0.020785276462846086,-0.07367603697793722,-0.018048033494729256,0.013269639265976376,-0.008914033453175502,0.1446333996589265,SUM2_015800
-0.13970069115923842,-0.040767732011400236,-0.397834394919011,-0.03984282461605645,-0.055444603830484676,-0.02418425110698059,0.01136533025325032,-0.009284905927380982,4.505381797554088e-05,SUM2_010609
-0.13321042498933583,0.015788042574703676,-0.38615876784626674,0.01996707537640038,-0.028753152749965084,-0.018311152336356284,0.007781205734287524,-0.007356058584526186,0.17352008001190775,SUM2_002209
-0.14228287382517607,-0.011515314524006079,-0.4847605995651123,-0.00834426861257959,-0.027042968448745354,-0.019698060962242765,-0.005894447713354959,-0.007650980442332126,-0.1675248521055994,SUM2_009495
0.04200519243818228,-0.005996495874418468,0.5764353630241975,0.01996705076380516,-0.11475598916404124,-0.021715306315313643,-0.02563340541030417,-0.019157488631160173,-0.13449106428328944,SUM2_015964
-0.1841389671202563,-0.02343345440356932,-0.42650900502354894,-0.010080636645500785,-0.06284390904050448,-0.019244515592986098,0.006950618564294091,-0.007996454647008558,0.04235523775190832,SUM2_010961
-0.09701961026977464,-0.11954213616323828,-0.422646149820136,-0.07613263106298208,-0.19329597267872461,-0.023188955013475454,0.008978618815156053,-0.009922752062730328,-0.08927724567687693,SUM2_017540
-0.0398340509476647,0.0067151749874797325,-0.4174619111332739,0.034619331127020474,0.17195871518672073,-0.019721805168302988,0.007216676402816535,-0.007839452494817293,0.02369182796400181,SUM2_007397
0.04707664808171169,-0.03523774857980855,-0.1477156385716405,0.12910850674491645,-0.1692279794979949,0.060815214593332334,0.026069164370167448,-0.050706395206613464,-0.008266175757938069,SUM2_003251
-0.1723258727198945,-0.021427660577555043,-0.39503513612836516,-0.0412594982248365,-0.013312478505357772,-0.01991900998526356,0.006560154816739461,-0.008588841428787668,-0.0036517468151517226,SUM2_005905
0.15118504702028973,-0.0018017791521037386,-0.43549813654345304,-0.013913112963705135,-0.21300304783735946,-0.020690586205444256,0.007892402581722616,-0.009013795228587624,-0.07891738889404125,SUM2_012761
-0.16165410076805403,-0.03653339287985988,-0.39009835169561496,-0.012082885942503101,-0.0216965713695893,-0.022828302664748962,0.009470045154320456,-0.009261924355891548,-0.011955713804794568,SUM2_011992
-0.13478792737477105,-0.010323146979947288,-0.3780607328241342,0.05400124169373506,-0.0415612992043923,-0.02109270013317634,-0.0030853221769045584,-0.008360839519631907,-0.011036129761871233,SUM2_006440
0.03786709087548076,0.016984234964159812,-0.10878217893229278,0.016686372905351195,-0.02843028775202535,-0.020584101770047936,-0.013504312815115483,-0.008088591320820446,0.003672114817919978,SUM2_004079
-0.10387972595573795,-0.005972988319208993,-0.40375385126280267,0.002169040521737331,-0.08410453295628316,-0.020942927687501063,0.00892700502504721,-0.00841745027967759,0.00368663057293754,SUM2_010002
-0.12038156821971861,-0.03427896535718264,-0.3220578810151789,-0.054658730009578146,-0.07435293999379254,-0.020080155126794275,-0.008418099220497301,-0.00938834788871447,-0.0011122740819821653,SUM2_014131
-0.06573853253916867,-0.08208329137094282,-0.3482164700137666,-0.04717381077305283,-0.15331661068286076,-0.021412544287747942,0.009087201857822944,-0.009238605974856337,0.1916928511054697,SUM2_007214
-0.09489853947604263,0.0032852791603833927,-0.32535011384866797,0.10103286970614611,-0.04229720587065723,-0.021083602451324374,0.007455287005406745,-0.008072060017048719,0.026943281598287554,SUM2_010176
-0.13688776790409862,-0.018089896832332843,-0.35245302603246154,-0.05054966170424811,-0.010012744062033518,-0.020012434073753433,-0.0072467319711290515,-0.008587752681660562,-0.0151472582570357,SUM2_013363
0.3115596906591316,0.16465266672268572,0.4083603954812361,0.10098246606634884,0.9445228711658415,0.1892044734354507,-0.03331775395708829,0.0016814930309595477,-0.0719865091845093,SUM2_008200
-0.16112605199174873,-0.0024585115625932975,-0.35604556533681464,0.006321924881983197,0.10069028970355362,-0.01890563399044418,0.008278296687211629,-0.0064128915492653125,0.03370329720531119,SUM2_004827
-0.1434336282869309,-0.022340090288352342,-0.006956006899402181,-0.022556967121318112,0.08585721619757987,-0.018756182544665816,0.00890550676539372,-0.008439927017100429,0.16022440332328097,SUM2_012921
0.575208841050319,0.22542463536967722,0.015203842254453459,0.27767272938872734,0.23059316538504593,-0.016732959188998198,0.002982000281117776,-0.006299160879573001,-0.024329241290950113,SUM2_015601
0.3188182655436512,0.013092877707216307,-0.4136906531850415,-0.027123270840073967,0.015731716860454714,-0.02125518939023694,0.010060883711988017,-0.006810751010437668,-0.05978169427166654,SUM2_011611
-0.09937431709357662,-0.12546403525911884,-0.31679621744809594,-0.04450658022528496,-0.12537897923729874,-0.022040864940285437,0.008961155350004333,-0.00928317276917418,0.1885230067019891,SUM2_018874
-0.08786500445544516,-0.05641237741140136,-0.5264972366073477,-0.04058367735211438,-0.18077652387545196,-0.021181968477051578,0.008055336229882568,-0.009690692866993924,-0.09858265498458886,SUM2_017841
0.5707794920504454,0.02603742791213843,-0.29508592404086553,-0.019476271104975303,0.07877742691377437,-0.016141345134462554,0.009209436408653094,-0.006497870899921281,0.22389816567849494,SUM2_011152
-0.14152518386185145,-0.017566399234616333,-0.42666408837490544,0.05045930044967345,0.020321925502143044,-0.017014960130719563,0.0048941888822774384,-0.006445778181887766,0.15150465796643947,SUM2_002988
-0.0125733422305841,-0.06451212428344329,-0.2678762929122091,-0.05587897629460381,-0.17702615221831328,0.043214598945545295,0.011049995968613117,-0.050199188202036484,0.04953017164958114,SUM2_002753
-0.09485460802010523,0.0005087095171304665,-0.3882123824111577,0.02765466456642397,-0.04568960219859673,-0.01947383798718549,0.009293525521328987,-0.008248907571651662,-0.020312816343071093,SUM2_010995
-0.0518123841212507,-0.00039339194604228725,-0.3572937632958385,0.00932250165113002,-0.04791525673022272,-0.01899342322539742,-0.009789827132387782,-0.009280939783797425,-0.013687312155024358,SUM2_000498
-0.15223175326293384,-0.04191975080585253,-0.5307275297612001,-0.027294438434427564,-0.09003644080974514,-0.020101621944092228,0.0069085376449337325,-0.008972511702935048,0.14025346077348655,SUM2_017129
-0.19134700675885197,-0.0036307720591090865,-0.39043487098709606,0.024527637474270718,-0.00021466437600397708,-0.021261285525732008,0.00848220313430446,-0.008962320073706662,0.007918013228492745,SUM2_004734
-0.12072806480529877,-0.0006947231718232788,-0.4234461089202891,0.05034797178380314,-0.012743635209254908,-0.022085878505791294,0.00814858413954828,-0.008390183014473357,0.0006208100118071786,SUM2_009895
-0.13194243638152492,-0.0747024203812721,-0.057155512543915585,-0.028359534229365962,-0.08718483494814686,-0.023028511543147695,-0.012877614909871642,-0.009276645340985632,-0.006690297223213351,SUM2_017158
-0.15283424383296834,-0.01497121042755925,-0.06739979100617707,-0.04101111970205146,0.0357916656921327,-0.01968784105807032,-0.009461747121512838,-0.007405199978531898,0.03265214892454897,SUM2_005449
0.4596521207510448,0.005241258778945373,-0.07482831166826294,0.08557069692013763,0.08608742924314956,-0.015021980423272397,0.009990441392351015,-0.0076203807974977306,0.24891976675798372,SUM2_005600
-0.15124417278449415,-0.05567028095459494,-0.36462811041677706,-0.02309020205163758,-0.07255602214249157,-0.023561914301504748,-0.00834012040430683,-0.009299779595849137,0.0011780749982125448,SUM2_010762
-0.17950694852202997,-0.06324380338648153,-0.36763682408461645,-0.036071619164306845,-0.08288853898764656,-0.02446518842345044,-0.005802769916899644,-0.009346101690621212,-0.0018428630739348146,SUM2_002112
-0.12322767045091496,-0.05932446916909077,-0.3466164246853573,-0.02945625359540397,-0.11051130521324933,-0.019722002996422537,0.007899207636307373,-0.008799567649405713,-0.11053027140784293,SUM2_009791
-0.07748710845289722,0.00901352295964389,-0.045008046315700115,0.032693519962024534,-0.0773848833812862,-0.021736986707229913,0.0148643400441697,-0.008511333511608477,0.04485255860262738,SUM2_005768
-0.07912868692598804,-0.0030742745495306,-0.35659182654304067,-0.010255258870368428,-0.04586169702923189,-0.021579035164759123,0.010378304319000577,-0.008725844875581937,0.010764710046323858,SUM2_011995
0.22090600077876305,-0.0354630881322935,-0.100958242350126,0.06918504470171682,-0.12222249244065349,-0.026142073436556213,0.022584456107852303,-0.042039614937508615,-0.0031708507579382185,SUM2_018913
0.14656141295213304,-0.10361755294950206,0.06070287120116506,-0.05108796249578453,0.3711683196835111,-0.03779400325126984,-0.024401869026385633,-0.022166013069214716,-0.048359747065551274,SUM2_009216
-0.011301753872647442,0.13867690553309148,-0.0065654831680159054,0.12348972413838685,0.049167861185232774,-0.01986943222049628,-0.004813176995584117,-0.008388129486714368,-0.045084480211983836,SUM2_005932
-0.14050900126454044,-0.019222962206768737,-0.15103079733381405,-0.0025862000569315743,-0.060748907949270306,-0.020183749414859342,0.012728978635483317,-0.008542698299366396,0.03362646382426755,SUM2_016079
-0.16082627382448206,0.0018467059371631857,-0.321487471766407,0.015630562953386655,0.2132084265345931,-0.017912810638168138,0.012636830629344791,-0.006649615760137879,0.10819957861480438,SUM2_017177
-0.05657506480029142,-0.013555868213460632,-0.08357314168054694,-0.008041234536058869,-0.10952481916883983,-0.01959039167743161,-0.009061079727101523,-0.009218055103438485,0.023905567180990343,SUM2_007535
-0.12108563586390839,-0.01753251839445379,-0.44376345956587093,0.03508536849265622,-0.04405280386199227,-0.021908491475208236,0.007384792967032432,-0.008160734408096209,-0.0019469796026461116,SUM2_012439
0.09618254827959713,-0.010594608496268953,0.7619236413265323,-0.003337738532920513,-0.01671653084373196,0.12319505195475262,0.015011763816734284,0.07541504035659256,-0.0022545739243076683,SUM2_003811
-0.11831748707440884,-0.026432538517091465,-0.38857930093718507,-0.04762366788144475,-0.037917185553225916,-0.02078239819674379,0.00790037031824737,-0.008667552686452818,-0.04692271657912591,SUM2_016695
-0.14110506571628761,-0.020395777926863607,-0.4444457096021138,-0.024601139404988582,0.1256689925138801,-0.01958890212800834,0.009463944733349577,-0.008358456090807221,-0.048983050207283024,SUM2_011895
-0.054138281347724734,0.02089225435705405,-0.4171665415315859,0.052334167409996704,-0.11435932305554586,-0.01923329078762511,0.00463372880187145,-0.008707687095073937,0.1598703414316615,SUM2_008228
0.13953206843823704,0.0734462782842773,-0.13581423158053324,0.2364374383766356,0.011015386308766561,-0.017286122057170755,-0.010235543624570053,-0.007274622293193202,-0.07773618673908941,SUM2_004513
-0.05410814873552263,-0.0003395058331061351,-0.42960176344326195,-0.006185407226096666,-0.06166875408841264,-0.017442988474893333,0.005815054426597679,-0.008124523480121675,0.1932330178806627,SUM2_003558
-0.1041428756117233,-0.019773759845795193,0.5186700409281034,-0.00809465996534847,-0.08490615248014731,-0.02128608645275125,0.012351896929695632,-0.016829315573685256,-0.04530651719774186,SUM2_001414
0.2062154890237112,-0.03704970179877944,0.35816922358383796,0.013223927559618417,-0.25305671221172843,-0.025711901434339705,0.014724146897704266,-0.01969801341084515,-0.016371631292957857,SUM2_010857
0.08693816474631966,0.15315907048630822,0.1723322153650802,0.04862036355174035,0.0019584363795646974,-0.017251828460622322,0.007389075252028504,-0.008773892959215952,0.13430293531602944,SUM2_011785
-0.16688958977026563,-0.07523823560734068,-0.4073949541786702,-0.023455921143594727,-0.0424297068924697,-0.020666169674277462,0.013043856794575082,-0.009988884984499886,-0.04376800230142361,SUM2_013184
-0.0966612386913952,-0.006376442820275316,-0.358579357821407,0.016785984471625427,-0.043671348407885356,-0.02114316119870537,0.008233341097307974,-0.008494589213239744,-0.0006150490369697811,SUM2_009669
-0.10871956165021798,0.01973907504870195,-0.36624599833263016,0.060056285944970034,-0.0431178060880366,-0.0209775981902457,-0.005520819211397474,-0.007827259518128,-0.04196745626470338,SUM2_009705
-0.06698454611873726,-0.018266910459468707,-0.403342732627313,0.013564623118155395,0.04167838086715879,-0.021271304049621798,0.010143063842077407,-0.008867847360377188,-0.03459764161632766,SUM2_012699
-0.04035694220447389,-0.03265509801081192,-0.4858843996925929,-0.03764379253753713,-0.170115358977544,-0.019978295998479355,0.009319146337267274,-0.009162934549583102,0.15033386123097278,SUM2_017311
-0.08520805884861671,-0.0008357345358344329,-0.10938735629717371,-0.0347016944124426,-0.10130421433052292,-0.019662609909281863,-0.01348462880019441,-0.00744257383467572,-0.011293813510741886,SUM2_006824
0.08988125934872974,-0.046712814744335994,-0.09441958591608109,-0.06009365474154129,-0.15217724790854947,0.06434832842006666,-0.02819126479318303,-0.03587670238187661,0.0043113646300353085,SUM2_003680
-0.08099996707873844,-0.009424545446673229,-0.41882460617841,0.009066500715048243,-0.13430922257104647,-0.01893220687633214,0.009167032075445187,-0.008117903155187805,0.13225509641951905,SUM2_007211
0.09618254827959713,-0.010594608496268953,0.7619236413265323,-0.003337738532920513,-0.01671653084373196,0.12319505195475262,0.015011763816734284,0.07541504035659256,-0.0022545739243076683,SUM2_005292
-0.11159320747304302,0.025315978379507702,-0.3793028613676032,0.050825674953912395,-0.0598292930142972,-0.01936029960054519,0.007737858553611894,-0.008331691670575236,-0.03092927726686656,SUM2_014077
-0.10623378261237808,0.003745088128569421,-0.33737523401232805,0.019747359918341735,-0.002859581101704811,-0.022113986790844066,0.011346620060338994,-0.00844320264567745,-0.005648429546418285,SUM2_011755
-0.12613545470784765,-0.0385354548465135,-0.3723613914092392,-0.03461005772191304,-0.054221124129350165,-0.01965989881512328,0.009768003727336601,-0.009247878069953698,-0.05119511726503634,SUM2_012325
-0.17877243981754118,0.01714135914028387,0.04403745902941611,-0.021996034212019122,-0.027474087228094135,-0.02093237536663745,0.006095952867343647,-0.008179868869871099,-0.04563085696564569,SUM2_011291
-0.2429194003339871,-0.06131090452860686,-0.3154849557924681,-0.07588810110187243,-0.03460040642888683,-0.019750428603896662,0.005969130784153093,-0.009509709166143887,0.010117034279586098,SUM2_008963
-0.15922281662651513,0.007948594936419565,-0.48370906149556275,0.022790556570052474,-0.02929171984141849,-0.01997237339728437,-0.0035439984806723197,-0.007959728617401799,0.03454955329507393,SUM2_013023
-0.048814462344498946,0.10402689450636707,-0.27112229930820664,0.0886650449459253,0.06531019098534581,-0.019469932473057356,0.008431326779240692,-0.008372586676689431,0.018460131106659596,SUM2_001830
-0.19922008339486968,-0.06441438976987292,-0.36820092037026786,0.03231348510596717,-0.04076387129329547,-0.0206326118674797,-0.008863596595974545,-0.009155887396993051,-0.010361435151394921,SUM2_012346
-0.12760689492168042,-0.03536967674084501,-0.48262513233743487,-0.03798663785682194,-0.05168966684862186,-0.024067911285162655,0.011297810599187308,-0.009199812353764474,0.00016341829917516094,SUM2_013174
-0.16452624796476462,-0.03828712649759798,-0.3716986024501061,-0.05817151162963907,0.02691605184143499,-0.019864759549842032,-0.009061602250685835,-0.009292599073191389,-0.020644243129296237,SUM2_007633
-0.09462331992847711,-0.015945419657898464,-0.42833846858640434,0.007747535620649929,-0.0596438976330166,-0.01825219391985803,0.0061210669166350835,-0.0068860750839028805,0.192632243818648,SUM2_013589
-0.07881698982391835,-0.00046211858575331,-0.5204423092273578,-0.051894794547504466,-0.2122966007392984,-0.021584616853808657,0.009353245766866178,-0.009885002241387685,-0.07986059442108134,SUM2_015613
-0.054291017241663554,-0.050741728064551725,-0.5078613673498926,0.044990341619095174,-0.13310028786756417,-0.01919176830895274,0.007728171492155693,-0.009309355062467283,-0.07918062242516376,SUM2_008703
-0.08295315113674237,-0.007979980264312611,-0.48766906788721326,0.10133249795008584,-0.03142072293531121,-0.02057854908642228,0.007935816131431812,-0.007860865551495646,0.00792648663795235,SUM2_007983
-0.1536030496032802,-0.04382176507557323,-0.4458237457588957,-0.048695937623248496,-0.15455348735327284,-0.020850267824959665,0.0061300922775085614,-0.009842872639601753,-0.08134863124999088,SUM2_015254
-0.14189324386666763,0.005321057423531899,-0.4607716098045439,0.08852613581681282,0.015118918017076882,-0.021076691749837468,-0.0062450234997393625,-0.007405262913366714,-0.10680289688692239,SUM2_012934
-0.08618828278494173,0.00813156868459425,-0.41617215156814014,0.04610339636506451,-0.0028766741012950193,-0.021024324906495716,-0.006785625373904323,-0.00829756278039195,0.017781199278499013,SUM2_004633
-0.09096149207189864,0.010863059370701391,-0.37394009700912106,0.10245703093766197,-0.007384506551681458,-0.020141304475178777,-0.004212618099464307,-0.00751792380413301,0.00411055568268946,SUM2_007715
-0.104127948115827,-0.0037015305621413024,-0.4327507617305984,-5.476282320044622e-05,0.021439498279908258,-0.018834629324501813,0.006737660030817527,-0.006546009685144747,0.16958494693567044,SUM2_016744
-0.036093913252541104,0.0015129561722994594,-0.289141114157577,0.025535483091465937,-0.03886070048507626,-0.01894527465821689,0.008602108731688807,-0.008295014438580574,-0.011089397842011895,SUM2_002623
-0.13406353538972834,-0.012499209522388987,-0.09310001352624844,0.0029882661991226314,-0.05468389192131403,-0.020412008673898765,0.005318431979307569,-0.009916099589223393,-0.09738434589705998,SUM2_011684
-0.021151006540922716,0.014595616832058341,-0.4966824506593287,0.034416938612791506,0.1889828182890873,-0.019066841899083,0.007880605183095584,-0.007108134784511827,0.04083143464284603,SUM2_013265
-0.16933554049308172,-0.043455589630198285,-0.05845943922175898,-0.01968235393276661,-0.022987314652887857,-0.02032730411180091,0.008789987873262515,-0.008274409712780852,0.015054668570407886,SUM2_006933
-0.0970285252493494,0.009976971250249326,-0.38258465798732433,0.10125847555794627,0.01720558251662752,-0.020208506887220697,-0.0031837330126977515,-0.007417785893062171,-0.014442025173761853,SUM2_002975
-0.07679119006540368,0.009466177344863696,-0.3589973588201222,0.07597008729921095,0.02933234533113658,-0.021046852683209456,-0.0016191095010806163,-0.007529464270072955,-0.00261157810355172,SUM2_005020
-0.037175130381542666,0.06843967061453565,0.011534528034619622,0.07330569124638843,0.005421255447242601,-0.016681065051094356,0.005146788886139249,-0.008009931431426611,-0.03934227563941162,SUM2_017374
-0.07453422685069425,-0.0630884589023011,0.2075070869158378,-0.009514169183600032,-0.17794322708720864,-0.020042710107687114,0.022036050083680963,-0.015709355840093163,-0.004285783957299104,SUM2_013928
-0.10219951962898097,-0.011818765723917306,-0.5102803958984966,0.03391778444448673,-0.0695677115636506,-0.021473189064343867,0.008710760876795147,-0.008259888301396345,-0.019205002298586016,SUM2_003054
-0.1500509121152995,-0.021254839514035073,-0.4208517471751043,0.002973593440016585,-0.021906290100758726,-0.019611430410957302,-0.005687991254227221,-0.0063000184051626214,-0.001367290986947528,SUM2_000073
-0.17158101232182502,-0.024330813598743627,-0.41717419837409003,-0.06754243343885649,-0.0841590888464326,-0.020794682788567324,0.006017627400234206,-0.009698879511193215,-0.08183767037870518,SUM2_008898
-0.08512558786055496,-0.03614487589005038,-0.15769971695984664,0.04084442784717079,-0.10175744116855098,-0.018195740666842947,-0.01073707044966725,-0.008085704823573,-0.08998775934313408,SUM2_012782
-0.13680237887525515,-0.05016730864198475,-0.4968638761103953,-0.008009295995105267,-0.15932562363997388,-0.020704422618218202,0.007783197169920941,-0.009730773342563193,-0.08125480658512886,SUM2_015558
-0.016890919496948275,0.00820912395155986,-0.02449468195470491,0.04804292065323769,0.15523799581749734,-0.015376370272238354,0.013874710034338844,-0.007171738964367338,0.0655938871575705,SUM2_000235
-0.14124054267516467,-0.0447381273406295,-0.4701210598109711,-0.03793793426896136,-0.0966351382131336,-0.019146889894574033,0.006679523458848808,-0.00939111787674468,0.16317369245319038,SUM2_009058
-0.10347132522651567,-0.007584469777878652,-0.24557433296909767,-0.013116913685755582,-0.04938197718848135,-0.020639838618938377,-0.005597169877423464,-0.008202027423865096,-0.06164713037609083,SUM2_001304
-0.17271714367258323,-0.022572649259977297,-0.4362380830225089,0.0006084189103137988,-0.07717713295600562,-0.019909511210248594,0.008222906628717242,-0.009078401962130686,0.21811345890083902,SUM2_005862
-0.0921903804176054,0.010600357500012614,-0.4143567055136539,-0.023958168582433298,-0.06812301841171754,-0.018740530349817163,0.008777819711201793,-0.00744272540830936,0.057421285418489086,SUM2_017898
0.10495186343576883,-0.04463621745050521,-0.4360054892201843,-0.043250165130273605,-0.20231104377734144,-0.019666725395823828,0.008353053301597085,-0.008503099224413682,0.09542652318615648,SUM2_002093
-0.1317519554293755,0.009959407069447191,-0.33850895272171366,0.08579695744260034,-0.01660904865301051,-0.01974572972203008,-0.0039067498801035145,-0.008303771294042611,-0.005530166290711664,SUM2_006418
-0.14068994281904867,-0.03913140583541365,-0.4452840591709962,-0.009023034383162178,-0.10741151795677525,-0.019727623444521347,0.007515392864123084,-0.009370682449301431,-0.10453496689078441,SUM2_014973
-0.09983092653334794,-0.0176365376402425,0.006907048497541504,-0.013047245530840487,0.057531813295583524,-0.018692889046762154,0.006107233141587022,-0.0076651561013361125,0.1751944004357276,SUM2_000238
-0.1786550513887073,-0.01845828805565023,-0.391171534874609,-0.003382524811534525,-0.08622425450754181,-0.01895174909909097,0.00843464982098919,-0.007973898964146325,0.05248894655130756,SUM2_011304
-0.15759824637477443,-0.011349833731869482,-0.010502546661172212,0.004881506181604543,0.03834804491819048,-0.018713240520937195,0.006834615667498671,-0.008098373609239078,-0.043103178428155364,SUM2_009112
-0.1340658480093127,-0.01253263103752023,-0.42768123236903577,0.042624946151383805,-0.00010507525594431535,-0.02209677485373465,0.007256307445609117,-0.008218009787889821,-0.006213842938710388,SUM2_013667
0.378306811633149,0.23962297345026098,0.2936178098802783,0.31053288236869364,0.31167428078251,-0.01615934050780188,-0.010566057422355122,-0.006520802151117865,0.027946476930986997,SUM2_005346
0.15560977269615087,0.0556062611714349,-0.22255065255841688,0.30648686555174365,0.11786825032976875,-0.016670495416292508,0.007737974244885407,-0.006496564048213483,-0.011201793432010972,SUM2_014997
-0.11919430235160604,-0.016076742423950918,-0.3453736616937391,-0.014425317586425549,-0.06402826220763172,-0.02294702441339471,0.011672522553444578,-0.009100728747595528,0.007078936539647236,SUM2_018115
-0.11082820594229952,-0.013488202128661147,0.18324774197061283,-0.025369399877562603,0.03427278542083903,-0.019819858321695256,0.009050489979734663,-0.011272337989063169,0.11172708827326132,SUM2_013562
0.2798662636615249,-0.038778566945165446,0.1303755475054152,0.05455969893222399,-0.16562675649989703,0.08301336774258879,-0.023584419175299447,-0.040533147019755286,0.18623680702228146,SUM2_002502
1.186782211500186,0.06497813007285203,0.02066095100699184,0.10167241000482483,0.10174860339474032,-0.015247982947757427,0.010775753230111925,-0.008859702372872636,0.05610791745917236,SUM2_003398
-0.2089780535401522,-0.028673664581973523,-0.4074244779461629,-0.05431756822973492,-0.10760746980320139,-0.021144906005542648,0.0035742098420460957,-0.009837605171031423,-0.02742774489282316,SUM2_011536
0.2391457609996465,0.025378766479605804,0.4554225690826522,0.0645187882932291,0.09349569011369305,-0.019871862383414686,-0.013010627409962339,-0.009975101655602416,0.06571654837095205,SUM2_016339
0.017951541571489642,0.02490159722520138,0.6741659212097522,-0.004163461928210979,-0.025137745481432116,-0.021459265470300713,-0.011472827322287476,-0.01678178177242298,0.045095161700798025,SUM2_018938
-0.09695252721476647,-0.04122957220112378,-0.4902932600362299,-0.0031875400835868484,-0.12103392717500612,-0.018011906315898253,0.010267892919081156,-0.007449980728846728,0.11031642664105237,SUM2_015756
-0.07180122060169913,-0.05030920641836797,-0.4461252972806603,0.029054818790709848,0.0020233619102349694,-0.017379325805509233,0.00939657452883416,-0.008491539087757858,0.005681171700509866,SUM2_015307
0.23499348014392366,0.020868289076946968,-0.4110986946923104,-0.015352361614903137,-0.19624662826221115,-0.020698653407942365,0.009732632525245869,-0.009190588559017361,-0.08029882809009127,SUM2_003532
-0.11052798467195782,-0.010249262838525132,-0.3355217953241478,0.004291787745633285,-0.03407467052031361,-0.021264100057542114,0.00661137124446802,-0.008216600742259885,0.0007366641775811335,SUM2_011339
-0.1514811001236018,0.001337809504967391,0.225281831556115,-0.03551459583178124,-0.10327578544358247,-0.021333076955487494,-0.01931514604559634,-0.0190390460467093,-0.10973785601534794,SUM2_013796
0.13112983192924735,0.013300038225795324,0.1700902836379996,0.04398372344153574,-0.11442379746467848,-0.021375574666563636,-0.024938965213918314,-0.02995097578271556,-0.08844691117142871,SUM2_003286
-0.09052268945801994,0.0356407763244852,-0.3768490953014889,0.06137640190588638,0.0014379028401492904,-0.021108479643156607,-0.003776234598855842,-0.008327317112477785,-0.05335246584099027,SUM2_009498
-0.10613677710139782,-0.006987686369433943,-0.39774848112795586,0.026064453532205867,-0.07021460453940763,-0.021072809656402205,0.008007339019409638,-0.008326471871534825,0.009952038830699408,SUM2_015030
-0.09122245136833718,-0.020471037879409383,-0.04429709404611963,-0.008220306748921876,0.0879892564173645,-0.018105725805984723,0.008302643543727202,-0.006669545656107628,0.25839181353628804,SUM2_009924
-0.11608284370190794,-0.03507526742564966,-0.35918935178312805,-0.01348211328638962,-0.06601952552429882,-0.022551361001660795,0.010874418571802871,-0.0090077321270669,0.0101202326765184,SUM2_007540
-0.14825361174885826,-0.029088948444357422,-0.3996018048436788,0.03988749620266742,-0.0034272076835228614,-0.02064292294027179,0.008884886402584457,-0.00838835992919253,-0.023644815410968058,SUM2_017675
-0.14175911319813278,-0.043592033659982835,-0.4061306835580112,0.0011516017766270432,-0.13406415609126826,-0.020143354574145733,0.007688290302663911,-0.007682451362335347,-0.07295855750999217,SUM2_017553
-0.08307731390991385,0.017381482664025893,0.24336769126266264,-0.02456189961379331,0.04952853706999845,-0.020363872310146348,-0.0062080124214875096,-0.009577206488686003,0.017775333597059104,SUM2_000402
-0.03901089995301545,0.04072088212139462,0.5575342877614858,0.013214999322224575,-0.04237866428071076,-0.021812743844433033,0.03810156073991674,-0.018713619193890748,0.08645376792284147,SUM2_017169
-0.09781500038647507,0.0012891977628061574,-0.38729848493696395,0.04638880540284411,-0.007907805890223232,-0.021256246724341066,-0.005910694572739605,-0.008322113763385482,-0.06376675483267183,SUM2_001584
-0.08723044682715134,-0.036914841630359144,-0.007864481211637691,-0.024994076183778045,0.26668170128081387,-0.01903089355360474,-0.004756484003655294,-0.007340830376092809,-0.11510939753633838,SUM2_017252
0.2668071366775553,-0.02638382573405316,-0.15054372438963945,0.02958335900676969,-0.16466369719595797,0.10107119982929062,0.039277102417679836,-0.04171872701303914,0.03495408918646956,SUM2_015719
-0.13815113699208897,0.015517451313108933,-0.37307688729300037,-0.050352731066588496,-0.06387722354064777,-0.0200142679193893,0.006498879004244016,-0.00919408029287523,0.08100473003265232,SUM2_018695
0.32643293404116236,0.08084872285403284,-0.2320092481358075,0.20072157530446094,0.10409168551693562,-0.0165485792897025,0.007996313228542936,-0.006696467686380712,-0.017509978900716167,SUM2_011497
-0.09481951515886007,-0.0555386705249743,-0.40610538567062127,0.015360018549556398,-0.03515767013044212,-0.018912468678461074,-0.007159488739775087,-0.006486720870265844,-0.0059096322670545275,SUM2_015600
-0.0946782321013819,-0.0694159960782382,-0.29732637236221116,-0.019347224608108646,-0.09844259223153191,-0.02257005757387472,-0.009345043460111214,-0.008792048866121668,-0.04819938986765606,SUM2_004751
0.29649697379342055,0.2893070057636106,0.659043606598855,-0.02308042748744455,1.7368697815801284,0.12079480892871688,-0.014722749791202697,-0.003918502523282617,0.03404812568389405,SUM2_005823
0.21171650041975415,-0.019721602395334423,0.08865921097051284,0.07740515415481104,-0.1540016065204409,0.07880248110754436,0.027616038314991254,0.17356766956075684,-0.004950851475577509,SUM2_016419
-0.14860546869968075,0.0030578469468703793,-0.3755616169867964,-0.02890949706863034,-0.04409763036935517,-0.020271108786268106,0.005308820638863085,-0.009783045135193593,-0.08729698142754541,SUM2_000937
-0.09736767077062265,-0.043440561952300914,-0.39431544077856157,-0.03786265997424469,-0.046742530690447606,-0.019862781537268222,0.009248743174887303,-0.009170364838091768,-0.05604463626628189,SUM2_001224
-0.10378547163160019,-0.004387016917114325,-0.3396798387877091,0.01956629094952179,0.025734380187020033,-0.01681352373391671,0.009434944421767167,-0.006979050884769376,0.2229600038657101,SUM2_013658
0.07369402534098739,-0.0174360535872713,-0.0028381597031469597,0.06004074615990311,0.03679447519342784,-0.018139419672247074,-0.006306178016941795,-0.008663092046541894,0.06341908723491005,SUM2_007642
-0.0929641313005252,-0.04085137085618827,-0.09859950636032432,-0.05879405385369837,-0.13283729397548194,-0.020172764818308733,-0.012709011311665585,-0.009751641418635628,0.02429935676294932,SUM2_002157
-0.113074700012696,-0.012500046128916675,-0.3725585126044506,-0.027782989544775306,-0.05645809894347229,-0.021154375681075196,0.009063335217379394,-0.00861932264511122,0.008455614875864444,SUM2_003872
0.1839738226283711,0.033819045455874996,0.4355638735298407,0.05781745443778483,-0.05510320398979833,-0.016334465386788802,0.007932640815433182,-0.01260260356896079,-0.03029728816796895,SUM2_010192
0.1587751090949983,-0.029126272478990904,-0.286012167214119,-0.0638626770677756,-0.22323505177011613,-0.023907957057380615,0.008281908428430339,-0.008966893265546061,0.06092035941525666,SUM2_016096
-0.06218978069209876,-0.013990130584827495,-0.35611391264090014,0.12429896788176867,0.055558394455445005,-0.01997816590057377,0.010374108258645404,-0.008058545119650542,0.006696707424365823,SUM2_015855
0.12831920653865575,0.12306472228703305,0.05953930223800613,0.12674896568730015,0.19208821218189193,-0.020586896120895464,-0.007552368493737788,-0.007709054800549888,0.058224851816891444,SUM2_003898
-0.06897857468084564,0.003667262970384908,-0.10231723962910173,0.041131366601918795,-0.0559650788367063,-0.020267927264541637,-0.005117033598536766,-0.007950459182610017,0.08619925733858415,SUM2_008578
-0.19682877015046407,-0.05779822052015844,-0.2811059640578126,-0.05039092496165841,-0.08213737296171877,-0.021181728668572913,0.00588489170871963,-0.009868020653185,-0.03959750629986457,SUM2_007795
-0.036594708287917777,0.04106175400028901,-0.35608819943893105,0.062232962135533795,0.03390625929909541,-0.017567300355426457,0.017429323330225795,-0.008290333280184284,0.12446010512699775,SUM2_015394
-0.16882428945534095,0.035022884146592735,-0.5306089092075913,0.010831324659564207,-0.03394674150174444,-0.015680947902785167,-0.007572592882291213,-0.006317225595200766,-0.013427895884165356,SUM2_018002
-0.06486976870411328,-0.015466376558121492,-0.08633285162715862,0.0031323674063685374,-0.09049548900189208,-0.02073715238320557,-0.010376846093035689,-0.008690310931132452,-0.08576572431896061,SUM2_006235
-0.1721635931112764,-0.03900989420542917,-0.2637088324967512,-0.05504815367359035,-0.06848955749859763,-0.022010786314719637,-0.008987813114380641,-0.009874278544284586,0.003794080431160676,SUM2_017334
0.09618254827959713,-0.010594608496268953,0.7619236413265323,-0.003337738532920513,-0.01671653084373196,0.12319505195475262,0.015011763816734284,0.07541504035659256,-0.0022545739243076683,SUM2_018818
-0.055407893173671896,-0.02661514977579126,-0.27070529054538855,0.0492848510259061,-0.11012287813558455,-0.019105123587171167,0.00956252032530703,-0.008220277793032306,0.1623532037158819,SUM2_001494
-0.18507471726863567,-0.03343251657041717,-0.47906723954666186,-0.043162177863881296,-0.03908446204240474,-0.020097831955629412,0.00559471964159597,-0.008779154227668682,-0.054407677177569023,SUM2_005870
-0.06267222369765872,-0.02369792022392416,-0.35639876248564756,0.0632270087479335,-0.002628371867552413,-0.02144566334552258,0.010915897822553903,-0.008196874397917345,0.010476412637579568,SUM2_008034
-0.00646581846418484,0.01822709389870593,0.8105884733531061,-0.005197459942676207,0.04155283247373799,-0.018298882412879365,-0.01816912891119664,-0.010062525871386762,-4.429469683025159e-05,SUM2_012979
-0.07414318443962122,0.024562554482965113,-0.11467020951421211,0.060772982637126174,-0.08527469705171116,-0.020808831381000103,-0.008973576823091998,-0.0080150223094408,-0.07552268745268238,SUM2_004036
0.09821382273993665,0.08221501148822961,0.16673965934705973,0.18587919477576814,0.42960781967847234,-0.047947610791965446,-0.03115212329165993,-0.017267462503063775,0.017623340389790496,SUM2_000220
-0.14680854155407969,-0.054568519268664836,-0.46369350955880284,-0.041694567942753884,-0.12313181473279296,-0.02018136117759452,0.007424990070592998,-0.009178494549857499,0.10868548161040228,SUM2_001466
-0.16919578903736188,-0.07697903550525567,-0.42588995434759014,-0.07489356865476784,-0.11771281733548022,-0.02146865604582679,0.006422712501479595,-0.009916838398771187,-0.05308950976429154,SUM2_014596
0.5129468488417036,0.03435153687758003,-0.19048818865899556,-0.06697648104432252,0.1260041429562232,-0.018379805255449876,-0.013796965213575893,-0.007230680792472638,-0.041640569067704185,SUM2_002647
-0.10600239421176723,-0.05625071127201849,0.6254395485848983,-0.05426404109555022,-0.17219607200862014,-0.022267080459261308,-0.027799689737507228,-0.020573832327828067,-0.1452805804579367,SUM2_016464
-0.029285373879505017,-0.08311185992529693,-0.2533104054355268,0.09285718100515726,-0.058269654418557935,-0.01980101702705589,0.009714019986154215,-0.008284879066536365,-0.040085877121020984,SUM2_002226
0.07218232283643478,0.08551211622864544,-0.37447616253624194,0.14666574883863284,0.0278686736602999,-0.017312723626500687,0.008326023381059203,-0.006621125173862377,-0.03245875278345194,SUM2_005825
-0.07600071779597829,0.009341973589024053,-0.41593988844981133,0.09553876790593038,-0.02003803257748143,-0.020133683383499947,-0.004295647643704645,-0.007470355039165296,0.048633670946391476,SUM2_000336
-0.08794582750920879,0.02395157660160548,-0.408899807428317,0.05641728957923188,-0.03220178909913788,-0.021885647844330426,0.0070968932761606845,-0.008336801904876328,-0.0013942827496281555,SUM2_005944
0.06629989792654038,0.07459166928921504,0.7644509621895554,0.02667897436695827,-0.08259302032883134,-0.01569068908589109,-0.038844734263068115,-0.014689995289161808,0.024912446763954516,SUM2_009135
-0.11786986577010714,-0.0009801044207398664,-0.4076095380159301,0.03485372078542733,0.02770289559108401,-0.01713545997083494,0.0074934008497372735,-0.006979050884769376,0.24407422409879276,SUM2_007454
0.2593818364909275,-0.020404315822473124,-0.16197915078794542,-0.03040531711726156,-0.032013963537293244,0.08489831481756852,0.019930183620207688,-0.0386277906049093,0.04263725423273223,SUM2_005696
-0.13067880379204505,-0.02246828653926997,-0.4213618784071939,-0.011594250646504756,-0.15063862196427383,-0.020311944996400492,0.006319066064433944,-0.00979087745698729,-0.09269429136268573,SUM2_003914
0.17365533816741077,0.03643033584796642,-0.24032271713429934,0.04766602144043312,0.12179187674836625,-0.016047857418174445,0.010004078321630987,-0.0069004648395004226,0.20999202568702832,SUM2_011527
0.11163814670804564,-0.04977908061722348,0.15338270712478902,-0.05107536560317531,-0.09390431680578791,-0.01938708458353361,-0.03060831182805971,-0.0322966381566598,-0.025745821736480552,SUM2_005917
0.2742230444889159,0.001207496232534594,0.34480237189664575,-0.004501586280194106,-0.0248180759157993,-0.014074893574927177,0.0007247971372380663,-0.011559492065137423,-0.05615961462779845,SUM2_008213
0.04232587880279415,-0.04192028024919038,-0.32153247221593456,-0.03569956430083234,-0.11375335560688367,0.04984633942422392,0.014875993111912128,-0.0469116565053241,-0.04053715609463008,SUM2_007225
-0.20160660829094096,-0.03206262113444795,-0.42447734298301365,-0.01872133114496644,-0.06860096075353846,-0.020151625070498252,0.004367349239184921,-0.009302538411571058,0.17261595787930345,SUM2_015720
-0.16756409093931818,-0.012827580745271136,0.7512406188201631,-0.06417595306584291,0.008826683070301438,-0.020390125469382077,0.013653383223543463,-0.014094298661516468,0.03838530310528108,SUM2_003397
-0.10765124805169476,-0.018079412901172924,-0.36006524272449186,-0.008614845652069774,0.05753985407537991,-0.01919977597011147,0.011631199465357563,-0.008053309864179263,0.07889052875583845,SUM2_010929
0.04821770046157352,-0.003063755407075569,-0.3495978590283915,-0.017614299717944187,-0.12030325181996397,-0.020196255548505793,0.00869298490991716,-0.008066718973061927,0.09638803820897641,SUM2_008640
0.13785257092858666,0.05055218091628096,0.24781873984524605,0.21216103946853154,-0.0740647410652785,-0.019080540559577995,-0.01832425582863028,-0.01885434464583326,-0.10422964573560094,SUM2_006802
0.09618254827959713,-0.010594608496268953,0.7619236413265323,-0.003337738532920513,-0.01671653084373196,0.12319505195475262,0.015011763816734284,0.07541504035659256,-0.0022545739243076683,SUM2_007664
-0.034154207378420016,-0.0127648147339808,-0.471759660321195,0.04341454033332888,-0.12017517776581552,-0.018010197003113813,0.009015794580834761,-0.008454465096542196,0.09698058591854776,SUM2_012941
-0.11249578731623475,-0.03138144426204491,-0.3310510986662069,0.03120802682479833,-0.0010531398109935419,-0.018257689248841916,0.005681215731410332,-0.007021718821402789,0.12610344368505982,SUM2_012654
-0.08638775187524562,-0.06726857814496576,-0.34040249544001683,-1.6478314391765724e-05,-0.10801635947266379,-0.02076154659122058,0.009294890574709978,-0.00877092700587113,0.14520064615203804,SUM2_000744
-0.19661766703659184,-0.06211597621446326,0.0005309706496065353,-0.05261077916873762,0.03371173745460513,-0.01930065035063632,0.006647171538765736,-0.00791373548573715,-0.04501290429884862,SUM2_007529
-0.13084104174731587,-0.009647221161787567,-0.31510882888001823,0.014878243936304634,0.2217344072701259,-0.018206751866920532,0.01584609817201273,-0.0068505885049275185,0.14051094920959667,SUM2_001518
0.06157625755560978,0.18966316112494563,0.03719229184499444,0.01003930681262761,-0.05199328110564283,-0.01684219354232857,-0.014786149068550181,-0.00846789996376775,0.030562646756102492,SUM2_008870
-0.18572038321684844,-0.0006911803247454773,-0.38123187984845713,0.002568414063114883,-0.015798434211800702,-0.019096947205287325,-0.005772310393057103,-0.0069456667111542246,-0.0016002754933430257,SUM2_017853
-0.1462903511313968,-0.016214487955462754,-0.40074512154361414,0.02350900271375856,0.011005362934149299,-0.01805419403147771,0.008278279116156684,-0.0072812499137422035,0.15602305593211746,SUM2_001560
-0.06601426693831221,-0.008658469851332331,-0.35185061740419404,0.02190091783326186,0.027716138836744387,-0.018912180357081747,0.006489444308098238,-0.006340014030132249,0.08970768550437067,SUM2_018466
-0.15181939138022355,-0.01884039162025924,-0.44461108122755666,-0.06680183816309508,-0.0012297927180840898,-0.020115827216617956,-0.005275152798147858,-0.008584894950388774,-0.024771084414204208,SUM2_018952
-0.1411391485593327,0.020028209778085768,-0.32344881126270103,0.1202152205689806,-0.0047177935557949895,-0.021362271022323666,0.011358739795436957,-0.00850228564687184,-0.005323995939417152,SUM2_014289
-0.06344837962021495,0.0758554430462394,-0.2771639618929181,0.21047019083777269,0.07865845955924916,-0.019682648482464038,0.010604701227526197,-0.00784754027075196,0.020852052729763017,SUM2_012971
-0.08605579281479106,0.02310180068829599,-0.08530313504210336,-0.08726164411060047,-0.09015568672651339,-0.022336205563822854,-0.010530373976838578,-0.008914980386139642,-0.05751953419314373,SUM2_004244
-0.08857887979242166,-0.033108947464655945,-0.3780150027048753,0.012440236726720575,-0.0010853884814291017,-0.01795909352213753,0.01135551822387966,-0.007187961274371666,0.17807508620101303,SUM2_017833
-0.15970996918989597,-0.0017214630152244483,0.3743282741478661,0.010755632429463795,0.0013608672191802117,-0.02071936791409047,0.017927500848145896,-0.012929045796069339,-0.057766695818478264,SUM2_008921
0.08765461735315036,0.06999018651076798,0.6638172020296749,0.11050906062687707,-0.06567511151571061,-0.019193929498254946,0.06227653206650148,-0.01515996468585729,0.0803388736474209,SUM2_000016
-0.039469572221925445,-0.019608559266078057,-0.25922809941195113,0.055667509580641907,0.06140970734803196,-0.017067892485013038,0.006626413502523012,-0.006279438817900053,0.23664745607449142,SUM2_012959
-0.10122879862706771,-0.009052349450882574,-0.3924850820258229,-0.008928766504584514,-0.04720300761479653,-0.019684487364144194,-0.008434596860905485,-0.007218774542410304,-0.026948486431195677,SUM2_013233
-0.1842877336190279,-0.022019481044822507,0.188020003550351,-0.005313225951449247,0.048411140566327275,-0.01838613678288173,0.010198312763225461,-0.011113549702398006,0.17034234786226993,SUM2_001011
-0.14312743792423555,-0.026336930817896426,-0.4533987921019197,-0.014727243692996477,-0.16883878211041262,-0.021292247682912133,0.007507742046128423,-0.009677988424936071,-0.08056724367082027,SUM2_008580
-0.16259242706623345,-0.00637396331176483,-0.4951754452180281,-0.01183843919088901,-0.010033016297950195,-0.020144558048588203,-0.0041260698865297546,-0.008498424847775552,-0.012492277174045335,SUM2_005742
-0.12574219976154374,-0.06668312959328129,-0.282688181933833,-0.04559592054799874,-0.08574356148860676,-0.02408805769594797,-0.00750203268639407,-0.009308673917191552,-0.030205529534602815,SUM2_015572
-0.08662055280333461,0.02774711175614779,-0.3552377685358922,-0.03425244508102028,-0.050437133568804436,-0.022334883312988163,-0.009705386479413646,-0.008615706415533001,-0.05400728080675978,SUM2_015351
-0.19692755737045578,-0.011115489838129527,-0.30245645397074494,0.006153583359006266,0.0072776807498662124,-0.018771548229059045,0.00816083104609144,-0.007909199145888947,0.02262697005938611,SUM2_003152
0.09618254827959713,-0.010594608496268953,0.7619236413265323,-0.003337738532920513,-0.01671653084373196,0.12319505195475262,0.015011763816734284,0.07541504035659256,-0.0022545739243076683,SUM2_003017
0.09618254827959713,-0.010594608496268953,0.7619236413265323,-0.003337738532920513,-0.01671653084373196,0.12319505195475262,0.015011763816734284,0.07541504035659256,-0.0022545739243076683,SUM2_002335
0.0780716593775149,-0.03513532794283647,-0.002480012958028215,-0.030207435207150506,-0.2931121411611468,-0.020474776417472276,0.006934534966197626,-0.01018461868272213,-0.10703451426472688,SUM2_005901
-0.17444141133975163,-0.015176569415294706,-0.4095889580944296,0.03449182861327131,-0.05057007496688557,-0.022825056717152112,0.009449781362934537,-0.008854113556901504,0.0005091850202214416,SUM2_008399
-0.05317019232942684,0.008112461448891642,-0.4222324311792707,0.038976391054811814,-0.0885145236236598,-0.017834939758034928,0.008789830031136654,-0.007739095170533001,0.08169092841933427,SUM2_011007
-0.1644292877635405,-0.013659444191504944,-0.550464175484832,0.0015547950791203208,0.03359519545429788,-0.019530109729466262,0.006456178528863628,-0.007187348377066129,-0.05038012391540599,SUM2_016701
0.1246787037740712,0.009980050330372208,0.6163127761019547,0.09697925960787548,-0.07359425108506425,-0.019833806866526145,0.04507710770150063,-0.014415097745710096,0.06313240971115355,SUM2_004390
-0.1060609477943936,-0.011175841562282398,-0.29200256783544526,0.026081097573657664,0.0021801007767573936,-0.019423122987053103,0.010028434442776636,-0.008246828603742254,-0.001978597650986992,SUM2_007014
-0.06721566622267065,0.13724950304328307,-0.33217807323408455,0.1028046487367075,0.05898476859171057,-0.019654110437909083,0.010400122839241886,-0.008163898530236195,0.013047389411136229,SUM2_002219
-0.09940387807667073,-0.003344428314033282,-0.1308231850953057,0.004688250325215629,-0.09423353041216571,-0.019546018356668072,0.018281418877063818,-0.008569630421446813,0.05180822581534533,SUM2_016414
-0.17134553270717073,-0.02685641680163885,-0.41402282523349354,0.03387619696021748,-0.07017852060428233,-0.0212564547050446,0.009558086677664635,-0.008926456288181384,-0.029472193493918487,SUM2_003075
-0.0748787540067812,-0.024011838676900217,-0.5017533958582736,-0.06280709219895524,-0.19257571970187384,-0.0211995628267697,0.009639056226750268,-0.009953066714309044,-0.08126253062031474,SUM2_004009
0.09618254827959713,-0.010594608496268953,0.7619236413265323,-0.003337738532920513,-0.01671653084373196,0.12319505195475262,0.015011763816734284,0.07541504035659256,-0.0022545739243076683,SUM2_009660
-0.10352196237777903,-0.016305690428784846,-0.36708822720368817,0.005429801788935651,0.002567145865049074,-0.018495063701623727,0.007371717343781481,-0.0065017059933047015,0.18484331786520133,SUM2_014155
-0.10660166571193522,-0.023825804818367297,-0.44501094394089613,-0.005839382813714924,-0.015370629928446853,-0.0199640981185624,-0.007050930736794994,-0.007814092956439488,-0.09304129296103862,SUM2_014608
-0.14139168374564245,-0.03801458252093946,-0.3671912314121263,-0.014077987300169317,-0.035799783854500306,-0.019229114165456467,0.006371296139063437,-0.007558104435132824,0.038538436930086024,SUM2_001521
0.018956628505359556,0.019474765352581375,0.8713342002980194,-0.007586866481083404,-0.12259296675691747,-0.02019525235763104,-0.018043048822201917,-0.014726468788680867,-0.06795507419568754,SUM2_001498
-0.11751412352758464,-0.056926934618235524,-0.47622486005787357,-0.023196592929307872,0.004578950944930908,-0.02055336679363725,0.007582413354544679,-0.009407544718938825,-0.050820099490598514,SUM2_003721
0.07830796634812717,-0.01764432655349748,-0.27617051720907554,-0.03373950767440748,-0.1827626533501044,-0.02051607094088922,0.00806419766424185,-0.009131016231848295,0.13083432682635454,SUM2_014600
-0.12382565704610313,-0.12083106600907681,-0.3797279364850216,-0.023850542885215993,-0.10921007177237836,-0.020681894275954706,0.009414599533895073,-0.008440320047438842,0.14016833138048226,SUM2_016440
-0.07191590075061598,-0.048514172869919936,0.4314240473783616,0.006641534102667322,-0.12539738173988155,-0.025112381176114185,-0.03820428820078471,-0.022238025427251323,-0.1984652242673473,SUM2_002811
-0.14416540761804983,-0.004516854187262404,-0.3869943459059222,-0.010785365319895324,-0.15275619692946413,-0.019317358712861124,0.007995636327279286,-0.00868462400426194,-0.08503462494273911,SUM2_000953
0.09618254827959713,-0.010594608496268953,0.7619236413265323,-0.003337738532920513,-0.01671653084373196,0.12319505195475262,0.015011763816734284,0.07541504035659256,-0.0022545739243076683,SUM2_017972
0.054426717325788854,0.03923469673595255,0.8832674382431766,0.001354402314070201,0.0008556749775409364,-0.016054045020517816,0.018196932974563203,-0.011568860385372012,0.16284232996203943,SUM2_006694
-0.054824972887484245,-0.03077359120607025,-0.5098217054496148,0.04462041410215584,-0.16286627646657537,-0.019367946026530535,0.008276820558877405,-0.008645086114573729,-0.08771075899142233,SUM2_014490
0.08137902632332965,-0.02670984407906562,-0.3496324294564463,-0.03133633042757154,-0.23135897878941739,-0.02071259488909477,0.00826261453894206,-0.009002825604222992,0.08303246407893387,SUM2_004557
-0.13572366190973303,-0.02492038830398317,-0.32919627565905063,-0.02541354669023989,-0.0724747841742614,-0.02001997377833672,-0.009030833675804702,-0.009529082836873867,-0.0047473598446328095,SUM2_002104
-0.1161634450370485,0.01316953947258478,-0.4293868264905242,-0.02197307997000563,-0.08637104900590545,-0.019647495372020474,-0.0062904338963787765,-0.007926322518738965,-0.10298120845408176,SUM2_010390
-0.05496772400100845,0.019951994194275773,0.0484530690027038,-0.002267654974761061,0.09248487441008471,-0.016127490720867034,0.009612371361507752,-0.0061856848757589535,0.2003420578989489,SUM2_011325
-0.16852981914898596,-0.038889045600446245,-0.2513308595535849,-0.003570666856538133,0.04189382003971107,-0.019135602643918892,0.0065410576137586605,-0.007825837982971758,0.02323293098173573,SUM2_008224
-0.08752710686587048,-0.0023757386309533036,-0.44955486958982604,0.00761094666035915,0.15735844421428063,-0.018183239343763296,0.00907757834078542,-0.006342032164722127,0.16745019694239938,SUM2_014505
-0.0801162672730347,-0.03591178161699791,-0.3353525743437987,-0.06011048032375991,-0.06553590516110279,-0.02213389911123228,0.012452192311389464,-0.008773278046556341,0.018248592335225765,SUM2_006511
-0.07500832137302285,-0.009020918226548966,-0.28152832944551875,0.018704962355792488,0.04000544452058659,-0.0201072349394886,-0.009044165858698583,-0.009386885599941396,-0.02897543112512644,SUM2_005404
0.11714412538289284,0.05732533825070104,0.7346700878480734,0.0028056715813982646,0.023223632923485067,-0.02061901753012224,-0.015194080553978792,-0.018203563094432686,0.027104319483841254,SUM2_003820
0.06529967151702691,-0.005212131110738731,-0.3358417525112623,0.08096230332629203,0.03656792538150726,-0.016570524428315258,0.010761508557131276,-0.007567216318305621,0.0029587130459002853,SUM2_017887
0.4629687001140373,0.018998059615681014,-0.34861314492290674,-0.01068088194304016,-0.005731762031398966,-0.018553206946197442,0.01031128052908294,-0.008724230775616786,0.02935953270324094,SUM2_012713
-0.07561497798589327,-0.05348055218052211,-0.14354534548994324,0.012543097520122046,-0.12514118581862935,-0.01944434517090202,0.01880741682211567,-0.008974619395320814,0.0005859769552253287,SUM2_016332
-0.18179234070690872,-0.01578552313477837,-0.34775832318259225,0.033877178861518975,-0.01493031041023637,-0.01913644462461162,0.00497156910709699,-0.008151272205211668,-0.053075295016654166,SUM2_008890
-0.0816947416535824,0.007105076535050962,-0.08060776856414997,-0.024914895463727764,-0.0820569564421906,-0.02265032714045891,-0.010390467202135257,-0.008686155778188214,-0.05479200438785298,SUM2_012621
-0.09987010343442382,-0.01903784623999134,-0.36200922087554693,0.031814922038141825,-0.03433083507661617,-0.021866622043337447,0.008402049787942543,-0.008160734408096209,0.0049796806806308115,SUM2_002801
-0.11099276920621019,-0.043424796144614815,-0.4009721770287219,0.027766410869421988,-0.002418629369511324,-0.018683419111040662,-0.007159488739775087,-0.006422593104779306,-0.006695006837268242,SUM2_018505
-0.18422330867996653,-0.001384436579642338,-0.4158426367540905,-0.006712979406114429,0.0416882240645692,-0.019152368143386785,0.0007972833620533514,-0.007837136511733414,0.022189083692672158,SUM2_004850
-0.04215495294074202,0.017274433331157288,0.3124006899975585,0.020774567593273504,-0.04761331227122836,-0.02134322062542863,0.03518491059675389,-0.015045905654996982,0.0710321213030814,SUM2_009998
-0.10627631704859616,-0.02939386272721235,-0.41280957225719817,0.013245875437059485,-0.015973935382871868,-0.018808627365994823,-0.006481437862417748,-0.00658169679567047,-0.014685672831558314,SUM2_017826
-0.16222860086744073,0.053601088449221825,-0.11635091802230726,-0.018296026878438003,0.08961222584495214,-0.018032248114419752,-0.00514304217228313,-0.007777505400339256,-0.05671026262999197,SUM2_002810
-0.10609358151263071,-0.007501680255559015,-0.3421471367581546,0.03616498482048526,-0.06383906347995791,-0.02086383445329882,-0.006918395397525467,-0.008142182830463751,-0.06651683789619067,SUM2_010126
0.11017925361222794,0.008016444418760526,0.6058632002622517,0.01989726234753176,-0.008406929546193667,-0.02000891524285955,0.017602709322248538,-0.023941344368055627,0.1419925835892633,SUM2_018976
0.155309710831992,-0.007108795739515611,-0.238840256853918,-0.03947647149951382,-0.20984356680771804,-0.020072344981061117,0.00758591690338159,-0.009432299137486453,0.13831649830310197,SUM2_011170
-0.0509169720271803,-0.04214611265018743,-0.03931458210241173,0.008645185551314997,0.07015717108924,-0.017141323741733522,0.007973139431924276,-0.006454771485222022,0.09769113080604899,SUM2_014483
-0.14489274609298106,-0.05068864077214639,-0.4171207455783736,-0.01523324652843353,-0.05102025382380402,-0.023502536894193866,-0.0036900891069626823,-0.008963405234843388,-0.009866066728737827,SUM2_017612
0.18540731761950358,-0.020359545715410945,-0.37582816984849166,-0.06326736275879911,-0.1843965147111334,-0.02224506173001854,0.008031219556557695,-0.008948496501682437,0.10281143795425844,SUM2_013683
-0.16154944970404075,-0.03487851450556308,-0.4151490273657624,-0.061338535858221334,-0.04405927656273668,-0.02022613523062907,-0.009259119910366518,-0.009370867831445204,-0.015541502184099642,SUM2_018243
-0.17550639820469954,-0.054127170560842555,-0.5018881737949189,-0.014095325779802239,-0.1323223665974544,-0.0206904774189739,0.00748972513545446,-0.009159902474957071,0.07810776329797493,SUM2_013726
-0.11020883815377044,-0.0019074011200494346,-0.36709047538709394,0.05567983344198361,-0.04120398743428129,-0.020977994117957536,0.008370644729486712,-0.008351546236625684,0.012440451076314085,SUM2_003740
-0.0627325487759065,-0.002479615331417614,-0.05626883528820127,0.007834829414025335,-6.514877554176305e-05,-0.02016246056554032,0.016126623334937844,-0.008343122526622424,0.020340604336882125,SUM2_008735
-0.031072955883534252,-0.027143427518575812,-0.310448994301622,-0.04639621591677827,0.036258846005826274,-0.021056249943113305,0.013180472457787884,-0.008484794775092341,0.015805910945741734,SUM2_007455
-0.11188828466837579,0.012871106373600106,-0.3809246600263906,0.07237416224101487,-0.03595157715015599,-0.02097979930914867,0.008987771456286885,-0.008223376543204628,0.012228359192908694,SUM2_001878
0.06967849864169602,-0.0025059432246353737,0.5110814517703106,-0.029109573653441235,0.10579422794314244,-0.018542848666417942,-0.033734655626659685,-0.013773617448890649,-0.07087271077866128,SUM2_001587
-0.08512028655592618,-0.013558593619700585,-0.4901855250070494,-0.046628105763398806,-0.13827777640381905,-0.02074556196836683,0.009740604545773518,-0.008903432132012126,0.03320496674221528,SUM2_010885
-0.16091521362617572,0.004900035400264647,-0.129635043212316,0.001071765526275184,-0.024150639389826208,-0.019089932614248538,-0.013572369385935881,-0.0073433589947269505,0.0439736047909872,SUM2_014234
-0.1405473958694709,-0.06570464288410649,-0.35907968001326857,-0.0475869397629015,-0.011608945753753874,-0.01795139019854087,0.007236926470607502,-0.009227271228433757,-0.038430777295178464,SUM2_009385
0.1541335801818777,-0.010593291675959548,-0.32479792961753506,-0.025845966366256846,-0.23911253007029148,-0.01984316383087347,0.008311828259950513,-0.009185645565124226,0.08936213972793165,SUM2_003659
-0.16292055400298744,-0.003906994945140003,-0.45856326176085443,-0.050615000786477474,0.004320735163397706,-0.02101602669209919,0.004954142940563118,-0.00977862946589186,-0.07453104531265149,SUM2_013204
0.09618254827959713,-0.010594608496268953,0.7619236413265323,-0.003337738532920513,-0.01671653084373196,0.12319505195475262,0.015011763816734284,0.07541504035659256,-0.0022545739243076683,SUM2_004946
-0.11889015898354378,-0.024094624078695254,-0.3984386746673071,0.06405301976642921,-0.0013153806848380273,-0.02238597634323778,0.008586040313577159,-0.008748773148230075,-0.020132024822248275,SUM2_007724
0.13669693963386673,-0.0388458674974453,0.1175319563729051,0.03493406753465724,-0.06457532950953412,-0.020038297118727455,0.04137359826374919,-0.03840745062561775,-0.0016320625950052314,SUM2_014224
-0.15472983212687558,-0.01351119758280383,-0.31369929872789853,0.00913533797929586,0.014785198477649874,-0.018021350627611576,0.0067707946697484036,-0.00688838932050439,0.16992444553366298,SUM2_018992
-0.058050651621648665,-0.0031754982832320226,-0.08982440808662957,0.004435052709612865,-0.06519403695293474,-0.017022328504040483,0.016803527278482184,-0.008423589291390818,0.03789838154490011,SUM2_007574
-0.06989426234767997,-0.11332224489464504,-0.5037653768031485,-0.05455694357117256,-0.2001571981582456,-0.022452655259946445,0.008978618815156053,-0.009842054051929878,-0.08589582647163631,SUM2_014614
0.2036258311399338,-7.671547237527026e-05,-0.35646699603886434,-0.016406801438638298,-0.09293641522937685,-0.01945778252354003,0.0077929564275213015,-0.007633245771324978,0.08813564109341197,SUM2_008741
0.02555766709651105,0.03225350541905188,-0.2911661785391567,-0.03370564997611886,-0.18423922899430628,-0.020645416079449388,0.008125948947501405,-0.009748925225555125,-0.10474764885576471,SUM2_015944
-0.01976439723405976,0.01438531346056295,0.4101795677272616,-0.026426376608646912,-0.15914951162734775,-0.022575318056358862,-0.013565955179777947,-0.017712256892201034,-0.09403926535065026,SUM2_011862
-0.12251100977034197,-0.03797655832232756,-0.06325692697797976,-0.0268010163143511,-0.07989695059827545,-0.02182755081741926,-0.007086680513595835,-0.00970356191851524,0.030294396788402695,SUM2_001504
-0.06073989888437923,-0.01269894927841431,-0.3613628621361952,0.0878499731536948,-0.013777537278779997,-0.020274885757748246,0.010553916132442885,-0.008638202658164628,0.010079682802582129,SUM2_011588
-0.13807143916098769,-0.051242368418770015,-0.5145366739409389,0.0006221510870404075,-0.04188640937990936,-0.021123498431647438,-0.00819104511392846,-0.008352536819217628,-0.03446362436640361,SUM2_012566
0.006322906256662183,0.017706323287867483,-0.3474536044448405,0.027416040935727526,-0.01722343312212246,-0.018481313601085236,0.009602440609333022,-0.009041458848521734,0.11256788832612023,SUM2_018000
-0.0335929757123939,0.018956325971053352,-0.1959772784409877,0.11846482598144152,0.032730806301946816,-0.021123100128745333,0.008011604664479383,-0.008161685242530987,-0.040616366323529704,SUM2_007361
0.03714425505644963,-0.06999429899194629,-0.44673560994562395,-0.045989285535426735,-0.17610356646914196,-0.020913257297408595,0.008803400483357001,-0.009001533846651474,0.09058535647757338,SUM2_014839
-0.14314476668997375,-0.012560686990497871,-0.4602334601222985,-0.018563707308926376,-0.048428711070001795,-0.01978750863014702,0.005269475972188087,-0.008636068079879019,-0.0569198924085928,SUM2_005649
-0.12798232137287796,-0.013211652799548751,-0.2338576172220152,0.012978319966732788,-0.08769048909041416,-0.020723929890055677,0.010644703293205581,-0.008552586552910607,0.021043895687501476,SUM2_005585
-0.07405372152295664,0.013152826413449198,-0.40841293081556956,0.06167863942155636,-0.02290477609594426,-0.018761286972375217,0.007196713615412792,-0.008168777646817303,-0.08012377297568232,SUM2_018092
-0.13705956878829245,-0.017977080302340225,-0.40983481483839,0.016653167034576203,-0.027661073708087812,-0.018319758117015576,0.007750873412424304,-0.00735515268843325,0.14330560644240278,SUM2_011666
-0.10882217708195716,0.005382165571819433,-0.3425959226963645,-0.0779602673814125,-0.057334350644791435,-0.023390151779141673,-0.006616708883597215,-0.008848401606605027,-0.017367607034554543,SUM2_012532
-0.14840452013414332,-0.04966256576185655,-0.5007976452721916,-0.04423132242558673,-0.026547741333149154,-0.020438867239893015,0.005897190747915671,-0.00958337331533355,-0.06702226426845367,SUM2_007076
-0.17479602025381222,-0.0020762481226719795,-0.1426227987691874,-0.012727745079857656,0.08822174856929435,-0.0197313603287434,0.006418508142893663,-0.008243383832818519,0.018088593017224364,SUM2_010005
-0.10116776658764759,0.02700691409800853,-0.28696712152695025,-0.015577463499118599,-0.13509020294546656,-0.018799112515071045,0.011461740450581227,-0.008888483667098502,0.08783192631031667,SUM2_000765
-0.1811600804728149,-0.030944784195813462,-0.47978574153800435,-0.040512509561645774,-0.0420072035844596,-0.020053936076274283,0.005149796341602801,-0.008421397126366215,-0.008380615776751171,SUM2_016111
-0.07370153884254015,0.007707373924449893,-0.37764493387816805,-0.006865386012274101,0.12483714326646247,-0.017447529768003144,0.01034679098925877,-0.006090652570844267,0.15833178105117732,SUM2_009465
-0.06737412512564225,0.008573534489993545,-0.37658510109766913,0.08590164061938979,-0.04856536257973383,-0.020578583578936972,0.009358405938869014,-0.008021264674667484,0.015048834879954426,SUM2_013260
-0.11206294914860374,-0.020042174787581538,-0.4399486246792111,0.05263707801993338,-0.02884607551982419,-0.021979093356377877,0.007566356464203306,-0.008116525368029776,0.003917928708223875,SUM2_013742
-0.07868400765058597,0.07232121790939902,-0.2388912456849221,-0.022049305094054065,-0.04014059312592753,-0.022195419201309196,-0.008418744040432316,-0.008756021805193382,0.0005466895260599463,SUM2_013110
-0.11697436451286476,0.026534701489696,-0.38498183411132375,0.01313353702223391,-0.05822377055984142,-0.019029890483227833,-0.007646551882259186,-0.0071221288797105806,0.000494340674924628,SUM2_007714
-0.08912660256371877,-0.03327041115732765,-0.362198356893408,-0.009625054870304078,-0.0466801655664701,-0.02184015255088289,0.012048213311558323,-0.008772975477078955,0.011837539405191933,SUM2_000753
-0.16401288409836742,-0.029401319523298407,-0.4424691290374539,-0.007476762399170556,0.00347438185179036,-0.01949698658201831,0.007621625396153802,-0.007645087198982423,-0.017195976048199776,SUM2_001870
-0.11677747785803375,-0.011584749443738064,-0.34609894617979736,-0.0036525958056927744,-0.05748219010125801,-0.02279055005400232,0.012105436653932072,-0.009045395661549287,0.014201776686169698,SUM2_008765
-0.12603702646845466,-0.01661392714950439,-0.4220195164111833,-0.0012747960157188057,-0.048223389194163344,-0.01856817555114156,0.010891360034470936,-0.007834737992252235,0.06791423369636398,SUM2_009333
-0.16730044661327684,-0.02770267170713352,-0.4591409781994457,-0.05895989089868151,-0.012891007874267344,-0.02077667677157201,-0.005218538500672212,-0.008477106274773355,-0.02685291182292897,SUM2_018206
-0.03606351597745373,0.02340373914100862,0.7247292571057685,-0.009320332512835398,-0.1385134071182009,-0.02101482707711726,-0.03744233226452846,-0.014668929478316517,0.00719440154380824,SUM2_000228
-0.12169499679270275,0.04205588565579313,0.07118965083565174,0.007765863401654072,-0.09133699257063703,-0.019083889292437158,0.007320092801927356,-0.008959100507304703,-0.06373912427064246,SUM2_013719
-0.058050651621648665,-0.0031754982832320226,-0.08982440808662957,0.004435052709612865,-0.06519403695293474,-0.017022328504040483,0.016803527278482184,-0.008423589291390818,0.03789838154490011,SUM2_002551
-0.10167091976025219,-0.007418429877665144,-0.3312128594113339,-0.008587909606323687,-0.0387130864241342,-0.019973655982449302,-0.00782362059609464,-0.009029148897002046,-0.0774913223071629,SUM2_012901
0.025284634761132223,-0.0014267034481693288,0.8218460895551181,0.024994753533225143,-0.05254580879131674,-0.01651962261852875,0.01598328072945963,-0.015278975247867737,0.17067579929872423,SUM2_011235
-0.12658353794479874,-0.021043391898817276,-0.13704934510705707,0.0021771400162221063,-0.024153829601177075,-0.01842826426765349,0.00887428915231198,-0.007636026644466491,-0.05125789488709707,SUM2_002920
-0.13903811419893702,-0.03490806517860206,-0.4111246276470246,-0.00882604562036911,-0.06547045141447455,-0.01935549512374845,0.009715140293576929,-0.009225144694971661,-0.02483106785844779,SUM2_013528
-0.08153439604753089,0.02965768089943292,-0.07937493563517564,0.038944372477741976,-0.03598634430207661,-0.02156303223496372,-0.006236175166353229,-0.008204482574017171,0.04527236828619443,SUM2_009544
-0.0656969895687555,0.014984618185629095,0.22478538033983816,0.011833523659752015,0.05797110694696609,-0.018353308584935245,-0.004853008016295531,-0.007684539867740363,0.013156674500474206,SUM2_006344
-0.21229891039907636,-0.08311015749391393,-0.3472413080862792,-0.07773718091453664,-0.018304929068661144,-0.020924221982349358,0.006147187527077375,-0.009991989854598352,-0.09861158457882704,SUM2_017640
-0.1296545268683822,-0.005144714016509856,-0.3463143549523095,0.018637423264792254,0.04302517823381396,-0.01858993654961246,-0.008856051703367791,-0.006608713802708386,0.0038221560491243983,SUM2_006768
-0.11166154051889292,-0.01424982793064008,-0.4211956966487536,0.03093786991212173,-0.07178660125108374,-0.020856470496561808,0.007431843513983077,-0.00852132595323729,0.0046610618124170115,SUM2_001513
-0.10152659258657766,0.07885831006713753,-0.4594953571292183,0.0056926558165702095,-0.10353136577424833,-0.01971768075964535,0.004334335988248698,-0.00891032164250233,-0.05854714243305466,SUM2_011775
-0.12336638753770864,-0.033335023063701896,-0.34521934500666085,-0.058257870713793826,-0.07263088807884606,-0.020402226898890506,-0.008989981854859736,-0.009406641433756704,-0.0009331324117234231,SUM2_011453
-0.16587864421115847,-0.020496442344233208,-0.4236591121421947,-0.008750519018411129,-0.0028503409121131613,-0.019496576380571166,-0.005907777821852409,-0.006666247582334273,-0.005906668636508431,SUM2_016453
-0.05145354525095193,0.0002658091662168606,-0.492113814293955,0.03759020509784273,-0.17646738384405047,-0.01879967925777993,0.004428825664858534,-0.009222644655662962,-0.07570501465833238,SUM2_001656
0.09618254827959713,-0.010594608496268953,0.7619236413265323,-0.003337738532920513,-0.01671653084373196,0.12319505195475262,0.015011763816734284,0.07541504035659256,-0.0022545739243076683,SUM2_017918
0.23855840107776594,0.05762486938349627,0.04744480787655577,0.04124393244384602,-0.04497681472562852,0.08106632772083196,0.008120856789941951,-0.021980577687227186,-0.056249566886855784,SUM2_011134
-0.14542304899915076,-0.005808062590492246,-0.42555491701153203,0.00908712589323311,-0.07150514585507031,-0.01858006083612,0.0076442468669741855,-0.0074450635765564805,0.07205077870482193,SUM2_011519
-0.111049882987543,0.0006997285180488248,-0.3441450824397897,0.03327271879148592,-0.10630809037130932,-0.02103132188166862,-0.0016860415533282696,-0.008181071260766684,-0.038131229593681544,SUM2_014764
-0.11508322027713717,-0.05523454988608402,-0.14979689107371072,0.025582768507603392,-0.06439700094176305,-0.02213825733649703,0.009120890035729847,-0.008756706719148865,-0.05927677252775593,SUM2_009129
-0.09750303144442404,0.02322225448523691,-0.27139529901416226,-0.08971085081819699,-0.044753354619731754,-0.022328880494760107,-0.011011608727033106,-0.008802026945027016,-0.0776642406840785,SUM2_009781
-0.10423925466875392,-0.042799910374729584,-0.5191878105020978,-0.043333567059965314,-0.11307998720174454,-0.020965267838614965,0.009599449764114308,-0.00884348120296424,-0.07346102474783635,SUM2_010180
-0.1640999218743823,-0.03418021808097273,-0.3124336855232965,-0.020093612211699162,-0.041326297171612916,-0.021468985962619175,-0.00849256554630152,-0.009955025376328152,0.0001561576964413315,SUM2_017701
0.5828814243373681,0.02054890921606467,-0.31209760574565426,-0.07323852264248938,-0.32164710183980116,-0.023783160307184678,0.009075746466589539,-0.008727445440478992,0.07888419800553506,SUM2_001047
0.09618254827959713,-0.010594608496268953,0.7619236413265323,-0.003337738532920513,-0.01671653084373196,0.12319505195475262,0.015011763816734284,0.07541504035659256,-0.0022545739243076683,SUM2_017525
-0.08982674387251748,-0.0684820266283082,-0.023733934684403362,0.006755150768621057,-0.0768908930575797,-0.02174116970900509,-0.016579740155242793,-0.010543386225257429,-0.10160209520214354,SUM2_012516
-0.09829190053357667,-0.039315379939738784,-0.42345326523475507,-0.027055028113858605,-0.03314299844974325,-0.02240475862088146,0.010611646055946139,-0.008776195079470469,0.0032757068236761084,SUM2_003104
-0.1497176311454583,0.00820967112663523,-0.39723347878739956,-0.017215281268482364,-0.021144976374423346,-0.020079649290048844,-0.007012523142738668,-0.008527346981148865,-0.015955898351148485,SUM2_013025
-0.05673928473394604,-0.04051229898210297,-0.48972665386232866,0.059415090312976926,-0.19395260684083798,-0.019439103390322655,0.005069912003962956,-0.009133750054130873,-0.08836553827577956,SUM2_005701
-0.085252597703803,-0.046674949080596585,-0.2970419333520268,0.023049676085182748,0.02080170474871446,-0.01734471457194662,0.005050089676385584,-0.006375420075783967,0.08295326673464831,SUM2_010419
-0.0762402126756752,0.012951681602075372,-0.11454961247225108,0.02859206628798026,-0.1120613443224869,-0.02065055590951693,-0.01236541091901374,-0.00816865499206547,-0.00679300932084829,SUM2_002562
-0.160800308154499,-0.07210766893486681,-0.45889161288573777,-0.029534630037268177,-0.018266487699972706,-0.020192305118039686,-0.007351109172366336,-0.008506867454621111,-0.031170293617637946,SUM2_012803
-0.12185752967816339,-0.019602513925943393,-0.3939726398592863,0.02470438694323012,-0.036250165736392136,-0.018952852484679768,-0.007645444540442384,-0.0070541660953212,-0.0038917010680397206,SUM2_015200
-0.14642343626196372,-0.056120625353245315,-0.42557749083956037,-0.011583235290473197,-0.05469242837553649,-0.023997742833488496,-0.0011778390390945637,-0.008965145650406047,-0.009280838701972733,SUM2_013839
-0.1399177298407271,0.014565985502771911,-0.147209375704451,-0.035734661070685646,-0.10339824238248192,-0.020968698821355092,0.005581196380472701,-0.009880308415923102,-0.08409550554903625,SUM2_018717
-0.16096204646129558,-0.045760837996327505,-0.33501658000979095,-0.02720916978625145,0.11865396067729221,-0.01971930351732649,0.008476107686387447,-0.00810706771846626,0.17578348957400297,SUM2_002291
-0.16605451571349367,-0.015827505046653124,-0.42765627893652536,0.00040125326138544623,-0.052971674412050786,-0.018999742613624034,-0.006723720413911574,-0.007527981408473568,-0.1477941864068521,SUM2_003852
-0.1149363024324789,0.007045805213047834,-0.45258385146200963,0.09433216805883642,-0.0323812876103308,-0.021407911811174872,0.006651601884140684,-0.008072060017048719,0.001540385592179004,SUM2_018897
0.1855656294294199,0.044142883157300805,-0.26575536209768985,0.03924892673410968,0.03939797439870012,-0.015550299219414154,0.009455087550535243,-0.00765565140363151,-0.0028746129916278327,SUM2_008090
-0.12194776671085092,-0.010238314642820193,-0.28660089516710213,0.004959610979001703,0.14730419052196878,-0.01857564658305197,-0.0104990358197525,-0.0060350648442061864,0.007140119653299119,SUM2_016589
0.24357837021395629,0.22582593566907208,0.5563809090297557,0.21866087451267066,0.45888293882151954,-0.031881245600640526,-0.017626424211739152,-0.006020226586878324,0.00282751990373352,SUM2_002527
-0.03561107636794778,0.020330154701733306,-0.282267786737244,0.03666483466351469,0.08598645384698811,-0.02028311179443129,0.009088582556236987,-0.007989833157191092,0.014028610189395052,SUM2_004013
0.09618254827959713,-0.010594608496268953,0.7619236413265323,-0.003337738532920513,-0.01671653084373196,0.12319505195475262,0.015011763816734284,0.07541504035659256,-0.0022545739243076683,SUM2_009630
-0.09856607304484008,-0.05470545293106523,0.08890904897963114,0.03733359693940599,-0.11619552604474052,-0.020860874548138335,-0.016639530756088827,-0.011216953022622676,0.014101688550865308,SUM2_009432
-0.058050651621648665,-0.0031754982832320226,-0.08982440808662957,0.004435052709612865,-0.06519403695293474,-0.017022328504040483,0.016803527278482184,-0.008423589291390818,0.03789838154490011,SUM2_006349
-0.1520081347018314,-0.06634794726968055,-0.5032749904060829,-0.07445213396725617,-0.1511244635024232,-0.02025524268518747,0.0068087247657107565,-0.009012782883315975,0.06994957492754912,SUM2_005318
-0.007605173318875133,0.0605817702189896,0.0568267254605425,0.0021645300095097172,0.007156859095491699,-0.018166502585334927,0.006131177265715511,-0.008642694049141284,-0.017236195564591383,SUM2_015279
-0.21695542799785467,-0.06830773225130851,-0.40741408982267957,-0.07216315324447166,-0.11449615835401605,-0.02113262297097738,0.0058169816680774455,-0.009855595176178768,-0.07671527918438248,SUM2_011145
-0.14976571127485708,-0.006072710229131893,-0.39049156956321096,0.0021454704351280426,-0.007895773452372554,-0.02232696241295739,0.008322060764831937,-0.00901346516527032,-0.01172999321796159,SUM2_016122
-0.047216454929620955,-0.023999029582999314,0.06566842071572027,-0.0032628806777415392,-0.056696205471227404,-0.02146664252354307,0.008347726969513107,-0.00991977057293891,-0.0330392104792292,SUM2_008944
-0.1604406978346736,-0.016068000381929144,-0.02633084560525204,0.014402744680373308,0.05954854168478818,-0.01743622575467991,0.006855304698144629,-0.006714696630405461,0.009809279502742206,SUM2_011101
-0.10160928255153263,-0.0006000151783321372,-0.10652186804722666,0.007170391399623522,-0.09636730017852949,-0.019918801852956757,0.020595296574444585,-0.008518329466525578,0.04779448862885522,SUM2_018589
-0.015251113433652184,-0.007161046635671002,0.8903953688335557,-0.012820001525973401,-0.054887897559513066,-0.01945673040360382,0.025378842515295624,-0.015035274165502635,-0.0022040091907803206,SUM2_002612
-0.13272621206133434,-0.06721170525287445,-0.29209315512517653,-0.02385008152773197,-0.08511852886288052,-0.023992826190375193,-0.00997115432184012,-0.009295954917295398,-0.07746944152226443,SUM2_006926
-0.1473999656134225,-0.05135239578413166,-0.2239152519242551,-0.062111088140797174,0.008208888258182816,-0.02070964111831208,0.006787857091160351,-0.009855016462525448,-0.02638183056360987,SUM2_003861
0.02315928695126562,0.024773996399910587,0.14441139237790007,-0.005471293102427341,0.28206865909136036,-0.014625919555500872,0.007973693751236924,-0.006857049267696239,0.09114627782927706,SUM2_004453
0.00921515492313372,0.043875179420052084,0.8699163741715923,0.006215378350530971,0.016238723173128654,-0.018025976746625965,0.016178089070475098,-0.010544177524518536,0.007377564474674854,SUM2_006811
-0.02960140013748739,-0.020203402823877246,-0.44800552644181685,-0.025713850219179886,0.18525661274519936,-0.016011988163203532,0.011855992040993187,-0.0077153760875040365,0.14581037425935067,SUM2_008655
-0.13551876696580212,-0.021637448699933455,-0.43593830372771303,0.030882294311777803,-0.008628989936715408,-0.022227420715601347,0.007041283635615195,-0.008218009787889821,-0.003974880058145789,SUM2_006215
-0.07931554694574203,-0.013168174595647137,-0.320735993044877,0.02136691961266598,0.07217244268675196,-0.01820536635340536,0.01021298143202955,-0.00642433741164568,0.19136560607395073,SUM2_003008
-0.05146311839923763,0.11143392639131182,0.11690153691057262,-0.009593651173958455,0.09075470102894401,-0.01863613059293052,-0.0024068302062862776,-0.007834167630466383,0.023854357017929845,SUM2_006528
-0.20481648163226188,-0.0338625088990412,-0.40280817414310455,-0.05445357751538107,-0.09771824556859368,-0.021171145226420395,0.006128435087868615,-0.009843076054541166,0.00039885093301611914,SUM2_000863
-0.07776483438144258,0.007552740886941081,-0.07652980053276995,0.05506383437717076,-0.0505193078915816,-0.021406910970215923,0.015312592389156767,-0.007973847462640628,0.036427665316992826,SUM2_011687
-0.13266796426498612,-0.08797599865644402,-0.45510226516011115,-0.032144188377751876,-0.00507794162069302,-0.020215707280572072,-0.007714392958832568,-0.008517422342732204,-0.03156038365101478,SUM2_012415
0.17634540941736315,0.07979312698916635,0.4170947256190257,-0.04200160190226528,0.2313988876766544,-0.014651422252769114,-0.009359870220994888,-0.006339291607208709,0.1515310786042156,SUM2_013477
-0.09056786679810647,0.028480048748597508,-0.37378751292670964,-0.00030908136466527465,-0.019989818681887678,-0.02006000500073342,-0.0059882772634053255,-0.008131184570565716,-0.0046081161630411455,SUM2_007493
-0.16230537551213348,-0.012148525983488043,-0.2592339033305683,0.00020183439190877908,-0.01648703025370803,-0.020166562793091057,0.008456950048589191,-0.009294528584612705,0.1813770381158764,SUM2_002077
-0.05189984729209475,-0.0032560016841469406,0.45795255968182935,-0.008159599188804467,-0.02483669938260896,-0.020253704991519794,0.01187782604555181,-0.015291662013675072,-0.053226466498713,SUM2_006377
-0.05718446782358888,0.033952743605967284,-0.3737088515409024,0.1550122137662668,0.04959776234373857,-0.02014473119715484,0.010450106661412151,-0.008058545119650542,0.006489818237581953,SUM2_013849
-0.1103509742970958,0.02094523442720881,-0.3552852047810372,0.032370754109890085,-0.0675190029054951,-0.018960988469568365,0.008197866050371358,-0.008295615233827835,-0.023306258313222507,SUM2_000093
-0.0629258400514829,-0.015955922657267918,-0.212161652233234,-0.015270531488469763,-0.06736803644178754,-0.0205724629347303,-0.007303596590217535,-0.00816977525434133,-0.11224127541396686,SUM2_010472
-0.12491985488113803,-0.037191111973353876,-0.33606456270638363,-0.04431942964310186,0.06920275054031932,-0.020098280805875966,0.006895550074160356,-0.009175138370205916,0.1783934689755547,SUM2_013294
0.3768273693501133,0.039695985807647896,0.5771280916741535,0.01827541531843296,0.8597194454478725,-0.04278196915689285,-0.025377978442582855,-0.009169537909205681,0.015375026440745693,SUM2_016403
-0.06556916737331935,-0.04536922233630188,-0.2669205532341288,0.02403438872250941,-0.003453961368727969,-0.018245568340855448,0.004801766518514338,-0.006866698850982731,0.05273780440518253,SUM2_002060
-0.05218017966750066,-0.02735008418435504,-0.34384167142067107,0.04180823204238283,-0.09430566385916911,-0.020828809014789115,0.009976178087258323,-0.008855278409534621,-0.08883174721537324,SUM2_007538
-0.019208371783786492,-0.04673962158251481,-0.3641711551460475,0.01865203541291283,0.05712889662002134,-0.01828916652546684,0.007840988529681146,-0.006304111438115133,0.1514329777830857,SUM2_001909
-0.11735927431297913,-0.03765454675355846,-0.4002036950544044,0.03055306786180349,-0.033590733398784024,-0.020174118334450437,0.009247254090641694,-0.008729166089108632,-0.02603958324519553,SUM2_011656
-0.11116543978698598,0.018141700046435925,-0.313839390901612,0.05747643448201045,-0.037848772980998806,-0.022115980320114796,0.008059788254892616,-0.008270258981978806,-0.006563611100470086,SUM2_013097
-0.1556958141039326,-0.0704106488815425,-0.4818903810040777,-0.029312547545843594,-0.01359771425811652,-0.020148075221558835,-0.007349627939982839,-0.008506867454621111,-0.028430485025392027,SUM2_018059
-0.1018503817533242,0.008059825603897227,-0.5258460147818392,-0.048266528572593226,-0.1761669851950566,-0.021817227056122275,0.008729987598087971,-0.009392390398379327,-0.0886755801625469,SUM2_001739
-0.09452671159611192,-0.013299953336623708,-0.06752352155069027,-0.0004244255133375341,-0.04189420069652284,-0.019738401104782418,-0.01465605932593358,-0.008987165205579205,-0.07961767795235349,SUM2_007802
-0.09757111223258388,-0.008158620529470617,-0.4395754625947267,0.0029397378330538668,-0.03890912992802287,-0.02118271011132386,-0.006427089030935584,-0.008202580977732073,-0.04114649276612369,SUM2_006911
-0.16494046289642036,-0.00034884523634699067,-0.3749445771516782,0.0005519623184115253,-0.08757356090492738,-0.020529893344816048,0.006508826666176787,-0.00966980126521324,-0.058373444718665665,SUM2_010280
-0.10403839950088348,0.0031887989709571476,-0.35391833200953904,0.036360655136359755,-0.04543469201753535,-0.021754884704066783,0.009653131969083609,-0.008228946067952232,0.017412691612426142,SUM2_012609
-0.16910481164670224,-0.0018886219584616421,-0.4270555057410811,-0.009008040625212899,-0.006239997908354069,-0.01958932819606024,-0.006901198284391552,-0.007281868184224158,-0.0027224283553058093,SUM2_008917
-0.11369935339750872,0.010857555905990395,-0.3916757093280503,-0.008038273201338784,-0.010036049416227263,-0.021450264663043832,-0.009931860326721189,-0.00795166551658404,0.021592032237848596,SUM2_003134
-0.1566973283621385,-0.03629698520772589,-0.49098657476067376,0.001672596593635365,-0.1772443828112545,-0.01982913419869685,0.0037725235699568446,-0.008817845796684157,-0.0787475231585721,SUM2_004918
-0.13163720803361534,-0.014903612040926856,-0.4612507817979212,-0.0040136373856792425,-0.10873054634657983,-0.01943716378182892,0.005610667305880635,-0.007762847558185059,-0.06620689303252378,SUM2_007009
0.09618254827959713,-0.010594608496268953,0.7619236413265323,-0.003337738532920513,-0.01671653084373196,0.12319505195475262,0.015011763816734284,0.07541504035659256,-0.0022545739243076683,SUM2_011423
-0.13207316960400128,-0.013609004177875417,-0.38162934682776595,0.03624503218979177,-0.0214252701839136,-0.022123073270941703,0.00847672122613911,-0.008284399221963546,0.008091432330698534,SUM2_017049
-0.1338720258696684,0.020887624785877752,-0.4932586782279834,-0.00950203926045208,-0.015741247343680105,-0.019645622663199153,-0.006622872808501159,-0.006889344720372083,0.01191319417281122,SUM2_002556
-0.027541459048845023,-0.014922584574068273,-0.29868392669734867,0.02516099332946877,-0.0519856753583723,-0.019624113579793722,0.00946102386595234,-0.008765325925700767,0.08381734482359667,SUM2_014436
-0.14711608117656216,-0.05635660012009127,-0.16096540493642056,0.04193719794248115,-0.06893799803051867,-0.01709724003635792,-0.00422422750496987,-0.007894244543701212,0.05928356694353535,SUM2_000657
-0.1648879960602208,-0.05891952062711116,-0.34669603993808684,-0.024197587587678645,-0.08782604866661978,-0.02355004108658722,-0.008926979507643498,-0.009549168789161762,-0.04928724210375113,SUM2_017426
-0.1332395513593589,-0.015089756363701762,-0.5491382191799417,0.05952288095261645,-0.02602415924570061,-0.022043769731146565,0.007515593465877305,-0.008178917414368967,-0.00971691492208922,SUM2_016360
-0.10319837767581286,0.021860962992869874,-0.2204536357071714,0.07314306934544083,-0.07295217235341574,-0.020829276776371055,0.010154692941882102,-0.00864395896701582,0.03314603938410704,SUM2_003447
0.11282297221914268,0.02120956598322896,1.0026203189778216,0.037459335952117076,-0.05307479716686725,-0.01587400650277205,0.03335302074269869,-0.01358306960929569,0.043300522181823876,SUM2_017348
-0.11662595562188494,-0.018673385930913822,-0.45903699502903006,0.04079271729830557,-0.04300196335406379,-0.02143963045204108,0.007084180949914229,-0.008359894842376953,-0.0029074380539135017,SUM2_014599
0.11471813894049192,0.16580487945070319,-0.2656641691579788,0.235778836032338,0.00862661649391409,-0.01987689776264172,-0.002535925970877313,-0.0077618163500283,-0.01597150900436991,SUM2_006285
-0.058050651621648665,-0.0031754982832320226,-0.08982440808662957,0.004435052709612865,-0.06519403695293474,-0.017022328504040483,0.016803527278482184,-0.008423589291390818,0.03789838154490011,SUM2_013743
-0.08865890095193915,-0.024980546648859688,-0.4210551151158657,0.007268649181905179,-0.05872089284901002,-0.018225052193606976,0.008196901705638795,-0.007206206003090035,0.0890161020449872,SUM2_011275
0.09618254827959713,-0.010594608496268953,0.7619236413265323,-0.003337738532920513,-0.01671653084373196,0.12319505195475262,0.015011763816734284,0.07541504035659256,-0.0022545739243076683,SUM2_006856
-0.15056987113428283,-0.06259277017760316,-0.4799733206959238,-0.023505096804868845,-0.13613713370440844,-0.020928978702182337,0.006727211491396957,-0.009421220954409382,-0.07517502553194924,SUM2_017992
-0.12897859932691694,-0.06582637555770764,-0.4753504027459579,-0.044461996419758336,-0.1586258839734467,-0.020639488119295647,0.0070598967356911195,-0.009669042473279026,-0.07282168458505531,SUM2_009878
-0.012838121901628446,0.00939672623050154,0.8754599764081586,-0.023597879728435467,0.0239764401436035,-0.021575048588725016,-0.0071049635507457855,-0.011156889671928056,0.0011729308752247802,SUM2_016502
-0.16379388506656345,-0.025077575985433455,-0.4032366192662942,-0.06742878507404071,-0.07841950418745358,-0.020447017896380516,0.006233084173683919,-0.008235057421189124,-0.08819901291206408,SUM2_017927
-0.03842466139529397,-0.0316645289122484,-0.2664630077379105,0.02276385073017038,0.0932127871027714,-0.018471017035747196,0.009780037268988889,-0.007488232718354033,0.1549627214485163,SUM2_012061
0.7114746006391731,0.015562311964822972,-0.12905964674097292,-0.00013407172510269128,-0.31502007053451325,-0.021099228485170433,0.009907072993296307,-0.009210146013499504,0.15409795796459985,SUM2_012375
0.10915434551591607,0.03551664531572275,0.194857284009625,0.05825482115413962,-0.11540803558064874,-0.018176624219035136,0.0064996728424885465,-0.019455289377208647,-0.009901289161410778,SUM2_004623
0.0785430681554112,0.0007050903485497889,-0.04161050237686368,0.07153164354828834,0.023967372659299303,-0.019297190825437602,0.014513409041962244,-0.007764639536644006,0.05831540320816055,SUM2_002379
-0.15109896084210733,0.016772599046354322,-0.4013157011727772,-0.007441896991490396,0.0016249488355246165,-0.019880805623293397,0.006705811978335122,-0.007470982296256602,-0.004025366498894008,SUM2_002673
-0.05488285796546594,-0.00629098041821863,-0.2764645653145191,0.02122341490600171,0.042298040074117124,-0.020095224573157718,0.011707718432615909,-0.008535792183061006,0.00826563830168575,SUM2_013896
-0.09117875030179472,-0.010291677728639297,-0.01375542450513689,0.006527871713604923,0.14346637266040024,-0.018581360498354897,-0.004215320170188138,-0.006345634524113121,0.03953689532509867,SUM2_010428
-0.10130700996082301,-0.013160696407978364,-0.4179277189575096,0.020595534782857052,-0.034486470372834366,-0.01894097535655277,-0.005684822677730024,-0.00646027891991483,-0.0013084446514516886,SUM2_001872
-0.04827595708261218,-0.021550743557594187,-0.23551625190851974,0.058347456970792,-0.08999895915463049,-0.019475229635748364,0.009318931321037753,-0.008114254420429854,0.06457260186062226,SUM2_016411
-0.1251460194609716,-0.018140768570047434,-0.45661757012606285,0.03156583096697156,-0.04294367228832947,-0.022084807036167817,0.007328497743327858,-0.008160734408096209,-0.005150722090557702,SUM2_005400
-0.06186641815213625,0.01154354721913584,-0.22397318654472728,0.06336610673533423,0.03446679556440243,-0.021205484196838764,-0.00885169068565907,-0.00847640159021434,-0.03764311441971724,SUM2_002850
-0.09224034215953333,-0.03920544586930717,-0.36257489528424725,-0.0022264370332459836,-0.06802466415879588,-0.022627411215672244,0.01251760929870209,-0.008756241047953724,0.008113577359668089,SUM2_013384
-0.2194697696719063,-0.07474302206063524,-0.4149167042309244,-0.057436649934465546,-0.12702038371986704,-0.021273168531260322,0.00643475315448135,-0.009986987307857362,-0.10729960197768325,SUM2_018278
0.16168438335011528,0.07296636045059687,0.36460294350001965,0.20249280844901874,-0.08566861820055235,-0.019673188924052308,-0.03187917210616583,-0.016368274626653394,-0.10130897190384384,SUM2_013165
-0.14715349154637355,-0.06421221147888152,-0.33565093693227815,0.03417717190427151,-0.04697485314425586,-0.022544406496919255,-0.010144561157288973,-0.008812299666647882,-0.04535912020074885,SUM2_006190
-0.08403861998763025,-0.016221494844012453,-0.33246842982759894,0.14693833294822234,0.052668389724226494,-0.020268263867893554,0.013697779918714164,-0.0085403867996772,0.025328533115217156,SUM2_008942
-0.08665750232068702,-0.007330129629082122,-0.3767131898843741,0.02403872882877697,-0.09585890112554014,-0.01798467081594212,0.006441685137828457,-0.006900223583141002,0.12617536795713907,SUM2_007092
-0.09586688626112753,-0.00798174416048177,-0.4077856373816028,-0.02656614605396899,-0.0246165980267277,-0.021250379947780715,-0.00662130628146574,-0.0075455234159321986,-0.001433476970349027,SUM2_005198
-0.19190635431189865,-0.03175271065144787,-0.34365648811295624,0.05655243679172263,0.01697091650708755,-0.022402628176519498,0.010417069753872046,-0.008681166119328993,0.016127278894879485,SUM2_008345
-0.0021124643693050337,0.004556305121180891,0.8361333606389001,-0.021803389153669132,-0.04652618156498782,-0.019288358048138825,0.02267312025492945,-0.01072533068605742,0.09661642623198338,SUM2_007362
-0.15873293188604545,-0.027653839524638547,-0.4643145003747618,-0.07768166161675963,-0.008716409572188237,-0.020179684282520826,0.005988659885435882,-0.009136762412887741,0.15021149404233325,SUM2_013403
-0.18588137724029355,-0.04893113659321224,-0.4294211073573626,-0.02274814868368532,-0.1016657495782876,-0.020667447737094127,0.007693365741393184,-0.008971754037547122,-0.07867952130193255,SUM2_004790
-0.09824270651053499,0.008815865015530331,0.05150797035170063,-0.011768292916680939,0.018726421206160894,-0.019741943121136966,0.006555741836547321,-0.009581160810031467,-0.01326958997242872,SUM2_015940
-0.14656515772853798,-0.0005485091973650574,0.038260782874892,-0.010377448277184276,-0.04606618298513644,-0.020597417860347817,0.006858275170515821,-0.009746321653629677,-0.08237795153932005,SUM2_014401
0.46085096051361996,0.043169398899619946,-0.2644443871450243,0.022509837229571755,0.004687867044991834,-0.017548669332813932,0.007672609230742852,-0.008411365850777073,0.13709230273771525,SUM2_007445
0.006930657010278163,0.03917186484235741,0.8630827439738781,0.0034191140991150213,-0.005707897216877469,-0.018061491146181642,0.01488701252873666,-0.010684317380365878,0.0012243797100019702,SUM2_018652
0.016817742789312026,0.011914957990448569,0.8348163756167455,0.008892726324969975,0.016305182170211284,-0.020185711756043966,-0.011048969756839845,-0.011928799579967063,0.0005388578610651933,SUM2_001149
-0.1937077720837495,-0.024320409265483345,-0.449340384255717,-0.023749428984170977,-0.008773095400124898,-0.019652695513666135,0.006339483250851263,-0.007902925642111149,0.14540114937522236,SUM2_013946
-0.07035808592652391,-0.044761420689100495,-0.43649900683641735,-0.029123689631994097,-0.07715589602112086,-0.01735595660053176,0.008069508758986642,-0.00833576567015089,0.16704484824294283,SUM2_008525
-0.0025763303790858868,0.14301550145468606,-0.2456169772696084,-0.004130479303357469,-0.05033685738825888,-0.018779244278489055,-0.0068730492441861305,-0.008803187517931355,0.0029285090542283633,SUM2_002018
-0.1673816715104875,-0.04334767942946836,-0.3323970883609976,0.02015647232635463,-0.07137470172762103,-0.021991880937149957,0.011605493498426463,-0.008975294379160536,-0.028482076695666447,SUM2_010916
-0.12232612120582058,-0.008650551566741424,-0.5077888531718869,-0.08510735787975024,-0.17137073889702373,-0.02152905342214454,0.009663895158370883,-0.009061267074354517,-0.10552513355021635,SUM2_014916
-0.038530553652098655,0.020429804034979487,-0.31863051181220736,0.05331058557874867,-0.04741275770777105,-0.017881311844656595,-0.0079148505462584,-0.008532160956972188,0.0016155820644384287,SUM2_010488
-0.15362705657329587,-0.026778794640891036,-0.44178204896741463,-0.006567266272359538,-0.020761933008120056,-0.020549051678219927,0.004790231034423317,-0.009546474149485694,-0.06911044610630493,SUM2_011051
-0.07293509844452337,-0.04678974435563014,-0.49078217098079946,-0.06836206902442454,-0.21050063358471321,-0.021758148456655947,0.009986733063997165,-0.009950261310349574,-0.09375230474437728,SUM2_005667
-0.11796801768399268,-0.008865246033474914,-0.42422679469655655,0.02308245288618606,0.015424459276792877,-0.017933202830056588,-0.00664658615102712,-0.0064402532843650055,-0.007535387043031962,SUM2_016451
-0.12006270055808368,-0.022590095589061464,-0.43308342200333955,0.022993395448606097,0.12080819714037605,-0.018688464141437416,-0.007396332755949751,-0.006423009653443089,0.001137307992064778,SUM2_007136
-0.11702771510407714,-0.024035895761386476,-0.40966965111601006,0.009728392462943476,0.07453578516988454,-0.018590816952086007,-0.008731241591528155,-0.006455187206465288,-0.0010253290762659599,SUM2_011583
-0.2086070532716245,-0.018196566389430978,-0.373199558275485,-0.005990408049826909,-0.04262748276092266,-0.021949236754388774,-0.005161460217377986,-0.00987847079057372,-0.004802106742452775,SUM2_011010
-0.09961977794228914,0.0011874575502080528,-0.2663397563711483,-0.00680540086749188,-0.050201763757063346,-0.023084143960673854,0.0002858905615982014,-0.008714817245033512,-0.04447982173220107,SUM2_011306
-0.14305862763499672,-0.02449194749111621,-0.4746792745567818,-0.07985530220815536,-0.0499010298554491,-0.02074325006850865,0.005799427977490638,-0.009550824789219226,-0.05962622166295025,SUM2_006715
-0.07593009322713676,0.018748965269532354,-0.3699324062410404,0.05446992866501053,-0.014580422392624076,-0.0221889275922277,-0.006666644989500756,-0.008963117843372913,-0.03460115521451566,SUM2_002312
-0.11946179723590367,-0.0004217617588958236,-0.3983346130736984,0.007774270790956038,0.1382425688689376,-0.01898917377914982,-0.009727999613771441,-0.006607358581905427,0.00490826460892752,SUM2_003903
0.04916300518223449,-0.08027528478647887,-0.07208117324848774,-0.00219082572412383,-0.18185591841196594,0.04135936550039841,0.004736317879448661,-0.03378393039794892,0.0006469651886502524,SUM2_018474
-0.03184333229927676,0.012306625412534019,0.11643702467269665,0.03174942516364506,0.04840816281055213,-0.015188032469577867,0.0094407183561851,-0.008282617294062228,0.19974713716467551,SUM2_017765
-0.14350789790969717,-0.05449184766342583,-0.4126339281968674,-0.03566867498144712,-0.06088883554971869,-0.023717312540152836,-0.005400748769179607,-0.009072228543816483,-0.030281217574667223,SUM2_018786
-0.07950917134155291,-0.014703316466755493,-0.460747376316286,0.037240047402021116,-0.22639290681288848,-0.022433682333497337,0.009250352738720897,-0.008884163866688803,-0.09132179242526381,SUM2_004118
-0.02982627907166835,-0.020199733831572596,0.13147832329978065,0.004006149373932384,-0.02630430325795115,-0.013199021292777002,-0.029550858441843252,-0.008215926540485446,0.34508826148445265,SUM2_001030
-0.0063013711992498155,-0.0002264302578687427,-0.2275080735476222,-0.008219213539465605,0.26651784828005237,-0.015581533961424393,0.015326750889773758,-0.0075512152971072555,0.2606503095902644,SUM2_000745
0.15291985370011746,0.040000401189234196,-0.03684496366461275,0.31183408794402095,0.052166479912015985,-0.017156226820119087,0.015333293443432322,-0.007232459634391272,0.06666307052285303,SUM2_012935
-0.11886018186012695,-0.02282754939456535,-0.3687113792653983,-0.008786307633602655,-0.028629760983972775,-0.01813124578766328,0.007629029571214532,-0.006382589027256894,0.11301652965630868,SUM2_013117
0.015321245502426107,0.01693973085460232,0.8724872375352511,0.030947895017437933,-0.022105889696438515,-0.016210354211576093,0.028813736438375558,-0.013794500857240983,0.04909232342559823,SUM2_007209
-0.09184559530597983,-0.03204673733189161,0.7139717829666904,0.0037101637305402098,-0.12042539277710987,-0.022492114373535287,0.06647736663362243,-0.019208081508190734,0.045276932186965574,SUM2_007898
0.07757903690943316,-0.02361811817906746,0.5507440085199082,-0.028412231810163134,-0.14900424581551344,-0.018429163335954325,-0.026338039872981604,-0.020627071620410983,-0.05517266409598093,SUM2_006977
-0.18790972504057235,-0.01378240560587154,-0.40466766044560476,0.00984562147111101,-0.029637275535152573,-0.021735167112559788,0.005193838418150789,-0.009036584191605364,0.002813482056988452,SUM2_008234
0.3157358890755274,0.19334247417365497,0.26205339121890214,0.10919109749698555,0.4005960818463653,-0.04484115775296263,-0.022193298919999993,-0.00901956974804376,-0.02194065325713175,SUM2_016413
-0.1767944431024398,-0.027227669324514765,-0.3389686846915949,0.02249000899587745,-0.018206850311591867,-0.01835993840036939,0.011009071073180063,-0.007578776331978401,0.12495149095197848,SUM2_013160
0.09618254827959713,-0.010594608496268953,0.7619236413265323,-0.003337738532920513,-0.01671653084373196,0.12319505195475262,0.015011763816734284,0.07541504035659256,-0.0022545739243076683,SUM2_004992
-0.058050651621648665,-0.0031754982832320226,-0.08982440808662957,0.004435052709612865,-0.06519403695293474,-0.017022328504040483,0.016803527278482184,-0.008423589291390818,0.03789838154490011,SUM2_011982
-0.09759006304970505,0.007875633443052204,-0.4300896447237602,0.052985783157071566,-0.015399685317712445,-0.021110981997738438,0.007422942391014311,-0.008507132321465286,0.010671273113471713,SUM2_010883
-0.1808321699597944,-0.07300192137810033,-0.4958769363995896,-0.05998926043194393,-0.10866357447787918,-0.0201399108590789,0.007255980385222506,-0.009051133156485983,0.12322398911630969,SUM2_008568
-0.1263823398774915,-0.04032759172963464,-0.4103196896494228,-0.02720348265546248,-0.04795941947906897,-0.019373132013325908,0.00929213454091595,-0.009240862280354077,-0.036125171386735544,SUM2_003599
-0.16082807059573787,-0.016552841595532837,-0.46000239520774516,-0.0571258089193008,-0.02993021106970272,-0.020414032696837225,-0.004907953834497301,-0.008572672337673228,-0.012250830160833679,SUM2_002330
-0.13575155085602225,-0.029355429152702374,-0.44165086665662356,0.02507039958066854,-0.0182946189254163,-0.021958502959848875,0.008076507858350805,-0.0083554250160263,-0.004745635673999365,SUM2_015841
-0.1487043582377912,-0.01913113514594925,-0.4285684887161354,0.022908778787273897,0.019447278156651954,-0.018129316831070157,-0.007017805226419431,-0.006974097734101963,0.0020468660753013125,SUM2_006188
0.4880736284779276,0.10982121460977039,-0.030465346171577656,0.2039287652621634,0.14530444460338257,-0.015598831238268607,-0.0032989155336502324,-0.0063209130868105675,-0.015499664175897007,SUM2_002435
-0.09568023815657775,-0.05781620663290006,-0.1148565251194225,0.02202938139657788,-0.05582678057918378,-0.012384375306770914,0.0005008989723689694,-0.00675554823622915,0.3243634904958813,SUM2_007727
-0.09118002637361589,0.013038016342443542,0.5277681596282171,-0.030008226504187004,0.06294831137712194,-0.020558673130995547,0.009957704373139014,-0.014711140843825962,0.04016266197881062,SUM2_009392
-0.12741979209285914,-0.012939995801290608,-0.40262068364672593,-0.03724134035155645,-0.04297504229998615,-0.022684754933397562,0.009651780219121858,-0.009004949631614129,0.0017179504172781328,SUM2_005277
-0.12322788145951113,-0.06911833201329995,0.16377655198112043,-0.007395869706950031,-0.07720746675241827,-0.022831847384448208,0.03425449813489616,-0.012365950011876549,0.048925692545033685,SUM2_002993
-0.09047794169323203,-0.04460309739639948,-0.31662737211604197,-0.006160803249009654,-0.053178548289582225,-0.021716867616294457,0.012603532732823308,-0.008785288796325093,0.013149722895255997,SUM2_001088
-0.1472207695962633,-0.05334669992201273,-0.5194133039775455,-0.010378269401551884,-0.1854182566375859,-0.020804991087357245,0.007331163809837092,-0.009631710005799748,-0.06597294282032008,SUM2_011577
-0.07009067511202513,-0.04375841202525383,-0.4027324903190685,-0.03939601132292474,-0.0818206137336864,-0.018066200933031656,0.011078994531963697,-0.008954584369455263,0.06224788425142861,SUM2_004178
-0.05957233307804035,0.01692060943328897,0.34216612165457677,-0.017380429791150308,-0.1780935903905093,-0.019534119189700445,-0.01564432866998161,-0.014935367842821887,0.07022452665073411,SUM2_012855
0.39407588904399954,0.012125677735559203,-0.2366652569600308,-0.06259390200292707,0.13321165609035496,-0.019374732739358934,0.015698562984653143,-0.006270183157186049,0.30343544974190034,SUM2_005282
-0.10550321387467243,-0.008649563359909945,-0.04453174210430375,-0.013040762368992237,0.05166174457390442,-0.01838948446200034,0.007924076286901158,-0.008685414942413133,-0.03479877582504319,SUM2_007172
-0.012475500389046197,-0.00433084346757896,0.5310002733155879,0.02461384563074625,-0.02252181126116806,-0.016813054500721073,0.0182375081526022,-0.01491787771895236,0.13981434458141823,SUM2_017111
-0.10762956558867276,-0.00492462930909481,-0.4670022693742754,0.08040442510929616,-0.03577395203923845,-0.021401456849348653,0.006050924872398629,-0.008002089516007865,-0.0038912515801504547,SUM2_015024
-0.1376628499715035,0.010477091358985662,-0.0646787807763152,-0.011711159553953947,0.05812179630880445,-0.019337377718763014,-0.004515296707875266,-0.006985105419167438,0.04850477521013887,SUM2_015698
-0.06810435432486216,-0.01913910050918741,-0.26913639997131705,-0.010253897249044555,-0.08189301329422646,-0.01786695441660104,0.011250298434441057,-0.00721626699597301,0.11719453492126901,SUM2_016496
-0.044699383455625886,-0.05781343044516564,-0.11467484564680164,-0.014136240303866196,-0.0032102661031821493,-0.02111806469543846,-0.008344164615923992,-0.009008789854145972,-0.13504303102367018,SUM2_005023
-0.22034282661242255,-0.09425558369596872,-0.34316082161485384,-0.10310951480228932,0.01682698958150058,-0.019814918935973935,0.005760010158137344,-0.00931232494789502,-0.00578865468427647,SUM2_017683
-0.07195415090818175,-0.020673998841529123,-0.39903521049846774,-0.0027760661462664037,0.09179685141858669,-0.017305926121739958,0.00899207694159398,-0.0067346673600966675,0.16948045453023244,SUM2_016264
-0.07805308476690606,0.05262036262483585,0.07199950021315943,0.005070484712670692,-0.05459225111503382,-0.018461929826204093,0.0075042222764438475,-0.008739167581710353,-0.03693101906804728,SUM2_012436
-0.19330046449502375,-0.017676520197466104,-0.4176685544191917,-0.027070537908514693,-0.007448658715280746,-0.01994185404183326,0.006793766222399286,-0.008305064294773493,-0.008673297408094761,SUM2_013878
-0.14154529100550275,-0.03210966617446439,-0.43307118057330135,-0.03309474011133634,-0.005855142426466367,-0.02007713276531228,0.006629523563677358,-0.009496666369588532,-0.07326236779280151,SUM2_004667
-0.08826746216563548,-0.08187715340122088,-0.4102059689427894,-0.025720348797361337,-0.14379823422937227,-0.02102778204479494,0.006983531257054168,-0.008978032538761452,-0.08925376498703826,SUM2_000289
-0.09454236784526879,0.0214033096038108,-0.35322769987161207,0.07167070925794836,-0.029148726595861863,-0.02087120615766918,0.011979807746040001,-0.008507132321465286,0.01714090566544737,SUM2_012344
-0.00352162403137529,0.0017462393362492584,-0.2940679850914402,0.08854904353927537,0.0422175064283799,-0.017104671607665073,0.0061023997356223735,-0.005633985101084846,0.2425815217720098,SUM2_009415
-0.08218738944473022,-0.008319402187557137,-0.28971176606886306,0.08796677189489052,0.10439233904443532,-0.019673833059876432,-0.007556046004199048,-0.007260746618793924,-0.033101826570441764,SUM2_013803
-0.058050651621648665,-0.0031754982832320226,-0.08982440808662957,0.004435052709612865,-0.06519403695293474,-0.017022328504040483,0.016803527278482184,-0.008423589291390818,0.03789838154490011,SUM2_003438
-0.100340145357664,0.03539098266955583,0.46011996770677444,-0.007234447400365468,-0.0022931564040905078,-0.02087889072237221,-0.004490321619854735,-0.016473058598277253,0.0336581928377669,SUM2_009776
-0.11667163266140823,-0.03180285161943056,-0.09703707763097073,-0.018833865552626415,-0.1354456053043638,-0.01865389940443987,0.02069268657601651,-0.008119691112708853,0.13590171655039762,SUM2_003974
-0.0966658237075056,-0.0035846889514308394,-0.4919278469285297,-0.003005302391367785,0.08144571677454508,-0.018409127937339648,0.008551275193394532,-0.0064968414144521355,0.1494566977086437,SUM2_011393
-0.13895412287730954,0.01988741011693289,-0.3880434646737425,-0.032073703817702526,0.07935644977590003,-0.019335440379131975,-0.0078115364487598305,-0.007718691391982539,-0.05649239872648867,SUM2_010992
-0.13310716300681916,-0.03354160542926894,-0.3678437001094893,-0.019201888101161357,-0.04942734003796535,-0.0196872382572811,0.012617904149416981,-0.009281699888324448,-0.05728987332961203,SUM2_011893
-0.045404684893456844,0.011758785423007113,0.35469099350608124,0.005540024751684519,-0.049203757212710336,-0.016300395009658082,-0.008631904388964141,-0.014237167719800195,0.26744704789772683,SUM2_015652
0.2155666375823519,0.048633335606375935,0.3866722557731398,0.023899358798131924,-0.2134176128064277,-0.022391996116504352,0.008084525608890097,-0.016763967869473616,-0.032945182695779195,SUM2_012376
-0.045045303351930674,0.03738735191515399,-0.27782879665098603,0.05383868991628995,0.040553089651865395,-0.01957439925164476,0.012241511108374578,-0.008201159400564732,0.026100229627808995,SUM2_016371
-0.1909297093432454,-0.042194112694165314,-0.4300447222802431,-0.029635304635607557,-0.0693502064160255,-0.01986937547601458,0.007309617742254212,-0.009302538411571058,0.1685190946237523,SUM2_014074
-0.11746038910881154,-0.006444562101348926,-0.03097666000995734,0.0446834838592468,-0.06761451513648933,-0.020654332636475918,0.010651556583818455,-0.008453393507633277,0.03419605979416044,SUM2_000310
-0.15031643409516093,-0.04185878288371173,-0.4064945429451613,0.052037255921916645,-0.05282122761183726,-0.02063443649286589,0.00880906670762895,-0.00839256889920859,-0.017724133003267518,SUM2_011408
0.09618254827959713,-0.010594608496268953,0.7619236413265323,-0.003337738532920513,-0.01671653084373196,0.12319505195475262,0.015011763816734284,0.07541504035659256,-0.0022545739243076683,SUM2_012691
0.21771715386631282,0.004734075431372773,-0.43652278912053344,-0.01603912004536341,0.03161922956491891,-0.017855151699389355,0.008668665766806477,-0.0070377360204353576,-0.0952628950966021,SUM2_018896
-0.13611497924635757,0.011336496680958508,0.6809272868607449,-0.021216487264049056,0.039774064004457044,-0.01970462312742215,-0.014602103559051078,-0.01443355765377878,0.008706955434326785,SUM2_018746
-0.08922765823647208,-0.026240667187379607,-0.32501371663755896,0.011545064688498188,-0.009071260532721148,-0.018729402359786797,-0.008787926415586761,-0.006490791701422069,-0.006009389637415928,SUM2_009291
0.09634549345622678,0.01469738144451222,0.7831220777520655,-0.0009963519103947187,0.08698584324071322,-0.020822562924643524,-0.014054017443337577,-0.012493749077118827,0.0017513159105093448,SUM2_004913
0.09741130128688869,-0.04901200833041046,-0.09627689907473733,0.017573786746863634,-0.19980243205578266,0.057769804055551564,-0.03635065585367164,-0.0351808374176646,-0.0011658153343158389,SUM2_018334
-0.1292999113824475,0.005760127032549051,-0.14938662626642044,-0.01187344772859383,-0.08778405675211214,-0.019198765875543124,0.008044995587060674,-0.008634675418346052,-0.0639263749653085,SUM2_008157
-0.120609341565082,-0.0006673701000907729,-0.4543986004688246,0.02602868613192526,-0.15840426644851607,-0.01977335986216484,0.00804067172008617,-0.009040747440125502,-0.07591441242309202,SUM2_017333
-0.083746542144989,-0.01956520638623299,-0.43279205970454504,0.033996554729393905,0.13676262311888232,-0.021405649880052717,0.007066694911129415,-0.00841776017561741,0.018804151495010826,SUM2_002426
-0.1270103879036944,-0.03387922338447645,-0.3490037705159227,-0.04152828077425987,-0.03786450805096668,-0.021407341346367216,-0.007806517901139181,-0.009819527490336311,-0.0022209143849281077,SUM2_014769
-0.07179058199981282,0.02212726593729896,-0.3887761828391251,0.07382214104726968,-0.032788602423608613,-0.02089539572734728,-0.006844952199568055,-0.007722760389380788,-0.04819383924445575,SUM2_015498
-0.18406626924116637,-0.016768034301244485,-0.4511184253217745,-0.032059252405736205,0.04636847355278382,-0.019947428319891176,0.006600834597019653,-0.008996549329598997,-0.06366598775478612,SUM2_009627
-0.09404011770192099,-0.02217696392495746,-0.3959140226996981,0.03739438454207053,-0.023310015229993063,-0.021769433050927926,0.008304614860689116,-0.008329096202993984,0.0026050581886742524,SUM2_002917
-0.13601508716719096,-0.03187802837417235,-0.35239621824938594,-0.022173085967744033,-0.004641298149852487,-0.019659547520306308,0.011073763898626035,-0.009257674977713775,-0.06595614229995564,SUM2_009801
-0.05280488287278604,-0.051116059362623034,-0.4043747784901514,0.004030992573281418,-0.09136636837191976,-0.018597291102164865,0.005878821113920099,-0.006812565606024142,0.1119547971459258,SUM2_012838
0.2776190646503681,-0.002731170670604889,-0.19118681262981282,0.013051012911231754,-0.047303015871996326,-0.017633837787509925,0.010853109488694623,-0.008660590222687597,0.13188659648739215,SUM2_014082
-0.09880577478643522,0.022428467606662457,-0.08608239788815888,0.07605180907201735,-0.03599670185011817,-0.02017433403154939,-0.012800355916160955,-0.007614219395826663,0.06168535928790819,SUM2_018406
0.15687665026499822,0.11535330574883669,-0.06623464964536868,0.05050157408165218,-0.07158901112294902,-0.02077432501390314,-0.010322107532161109,-0.039610101472798885,-0.014862224742775177,SUM2_006181
-0.021735732045615404,-0.008789629039543811,-0.29627397181774257,-0.014790520386036506,0.29424349314010667,-0.015045747767383832,0.018832540817123274,-0.007507038617782227,0.22723926781454865,SUM2_008912
-0.12684454238005788,0.0038772239954102325,-0.06041082580506093,0.028723862037626603,-0.05607176213622014,-0.02149060852748007,0.01127452326524509,-0.008737376254396443,0.035027181188230824,SUM2_009438
-0.09326308565989563,0.007211009794009885,-0.5174906904953384,0.055331413680457894,-0.00475515570393587,-0.021901939674442903,-0.003818484421424185,-0.008247709896970084,-0.013085823835578802,SUM2_008415
-0.1768736752974427,0.015883810974328543,0.6689598865562075,0.03306183056796657,-0.10715102967145192,-0.023973828166133644,0.04365478205286121,-0.01830535872766701,0.034551392466816974,SUM2_001948
0.09618254827959713,-0.010594608496268953,0.7619236413265323,-0.003337738532920513,-0.01671653084373196,0.12319505195475262,0.015011763816734284,0.07541504035659256,-0.0022545739243076683,SUM2_006065
0.1265946406985947,0.05242047203299276,-0.30305272199560324,-0.014326750634755475,-0.06898154804928396,-0.018125384092182152,0.009904946239140417,-0.008777027592987712,0.016598389401006,SUM2_009949
-0.02903811349240707,-0.04780693832067024,0.44519363657937977,-0.0054414907360624066,-0.1709217316697235,-0.021643784530655984,-0.019515635784726447,-0.01934523173678938,0.04622539473018738,SUM2_007755
-0.10134947399591768,-0.0075427065368125715,-0.41310257719102844,-0.02651052482145496,0.0030979857262971463,-0.021885710846585128,0.008430939450686856,-0.008552384223655321,0.00012362328783205138,SUM2_011489
-0.1310579837775816,-0.032664446565640694,-0.37640157444180156,0.0719027928202989,-0.040503156841697203,-0.02095491651109495,0.008713281109409065,-0.008434223357053171,-0.023679584665610022,SUM2_013183
-0.09160475730929458,-0.020570498671158143,-0.4371598693437483,0.0013069214459360038,-0.08473842202342477,-0.018292839510694974,0.006120797144726199,-0.00679599861886755,0.14129181726567627,SUM2_015369
0.030533830617503154,0.004924098364421538,0.5460991110151509,0.036632252803143174,-0.11717743500497521,-0.021624224468732654,-0.03767960826378146,-0.018899717175009937,-0.15110958589246395,SUM2_010706
-0.08110903988299484,-0.01556556381621653,-0.3754686196604462,0.015050691058486906,-0.05883097243248098,-0.01851177693813829,0.007336522628797512,-0.008184846923588717,0.20898990258438127,SUM2_013530
-0.11069760827272286,-0.0021785584171319016,-0.37324998792265823,-0.014124488884443653,-0.010950863559959164,-0.020729311215924934,-0.007933255281624339,-0.007574213744863961,-0.04192387852956013,SUM2_012011
-0.09478092740833712,0.028847449651789776,-0.2969784763110236,-0.06809673269609025,-0.02934595470151179,-0.022716309281976137,-0.009796337285143323,-0.008693383571464925,-0.044355898658134635,SUM2_001426
-0.03728221653296463,-0.03549944824966358,-0.29793102792403503,-0.010995406647036266,0.13569738695422057,-0.016006276946690462,0.016729838058522094,-0.007098021364209506,0.2197018574048097,SUM2_007519
-0.13102732183661284,-0.00899888037905475,-0.3093159206536928,-0.02148179453345081,-0.03624700787533731,-0.021021987385906896,-0.007473251876538356,-0.00779856736877763,0.03727660629978377,SUM2_015529
-0.057841059509144165,-0.04327057505302094,-0.2964888489719513,0.09697161325795711,0.025819363626927667,-0.02200344203939109,0.0088502044511444,-0.008107436260537004,-0.029599446506539673,SUM2_007096
-0.1954321439090016,-0.02467482314231915,-0.38770700393213625,0.010252451109239715,-0.013681290875170662,-0.018505988069484017,0.006724396870375389,-0.008148578731312046,-0.032070071656852564,SUM2_017882
0.4513224436692063,0.0043931427390997545,0.37911653512018134,0.0288131877544767,0.19626621296147834,0.11423673846055378,0.03644343748831326,-0.0102081119043145,0.03827071243353926,SUM2_009874
0.10372000446839089,-0.004700869470957332,-0.332734903913442,0.0007171115622815874,-0.10948025929494913,-0.019301059044038792,0.00884025036337072,-0.008178320945284484,0.0872906438130432,SUM2_010446
-0.08266637182635496,-0.031191840518909553,-0.39555202693542696,0.021962948153943552,0.17963210189661605,-0.018028988197651707,0.010090101315744157,-0.007033977350469754,0.1322017204303067,SUM2_012489
-0.1741495838293356,-0.023761962686621188,-0.46595673759676864,-0.006937005305585412,-0.025974269202784332,-0.019155559215641098,0.00796037794864225,-0.007956868520349275,-0.052538103119296964,SUM2_006575
-0.05467776431851741,0.09091889753406776,-0.19466704602891483,0.11503558815803525,-0.02967021376764025,-0.022158813635572268,0.008437242820400166,-0.008279113003385324,0.008582686886062936,SUM2_017017
-0.15973642129456192,-0.03252327564473488,-0.413758937279325,0.002437195061332098,-0.017827735434629045,-0.019244306201675575,-0.005982272094024931,-0.006973102184571383,-0.0021989509827399613,SUM2_007514
-0.13580417540131268,0.03918040621202536,-0.48560948422687833,-0.0054708714224112175,-0.009751141849559363,-0.019287329489309574,-0.0059571812562266,-0.007006121649193686,0.007323307406017603,SUM2_017504
-0.049344222156246266,0.026641651222510075,-0.31543009658246146,0.0941235509799316,-0.0295676650820235,-0.020241275827713495,-0.008531886090811722,-0.007454596734320166,0.045584770827167234,SUM2_008425
-0.10624728628323828,-0.008909780940207586,-0.13013824080309966,0.0338409948400971,-0.05354740535150898,-0.021373231256751717,0.011498562185762704,-0.008420685347274503,0.0338011848812832,SUM2_000446
0.2941455018903164,0.05661169266370693,-0.22726855712575023,0.02316164451899127,-0.02094353743906054,-0.01569959318077298,0.007906659457473821,-0.006834319495332436,0.23265895040267676,SUM2_003282
-0.24333955819999264,-0.041989420020861215,-0.35104929232754045,-0.05505122410635658,0.0035903306325747023,-0.02099866093469624,0.003491105007392137,-0.008576371097596406,-0.014324374374436533,SUM2_004884
-0.1191483636882383,0.012414524116093072,-0.36717731408567966,0.007967981404079652,-0.07971594740382282,-0.019652538207791025,0.004877454717619819,-0.008932639176783842,-0.08192429793008596,SUM2_010201
-0.08181566003164789,0.00247703406559053,0.050050618390208954,-0.004445889169531031,-0.06963482607343632,-0.020893418571560417,0.00543290016839048,-0.009676584158482663,-0.04725772501060456,SUM2_016310
-0.1395079448847628,0.010711724149017792,-0.3496812104240315,0.03877779241512565,-0.026043941160527696,-0.022176761506548348,0.008361689659630432,-0.008391510622183785,-0.010383244543017435,SUM2_018901
-0.20089707218848826,-0.052052698368689046,-0.5032119126237034,-0.056329379001371735,-0.12315588974777358,-0.02064841701166999,0.006614454279398434,-0.009497396956160125,0.06614783442282189,SUM2_011076
-0.0572139280298114,-0.03177593645507291,-0.4652861558637059,0.04109241053266919,-0.13720473666613991,-0.020784705548487978,0.007097421390539925,-0.008785546278187874,-0.07688687022591019,SUM2_000549
-0.11362314517162068,-0.03983481112877543,-0.12628928665716574,0.018376148134375013,-0.0763170202365375,-0.019461742793677704,0.014005976872103526,-0.008991995328337951,-0.010120861105437636,SUM2_005104
0.356378942967499,0.09070587403372468,0.2680953764542964,0.08890683389096571,-0.024234316441397476,0.08376653603381415,0.017132990872009743,-0.014628645558269876,-0.03819652576387034,SUM2_001190
-0.01601465321596207,0.015156731022953845,-0.3898773407384243,0.058577929826616096,-0.03936630467509085,-0.01705938169579318,0.007481889015070678,-0.008168871885996782,0.10277512710741137,SUM2_018241
0.050122559947096426,0.09082305071871928,-0.03189511720271809,0.041181898650713,0.26719049200059064,-0.015378976811522439,-0.007907776008413653,-0.007019468317130078,-0.05325349540301658,SUM2_016833
-0.12569093172575876,-0.01264805860352428,-0.4742976876144964,-0.01123739719116395,0.07468598034750878,-0.0187821081108638,0.008467210508163339,-0.006945916260509641,0.10990154349198496,SUM2_016763
-0.08871099409690382,-0.019790749564451343,-0.5073330729519776,-0.06316088958091962,-0.19744284852718805,-0.021357921463894473,0.010385521245842227,-0.00932917384687877,-0.09947614374551647,SUM2_005317
-0.06229857610018787,-0.042163949534767084,-0.4603172934746427,-0.0028498635169137594,-0.13220660601173126,-0.020939717003559354,0.009860935482833549,-0.009235800570896869,0.1383177301050463,SUM2_007210
-0.14073822100848377,-0.026649277216131882,-0.4404755506197787,-0.0023983030058973443,-0.10570560434686345,-0.018992151863948904,0.006752035619028174,-0.007700335221864196,-0.06857766668046315,SUM2_004737
0.16791999299480082,0.18554087520555965,-0.2275273463762267,0.313872784138633,0.021899803748125234,-0.018441049648399654,0.0039180756659205635,-0.007166704512714057,0.011110434902422105,SUM2_001536
-0.07646897837411323,-0.01911036018434493,-0.3772232174872841,0.0717518195835761,0.05145000439162771,-0.020991221274558727,0.010353626767932386,-0.008450696135615552,0.005456595818200007,SUM2_016912
-0.07988371593059287,0.031480516167919484,-0.3840098612003946,0.04456844091206839,-0.018820900002657317,-0.02046318551260579,-0.007060535910343226,-0.007806360764352571,0.017623405194078273,SUM2_017061
-0.09648639106245069,-0.057482464426687904,0.7142288390247147,-0.010413752707256006,-0.12404088739652439,-0.022812420071204268,-0.03546389081299428,-0.016328650454538917,0.056310024122285196,SUM2_005136
-0.13712126402260824,-0.020249343915692216,-0.48335492712117356,-0.0013102832156598812,-0.062003703404950296,-0.019070213812914773,0.010865908117709695,-0.007842770240042958,0.0533062354378702,SUM2_011254
0.6641389938831807,0.011217727519513988,-0.04766664968692255,0.03138997405221426,0.05445870805177812,-0.01724027294621983,0.008316296605212116,-0.008680192973660489,0.17390217579023948,SUM2_000587
-0.05961166079285869,0.026921964934685166,-0.05103073772191519,-0.01711751742370065,-0.12043698727855531,-0.019309831274951655,-0.012804572555118568,-0.009298631644498427,0.013750901728442119,SUM2_004813
-0.14016033349063822,-0.025019903315604042,-0.37016330819111787,0.025906210051869626,0.0053132701551969405,-0.017419927248927807,0.004553386712338309,-0.006376325971876905,0.09265599208921463,SUM2_004409
-0.09748008938227917,-0.04237263041411377,-0.3218545477137533,-0.02435213393305551,-0.06338301479800615,-0.02276605280413136,-0.009691193174194158,-0.00860494006883424,-0.058084272439856546,SUM2_000899
0.09618254827959713,-0.010594608496268953,0.7619236413265323,-0.003337738532920513,-0.01671653084373196,0.12319505195475262,0.015011763816734284,0.07541504035659256,-0.0022545739243076683,SUM2_008526
-0.12784145382710915,-0.0452908881007598,-0.4206552654224505,-0.06498937159361216,-0.055769190826409486,-0.020763734420752335,0.005964671493317782,-0.008157774430968176,-0.0777405117998284,SUM2_002862
-0.06724603640968345,-0.04133997704494391,-0.4745392761318624,0.03439303846499005,-0.16770847212752624,-0.020339575195142783,0.009917545765031047,-0.008923506403484263,-0.0864193747408478,SUM2_017660
-0.08934005908235661,-0.04871656546784573,0.3299605486946445,-0.002601252727905305,-0.09481076193437729,-0.021900333264126236,0.038987758549674095,-0.014571663036091897,0.05899334361597789,SUM2_009151
-0.041655917202732796,-0.0008039065532852212,-0.022627145508519086,0.022585094143642997,-0.0013206118146077326,-0.02132489037997727,0.017488921068672843,-0.008662532466382895,0.04781839176575038,SUM2_001326
-0.1870326136313884,-0.011227226013808789,-0.44407359529780077,-0.012296810769849155,0.0009800044533800558,-0.019299712350008155,0.006558347533619148,-0.007215014363568145,0.11755108063013917,SUM2_010766
-0.09904248939237721,0.029585846547823258,-0.2460772407611443,0.011417046570720487,0.17914127913350225,-0.017688959036840847,0.01102335998117394,-0.0066860920541059006,0.1173926380429701,SUM2_003665
-0.058050651621648665,-0.0031754982832320226,-0.08982440808662957,0.004435052709612865,-0.06519403695293474,-0.017022328504040483,0.016803527278482184,-0.008423589291390818,0.03789838154490011,SUM2_011899
-0.058050651621648665,-0.0031754982832320226,-0.08982440808662957,0.004435052709612865,-0.06519403695293474,-0.017022328504040483,0.016803527278482184,-0.008423589291390818,0.03789838154490011,SUM2_001726
0.4738070346774208,0.017183835673945283,-0.25804930853865377,-0.045724106533241625,-0.2827063247654383,-0.023232093626632828,0.008688171039500637,-0.0090902182868345,0.1043288412494627,SUM2_001509
-0.13531010962395545,-0.04094913263631343,-0.49717159753517387,-0.04378979395784228,-0.04224024635174557,-0.02241035275517109,-0.007204637111528582,-0.009695940605974684,-0.0030169189992370663,SUM2_011390
-0.1826497344333795,-0.025926668145015725,-0.39649754973778556,-0.058690408588432066,-0.09671911035707473,-0.020873562836612253,0.005914663422778419,-0.009707531174083248,-0.06618171721904766,SUM2_004288
-0.05524385381649577,-0.018409862557966134,-0.29533710670084745,-0.0008954154390676827,0.18805510810391896,-0.019472826864831122,-0.011132731093297574,-0.0077936574963804826,-0.025440611640355604,SUM2_014429
-0.0894300530777792,-0.07093074376747774,-0.3620167299371253,0.006136102978444138,-0.03552705846107308,-0.01966539192635874,-0.007236698715402288,-0.00637214231469545,-0.009155522034527514,SUM2_008783
-0.09808134467612631,-0.05464689927473815,-0.4210728043190179,-0.07041825017010409,-0.1273055121872489,-0.02106274647181149,0.00603097415141908,-0.008290913163921752,-0.0679737945706618,SUM2_003806
-0.08343958510154423,-0.03216599509590125,-0.274869245663848,0.00345127644251761,-0.04145022684159487,-0.02234188403002396,-0.0007933347066409966,-0.008429034317709465,-0.0024979093371722714,SUM2_008203
-0.08202249272639728,-0.0246849459041834,-0.4992316635526894,-0.0653186126738747,-0.17716161475197437,-0.021400177157192668,0.009639056226750268,-0.009955017881348243,-0.0782853988443002,SUM2_002698
0.2301817537270204,-0.061102110632068794,0.052532436300839515,-0.024728574516447003,-0.22076937354272969,0.07448368737501743,-0.03493082528349839,-0.04344058436623376,0.11767401511454756,SUM2_011029
-0.167449888854101,-0.025282261641297467,-0.3367622617320732,-0.05514111744700031,-0.0012346194525288082,-0.020533069449349003,0.007979295449126695,-0.009761697826443799,-0.08270015389761338,SUM2_006462
-0.09353726972103789,-0.03567901717771006,-0.26946376524168747,-0.0066776755287507785,-0.037843315124075474,-0.02256893913604015,-0.00978856494868391,-0.008823040846588928,-0.00518983456440922,SUM2_000027
0.5973200600164447,0.03497739334822852,-0.18869882457613837,-0.06518313783150051,-0.3189592290044915,0.19475334801443384,0.008279568977959848,-0.01059815699208262,-0.07979769955182517,SUM2_018780
0.09618254827959713,-0.010594608496268953,0.7619236413265323,-0.003337738532920513,-0.01671653084373196,0.12319505195475262,0.015011763816734284,0.07541504035659256,-0.0022545739243076683,SUM2_000978
-0.09685941455057347,-0.047729465782054226,-0.22408825964338036,0.040168126867440423,-0.07177223049275847,-0.019931888871232366,-0.006325355626508716,-0.008113851798579066,-0.05033855066097964,SUM2_012518
-0.0253539539728622,0.003107444780129115,0.53770683116221,0.007822119903727928,-0.004522202530141514,-0.019249871427203007,0.01644914864668262,-0.01465664376479912,0.15824056190077013,SUM2_010212
0.10034327095269988,0.06506547155829599,-0.015129144132976797,0.08306213037294048,0.019200477328775736,-0.01805828524517163,0.012754628057969003,-0.00812919276241169,0.053598089782226556,SUM2_011537
-0.15542160072308395,-0.00041600175992721755,-0.46850165567694085,-0.02078917938195995,-0.010975539235729989,-0.020095141605084015,-0.004145392282311594,-0.008527346981148865,-0.01983058786986621,SUM2_005553
-0.0907919810566421,-0.011396926564797205,-0.001688050703371273,0.0004306842754397338,0.03838369183797211,-0.019119005656548983,0.008778549804918014,-0.006697067421123347,0.047683441068174834,SUM2_012952
-0.11284727007951009,-0.011381780715923478,-0.369856131465391,0.017514601325590146,-0.07406834301015926,-0.020909699826728353,0.009511098816654486,-0.008337493524241759,0.006791769754444244,SUM2_002752
-0.058050651621648665,-0.0031754982832320226,-0.08982440808662957,0.004435052709612865,-0.06519403695293474,-0.017022328504040483,0.016803527278482184,-0.008423589291390818,0.03789838154490011,SUM2_018632
-0.1537557013266985,-0.020706040119989902,-0.42045583597642533,0.02157424124909648,-0.013880034602553404,-0.019256886020384868,-0.0061280534183199035,-0.006595205943170188,-0.015451513158274022,SUM2_015164
-0.07814995193754748,0.039102365024238854,-0.381669077002472,0.05444821933940097,0.019079633137386903,-0.020436736723845494,0.01043071728402435,-0.007966921339311478,0.006666229359792308,SUM2_002050
-0.09373687878054711,-0.013606946366114758,-0.29188340019506664,0.031064202346809917,0.21028381522827688,-0.017973796482580066,0.01576759227720269,-0.0068704395403913505,0.18368577955471954,SUM2_017711
0.23707951115820367,0.007434065105016309,-0.38481924546267615,-0.03809732622405694,-0.24944321590564805,-0.021498195796243895,0.005677113064612781,-0.009161586257110948,-0.09066485147498121,SUM2_000298
0.04804544292172244,-0.027113530002816168,0.5140951968917725,0.024089515867138766,-0.16386762128072704,-0.020278825063965205,-0.03164247024039316,-0.021135867046628076,0.018784828197100083,SUM2_012157
-0.0016632783370921528,0.009538656352098935,0.8029056127943808,-0.004437515920970836,0.007276270853177444,-0.020021315733426408,-0.01075237217614267,-0.010930467188611754,0.0008645422369423898,SUM2_008727
-0.19405387965116927,-0.05250087669231992,-0.35480272703638494,0.010691856509350567,-0.05609229120550174,-0.018778497467875868,0.010708653323598105,-0.007568360072981657,0.14607704735604124,SUM2_007711
-0.04781155435882419,0.005342715221304026,-0.4695984832056815,0.03496264737249648,-0.20612384955545124,-0.022783011698631797,0.0057832957172353015,-0.008883118595742544,-0.08418891211027149,SUM2_012017
0.4021221079249265,0.023834773134968804,-0.2817024155325524,-0.04341060476975521,-0.10130420368002793,-0.024587621221368018,0.008038603936534166,-0.008349577680043635,-0.07828647409391196,SUM2_013877
-0.15563644970794407,0.02277375892036086,0.04210573058788982,0.007073127789630615,0.02166502840673912,-0.01884678099836803,0.007602733596347948,-0.0081019860755491,-0.10793899373007503,SUM2_007436
-0.11233437482116951,-0.037615441924367554,-0.32856335086251753,-0.056428649661124056,0.013892528746314092,-0.01940306790864096,0.005928385891070585,-0.007554745528347863,0.04749325557062567,SUM2_017450
0.04634519868957772,0.13624520624416203,-0.06126220402422672,0.14009838901335905,0.017622572897169127,-0.02153255640246594,0.008281832891025714,-0.008389593027574816,0.015910430925624712,SUM2_014465
0.31321631893037866,-0.016129533156673398,-0.3721852312649407,-0.03771790377934308,-0.18355929034389679,-0.024238024250882426,0.008800626117589696,-0.008301706263794955,0.01997892998467197,SUM2_002125
-0.06964473248555472,-0.021349569303693892,-0.43839897522988014,0.0006289103297733619,-0.10674185209158057,-0.019040871044480056,0.00880067180452505,-0.0085778416512111,-0.04286666140055208,SUM2_006376
-0.2468196605254911,-0.06162226345425072,-0.35809053922889345,-0.08999703265049837,0.0006660364258606159,-0.02013397441145969,0.005572777406344066,-0.009430771801554267,0.017980493652285087,SUM2_004944
0.12250940453190218,-0.03240575252072412,0.5927056637341787,-0.0008375829210976963,-0.09699470300834354,-0.019441853673155617,-0.03287867602731952,-0.016953137235663412,0.019891201629716717,SUM2_005907
-0.19302036651831428,-0.006915376318566832,-0.3247276600680169,0.04969006986250105,0.12965076623762944,-0.01985074742180703,0.013610752530862807,-0.008287498897454547,-0.011754453334157608,SUM2_010014
-0.09740147757889761,0.0038285027328424344,-0.37997593553201964,0.029307273245452032,-0.04164951595263365,-0.021837783690347935,0.009284658016957797,-0.008160734408096209,0.010717750383449635,SUM2_018682
-0.04855874555154754,-0.08530301507525644,-0.5163282299353804,-0.06388117114143928,-0.2464006696196445,-0.022061888806321435,0.009005763042947864,-0.009850656824218696,-0.08807330795115212,SUM2_007876
-0.1874816294371462,-0.023980849417123033,-0.3474172264280059,-0.04015806186274919,-0.05799499694469119,-0.020493463046348578,0.008164272719501247,-0.009017795472160698,0.13234178994301443,SUM2_001227
0.09618254827959713,-0.010594608496268953,0.7619236413265323,-0.003337738532920513,-0.01671653084373196,0.12319505195475262,0.015011763816734284,0.07541504035659256,-0.0022545739243076683,SUM2_016533
-0.12569949214384987,-0.03844321296806652,-0.4009385209387032,-0.028899549082156382,-0.05072863632379652,-0.019353393776729365,0.009448036088566291,-0.009224656707047533,-0.047930866812198485,SUM2_007015
-0.15795789051265471,-0.04981631241716207,-0.4479600778183732,-0.03264077027658922,-0.07747512431064808,-0.020015203175837305,0.006849181920449821,-0.009226616752862465,0.1447650389894079,SUM2_008396
-0.0843219977655529,0.00020682391645954513,-0.45580738189853476,0.05201668368747646,0.028484900018263964,-0.020765401079834926,0.010088174074655901,-0.008527759289338691,0.015979532391067846,SUM2_013758
-0.08194150804389758,-0.04440726998048422,-0.051919416425559015,-0.0032533868563224327,-0.006413607571260577,-0.019777919789786717,0.01036269370591208,-0.007627502609316811,0.06985308097699697,SUM2_014288
-0.10721311287339515,-0.00616482869385404,-0.35771520445647764,0.04856697453096583,-0.0525874060670386,-0.021694142246996513,0.009035117483980237,-0.008374205901781446,0.012341750613655922,SUM2_016951
-0.18840579222817894,-0.006603624446627504,-0.5159186599342298,-0.0666597583832112,-0.09540123325780851,-0.02106761413646884,0.005215950880567591,-0.009687443678090987,-0.0685743190104564,SUM2_011533
-0.12415062738239693,0.0025083335890871716,-0.15761612251390994,-0.010878235513915011,-0.09088803274088507,-0.02110594419284694,-0.01204912160867119,-0.00774452126682768,-0.12650977368917243,SUM2_018995
-0.12378507357577129,-0.03195333672550006,-0.2949138118912874,-0.011791099965159549,-0.09415080061723705,-0.019418164670870593,0.011790879391112261,-0.00887045528397518,0.07964275710833027,SUM2_014990
0.08978338123712533,0.10667054194552521,-0.25418177463953473,0.2521915654599224,0.17355686611492738,-0.01469981499140286,0.008072192628802568,-0.00649775866368799,-0.008759799121444608,SUM2_014722
-0.07356361807132698,-0.04608258851669259,-0.5155703651420744,-0.04984056886348982,-0.2187300208157708,-0.02160738799352285,0.008745508044970807,-0.009264697057288971,-0.09607944501178081,SUM2_008772
-0.0709939080275421,0.010461095278996874,-0.39781794124972586,0.106660492746221,-0.016237937047396803,-0.020252069758194317,-0.004475253719028786,-0.007425221929492171,0.02111917708193588,SUM2_000574
-0.08059237840848678,0.07543599562664892,-0.298951343336637,0.05147181145076263,0.06396758819740755,-0.01589815067103388,0.016084465537948282,-0.007829620996921633,0.13535837442825438,SUM2_003407
-0.11066372085106506,-0.003988578897804428,-0.4416188486560735,0.02908840365888755,0.14560375695672756,-0.017705562825471012,0.006973145831668051,-0.006927735913468983,0.15333892065142155,SUM2_004791
-0.12381172617543194,0.012761091632210503,-0.3138365216295565,0.008133290985246719,0.10166802756017561,-0.018775738664126358,-0.00892417270058328,-0.006300950870725785,0.008947057989001323,SUM2_013694
-0.12505827663671237,-0.052086223612205315,-0.4648833010288424,-0.007173113094906742,-0.15766984171958331,-0.020695881660151176,0.007188870427070265,-0.009604218841683918,-0.06970633202254933,SUM2_015799
-0.10056986797474647,-0.03302574107074112,-0.42326399030753575,-0.026084864000415146,-0.03647642739284115,-0.022226881316817052,0.009678193212283106,-0.008873214444853967,0.004553324736465356,SUM2_015044
-0.13287744277112448,0.021008749586760512,-0.495685351752703,-0.004267848276047641,-0.0032476082535908514,-0.019749624918301442,-0.006400361880346056,-0.006865931273106145,-0.00024471274884112367,SUM2_015780
-0.03664861933082522,-0.014024891534040868,-0.374193215187214,0.069978841635461,-0.022551846505325983,-0.020433790851273132,0.010875676281039295,-0.008722001386458586,0.007919835799862298,SUM2_015857
-0.08403889226747557,-0.0092165327593898,-0.41497673130860707,0.01612239141395211,0.037457244455760964,-0.01835728003529564,0.006037308112188078,-0.006440720314273438,0.11151771582480023,SUM2_018648
-0.13369018869016303,0.0025424439090564683,-0.34924737284086727,0.024587812676548117,0.13799861212457507,-0.017742348985915306,0.013031348986805752,-0.007138677448477346,0.13086254872482064,SUM2_016556
-0.13188857073976407,0.009077420981347452,-0.18036628857310616,0.0552092400638722,-0.06042735713448601,-0.020730164718737655,-0.008446489747409344,-0.007945027669698136,-0.07391187185159646,SUM2_016784
-0.19641545542563893,-0.03589861352011925,-0.41515859644191694,-0.009389020378349811,-0.09669337181352207,-0.019883797378340708,0.007648027279192707,-0.008231966919061282,-0.06465036489680322,SUM2_004705
-0.08204518210663596,-0.0034245369454007383,-0.38505983351516415,0.015507942009200559,-0.009966545814171033,-0.019037946358116335,-0.008470721803986832,-0.006918043691869826,0.01049847731995123,SUM2_006292
-0.11331258775650326,-0.04582560200723218,-0.3732927715974058,0.012821011131640933,-0.03434348226334734,-0.021129250733203944,0.011399164184259139,-0.009108739801434678,-0.036988008860665264,SUM2_012565
0.1859694531821942,-0.004688079270672343,-0.39273798906202906,-0.04524461432664654,-0.21407256116521323,-0.02069384719169835,0.007725057547906397,-0.00939793492979377,0.0747412192422263,SUM2_013337
0.28311978825477846,-0.008393352579749219,-0.4216242258995474,-0.06492126988106904,-0.22741388342842006,-0.02273336897097367,0.008641240218938449,-0.008366487214413116,0.08157090077482222,SUM2_006909
-0.020712886192484604,-0.048900089293095084,0.7918667255462847,0.008564815949970276,-0.10114126868716003,-0.02254004029583814,0.04759045583245591,-0.017013355116283265,0.04830058950421409,SUM2_012336
-0.10494190945189308,-0.011609627084912732,-0.4509767543950864,0.030377645230014894,-0.036208487410827196,-0.0217695138928485,0.008717536222178381,-0.008232486170806946,0.015096314898820443,SUM2_000667
0.25233185566425376,0.02019232533324099,-0.33938183367239483,-0.03272543830140782,-0.23416948311637586,-0.023857859064839507,0.008846357616214091,-0.009009524799374256,-0.1005202980305828,SUM2_015663
-0.08576914781794993,-0.00035344859411836347,-0.07272935644068321,0.021845335026207814,-0.10319927888449767,-0.021195663207048444,0.01648598461954489,-0.008649502484572722,0.041692250258008164,SUM2_004743
-0.14208283372639843,-0.06641488694906533,-0.4382104522936755,-0.016548690231761295,-0.027548003434185692,-0.020644601033566128,0.007600958787352359,-0.009399484486772034,-0.08142253749241793,SUM2_015272
-0.12094061786767515,0.009988859865763781,-0.3142558667112819,-0.03121980691726937,0.053377206645498866,-0.01967839186237646,0.007323150776855668,-0.007680373669423017,0.23165070728874199,SUM2_001728
-0.03299216019636298,-0.029899665125815107,-0.02563100262155016,-0.05699483122078082,0.011652998921397307,-0.020398083512053272,0.016753578182227696,-0.008555137852357706,0.050739470003415874,SUM2_001975
-0.06059331770405692,-0.0863591437288093,-0.44526591378459673,-0.009657564294404022,-0.16777199964178985,-0.019531542194810687,0.007099203238157818,-0.00862910011337641,-0.08015460715984372,SUM2_011572
-0.12272962664714611,0.013613442561964683,0.4222406356787388,0.00992741997717401,-0.18741111611750766,-0.023538944856602663,-0.026650438122613373,-0.023502951742027888,-0.07349194130444482,SUM2_018922
0.054426717325788854,0.03923469673595255,0.8832674382431766,0.001354402314070201,0.0008556749775409364,-0.016054045020517816,0.018196932974563203,-0.011568860385372012,0.16284232996203943,SUM2_007274
-0.1748561132733023,-0.001465467734200937,-0.31235459524046433,0.017685241405174825,-0.02082346892965066,-0.020573562135890955,-0.006881411520913797,-0.009161871951198285,-0.06522243906049703,SUM2_004612
0.2253078582217393,0.09195729719326742,0.411098949828088,0.25730623955455634,-0.053875852837587876,-0.018296762816175344,-0.02697261245717748,-0.015434788944237299,-0.03518329172030339,SUM2_000088
-0.048203777546161765,-0.04055144806864795,-0.5108176203990176,0.06464344407728687,-0.1566362214736432,-0.01908826248109547,0.009372233245616007,-0.008772544512537507,-0.078245763468446,SUM2_006589
-0.14643771220870333,-0.007229120718175277,-0.3288969009051511,-0.00858764412167684,-0.05731702546537526,-0.022125702891238636,-0.009293076174916964,-0.008947282645266601,-0.05469072951555933,SUM2_000756
0.28619790673636186,0.036501781563861926,0.12129547875376986,-0.03956245954891776,-0.13624035244791188,-0.023242771696194355,0.009070181144218866,-0.008489671780484678,-0.03636727790420093,SUM2_009551
-0.151347485967795,0.027913744966356995,-0.36115461756319894,-0.001373005972173488,-0.030274446180793113,-0.02097068432815615,-0.00034934421019535073,-0.00916017263735258,-0.014635839188897312,SUM2_015277
-0.05685128999271105,-0.017452301056454768,-0.3572046510324219,0.08351998169966598,0.026056001301609642,-0.019043393556362483,0.010726144548732525,-0.008581186267322882,0.008678291865096416,SUM2_015276
0.0576594228641069,0.006585604369322385,0.7034248633589872,-0.02012463913168655,-0.08621233709966448,-0.01698233931510969,-0.02219644392531694,-0.013702736493909818,0.026924948828276424,SUM2_001274
0.09618254827959713,-0.010594608496268953,0.7619236413265323,-0.003337738532920513,-0.01671653084373196,0.12319505195475262,0.015011763816734284,0.07541504035659256,-0.0022545739243076683,SUM2_010402
0.09618254827959713,-0.010594608496268953,0.7619236413265323,-0.003337738532920513,-0.01671653084373196,0.12319505195475262,0.015011763816734284,0.07541504035659256,-0.0022545739243076683,SUM2_001090
-0.03384971664149846,0.01316237933388793,0.6645250137545844,0.03025809157894261,-0.07102529073515776,-0.018217393694278012,0.0199334108476579,-0.01614376494808317,-0.02280140824742571,SUM2_014457
-0.037574435371755664,0.10013884872260563,-0.14860616674488605,0.09826061405501446,0.025273156416427474,-0.021135919636462257,-0.004702051773548122,-0.008177790815905401,0.004965789319185153,SUM2_018859
-0.09863581744721373,-0.008722265113543976,0.4632190984903186,0.011037014959015028,-0.17020893814108803,-0.023619872676997167,0.04395187967231812,-0.022165300149293417,-0.1225019039221407,SUM2_011286
-0.15498523764915767,0.024639581811217788,0.121673481516769,0.008846900525860008,0.35801898462158965,-0.019051056761980288,0.006560327554093533,-0.0081459271231426,0.07352231422598876,SUM2_004199
-0.18416356869296613,-0.011023360355735607,-0.4111245890112367,-0.006880243222832681,0.020130543891302404,-0.019190998441109015,0.008040388500097945,-0.007177644367411721,0.12341452471192738,SUM2_015705
-0.06741607285303847,0.0011489652092771222,-0.3789050197461144,0.020383512479129957,-0.0639784285648034,-0.018416764641485728,0.012079569826450871,-0.008505522470953084,-0.038602162650471214,SUM2_001928
-0.1494190404002246,-0.055920852064376345,-0.40751942186246143,-0.01770448738144344,-0.15421883593231542,-0.019976350090048868,0.005947308136136005,-0.009384793875268672,-0.08230272255405896,SUM2_008993
-0.06916680927866471,-0.03422410303042972,-0.41176534311814067,-0.023109902618531318,0.028240332786079625,-0.020860709111752147,-0.007086724199262613,-0.009275754027714921,-0.021954954099797162,SUM2_015112
-0.17963806618151446,-0.028099473766487443,-0.4943786598373717,-0.024882020950991717,-0.04350391604183505,-0.02118911314060686,0.007245276576009899,-0.00938009918498479,-0.046276772092992406,SUM2_012740
-0.09686186076062667,-0.01132823974706488,-0.30601707842333703,0.014428543627686636,-0.07195648317609062,-0.0188373554494339,-0.00809370566772385,-0.007095188087517209,0.0045540226453833,SUM2_018025
-0.01659168653274294,-0.04161520953525179,-0.19749466957092776,0.045209206832289926,-0.04742153077243487,-0.01767173807489298,0.00917008204938984,-0.008355701726328236,0.0956616830244397,SUM2_014926
-0.009914827217474628,0.04283686829706365,-0.3258158914661623,-0.002084941206315911,-0.09532210747743394,-0.019487138440582363,0.008324742359691894,-0.00995397261040198,-0.07552752232589911,SUM2_015633
0.0063956894892241685,-0.06436135025318715,-0.2629756973789183,-0.06686579365815562,-0.1507884677902947,0.04510328877389064,-0.030969426045357677,-0.05016374343873518,-0.010019736456723771,SUM2_012209
0.1813841110414618,-0.008730510709988912,0.4784194260911354,0.026180621368253748,-0.06466666240809472,-0.019833043798750484,0.028709270838002614,-0.017365855585561887,0.032064743236474916,SUM2_002016
-0.09687439075688645,-0.010316215651101523,-0.4240120999463615,-0.05487028706226453,-0.020962988794262255,-0.01792418684018263,0.0069448917367392424,-0.008771793486764882,-0.004856928248484771,SUM2_006561
0.10436794153185777,-0.060119128903177256,-0.3899722233008067,-0.0420263898461275,-0.029172231504594675,-0.01782886252207936,0.013180929540042612,-0.008707120353682915,-0.055851049331891486,SUM2_016405
-0.014044186309259951,0.01220525623452216,0.009173671324386599,0.016674359618420873,0.019304491547198523,-0.020609414263887745,0.020717619730932446,-0.008375632269687681,0.06079485897215446,SUM2_018696
-0.058050651621648665,-0.0031754982832320226,-0.08982440808662957,0.004435052709612865,-0.06519403695293474,-0.017022328504040483,0.016803527278482184,-0.008423589291390818,0.03789838154490011,SUM2_016309
-0.1040895009079437,-0.0063396425387777814,-0.3005624687913654,-0.01620611736733097,-0.06780831018493269,-0.01940695320610105,0.007954382902971794,-0.0071748808129049905,0.08142562355695701,SUM2_002340
-0.1955272227266153,0.013706261485269083,-0.09178971709267318,-0.0018099450645753536,-0.014534161598099393,-0.020509473071507515,-0.015402133148842406,-0.00897815086107924,0.01918033767368278,SUM2_007950
-0.17142377544222523,-0.01020656846425336,-0.383733088510952,-0.032558488874244465,-0.09505643087700584,-0.019100201780197675,0.007000938091972611,-0.009507569004746141,0.21791684580634216,SUM2_015023
0.2163745613171356,-0.01675908681582889,-0.3661955754232791,0.03400656877663473,0.03547812900378189,-0.017006633405634512,0.008493817533275144,-0.007992457107951975,0.09217855405544839,SUM2_005182
-0.12320439784291473,-0.011525085196036252,-0.09934940047208059,-0.001878258978778962,-0.12402565454245898,-0.020181227966798172,-0.009520375305147731,-0.009735095192155358,0.02352480399846033,SUM2_013720
-0.16918639772938882,-0.02062653035975373,-0.41677803541076897,-0.015728393779797407,-0.023665706351998262,-0.019934009579565464,-0.007346427501201465,-0.00768348135943798,-0.004118440900014203,SUM2_015290
-0.08541665706958405,-0.006260575169483001,-0.38672585811959675,-0.012899535616065208,-0.05055255064057117,-0.019635387157922297,-0.008512122620126175,-0.007204821960571929,-0.015524226049308204,SUM2_015506
-0.10575364781179108,-0.05456074380632987,-0.13316266292031118,0.014147013226468275,-0.058566970337731714,-0.021603725582760514,0.015203410894736058,-0.00890746752372051,0.006521043684024464,SUM2_000631
0.08425104347124047,-0.0232602099332812,-0.44245160802311434,-0.04645153925378911,-0.22154684671377786,-0.021268584577747916,0.008844797223359197,-0.009596489511751145,-0.08315274322058451,SUM2_003001
-0.11898312652771725,-0.005720903690332214,-0.16329216769120358,-0.022472038427527166,-0.06823149450351422,-0.02126467249123698,0.011295029573523664,-0.008658014638992472,0.0294923535806228,SUM2_014721
0.2825198235032147,0.005301028638528098,0.04980884326149182,0.01457253918570281,0.14095133045434774,-0.015669422938067157,-0.0071922576788585515,-0.006315549028676347,-0.0018914903780464878,SUM2_005852
-0.12500029249135963,-0.012038731419376173,-0.4577357080441284,-0.005225318569760752,-0.007716573573786414,-0.021600427235411095,0.011501463242912655,-0.008508053886735588,0.012083575757684569,SUM2_015789
-0.14414429349743227,-0.022663109775462986,-0.4243422907750956,-0.033794761143139215,-0.051140879142638165,-0.018093691738631876,0.007022734376875053,-0.008294111947778453,-0.00984674997019674,SUM2_017840
-0.17803373129222347,-0.03156353299677616,-0.34870222783255655,-0.0021575408116235825,0.006802205792034393,-0.019033066162281485,-0.006727565859842538,-0.006980895568411226,-0.0019037570079432054,SUM2_017013
-0.07939968241593186,0.0032748927323493883,-0.11288092093709126,-0.018213155834846725,-0.04549201819329295,-0.0217017560618926,0.014178915399877392,-0.008362248903211886,0.032190643975516894,SUM2_016437
-0.1465958241355096,-0.06638909196985239,-0.4504227301921976,-0.05978063775127366,-0.0055445519873020665,-0.01968937512773225,0.006452013100931815,-0.009222702759156275,0.127590955962925,SUM2_007276
-0.027770336170932726,-0.004445961700095089,0.08133697918349848,0.023414496551795727,-0.13310795187372904,-0.021945165624904638,-0.023636429003121552,-0.013485706996327923,-0.10333091566612156,SUM2_012683
-0.04684856219258813,0.08978705006374733,-0.3683379131233148,0.05673575456416473,0.04994287004848995,-0.01605949165208763,0.01663893014034586,-0.007958619943743393,0.18097200028084148,SUM2_007472
0.5748989401954938,0.013652191245304502,-0.21020239120053746,0.15948236739161056,0.4122979671893884,-0.017309732292525012,0.01177269419180147,-0.005155063961529046,-0.0121258599644535,SUM2_016454
-0.07538209291953371,0.06297638097027813,0.1858864997749016,-0.010647694952146184,0.05093443991877085,-0.020497350910000395,-0.004916427690750101,-0.009582621442009498,0.01028372656138538,SUM2_007643
-0.09569987370287829,-0.01378067278211525,-0.35746347586740485,-0.02796535783950463,-0.057028661791895904,-0.020217373940409584,0.007908139362443481,-0.009062349557760672,-0.010273105128563614,SUM2_016609
-0.1628371258749474,-0.024370240132901556,-0.4379077722456513,-0.07832207754212944,-0.052957728397582726,-0.02043658756107273,0.0063495345603538835,-0.009633357790721737,-0.06065998856865801,SUM2_003193
-0.058050651621648665,-0.0031754982832320226,-0.08982440808662957,0.004435052709612865,-0.06519403695293474,-0.017022328504040483,0.016803527278482184,-0.008423589291390818,0.03789838154490011,SUM2_003592
-0.03528375144940649,-0.007769020979513827,0.4118099399388256,0.005606866342659332,0.2410951214519134,-0.017784900115582647,-0.00961648023954786,-0.01395121958126353,0.02544748538474696,SUM2_012401
0.2743319899602864,-0.04812072634058988,-0.30258114290766047,-0.004908470769837794,0.148615537585674,-0.014415412750480836,0.011314030200197745,-0.0062211364141203625,-0.009068826014268557,SUM2_007460
-0.04354272423972201,0.01819725367938931,-0.41814177820200726,0.06399958087852961,-0.0790605820415677,-0.018914575725690108,0.006528388964685626,-0.008609445131852713,0.09574713139912487,SUM2_007469
0.7329233803546034,0.07351723683428285,-0.1464376876681715,-0.05960294052830215,-0.25651645974578124,-0.016666758317529222,0.009791424911778599,-0.009577513266398231,0.14877910343087167,SUM2_018533
-0.09178653119724393,-0.015145053395667291,-0.3737859286581863,0.014800376071769572,-0.02548539879810046,-0.018896701752016975,-0.007883864425590453,-0.007088940918458045,0.0080687503156651,SUM2_004171
0.18135989863948798,-0.012884238610622148,0.0814928736962083,0.09389935316797636,-0.1280830555848462,0.07734938429912255,0.03592204825861313,0.18325343457475346,2.815696830857674e-05,SUM2_009428
-0.1890853674842995,-0.008411257793711224,-0.4155798197620507,0.010467759463091728,-0.1231128984936265,-0.018966500362924844,0.010558038583387263,-0.007747937558171635,0.0653505211639186,SUM2_007415
-0.09655131354834648,-0.007746598446440639,-0.33718344446872034,-0.029175950637711313,-0.08130914786502365,-0.019633163811730147,-0.011752632652937193,-0.008896004572548074,-0.005185963725765679,SUM2_015893
-0.07151793048520524,0.030695834987807293,-0.503296620418043,0.045920840252560144,-0.19541557508685017,-0.01912882199162549,0.0053259446388747075,-0.008840155458967708,-0.09439163285826442,SUM2_002195
-0.07531195531507029,0.005132417142675297,0.0618498456018257,-0.04702093524537986,0.001647967322359245,-0.019686454987988506,0.006779969579619814,-0.009668302667671548,-0.02267282457868169,SUM2_011631
-0.05789303229065175,0.14422285628475184,-0.2946188793345601,0.13796560464954205,0.07409831243737916,-0.01936198177594215,0.010516991800116065,-0.00817948431273154,0.018487836275748765,SUM2_010818
-0.024883512202104795,0.03335467481063058,-0.35446180771737856,0.05934108421608432,-0.04008931297014389,-0.01783317763326394,-0.005355876260039168,-0.00841167803160343,0.003564843979637382,SUM2_016366
0.23435582799310292,-0.00826363101475357,0.5327637126995487,-0.041842293427620254,-0.13640111382667092,-0.02014752248133818,0.043172353728892124,-0.015490688484341783,0.0343763111701109,SUM2_011260
0.033160130412648356,-0.07072752178656982,-0.4392589046983037,-0.044007511313366214,-0.18735897333579024,-0.020819121986702428,0.009421140627104297,-0.009128818578183845,0.13195419477523856,SUM2_017575
-0.13440481145349956,-0.059242907394136915,-0.4595118696737585,-0.03008707278414489,-0.10570716247301352,-0.020167539626841823,0.007106308714955878,-0.009187401229690835,0.18142026323892035,SUM2_002042
-0.08656623362084619,0.02869097112116194,-0.3922259376126512,-0.025514875998060172,-0.1624950023769729,-0.02053528521425722,0.008294580675858167,-0.009496122456893194,-0.116104912082585,SUM2_010985
0.029211216816861858,0.02548388324431038,0.8026215727532714,-0.011966354953162684,-0.1507813159861155,-0.020750398642144754,-0.029565214186374183,-0.014517165055681023,0.011044320295819041,SUM2_001481
-0.06602533474403575,0.03903939246398326,-0.08143098741092374,0.08704255041731747,-0.08441450343143801,-0.01990224723715317,-0.015367507193193936,-0.007645451906971981,0.04700791362263808,SUM2_013487
-0.041561256476403095,0.0022311358687394003,0.30558382699456466,-0.004505765292148899,-0.02450119434815897,-0.013146964375364547,-0.026023109444618588,-0.010782274580410834,0.3952984957202172,SUM2_003481
-0.029844277129026053,0.005373452509309436,0.15080391750718586,0.011025959369529478,0.037247491390129735,-0.01750895214288227,0.00809854276750953,-0.008380692007065857,0.21816020482020865,SUM2_000123
-0.0891507967558959,0.011134755455236272,-0.40529370209833504,-0.0005801313544152895,0.014032633255250304,-0.01741293958420709,0.006806786303696147,-0.006671482106308878,0.22760915652868663,SUM2_006780
-0.03133496440183679,0.005174063974633681,0.27314167311366383,0.016766359612030834,-0.06660754866348166,-0.020799937987183978,0.03251644065707078,-0.01450248133384487,0.08863411341955932,SUM2_017353
-0.18203082554783007,-0.03473626077048293,-0.4808365108440064,-0.0029191306542559322,-0.16827169840026932,-0.02123643522654878,0.008121311258950374,-0.009410323482312884,-0.07929034979422331,SUM2_014337
-0.058050651621648665,-0.0031754982832320226,-0.08982440808662957,0.004435052709612865,-0.06519403695293474,-0.017022328504040483,0.016803527278482184,-0.008423589291390818,0.03789838154490011,SUM2_013428
-0.16968759552291854,-0.028550444672904303,-0.39142469610091934,0.05040471471783238,-0.06477718351282104,-0.022192237536961677,0.009528261615046479,-0.008587021557951314,-0.014749482721756055,SUM2_000144
-0.04653022770641668,-0.007546981262049302,-0.029345250021952252,0.03677222885041585,0.021565995086236432,-0.01592141582985815,0.008662929711856032,-0.008332232059548049,0.21686633756278484,SUM2_009999
-0.13940247547491363,-0.02690898003333343,-0.45473825942243823,0.017299132212913054,-0.11007137174070661,-0.01980436994803645,0.0065134095682011115,-0.007372788488163376,0.11859726730488414,SUM2_007322
0.09618254827959713,-0.010594608496268953,0.7619236413265323,-0.003337738532920513,-0.01671653084373196,0.12319505195475262,0.015011763816734284,0.07541504035659256,-0.0022545739243076683,SUM2_012048
-0.1690840672267836,-0.04753125864086938,-0.4962759183390613,-0.014635728899662836,-0.17522198465312327,-0.02114409547252761,0.00732878440652879,-0.009880357834687152,-0.07896294118391711,SUM2_000551
-0.12696158165239663,-0.062284572370598514,-0.42981969830613515,-0.0693471939906373,0.025046639006325217,-0.01990454048768976,0.0066247107604238565,-0.009089527354828333,0.08982686132985798,SUM2_006972
-0.12414002404869409,0.037397039048783456,0.010550350093783242,-0.011046679170597517,0.0725976770563964,-0.01994803864750777,0.005537967689770189,-0.009632400766727674,-0.043341624920669015,SUM2_003002
0.2899283990317511,-0.004385743392731109,0.2946642462880783,0.04282169531868235,-0.1263181222843378,-0.015128342815636677,0.02680520729537093,-0.01874620840364196,0.11273968447058733,SUM2_011974
-0.09412062001245082,-0.03047189525361671,-0.1901007225545007,-0.040507671224766326,0.01643228735063858,-0.01858510106269014,0.008407301620745091,-0.008977056943713722,0.15215889514063463,SUM2_000113
-0.14050900126454044,-0.019222962206768737,-0.15103079733381405,-0.0025862000569315743,-0.060748907949270306,-0.020183749414859342,0.012728978635483317,-0.008542698299366396,0.03362646382426755,SUM2_014147
-0.09941477211400729,0.008130177592619494,-0.3773864121868922,0.0941468922299106,-0.043476754000225,-0.021125415140056,0.008387554391893006,-0.007993681121010295,-0.0003943583417761994,SUM2_008857
-0.058050651621648665,-0.0031754982832320226,-0.08982440808662957,0.004435052709612865,-0.06519403695293474,-0.017022328504040483,0.016803527278482184,-0.008423589291390818,0.03789838154490011,SUM2_009288
-0.1538280997055747,-0.0356730648694497,-0.4669170695623451,-0.0016536085970406719,-0.04474097894817105,-0.021913912958777104,-0.007398654046958625,-0.00985878068301986,-0.0051119356079536785,SUM2_004788
0.09239380877678799,0.12664338472739436,0.1409605613320399,0.03853487660507842,0.13505570278773488,-0.01538990240214724,-0.004684698898560866,-0.006935770208886837,0.038639163677965604,SUM2_007135
0.11580273136148278,0.01743271148857714,0.8001855312863283,-0.01188662805822611,-0.08078189697986106,-0.014315494475708606,-0.03313184632403256,-0.014889747152389086,0.03819532363918019,SUM2_014671
0.24251238322048288,-0.026141618435743398,0.20740973846167457,-0.02370754633113021,-0.02003760348730426,-0.018619548705625398,0.005540295087872469,-0.0166355267374449,-0.06441172853888077,SUM2_001797
0.23238858956249447,0.22304505586393994,0.38932360976074065,0.16763871987088633,0.9601390354515422,-0.04762649026897735,-0.0068043190971445715,-0.014348861734502085,0.01995282904862026,SUM2_015554
-0.155305111693869,-0.033512538895476646,-0.33711586819079453,-0.07066231009874,-0.030816803892525325,-0.020523106100110877,-0.00909730728427426,-0.00939830638467551,-0.006685028975696014,SUM2_018026
-0.10860383434322715,-0.036119626454212655,-0.37609226667895373,-0.010784430243704301,-0.06356753647413022,-0.020388475901808388,0.010402033110938267,-0.009028060889105786,-0.05108030233041307,SUM2_006786
-0.14175391064145346,-0.01807160366867063,-0.30027231880882915,0.026567995263239153,-0.050511473641560466,-0.018333107384446653,0.0061119068411826325,-0.0075624789670480945,0.20495187065445508,SUM2_012081
-0.1510175750907025,-0.07028313731406388,-0.47941121333713105,-0.03401986294287933,-0.143520532811768,-0.02076279341625415,0.006404501659473939,-0.009179309339402579,0.05000622358705522,SUM2_004511
0.08084425159538708,0.01838834451176415,-0.030766620955706363,0.07176762374992757,0.022076291436861094,-0.019297190825437602,0.013293860558009777,-0.007652781010287506,0.06145868309785274,SUM2_002899
-0.17327671599165054,-0.018869797800260667,-0.4674751511517091,-0.07077161879443992,-0.10292154792061523,-0.021082104579389672,0.005145394801815288,-0.009641590330162788,-0.07382202720501205,SUM2_002302
0.05799199278553402,0.026317371959566266,0.6027409841949851,-0.01504801208712984,-0.05172496581340026,-0.022444771915178706,-0.008310553336154805,-0.017425208202671252,0.03317531455223757,SUM2_010003
0.1497164149555192,0.013398570762953348,0.7428581578389386,0.013729732872247529,0.021258352648182387,-0.014537855720373211,0.015446406848117095,-0.011235435663139517,0.036336541249072284,SUM2_010196
-0.150259486200048,-0.014451106276680212,-0.40574458711367856,-0.07629663833654601,0.023836652756181395,-0.017323407571249977,0.008346844240671012,-0.008460858224652886,0.05198821068983216,SUM2_001629
0.09814231620994263,0.09106863908872079,0.7544162652295051,0.004130880797337437,0.13664746756719487,-0.015551662845699121,0.026923318434561687,-0.016030647805446226,0.042449835709861626,SUM2_011803
-0.016160173590866245,0.07115491194058406,0.054021378982226864,0.09874290084486967,0.11715258907673406,-0.0155307267345275,-0.00393422833973772,-0.007020583137766467,0.033496610484974675,SUM2_001562
-0.213842742926244,-0.057945289101824005,-0.3333743850855289,-0.07262142123287497,-0.05346907588364995,-0.020729286628300463,0.006115956257729549,-0.009899124877619462,-0.07942804825704661,SUM2_010770
0.8715144556898817,0.04052815513136844,-0.03578820817993115,-0.06277860953428967,0.15888295231938626,-0.020905212461021987,-0.010642013100324848,-0.007495180655339858,-0.04076891593535793,SUM2_001898
0.10381886771888578,-0.023621308206408884,0.3724530413211185,0.017985654679854624,-0.03835695264772818,-0.018839691999606896,0.047687013707465475,-0.02897021062963078,0.007803659429098264,SUM2_011593
-0.07431548390779492,-0.005930526034082664,-0.5031165493777847,-0.052839119251138635,-0.09821394484052418,-0.021431885053195866,0.00909089480485877,-0.00880001074598449,-0.08399275012725053,SUM2_011284
-0.1994734670755643,-0.01925907438314564,-0.4057242442550216,-0.031524408884702426,-0.030957828113938695,-0.02031317399568757,-0.006703983596002712,-0.0085334816210015,-0.1363461679715888,SUM2_008104
-0.009158924954033205,0.018058022924202874,0.2588685807951553,0.011188620104923625,-0.05720675314551379,-0.020602928111943742,0.021216516667372176,-0.010931907022644745,0.02840420982172843,SUM2_013846
-0.08455678093863314,-0.02628442055575598,-0.30261083905937214,-0.03844378805901376,0.03980647237629441,-0.021879254757141493,0.011768685576672055,-0.008592119487313534,0.012634284196213869,SUM2_012998
-0.10174647562370176,-0.006535534068636708,-0.01472409682525753,0.029216155431035857,-0.01230188702404187,-0.020971516253055426,0.01995105434043363,-0.008569792720529879,0.03984627593950307,SUM2_016671
-0.1404539935134047,-0.0017135074904417679,-0.3838253789631403,-0.029931237316824212,-0.07874372745064082,-0.01961520198364907,-0.009506898787304804,-0.007928085656633969,-0.1285824839042764,SUM2_007900
-0.1318682294201575,-0.050297427898068695,-0.41848171910339255,-0.020389754543272173,0.13382622424922705,-0.018894128252444693,-0.008821578214088285,-0.007375540110090279,-0.14727020286975814,SUM2_006360
-0.1518491779791113,-0.008307451039085558,-0.24993699481366524,-0.026697301671200296,-0.09703836429702128,-0.021130576713511408,-0.009389799120100309,-0.007828017329677972,-0.16889444593621844,SUM2_002508
-0.09728178837566488,0.008510074997406606,-0.3402705465961719,0.05874977988602344,-0.03952742260266622,-0.021200149147696405,0.0004704835635102475,-0.008303246711493923,0.015642155743424816,SUM2_017528
0.027641970198074794,0.02308400315614021,0.8160618237669782,-0.005755046349593951,-0.10157655085996868,-0.020755870992688212,-0.03294554870289088,-0.014158130870596666,0.04009260289469488,SUM2_004785
-0.03100585888745546,-0.010558944572225695,0.7083080902815274,0.03424160980373688,-0.17522809979055903,-0.02321376912718817,-0.04069155111226175,-0.017036085309469158,0.003999757144978423,SUM2_003249
-0.14261428045698804,-0.03423376931576524,-0.3724914301312831,-0.03930734824958914,-0.07578418830710132,-0.020242160746601075,-0.009410580197265166,-0.0076381190166165775,0.0024725617810935755,SUM2_001923
-0.010924466183446427,0.04093682640425138,0.8582324060778118,-0.005724170987318395,-0.026288865348901867,-0.020066329058215177,0.019389194955623697,-0.011964642645860005,-0.01281932789724421,SUM2_014060
-0.08024683824547062,0.015582188810549175,-0.3100394837151113,0.04599401121038051,-0.05421360342109516,-0.022288466665142077,-0.009750010489135883,-0.008775505362358558,0.00321648221223087,SUM2_014806
0.22494102672039137,0.10337763541531109,0.6100042281793903,0.08427739674633059,0.45287288589813757,-0.018623442549849458,-0.017658934189619238,-0.005253870541907449,0.48895524686346487,SUM2_007577
-0.11293061596438467,-0.01551342964945189,-0.39292109573320283,0.030941294821740573,-0.049996710101590236,-0.021753550945898665,0.009717427917373983,-0.008211832390740092,0.00894265802889806,SUM2_008961
0.6270792723083793,-0.025888615186753238,-0.1317734393809283,0.12503212509163303,0.24149800868042934,-0.012028410923889368,0.012212760656409376,-0.005711235322975447,0.011712637159193245,SUM2_005177
-0.12970099999475132,-0.013219926734268306,-0.3898036277018113,0.011343486007585972,-0.025331499620719476,-0.021130795573549778,0.006060391837313158,-0.00823969893786981,0.000664112814292238,SUM2_001713
-0.058361189925641196,0.014323218438369954,-0.34128086482960496,-0.029747264245809257,0.1984750866121525,-0.0188888274476082,-0.011731744888292017,-0.007303943488457887,-0.013160475872860908,SUM2_000923
-0.11854643181933477,0.0019104844808022082,-0.4463210161222767,0.09411127139375235,-0.03551646057728032,-0.021540238486305666,0.006607821897178903,-0.008116573556052,8.843288970787614e-05,SUM2_001683
-0.1511534247792523,-0.02841068257941956,-0.38087731131098224,-0.026388478323368936,-0.17798439309499764,-0.020625761420309092,0.008085681217102913,-0.009962792503925835,-0.11916041805917074,SUM2_016297
-0.17342616068948719,-0.01326780133037081,-0.11716527049525241,0.011787880189688297,0.04880073466625887,-0.018054452019839358,0.008648991652511312,-0.007853140418108613,0.03639502667614201,SUM2_012082
-0.1667952459242749,-0.05247414476350533,-0.530170210811376,-0.06788748898913456,-0.18039104037300532,-0.020868071603643575,0.006540789389538647,-0.009896083402193216,-0.06601419942422276,SUM2_006286
-0.05092568153485816,-0.055286057836190214,0.17052473708429133,-0.050783269312409195,-0.11259189521632793,-0.020979912819331332,-0.025310829371046412,-0.01903995032757513,-0.19824586074960732,SUM2_018322
-0.058050651621648665,-0.0031754982832320226,-0.08982440808662957,0.004435052709612865,-0.06519403695293474,-0.017022328504040483,0.016803527278482184,-0.008423589291390818,0.03789838154490011,SUM2_006479
0.09618254827959713,-0.010594608496268953,0.7619236413265323,-0.003337738532920513,-0.01671653084373196,0.12319505195475262,0.015011763816734284,0.07541504035659256,-0.0022545739243076683,SUM2_006080
-0.13912499298122255,-0.009208891268355163,-0.411229141541391,-0.0366027749407549,-0.07653994226912855,-0.019165653844241237,0.0060410824168241565,-0.009384635383311373,0.2313212864628417,SUM2_007346
-0.08377712456933815,-0.040568947643369546,-0.4871449086489427,-0.0756225933010288,-0.21907221183868303,-0.022405910646921583,0.010051025948590343,-0.009950261310349574,-0.0945471373205358,SUM2_006405
-0.13666933604318812,-0.009286288734535261,-0.34598805380531816,0.028241592998248567,0.14730422560610712,-0.019475018917733115,0.012738896320330834,-0.007439804151434593,-0.0183567051829643,SUM2_018367
-0.11240099185735616,-0.024802812263543222,-0.35025595208900795,-0.027365815348361505,0.06387179263299289,-0.0200019129157454,0.006664603548322684,-0.006814062640461679,0.20076491648931447,SUM2_000985
-0.08640313602895873,-0.0074937587276662195,-0.4276346562736289,0.0019125808511355682,0.17472976148210254,-0.018594794748903114,0.014158649130562742,-0.0074387216596260505,0.08962319335435115,SUM2_018698
-0.04440737587331225,-0.02002125071987483,0.40064101410531155,0.005878462416515904,-0.19368620212083973,-0.022991836749608675,-0.01980862215009923,-0.019180982183628886,-0.01130922894790127,SUM2_006158
-0.14706132439657624,-0.011007363668881293,-0.21589678417987637,-0.02678882384549148,-0.0668932825491767,-0.016057735208951922,-0.014128284437138327,-0.007260052734951954,-0.08282486432364661,SUM2_014330
0.09618254827959713,-0.010594608496268953,0.7619236413265323,-0.003337738532920513,-0.01671653084373196,0.12319505195475262,0.015011763816734284,0.07541504035659256,-0.0022545739243076683,SUM2_004863
-0.20019156964514054,-0.061791183512742875,0.03476727685995155,-0.048217635615261774,-0.009174697823775868,-0.02104816135545321,0.005743926219681575,-0.009820501408324238,-0.10932659403122039,SUM2_018233
-0.0776163085963085,0.020330984352051832,-0.12327352011665223,0.03638428800167333,-0.07267076751683343,-0.020994485928851926,-0.008661634462661244,-0.00788691685843498,-0.13317443874131446,SUM2_014364
0.09618254827959713,-0.010594608496268953,0.7619236413265323,-0.003337738532920513,-0.01671653084373196,0.12319505195475262,0.015011763816734284,0.07541504035659256,-0.0022545739243076683,SUM2_009991
-0.058050651621648665,-0.0031754982832320226,-0.08982440808662957,0.004435052709612865,-0.06519403695293474,-0.017022328504040483,0.016803527278482184,-0.008423589291390818,0.03789838154490011,SUM2_009478
0.09618254827959713,-0.010594608496268953,0.7619236413265323,-0.003337738532920513,-0.01671653084373196,0.12319505195475262,0.015011763816734284,0.07541504035659256,-0.0022545739243076683,SUM2_002600
0.04232587880279415,-0.04192028024919038,-0.32153247221593456,-0.03569956430083234,-0.11375335560688367,0.04984633942422392,0.014875993111912128,-0.0469116565053241,-0.04053715609463008,SUM2_003818
-0.09952987375444089,0.014594052642837719,-0.4276436866801595,-0.012314261371349168,-0.0025748202238798186,-0.01937206811907698,-0.006797758375248713,-0.00774284251388483,-0.009235881765433062,SUM2_000136
-0.26058171655389845,-0.060138536415304845,-0.37417366816337216,-0.07930210574100702,-0.11283828656423152,-0.02098086793589259,0.006454852610030005,-0.009485236223537512,-0.007841971328066424,SUM2_004218
0.5324444556850991,0.030573362911333633,-0.2651227372051718,-0.008006293934998914,0.10393794461993903,-0.01584039968251712,0.009636249571133512,-0.005633140794611677,0.3357800188864315,SUM2_017073
0.16667715368985075,0.015200925045412827,0.6598364433140349,-0.024787211527722976,-0.23551014212748617,-0.019821824840452563,0.017266165341456342,-0.017898587080319675,-0.025259206381633488,SUM2_012267
-0.08715412216401763,-0.028944718132400814,-0.32199358429698355,-0.020006369043620614,-0.04221081404364063,-0.01951646866684007,-0.00884935278347497,-0.008880233817091705,-0.0079245110712863,SUM2_012828
-0.1556201188364835,-0.03126426543775655,-0.4161608987707366,-0.01169764668673961,-0.1398532816339157,-0.02034557905749452,0.006397342209590952,-0.009762860542901682,-0.09622416577641335,SUM2_003353
-0.10312613055270817,-0.04798053469191904,-0.33494176657767905,0.04097145448460536,-0.04658027656023583,-0.020890735567874068,-0.0038826057687027294,-0.008073290335496893,-0.002696097119251143,SUM2_007556
-0.08988020752546853,-0.01422839902183989,-0.3368428902269581,0.02347607146017453,0.032160912994553,-0.01861110475715144,-0.006953836645415759,-0.0065763461903756495,0.0005794316779904229,SUM2_005382
0.5673906537002639,-0.02439405363761421,-0.2375290878807632,0.168204540615062,0.42248865213733894,-0.026888540239065332,0.011284358486016773,-0.004462341146326433,-0.00375100605507636,SUM2_006678
-0.17124781068108813,0.004963929920829679,-0.0972800257616619,0.002258511050390004,0.04944229938265072,-0.018192364200928995,0.00490960781262472,-0.006709225746895721,0.018044063015536398,SUM2_000192
-0.11116995182539777,-0.029539017901737928,-0.508767626327425,-0.025824937745090815,-0.17809894107451996,-0.020939889604697788,0.007036283299614957,-0.0093084348724414,-0.1045455148261308,SUM2_002894
-0.09251184117777626,-0.03189776453572098,-0.4818600308437606,-0.013841607328530093,-0.17221524070311559,-0.01991971488435405,0.005912802283813053,-0.009414868700924733,-0.11050903426745577,SUM2_018961
-0.1673294967620216,-0.0012832964554085752,-0.35414971992770894,0.0031256166239308505,-0.049800430021692425,-0.022595311472771534,0.008225406944700678,-0.009345004319495639,-0.009572804055310849,SUM2_014168
0.09618254827959713,-0.010594608496268953,0.7619236413265323,-0.003337738532920513,-0.01671653084373196,0.12319505195475262,0.015011763816734284,0.07541504035659256,-0.0022545739243076683,SUM2_012027
-0.09670297013092852,0.013573621598066663,-0.4289133584913512,-0.0031250536909522746,0.023107939405091628,-0.01741293958420709,0.0070530000910215855,-0.006671482106308878,0.21184998793613588,SUM2_013323
-0.03205783658082038,-0.014821739065961154,-0.44154206819955527,0.058050814404204565,-0.06949654709287877,-0.01936432993609926,0.009524933680645241,-0.00820747721674478,0.05534169893419859,SUM2_008129
0.4099848557497808,0.01119876248547981,-0.28784566225842595,-0.06311485030808552,-0.16531468414202938,-0.0252336180602368,0.008124464077392684,-0.008028130045498315,-0.07002389686339988,SUM2_008466
-0.1412582781486204,-0.0051409720582340415,-0.31894073166062237,0.03740654511715313,-0.04396650127557136,-0.021649620264374815,0.010457470813558387,-0.008695223525410283,0.002254738495395076,SUM2_005233
-0.1436053831285966,-0.030822030630003727,-0.40086378606652506,-0.011861279169762741,-0.04465984087696314,-0.019374458752903133,0.009856741268165912,-0.009283145443184478,-0.03223729977304933,SUM2_007549
0.6952359883846182,0.3483398408258068,-0.005534622152947105,0.27954025189237675,0.31029208679775167,-0.028299142643767473,0.004037874791158328,-0.0056171237046364255,-0.01758644600014487,SUM2_017320
0.07672992511443992,-0.04792736368257139,0.19834633160793508,0.03792332632838745,-0.05834092637808873,-0.018260247595386796,0.034922007327253604,-0.010496418694405155,0.054139202527625815,SUM2_012383
-0.1174399644393255,-0.04280193010711732,-0.40132847386091236,-0.014820545863297879,-0.07855189204083478,-0.01929341875903038,0.009372606280370888,-0.008968399973069942,-0.020706438492179586,SUM2_000155
-0.15399284755425835,0.011233548642383785,0.0709190110198373,0.0037500368041072157,-0.007644998408724672,-0.018742658963145586,0.007553637235797495,-0.009283132718430525,0.16248689180802084,SUM2_012805
-0.166353100159707,-0.06104343062444515,-0.34087822246369526,-0.008354373755607793,-0.08592718657380877,-0.02365610653026966,-0.009123630218691645,-0.009418674567228879,-0.11625999315058524,SUM2_007124
-0.09387241996296095,-0.010956229175435891,-0.13680484497962173,0.018056074177830023,-0.08622849401246946,-0.019136487056352937,0.01864714995062916,-0.0083418758773433,0.002621138265538734,SUM2_018917
0.09618254827959713,-0.010594608496268953,0.7619236413265323,-0.003337738532920513,-0.01671653084373196,0.12319505195475262,0.015011763816734284,0.07541504035659256,-0.0022545739243076683,SUM2_000188
0.2578296137734345,-0.0468773182148051,0.031615045147161625,0.10393106833075101,-0.17320214437633658,0.09618840950688323,-0.024294778516953466,-0.03443042323804346,-0.06261620777852284,SUM2_006618
-0.10608071110199273,-0.0650955718497006,-0.3619017992032078,-0.044917512881985255,-0.01918560975381383,-0.019883905864345224,0.010039583317917983,-0.009200063023289632,-0.055527075458144504,SUM2_004133
0.5423883172374124,0.17665341274805915,-0.08600458796646956,0.2368930333247496,0.29728001737823473,-0.026439825669011808,0.005377176622773014,-0.0058565756103564496,0.04243423020955819,SUM2_018869
-0.053290761099478126,0.005261716565329286,0.08555370188294008,0.018773414648679237,-0.07098628008671148,-0.019728872663087073,-0.02064541251968675,-0.011559727619357823,-0.07613810073461229,SUM2_004165
0.21232638795354836,0.034765242481414105,-0.26812468320929356,0.045053830876251276,0.08012062391044115,-0.014362653849145156,0.012609154745442858,-0.008349622187360989,0.1202071710426729,SUM2_010238
0.0865144444475861,-0.05480265179773659,0.594721505914681,0.02250909635378791,-0.17166754412444823,-0.01871808648798645,-0.022403248514156187,-0.020110665635856926,-0.013554097581422755,SUM2_001516
-0.10550353058258835,-0.010191037290506593,-0.35014136838322246,-0.0007849818986174553,-0.031998079890101436,-0.020993113081243873,0.008548083008377148,-0.008498227757627364,0.008787567242386708,SUM2_004567
-0.07440161802400427,-0.02682354437743233,0.4496639762948373,0.0026199643748483574,-0.14007750639219335,-0.022768017936354697,0.037521878730205765,-0.0187098185650971,0.05133291691267281,SUM2_010643
-0.12696899932483574,-0.016302643570077206,-0.2949904067104526,0.010842223787409792,-0.0386629171755153,-0.019379275191264644,0.008292771353758475,-0.009272097998912626,0.17693556872952773,SUM2_003195
-0.17098949094848911,-0.0248640471976252,-0.4227935684126104,-0.006834575934935405,0.003936544512090159,-0.018877131373751577,0.00797428728163885,-0.008243117537910512,-0.06941605091579581,SUM2_003805
-0.12632795209908793,-0.011380747374476863,-0.32748497166546386,0.04689085318916888,-0.028273354125605176,-0.021594532485715533,0.008348008702862546,-0.008533966992042178,-0.00032319040733223717,SUM2_016608
-0.2112849543024927,-0.021679340954518362,-0.037539357633997246,-0.017966232596750654,0.0637853418675842,-0.019836309518677903,0.006110807013441808,-0.008696437217094994,-0.16604847230016956,SUM2_014763
0.27386793890689665,-0.04162244225452645,0.12981097828049004,0.054003402322771524,-0.096173319318015,0.08449745969850407,0.023081028800648114,0.16041133131438273,-0.008361101751045335,SUM2_002272
-0.14050900126454044,-0.019222962206768737,-0.15103079733381405,-0.0025862000569315743,-0.060748907949270306,-0.020183749414859342,0.012728978635483317,-0.008542698299366396,0.03362646382426755,SUM2_013657
-0.08325187358449573,-0.03590813613798789,-0.3030080800188327,0.002246876626276371,-0.03585859836728046,-0.02172322450291782,0.01227569898330888,-0.008829660413638257,0.012974533544156031,SUM2_005708
-0.12147157570359698,-0.055361498810999624,-0.3814289347732293,-0.01617289069855759,-0.054757830120690146,-0.019385959741613046,0.009926218273514451,-0.009289260186011887,-0.04711826790537813,SUM2_003511
0.16478595865181814,-0.00698344233952358,-0.33104908777514297,-0.019968531929692647,-0.25906174375030233,-0.023448715763967974,0.008588577293953098,-0.009221590543156303,-0.08639711107579118,SUM2_018077
-0.07425501256564221,0.0521314024194392,-0.2872607403210251,0.044284374192870145,-0.03728074545925235,-0.02212084337545201,-0.009614843854892413,-0.008871237576230925,-0.04522661373515957,SUM2_002114
-0.07163841938030778,-0.01880504511220365,-0.4798162647282568,-0.01917270596363898,-0.16117547450685,-0.02064986375499383,0.009528208497555826,-0.009238605974856337,0.085921361463674,SUM2_000333
-0.14142725341636891,0.01639081946120919,-0.34274583439479134,-0.014663555667667322,0.01491183627178029,-0.01983065545112906,-0.004727810986013175,-0.008226951260369136,-0.010185214521159471,SUM2_015157
-0.1071729883430534,0.016826302237041353,-0.015046931443399112,0.03519290032593138,-0.05480403836165113,-0.021476019489595394,0.014773592384171075,-0.008669799138455406,0.0350190125295813,SUM2_010922
-0.13009611544527927,-0.0064835212794674395,-0.36174937652185624,0.032335624451860716,-0.01142787244356452,-0.021702008896898602,0.00892909854298531,-0.008534362712251747,-0.002256217559026885,SUM2_017033
-0.09839860251256108,-0.046365005554511195,-0.4170259364494413,-0.03412702564997577,0.005454778065762512,-0.017579961905229344,0.006848756105177055,-0.008941172867332616,-0.005912098721918511,SUM2_015211
-0.059147126787115534,-0.002745576511864045,-0.22610909765312837,-0.009465951156115687,-0.05614438042559407,-0.017446711041587064,0.013387497368784206,-0.008938159436666166,0.15774794886478719,SUM2_004587
-0.15943546750273532,-0.01601671087503585,-0.41978633871885557,-0.012682826691535903,-0.036483228731669794,-0.020175588293913353,0.006433772124024742,-0.00928856744464619,-0.03434070772228427,SUM2_001528
-0.13377753024622913,-0.009355449975833948,-0.3335271739684279,-0.020474469371475918,-0.04568489996401254,-0.02120258052618601,-0.009616809296651206,-0.008182336286275908,-0.01642212644375261,SUM2_016610
0.12747726225059858,-0.04793485783004693,-0.4378564306377049,-0.029827273639139718,-0.20021733769873587,-0.01883427790099863,0.004016309614309673,-0.008419405344298341,-0.11489008562184706,SUM2_007242
0.0040132282337350675,0.008245091939097221,0.3585749498912846,-0.0036955642974808864,0.26102535935120796,-0.007315806706238279,0.0013432181533645736,-0.0064970807035670975,0.40675617559666505,SUM2_007849
-0.1426898865766345,-0.003691555385770594,-0.4278840719165383,0.04231515867211831,-0.014220078032518239,-0.022239930705385897,0.006419116368523587,-0.008537106094540156,-0.003229507601230144,SUM2_006531
-0.11914900043306786,-0.014161897435528268,-0.10214752345338855,0.027082048225382356,-0.10876554708307884,-0.020253331203540847,-0.011502236727815019,-0.008016179357399561,0.04762370788992021,SUM2_004564
-0.11458781315118638,-0.056206889659676,-0.3357515391884696,0.036796829753579646,-0.04154718137564337,-0.021483288358678944,-0.01010054191135993,-0.008200674871145484,-0.033707209685544075,SUM2_012448
0.11231020220661377,-0.10046760581954514,-0.3233893985467753,-0.08138095270900686,-0.1169892264770273,0.05430250866406181,0.006526086332137651,-0.04893849306319204,-0.0836139248477223,SUM2_006390
-0.0854090829922494,-0.025845245478702893,-0.28299867552558744,-0.019122464957452012,-0.06027000480625215,-0.01993703006265114,-0.00831539276249287,-0.009304336694470627,-0.009311874222335053,SUM2_015368
-0.16486964442064755,-0.02174697930329328,-0.38351252408801095,-0.06068895527155471,0.014541079930180455,-0.02015948426220174,-0.005269267953875639,-0.008539225060643403,-0.016348589672441193,SUM2_008929
0.024350435338132494,0.001885767867267775,0.8305252539996333,0.021213927131248735,-0.15768508052534486,-0.01865511121331035,-0.028970029860419532,-0.017616151515673268,0.031235592219797458,SUM2_012567
-0.038781823911007055,-0.009957916838667669,-0.2686257920750275,0.05064488139732626,-0.059339477433147804,-0.017272893181950393,0.00907296398791602,-0.008200740208455803,0.17717059654988923,SUM2_008092
-0.0339055502707553,0.02539317139065229,0.46244171179939053,-0.025270304757174032,-0.10333573898630147,-0.020554121609125724,0.02369016477065591,-0.01621663751264077,-0.005194215802898407,SUM2_001732
0.09618254827959713,-0.010594608496268953,0.7619236413265323,-0.003337738532920513,-0.01671653084373196,0.12319505195475262,0.015011763816734284,0.07541504035659256,-0.0022545739243076683,SUM2_001845
-0.12061588006878828,-0.004216933222235665,-0.5321667353187571,0.04321944441617275,-0.02889698042845138,-0.021461020947245377,0.008262285244272373,-0.0079960046253565,-0.009750833296528379,SUM2_007721
0.09618254827959713,-0.010594608496268953,0.7619236413265323,-0.003337738532920513,-0.01671653084373196,0.12319505195475262,0.015011763816734284,0.07541504035659256,-0.0022545739243076683,SUM2_001769
-0.018383513017310883,0.019064889181595147,0.7915773185930899,-0.008370271625715431,-0.012505119855057784,-0.02016131665535002,-0.017462134566189644,-0.010172211576539247,0.007650733595407691,SUM2_008873
-0.14889643203402284,-0.023315116321096153,-0.5079139906586867,-0.028427482766479377,-0.1524231123995259,-0.020431501382494877,0.003592455779704641,-0.009798265846513533,-0.0639063771497596,SUM2_000381
-0.008147712319550915,0.0171517468406588,-0.25602220132237136,0.0362415207558723,0.09430820497299482,-0.020592643165105104,0.00989797199452852,-0.007964245407373064,0.015713414265652755,SUM2_014071
-0.1602615407755939,0.026132859139380273,-0.5340068746691329,-0.008666542206424904,-0.009972565600938094,-0.0201192662933845,-0.0065555667010192015,-0.00768277409128125,-0.016381237664676356,SUM2_003401
-0.14910301348796012,-0.014296283355044353,0.2859396091801828,-0.017948966171112257,-0.007855939441232345,-0.020348418883384907,0.009014102362958179,-0.01595688740140391,0.12892974814076164,SUM2_017148
-0.09842749094398875,-0.017289007084031586,-0.2630254687390664,0.002507796529537307,-0.02613227299322099,-0.017990594645257867,0.008724124353857271,-0.006875018785549655,0.19846687863005952,SUM2_002671
-0.14382385960691993,-0.059395447742982645,-0.3263145788642528,0.036267264057939626,-0.03577191731873165,-0.02251949205971219,-0.00897667202441978,-0.008788604970710275,-0.007722240172809121,SUM2_002571
-0.08996399548602044,0.016451106871284083,-0.35709215269325834,0.09267657094495199,0.005791337427494618,-0.019798972440508156,-0.00888227575312469,-0.007501713465713944,0.03190903416196518,SUM2_002633
0.08613163490850312,-0.03384041134318113,-0.2862267352236256,0.004898099035027803,-0.046231606481667,-0.017018240624406582,0.010995253842068498,-0.008305580668711027,0.13905534458708657,SUM2_000263
0.06784721912026637,0.05888060192626053,0.7973345935716682,0.0015691393579742702,-0.002587874079807772,-0.01838024702392437,0.016182522847590815,-0.014558358259836288,0.13682507801823965,SUM2_002059
-0.07228132750523933,-0.009897579737326946,-0.39781702857237794,-0.011329765096242317,0.12270984746397536,-0.018148065950602303,0.012430344425123313,-0.007440506252313117,0.0742393800804205,SUM2_000957
-0.1603193709982607,-0.043168851008527964,0.5282325484765721,0.0002531334998667506,-0.13089601960568747,-0.0231292565067441,0.0382258243894869,-0.02061415892963424,0.036179903957807256,SUM2_009374
-0.09639762478625591,-0.004970029630629893,-0.42232521093390246,0.019077470433829135,0.010472079441498314,-0.019859094041608495,0.0031493777084288335,-0.008439692644032782,0.0296322905533462,SUM2_001014
-0.06806942545991242,-0.007984504312068217,-0.3930021326763259,0.13822788653135537,-0.02614936968951991,-0.021197411772893394,0.01004980964127802,-0.00848775000623914,0.00015350367312733787,SUM2_000735
-0.15044808071836277,-0.004009578924521572,-0.2255408625705614,-0.04413579626199414,-0.1113747707364507,-0.017484005495322273,-0.010183614695104455,-0.0076373009945251286,-0.2468505049827124,SUM2_012796
-0.10575563001181401,-0.05020390415214639,-0.3323842963432801,0.02466993768790381,-0.01383460433247033,-0.022303461585000316,-0.00626811409962993,-0.008619959347462982,-0.060616839468807915,SUM2_009774
0.03133804548457738,-0.025573470586897074,-0.24988702055444206,0.014392034957299776,0.13018438157031112,-0.018850776655260682,-0.007058799783895657,-0.006116232082068426,0.007996007843805485,SUM2_010324
-0.08955320699208416,-0.04998036348543726,-0.35781639967345436,-0.03533973785452014,0.00888245403890495,-0.019445302612248107,0.009028953033850876,-0.009088323237780829,-0.06165867680878516,SUM2_006586
-0.11187021526383897,-0.011883599410277683,-0.39395079085349466,-0.016103859492412304,-0.029041763057710158,-0.021110751742927612,-0.006647070132599658,-0.007642276990351296,-0.060619066891180615,SUM2_002724
-0.18982047697488363,-0.01564196996186414,-0.25390586829887496,-0.04141268200126897,0.0033545379404105883,-0.018906347107817814,0.009071653434665122,-0.009260029707559379,0.21024683314424514,SUM2_006400
-0.01905354414950409,0.02655043469094747,-0.1158337919485541,0.12049528507081537,0.020391484095763503,-0.02117894872117827,0.008889269229609604,-0.008217257015190427,0.02503299703861467,SUM2_014687
-0.14050900126454044,-0.019222962206768737,-0.15103079733381405,-0.0025862000569315743,-0.060748907949270306,-0.020183749414859342,0.012728978635483317,-0.008542698299366396,0.03362646382426755,SUM2_009994
-0.07254867208622362,0.010844724620544293,-0.26568547800596864,0.03805332940953819,-0.0506751781651982,-0.02164996075054637,-0.009348443055323168,-0.008760612046263952,-0.04084294471975736,SUM2_012707
0.09618254827959713,-0.010594608496268953,0.7619236413265323,-0.003337738532920513,-0.01671653084373196,0.12319505195475262,0.015011763816734284,0.07541504035659256,-0.0022545739243076683,SUM2_004527
0.0429134008784607,-0.039452516954115245,0.15570368732419496,-0.02069342508453558,-0.16863309983166488,-0.020431100891498515,-0.025866851975883752,-0.04070343015788942,-0.01273983052343281,SUM2_017313
0.47770002300946207,0.0006148201232159704,-0.057298177242304404,0.04822337457994492,0.044317020250740295,-0.015428645854117688,0.008285937988334125,-0.007827333777084743,0.20327220957930967,SUM2_000175
0.08320590592290879,0.11167746767837686,0.36964167189095865,0.0769306469741675,-0.04593895250276644,-0.017942842007241833,0.008621284855961942,-0.011244300925774997,0.1346506836278628,SUM2_001316
-0.10271847868652659,-0.010681613773723569,-0.3607299398704894,0.09534879240979674,0.042706477535483164,-0.01990382138767583,-0.00919207998327716,-0.007423362047893381,-0.1478791384038986,SUM2_017086
-0.25967939202178175,-0.06657004247914737,-0.37215109580390326,-0.08757857340037276,-0.022949184736786175,-0.019953030754054624,0.00642875582768634,-0.009479780275852284,0.032803294292169424,SUM2_007280
-0.11208978114743769,0.004940635966421971,-0.39536983448971663,0.05646241544156574,-0.03075635807577771,-0.021903252732131964,0.0076158996888310015,-0.008551465777396789,0.0033437188428385987,SUM2_006025
-0.13660735366402976,0.006297310844765905,-0.4594492900667704,0.0010470085534747754,-0.006674119871384068,-0.020133276716046204,0.007564364508690894,-0.008428662987210166,-0.027688600373873346,SUM2_001937
0.03086907847562186,-0.0028026596644090723,0.8153029550711726,-0.0003944922676248193,-0.08179051056494593,-0.022530485356973693,0.016628874486212912,-0.01512781304191651,-0.00011739896379886605,SUM2_000117
-0.11613009361935363,-0.03198369913592962,-0.05773718583985719,-0.028180828948124504,-0.1013814161405157,-0.02015371055256121,-0.011887769228487253,-0.009189410938332808,0.02294367566520345,SUM2_006574
-0.07394825756234776,-0.0057639790995502194,-0.363448466467553,0.026026570364247603,-0.10035284035317209,-0.017109910475466415,0.006637703621980609,-0.006825808209169328,0.2302961405712142,SUM2_009440
-0.08436533397693581,0.08748740973512256,-0.3140122700773787,0.054029944613595296,0.014362713817772436,-0.020050187956680267,0.011732318623744742,-0.008232568563889184,0.008043478146540202,SUM2_006266
0.04581996557432237,0.07127275094100824,0.13804617384287798,0.07251350108202258,-0.007659387354493704,-0.015555052698959446,0.007113676975633589,-0.00829571817955452,0.22378685704223805,SUM2_012124
-0.09679305431266025,-0.03753256797056476,-0.4761431497706921,-0.012729739510439894,-0.051106055224668934,-0.022660103644534496,-0.007051303237454512,-0.00833250199356016,0.027860287996143384,SUM2_014809
0.09618254827959713,-0.010594608496268953,0.7619236413265323,-0.003337738532920513,-0.01671653084373196,0.12319505195475262,0.015011763816734284,0.07541504035659256,-0.0022545739243076683,SUM2_016529
0.052950276258133755,0.07188979159446751,-0.029505612816032332,-0.002718583704878542,-0.05734618783331828,-0.015529149568670192,0.016602750056475185,-0.007412126348683094,0.20997496990606518,SUM2_003449
0.4447401843568615,0.09181011114858562,0.09454200010374683,0.046739496912424294,-0.045302194084204314,-0.015595809469840858,0.013268283137627063,-0.008518443217156575,0.14251021842716588,SUM2_008984
-0.054449451545958184,0.021574195513257063,0.2186680274810132,-0.0153178249681336,-0.08293113363126194,-0.02229046263790894,-0.017674063735613477,-0.014811717267497897,-0.07970262469798065,SUM2_005953
0.05631763770716196,0.03550266546696849,0.8250003118782729,0.0071852821796578896,-0.027644741394433264,-0.016328396001205475,0.016862456745840353,-0.012627873906852641,0.17392674641188943,SUM2_003084
-0.018151905575297344,0.0186267981867043,0.5421669788860273,0.000971798759348258,-0.15900011038837752,-0.016869029080057565,-0.019969332971285593,-0.012994210619954155,0.21439826167733464,SUM2_010527
-0.08322737049416347,-0.03187716284595172,-0.3513763555229378,0.01328881875399541,0.09154037024789521,-0.016102113388677546,-0.006652742596857339,-0.007215981633092195,-0.05983809857230238,SUM2_000921
-0.059329484806708466,-0.03588668525873187,-0.4592602099158449,-0.0030648033747928045,-0.13500961113662382,-0.02060469760906211,0.009704453908138145,-0.009235800570896869,0.1652489772922543,SUM2_002720
0.147141883333143,0.05274027080856016,0.6091141295361991,0.013890395720429573,0.10456803249160887,-0.016428784694815714,-0.01700091857526066,-0.010507310442649109,0.05126540134411921,SUM2_007971
-0.11173829883252825,-0.04707866475189776,-0.2976057205299725,0.02796356234400534,-0.05612738364511527,-0.02197589392033496,-0.00812481398751183,-0.008449203461895946,-0.04294823067709123,SUM2_009292
-0.08082832447802381,-0.06625765451447847,-0.2614252939432664,0.018318759695053328,0.024123564498027224,-0.01910860953458459,0.013412676302200905,-0.009121529955017464,0.0605970366800225,SUM2_003256
-0.06960102451520536,0.012760125709894399,-0.4417324567950793,0.09742720045622784,-0.03258710082512772,-0.02014693817027074,0.00937763335292184,-0.008023053257836468,0.023752946653662323,SUM2_012453
-0.07450870983730139,-0.03948099976405885,0.5299084754992895,0.010846761966847026,-0.12246543113779455,-0.023834634714633852,-0.047848045517093776,-0.02213157372499077,-0.16513697174766895,SUM2_002320
-0.1502496994427241,-0.004173792335201741,-0.07244195461167849,0.005648032918350263,0.13428190483177838,-0.018733799076145922,0.008250189572015242,-0.006207772078341651,0.06665035853209808,SUM2_012495
-0.007856823947477682,0.01582595457399811,0.007278252674898021,0.06293792586517995,-0.08502682916730903,-0.02039410531275588,0.012821864601049995,-0.008246390075578284,0.11863716891734818,SUM2_018755
-0.08666205281593728,-0.06538763250871854,0.33398221326102745,0.012884444834735678,-0.08514953948482211,-0.022819080019059534,-0.021952837047156778,-0.020272093695187662,0.010409659656421663,SUM2_004226
-0.14655544788442396,-0.03062039540756071,-0.4659728377610999,-0.016674137151108936,-0.165788994251343,-0.020828913256257874,0.006180772479424076,-0.009803308671752204,-0.06821082397552236,SUM2_018397
-0.0032416919857575976,0.09396777747340142,-0.03625954919403993,0.08475176122279551,0.05525112233990355,-0.012225481010921949,-0.021689929478181855,-0.006479060129979812,0.30947799877054616,SUM2_010290
-0.14033564524332945,-0.05627399609219833,-0.2420023488199896,0.028497807716886436,-0.07882730219468058,-0.022399912459206594,-0.005132913395605412,-0.008706209904793418,-0.07409039822560466,SUM2_004766
-0.11910046399103287,0.000933276416321642,-0.3986467708011118,0.006192991978627724,-0.02342924349316356,-0.020773116172709126,-0.005236801459578469,-0.00851452834240703,-0.07900070177416195,SUM2_011443
0.10446681955819266,0.09381992369968703,0.6489382931750364,-0.04289288395262756,-0.1738616819597954,-0.015613359038964224,0.03466226920355149,-0.015165145017233345,0.09200130862189496,SUM2_004643
-0.19767321101118682,-0.028756271970392155,-0.4586122822441604,-0.017618358570609952,-0.1566377388656593,-0.021439485759253855,0.0051998570378446705,-0.009991941652416406,-0.007926708850444126,SUM2_010095
-0.1359255804805614,-0.0007162596679549813,-0.3192593634902914,-0.027814889852043334,-0.046865540786995785,-0.02178057849862109,-0.005277753817182284,-0.00883619956869361,-0.09204981689008014,SUM2_005062
-0.11918494245595998,-0.046032532709564145,-0.08912951787125326,-0.05455738328781183,-0.1396014709097883,-0.020107753499410942,-0.012397114969957015,-0.009733977596127617,0.022516308557345717,SUM2_011805
0.3429820841291041,0.1963446344304635,0.19114015298994574,0.10126058047405326,0.5183159927810002,0.1658700476281429,-0.016708395564416383,-0.002867404532949199,0.021524984321650717,SUM2_006826
-0.058050651621648665,-0.0031754982832320226,-0.08982440808662957,0.004435052709612865,-0.06519403695293474,-0.017022328504040483,0.016803527278482184,-0.008423589291390818,0.03789838154490011,SUM2_015997
-0.05215047428562332,-0.05060729222125239,-0.5166148172276674,0.03477040885332136,-0.1558670191072983,-0.01844957758498001,0.008280588691522964,-0.0084919671021485,0.07602793454265863,SUM2_014666
-0.12090863345188825,0.01265407660291796,-0.40699009021340266,0.1015914394544943,-0.009068692935759178,-0.018493268493397774,-0.00438356728786087,-0.00810201865799869,-0.11542765371548143,SUM2_018053
-0.18358961861160444,-0.06812830023119135,-0.3500041832212647,-0.008100687185244173,0.016367187871317093,-0.020115921375686352,-0.009941402971293641,-0.00929400532978447,-0.022330381529242528,SUM2_006432
-0.07719945033215159,-0.06036534162334408,-0.08223304392716449,-0.05007217245788713,-0.12753224512400568,-0.02046929666518407,-0.012595108152198931,-0.008245393624513158,0.02510693552860684,SUM2_000133
-0.19697101116806454,-0.02485253703554067,-0.39096435067988233,-0.015028905796015735,0.13153669521152894,-0.02102224456056654,-0.004243013369627929,-0.007751382257906374,-0.1276388855896991,SUM2_006632
0.36418577009398584,-0.04571929695198567,-0.3092374878877108,0.024622194568944007,-0.055875647245771445,-0.01601642347785619,0.011760418006500564,-0.008938342519157132,0.06515787400350749,SUM2_001417
-0.061711755874278164,-0.02057059496327588,-0.5221690540153778,-0.061393894180317245,-0.10273388118118269,-0.021442428417241116,0.009969641093516137,-0.008777532443439082,-0.06970986050105568,SUM2_013424
-0.15312708366140176,-0.015341241031389443,-0.18834369087456546,-0.0008657369065241487,0.06451766908430559,-0.01898659110639722,-0.0072756712096553695,-0.006101839900840356,0.015654311784085807,SUM2_013862
-0.15607107881204435,-0.03845413440989291,-0.48771511664212036,-0.024072510706004982,-0.053462559439190704,-0.020381713524812224,0.005390474873812149,-0.009568756522722339,-0.053831880495286366,SUM2_017198
0.21171650041975415,-0.019721602395334423,0.08865921097051284,0.07740515415481104,-0.1540016065204409,0.07880248110754436,0.027616038314991254,0.17356766956075684,-0.004950851475577509,SUM2_013354
-0.03775838980003872,-0.013269503204304062,-0.4052883368862645,0.02317295907401746,0.1189535013026922,-0.019418404442811604,-0.007835264772469794,-0.006573753325619988,0.014650714549695656,SUM2_018420
-0.19148980706441665,-0.025474578183236136,-0.5708255204741175,-0.02966305580437211,-0.13636448338922705,-0.020342066196953675,0.006476324490045963,-0.009214458423913172,0.08655149687562992,SUM2_002869
-0.15475365613986164,-0.018924878183581767,-0.4311928178227819,-0.06968568800473057,-0.010446646630724955,-0.020864643479000765,0.005212441065207425,-0.009751522935097207,-0.08073671127298952,SUM2_017791
-0.10829850204720712,-0.018066200780929482,-0.3604651801153372,0.04762226455387655,-0.0541539027478697,-0.021212032153493036,0.008270727875970173,-0.008467075754366242,0.007872115223614255,SUM2_015996
-0.058050651621648665,-0.0031754982832320226,-0.08982440808662957,0.004435052709612865,-0.06519403695293474,-0.017022328504040483,0.016803527278482184,-0.008423589291390818,0.03789838154490011,SUM2_012331
0.30156306900757246,-0.019251577436898037,-0.2779098287380646,0.05205083840758216,0.046631588152492284,-0.015317597863748955,0.01143479647244459,-0.008635889418676573,0.18494038133297488,SUM2_009052
-0.10550830273357954,-0.01046259293181278,-0.31527421265384153,0.019328448988412864,-0.01884735997973342,-0.020584380300166644,-0.007830625056066583,-0.007663197758975722,-0.00862847246984567,SUM2_010445
-0.12937710820376172,0.00307118083678807,-0.363407696794438,-0.006235693534488441,-0.0014444875920532094,-0.02247857303686535,0.01015334252884435,-0.008974515020033231,-0.0010797926473904613,SUM2_014966
-0.07580167582052978,-0.00038992377789899557,-0.48266662632239105,-0.028926968462942338,-0.11016100298934647,-0.020478940677817237,0.010008946711346462,-0.008914670248020031,0.03914243013943445,SUM2_007736
0.26907109097322135,0.2309763993688705,0.421455280858768,0.05877012275500586,1.0232544567663873,-0.04442095679894451,-0.012394865856340576,-0.01240383995082102,0.03241415390721676,SUM2_009248
-0.18418330675708,-0.009217938572235174,0.4525421231718497,0.02478444169573921,-0.11230530543743326,-0.023444329859548533,0.03630779300804649,-0.019875038469079776,0.04144338769765724,SUM2_013090
-0.12854136899166937,-0.004980644856727452,-0.44719970367836037,-0.03504735349161686,0.02342988813901784,-0.020861386802756263,0.004982149626583142,-0.00815053195589779,0.014649116862129146,SUM2_008153
-0.05216289425147125,-0.055232534806461044,-0.4757450254215897,0.03987973112279093,-0.06174985976100929,-0.017402276270976347,0.009267109575197413,-0.008093752477381023,0.20379016085324744,SUM2_016826
-0.09787105337182322,-0.022498222296359578,-0.43915132373623456,0.0024876468558070715,-0.03685724234339248,-0.020867004598941086,-0.006872535097841188,-0.0074868718124456,-0.031510702522255074,SUM2_017889
0.0288853829814343,0.02171167409950876,0.6852189683764065,0.009067941799703527,-0.08901239004194082,-0.017090586723478535,-0.0201320650237498,-0.01307989995729896,0.274106007707382,SUM2_014003
-0.1508037675035945,-0.0010523258679381842,-0.43515259523324784,-0.0052161885380887715,-0.025846621554514206,-0.022611399588965846,0.00746845704811862,-0.00873807870958274,0.0008688497220368449,SUM2_013872
-0.18111885276358533,-0.02215077759766525,-0.48235231028540443,-0.03236760255581545,-0.028490486542674893,-0.01993687780483602,0.005452166059071357,-0.008744025707673107,-0.05006657570791321,SUM2_002986
0.42263104706013727,0.021268479113079303,-0.19396525727521963,-0.011484673467320192,-0.14792443706474237,-0.023265218193159798,0.00946360832081276,-0.008568099098738787,0.018938186961126074,SUM2_016344
-0.11109276607757679,-0.004322961779078769,-0.5005584780354855,0.06484029446978691,-0.02785581120195177,-0.02221383042787578,0.007773070906321222,-0.008099106285723323,0.0026242017409061915,SUM2_014331
-0.14117440801137862,-0.05420918392968286,-0.4551110967466103,-0.025420752608977453,-0.01969530762699829,-0.02103270218088093,0.011821582580353356,-0.010037073365468102,-0.036340872914406505,SUM2_011156
-0.16176242708810745,-0.024157430730399006,-0.4821350728567559,-0.05997655764116201,-0.03255907731632658,-0.020613501659671223,0.006465843869485564,-0.00968721841002761,-0.07366584442501987,SUM2_012684
-0.044537715630779046,-0.05031060549108992,-0.24783451921220712,-0.02008432569010264,-0.014414212949246094,-0.018678034555981625,-0.009339361478941282,-0.008276409434713802,-0.05028237706122748,SUM2_012299
-0.14921595544940675,-0.033325880837070394,-0.3270033742157216,-0.018515265629440114,-0.03287194140630915,-0.021495203312607444,-0.009424113172171794,-0.00989698120750571,-0.0028290304469675612,SUM2_017244
-0.04319033490296719,0.00022242862388157232,-0.4002737544765965,0.015335593484815762,0.0203780352138851,-0.0195022578330541,-0.002720254960117889,-0.00972562442130718,-0.012555321475581246,SUM2_009087
-0.11028052045278514,0.013382159260165874,0.4244635795127577,0.1061071723782756,-0.06941447021471651,-0.01892941257130721,-0.020578103591512267,-0.016456997700211855,0.051778948400428404,SUM2_002569
-0.13053293147722922,-0.028306043761987698,-0.3269730485475529,-0.01365748226766485,-0.07402652274569524,-0.02010173027853205,-0.008319150633259925,-0.009431900867983857,0.002814668956530419,SUM2_001436
-0.08139698359096233,0.038118739719668365,0.27346640656959575,-0.027790407981236838,-0.11116160922800664,-0.021847979574538802,-0.02282210907963807,-0.015444928410564366,0.02875358135264729,SUM2_007834
-0.11506701878201415,-0.020257565521509407,-0.15422515322336042,-0.006911359798441435,-0.07288102736755422,0.14049587586619383,0.01324992882381365,-0.010337422075877761,0.03356665688117316,SUM2_007989
-0.0903324551302667,-0.04363920189870727,-0.2537997019428055,-0.004587823231461114,-0.032099086735307626,-0.01780694069122632,-0.015240735527851743,-0.007028582032250388,0.01764854560391735,SUM2_018149
-0.09660862644967491,0.0011790788312656469,-0.021834135864344358,0.005865561062537319,0.0920551356786731,-0.01699101943246232,-0.004252819408387129,-0.006200150407474139,0.029980799294826433,SUM2_007385
0.12280468902037474,0.07743205431172775,0.13588204636301596,0.06576234714878505,0.03684957923555865,-0.015045880397695494,0.006715003113259621,-0.008178829318833224,0.09438971405806687,SUM2_012984
0.279592456940932,-0.025059273939264624,0.12915654143434321,0.057822348016020694,-0.11273795598441358,0.0919053267768486,0.023600572697782936,0.16051914877914225,-0.00606775021595255,SUM2_010724
-0.05811134856349144,0.030869400670001112,-0.30692711180761345,0.06928639091312083,0.03500914040432458,-0.02146339059234183,-0.0030561366421084065,-0.008240692766567996,-0.012310183189341089,SUM2_010973
0.2545068853686059,-0.07101613984496787,-0.14566332383105363,0.017783311347005636,-0.06677231544105078,0.08535567614438237,0.011627271258627472,-0.03942623829709817,0.028079316402353637,SUM2_001583
0.06782531386329753,0.013226559428353218,-0.3654577521065679,0.007287826441955504,-0.07135676859888604,-0.0179431505077993,0.012084249015202303,-0.007170695976659275,0.041868243466280305,SUM2_011086
0.2750480279550773,0.06424987974223842,0.619462236259577,0.07603910200472834,0.40508120004479914,-0.0317553751358645,-0.009488922010440447,-0.00484392046451187,0.05148157419192535,SUM2_018396
-0.1781622960964519,0.00381689830557872,-0.2961260265953709,0.0010503569307659696,-0.017136314784249415,-0.020906134021212924,-0.0023747635701195135,-0.008319059831750833,0.06152917896919659,SUM2_007255
-0.16226572603065098,-0.014054730251280373,-0.5488900697050598,-0.02706776892079149,0.0317858839259075,-0.020634838683059882,0.0062918912846712475,-0.008971780415567478,-0.010162268092047112,SUM2_010912
-0.020630988642111905,0.03685814016384488,-0.06058686206020984,0.026572722730926472,-0.04987339344423906,-0.017903841241798765,-0.009205157681328794,-0.008817078389961461,0.029544665338978204,SUM2_006112
0.07850246990039986,0.012642112288341997,0.13689572809637474,-0.062407993939322184,0.21586570087953988,-0.011937155564707747,-0.018421958199616683,-0.008973037615773094,-0.02166709864960123,SUM2_001688
-0.1786390792742631,-0.06599059105015265,-0.4273578210782606,-0.06780740844476091,-0.1096521220702535,-0.021051806430799697,0.006338915119235597,-0.009855595176178768,-0.050134939037512795,SUM2_002675
0.13753307122491393,0.02670346812134112,-0.10456349697894815,0.2624216986223881,0.03451758149927991,-0.01711855052750936,0.016835884570112453,-0.007356138261887869,0.07291930732956127,SUM2_001546
-0.047426098485552695,-0.002873088533063373,-0.1571509122991192,-0.0011655640567117514,-0.04583012326086937,-0.02046812584617022,-0.0020449267736367908,-0.007608171379139486,-0.030326267059467747,SUM2_003228
-0.13012908484150995,0.00126631454987273,-0.05399664536618859,-0.015210655448316457,0.07241454565107124,-0.01933099233466313,-0.004504599715422761,-0.0070168410868090125,0.050293762068688144,SUM2_000429
-0.07671389123182737,-0.002615194350264257,-0.06774955873159878,0.023282334062274274,-0.09510313076217529,-0.021132940703743,0.012158885070310144,-0.00823416852790378,0.04343615286550832,SUM2_002262
-0.13977862187320586,0.002875446782911985,-0.31299240684117774,-0.02580418620914494,-0.05095821986023519,-0.02419529200966887,0.011864666016056017,-0.009261082448058603,-0.00619071339911929,SUM2_006878
0.08860284445171833,0.014670967042002481,-0.3957398115080114,-0.01393703440919104,-0.21246375566449757,-0.01999180675167881,0.008854687266175044,-0.008551362027128185,-0.12253688608665406,SUM2_017233
-0.12218132842541282,-0.06612220906935631,-0.15427417724230966,0.028635720479510567,-0.1279324322474426,-0.018528676181276082,0.010871961516301399,-0.007799633207213738,0.16236005953470367,SUM2_006230
-0.09356549731137609,-0.0675169228548461,-0.43031584939606227,-0.059752801336714734,0.0221197952489861,-0.019664589375134274,0.007005404569222479,-0.009175278427708286,0.1889201198861193,SUM2_008700
-0.08661501496388894,0.00844111081402681,0.016015327079736245,-0.010104216142420009,-0.11926257353291389,-0.01964730693675184,0.004717845642255954,-0.009365911872201014,-0.0994769262605775,SUM2_008094
-0.14968487808147252,-0.016239931267115496,-0.4077466912514091,0.03020872710227191,-0.0037676266586657457,-0.02193674367201829,0.00917322247389583,-0.008905508514207763,-0.03231844172755782,SUM2_009931
-0.14404374259935956,-0.00928449411853354,-0.3357989695922371,0.053454937729497276,-0.0005841447882850043,-0.018572214713423324,0.004926190674600599,-0.00705988109452617,0.09706646924347952,SUM2_016117
0.3852539859546259,-0.02883005419470568,-0.3301914158896859,-0.03640247108898875,-0.017687092513393222,-0.0174843668171249,0.0104072267519636,-0.008095404812127619,0.06755452932462991,SUM2_013715
-0.08255000810938143,-0.010374834663084056,-0.3422065599406194,0.02683871151398206,0.06871098150079191,-0.01792469688950011,0.007344147343687162,-0.006447950636218831,0.1877838031769256,SUM2_017407
0.04232587880279415,-0.04192028024919038,-0.32153247221593456,-0.03569956430083234,-0.11375335560688367,0.04984633942422392,0.014875993111912128,-0.0469116565053241,-0.04053715609463008,SUM2_004852
0.718450720667797,0.0752162128073924,-0.06551586428624642,0.03171636646208528,0.037042157516603544,-0.01728372498408156,0.007979908339370817,-0.006546403913690856,0.2801852964723921,SUM2_007366
-0.10963662724486478,-0.015776539213824565,-0.38095033507034876,-0.011352980276629317,-0.04781921236559903,-0.02224618886533916,0.00934413727482346,-0.008245194302825175,-0.03154888653310857,SUM2_002350
-0.17106045436861642,-0.0337474576043862,-0.4833032437110247,-0.04412204320601526,-0.08864225385151955,-0.020414488806203994,0.008060103997381224,-0.009113314630909305,0.1665191095114699,SUM2_000380
-0.1241633326459691,-0.02796210022606386,-0.3035218482844902,-0.07601458174193675,-0.030306732699822814,-0.0201400738868435,0.005649129580477788,-0.007985005623712323,8.662868174158233e-05,SUM2_005799
-0.09375994576492995,-0.06238506036299364,-0.28385473673780964,-0.019384416617286116,-0.04259650761779142,-0.022686932365146573,-0.009767524965495326,-0.008726660610151893,-0.04393809245666226,SUM2_000837
-0.14609299305774157,-0.06512833908019888,-0.44601677028960107,-0.009333137349213169,-0.03871730741592373,-0.020749543477950123,0.007848192035163171,-0.009364015949298607,-0.06847456073670652,SUM2_010194
0.014198133522128425,0.01974226878860428,0.7705255362748719,-0.03051138819539857,-0.15266662135984663,-0.020523739866537806,-0.03387802063102072,-0.0139965436085421,-0.0028931580388494617,SUM2_009473
-0.010039657734658206,-0.0061049281179137264,0.23798640941548266,0.01995139726747283,-0.020625607901108,-0.018030599250007155,-0.0002006225238093703,-0.008610680397039126,0.10158343390594586,SUM2_011628
-0.10148698399864124,-0.03637509146564146,-0.4734228261723833,-0.0295641007922127,-0.20468331676236398,-0.021118532584024147,0.007281304929807717,-0.009230727405668935,-0.11411704930012219,SUM2_014275
-0.23334915124116526,-0.02508525491140546,-0.2743176311489601,-0.09543817162858732,-0.021929271300062426,-0.02015548338880118,0.007239597182510468,-0.009381161923667763,-0.026956082242031,SUM2_007999
-0.10776310108445539,0.006167299189970857,-0.3982384991241287,0.0988192066746128,-0.051181620900057845,-0.02122229209418345,0.008198948285056124,-0.008067698909441012,-0.029104078891737373,SUM2_007336
-0.14279713928401613,-0.021265917571274124,-0.48757791999863737,-0.02492379327270222,-0.15697166264820495,-0.02043490113777877,0.004712207077050031,-0.009807653484394234,-0.0696242482132291,SUM2_009132
-0.1822816466905855,-0.009059215127290087,-0.4882081615358177,-0.05787545228422203,-0.11225698131342958,-0.019955647658229415,0.006618660440863192,-0.0090966385417066,0.14235273214251926,SUM2_006904
0.4478474472643182,0.0892959611356268,0.28930236050592306,0.3313888122028868,0.4756281831806142,-0.019437826300668065,0.02893432939019728,-0.0037323837325152235,0.04090991182078803,SUM2_005567
-0.09599172647371793,-0.0033514296049337,-0.4088778199454487,0.025073094013060997,-0.018682769918929084,-0.020601220631350788,-0.007288361411601331,-0.007479438741027987,-0.024412044823456634,SUM2_017795
-0.12413066745035461,-0.026557984026362412,-0.3905465800892399,0.0010997385934936033,0.11336960866716839,-0.01978571042464037,0.0072377709569692444,-0.008594745959063536,0.016556258414940447,SUM2_000127
-0.1220390578279412,0.01145312853025235,-0.35399150275116564,0.036434120630044774,0.017945391346849852,-0.017578301807630398,0.0063790445776873055,-0.007101551511193123,0.2498901839232579,SUM2_012849
-0.1484653845439639,-0.015405593362640432,-0.4240967985414682,-0.011658980517324311,-0.049461893739944626,-0.02107585070958476,-0.006665634688417449,-0.007689298184218982,-0.06686056281563857,SUM2_003776
-0.10450403092240179,0.012650873358438253,-0.33845406428983515,0.0914812783359693,0.000906706087113987,-0.020009129004352064,0.010933877574670925,-0.008735593716479051,-0.0011483543678185912,SUM2_001065
-0.14057657754377012,-0.013846368102945436,-0.5325337348161064,0.012969124341359512,0.11231971822970946,-0.018375142765094672,0.009771181749802571,-0.007261946638246026,0.1734677571351809,SUM2_008390
0.8112980263463992,0.05309195456164857,-0.16108274379166407,-0.09003750298714183,0.050880188600424966,0.1259244036680646,0.011915133399037508,-0.010645157307571776,-0.05098029451103871,SUM2_012958
-0.17809439294968657,-0.030641459011756272,-0.4498154064403798,0.006877597033666869,-0.17599991250928917,-0.021241146382029473,0.008121311258950374,-0.009410323482312884,-0.07959826945497685,SUM2_007177
-0.08072740808053588,0.015777388172732755,-0.14192626502090477,0.02098867805321234,-0.048470087116846666,-0.02075361873330049,0.012617708415132059,-0.008398700101594719,0.0011881224152330498,SUM2_016823
-0.18585577910702522,-0.02655753472338011,-0.4899439342876299,-0.06801863250509753,-0.022530115899628025,-0.020832114408551716,0.005349266747323245,-0.00959145102110635,-0.0587481184619996,SUM2_013005
0.09423919748418105,-0.03870535836027217,0.2624399966591519,-0.007733475505238174,-0.25494990844587817,-0.02104046191398878,0.008312909664659042,-0.0129156139015013,-0.09185462052166313,SUM2_013127
-0.06256648071253874,-0.004362576690458605,-0.45198203417799554,0.04706684016068383,-0.08516882803977095,-0.022215803519184202,0.009231635656709935,-0.008484533744259407,-0.08537336349758566,SUM2_002088
-0.18244703153693775,-0.05621135467885877,-0.4683751742308056,-0.028371835663557693,-0.08281215612403811,-0.020016206306299078,0.006753716733321098,-0.009277545874130185,0.1391178452799669,SUM2_012116
0.17516786212751684,0.06952098118853697,0.4416769537608499,0.06759199015597758,0.017744544868820575,-0.01620066523691982,-0.022862699197294667,-0.014897863052246866,-0.10325089697178544,SUM2_005928
0.09618254827959713,-0.010594608496268953,0.7619236413265323,-0.003337738532920513,-0.01671653084373196,0.12319505195475262,0.015011763816734284,0.07541504035659256,-0.0022545739243076683,SUM2_007502
0.1736290967570241,0.04970867279827847,0.40237146432810356,0.17424842012725256,0.14802580165672732,-0.01923569851488095,-0.028054625737820388,-0.013075704500157603,-0.0739497309990944,SUM2_007446
-0.11014708687369801,0.0017687274078048106,-0.07856363383948581,-0.0022899585555507486,-0.0511784583675323,-0.019162024929666,0.009603768786138863,-0.00871691877787918,-0.04601061010613131,SUM2_017890
0.2790467784630024,-0.02484973168883684,0.12841391702550625,0.057678848332266705,-0.1143500519003617,0.09212136309136765,0.02365164528766031,0.16221628376870229,-0.005982379625651593,SUM2_015984
-0.1772675548627384,-0.015811412904505433,-0.48163540704497,-0.057766296806343966,-0.01319346467010712,-0.02040114520605469,-0.0056417881012822135,-0.008579345643347959,-0.014020368451118564,SUM2_015604
-0.09914872148290386,-0.016187915887199495,-0.41920667620306357,0.036102355262915456,-0.04248008549786718,-0.021867009745156613,0.00826299773253671,-0.008181500777596716,0.008634051870168094,SUM2_019005
-0.18876520256961832,-0.03631471341424719,-0.4781978304916047,0.0001387466938223718,-0.16275544441537734,-0.021036618008220966,0.008029307829607066,-0.009368614306328838,-0.082341264111183,SUM2_011374
-0.027312546281154388,0.015040556320787763,0.04289316975777911,0.057605990261167285,0.05962634893130321,-0.01615048270286109,0.008045826001560116,-0.008251237821956945,-0.029148727366273525,SUM2_007798
-0.1034946878894158,-0.04208263407338654,-0.3205109253095383,-0.018945545972800792,-0.040696371964656655,-0.022846518644288362,-0.00905178820510295,-0.008789886303711188,-0.05700981932537188,SUM2_007482
-0.20944261831680938,-0.03915167154480975,-0.4011854764078432,-0.019645731216634894,0.009911001540846258,-0.01974161246421866,0.007357910564971949,-0.008240607803531362,-0.013185762078448455,SUM2_007879
-0.02934423370971594,0.04453068564783833,-0.23777267353549605,0.07825089406000205,-0.01048257811575971,-0.020708276583564937,-0.001745233872959375,-0.0076360171731837696,0.03787114628322829,SUM2_002378
-0.11506701878201415,-0.020257565521509407,-0.15422515322336042,-0.006911359798441435,-0.07288102736755422,0.14049587586619383,0.01324992882381365,-0.010337422075877761,0.03356665688117316,SUM2_012750
-0.1280748724842659,-0.00679518560670824,-0.33401910861391604,0.017109652928651846,-0.025137472542980467,-0.016924461116448956,0.009409449790039045,-0.007200683359898231,0.21875868562100154,SUM2_000687
-0.11882131086477792,-0.015204811870501208,-0.41120904972541644,0.008386098207576333,-0.004268713991217053,-0.018453669142719908,-0.005856400679657812,-0.0064402532843650055,-0.006365299094646773,SUM2_007857
-0.09674029137647369,-0.03030772507521512,-0.3969601587360579,0.0378311840330342,-0.04960730473879625,-0.01947364469258054,0.00957173057281816,-0.008618247780369575,-0.021119105307441304,SUM2_013139
-0.10176966562884844,-0.004412856009381532,-0.4264644260857941,0.09631583199245489,-0.043132114257957446,-0.020254837972255423,0.007395863052909918,-0.00801797132965803,0.00406161193455553,SUM2_004259
-0.15984507772710538,-0.083532953025743,-0.3247834963090594,-0.018201425739970297,-0.02361186708398545,-0.019894262852736072,0.005540878032202225,-0.008162545061706918,-0.11396378061502346,SUM2_000076
0.10379187554929939,0.02321654270043278,-0.2632729364668287,0.02994439327083352,-0.11676176081643559,-0.018733987415549148,0.008677711043815374,-0.008323115559128305,0.03321818606005467,SUM2_017931
-0.06697548448472952,-0.02448759193756485,-0.1702504893155505,0.052543238896275456,-0.11990831389695525,-0.01787752878351504,-0.010058725022453132,-0.00865640077535439,0.008701685583333533,SUM2_006088
0.2663685385307664,0.19832906689376917,0.6686787160289585,0.2740772648975042,1.682541049576777,0.12068695846217012,-0.024113605962293568,-8.865386889573487e-05,-0.012170259756145673,SUM2_005549
-0.10351481128258877,0.011711743017253983,-0.25207665731109075,0.06803888138648904,-0.060180310145819906,-0.019596882730512993,-0.004867354170956877,-0.007490453345880088,-0.05280957971688334,SUM2_006855
-0.12367038907575152,-0.02613895900456068,-0.3886344640189638,0.006088101237801895,-0.07940550912211904,-0.01809870579097004,0.009625198836100775,-0.007533908740315265,-0.07012795848017175,SUM2_015070
-0.18170400745021992,0.020228962470457846,-0.5018432543613506,-0.021546486585917558,-0.001828111548965533,-0.017682983199902556,-0.0036331226306229357,-0.007435398698642824,-0.10435028466071446,SUM2_002646
-0.11288441989406425,-0.027781370238970222,-0.3469734219032109,-0.0047628520325219735,-0.03965829321345475,-0.01816300805057893,0.00809030188772221,-0.0064794300160632996,0.16029429461663755,SUM2_005755
-0.18022620088545965,-0.007089489290707,-0.3125563422057673,0.004919342611730389,-0.06439864981890082,-0.023265026351973535,0.010310548909409994,-0.009396905357510135,0.003230004501576186,SUM2_012843
-0.190049450678015,-0.0081979972173473,-0.3965418298710551,-0.003851963535647608,0.0974712091342996,-0.02081380501119555,-0.002793969446524685,-0.008032318167850489,0.0360779398489151,SUM2_002945
-0.09706065523798997,-0.011745524952279512,-0.3794658969553793,0.03756586274569337,-0.032014042881284246,-0.019402522274113494,0.008459379507427192,-0.008300967271438557,-0.028186528413221622,SUM2_009300
-0.11475860108483053,-0.008743537809607654,-0.39612150426757997,0.03151948701186754,-0.021773300237343217,-0.02187464528247578,0.008750502095448892,-0.008360198860419128,0.00532049832387652,SUM2_010645
-0.08459360723067522,-0.026366218834460643,-0.17519855831401482,0.04221451792345635,0.19000382120939424,-0.018056464733883122,0.01627497473304285,-0.007193650015993975,0.1600856031900904,SUM2_005487
-0.0654676579524042,0.007055218750130978,-0.3811327287292134,0.0426041591233979,0.026987293566809713,-0.020319223815693434,0.007707555810793722,-0.008402902759008856,0.016216472757077424,SUM2_017598
0.053296790419053774,0.025463250314428254,0.8195542281880843,-0.060692140672632636,-0.1100301207440042,-0.019586104579489356,-0.031169812264834014,-0.0145932995614373,-0.02643966582132521,SUM2_016213
-0.18718180507219223,-0.029479840997867213,-0.4786525394838512,-0.017238990387976643,-0.16892719059453873,-0.021483061550274483,0.00789608925334093,-0.009991941652416406,-0.030697988290553896,SUM2_004961
-0.13270769107082211,-0.01698904483349713,-0.44424931055301614,0.06519099644680634,-0.025061920170128194,-0.021759809182372046,0.005818402921954994,-0.008202015609978894,-0.0052990630321052366,SUM2_006379
-0.06719600313125114,-0.051168187080521524,-0.4092631795579015,-0.01215192078845197,-0.013043916326847923,-0.017504099442696812,0.007856683406405423,-0.008419354669250857,0.13838491277019474,SUM2_017977
-0.09845417301788043,-0.005565825169245563,-0.2862342169551397,0.0357430989909168,0.030248222037695543,-0.01602476117195049,0.008914553989982204,-0.006292793994925968,0.2507384344444832,SUM2_000180
-0.07681320680509933,-0.0514868002381834,0.686628211388,0.0637642860132131,-0.11329738222136043,-0.020638920997317213,-0.03259295306196225,-0.019630063908855935,0.004669795533298865,SUM2_006066
0.20745636526969208,0.011033696055158571,0.33626653616567126,-0.005288284920132542,0.1623221170753757,-0.011537613431944347,-0.015689522747451695,-0.013686101423190397,0.18287991758961802,SUM2_002785
-0.009870489484947781,-0.009591508835348976,-0.3255547564738538,-0.037560037374327684,-0.13345904506221365,-0.019872510601652772,0.008941448163608652,-0.00989294749818747,-0.09461545058071946,SUM2_000230
-0.15600824829195215,-0.022991570511261456,-0.4403798316983152,-0.06635146282934198,-0.09494387388659331,-0.020461528258707996,0.005754890716116734,-0.008235057421189124,-0.07649088084503367,SUM2_003679
-0.1197874770546445,0.014940677823802036,-0.3431869247642452,0.037831803768391827,-0.05260449946644641,-0.021007517874354075,-0.009547405185377042,-0.00808899983555939,-0.011851054518017686,SUM2_002333
-0.03726733390043736,0.02985444781547285,0.12431060487442096,0.011764403003533163,0.3876927890345211,-0.01849574150577982,0.005692051581569921,-0.006858655325268329,0.06172136459974582,SUM2_018336
-0.003668768875818755,0.08088680285322337,-0.28682358372988237,-0.009818896634435761,-0.02622661356812353,-0.019060873095487686,-0.006703727534480007,-0.008824292695197102,-0.007522358171014815,SUM2_000199
-0.14050900126454044,-0.019222962206768737,-0.15103079733381405,-0.0025862000569315743,-0.060748907949270306,-0.020183749414859342,0.012728978635483317,-0.008542698299366396,0.03362646382426755,SUM2_008742
-0.07706383000517028,0.006843676698018818,-0.29525957796856794,0.0019907102684765276,0.15957423116561253,-0.01645512981772202,0.010544056253461354,-0.0069587453863874825,0.12093140880511984,SUM2_017303
-0.12629685727046364,-0.005029349872334135,-0.32486960661607084,0.01255391804256407,-0.08304502973333264,-0.01962261167772176,0.011315798868391087,-0.008850346394120408,0.10733393907375288,SUM2_014858
-0.11206339177029352,-0.07844346141459116,-0.4695154371230988,-0.07175998213620069,-0.0513965318522572,-0.02081497366373739,0.006529037675598785,-0.00973235966636285,-0.07161761640609851,SUM2_012052
-0.14601982871176786,-0.019567771388138727,-0.5562891024083031,-0.03169633722478884,-0.04147924378359914,-0.020346366189688533,0.005946240983326706,-0.008834159071605844,-0.049318423378244644,SUM2_017402
-0.15753669226774633,-0.024520346430099493,-0.4032938909875199,-0.01763186195663273,-0.011027805295748452,-0.02183192380596603,-0.00819911968529741,-0.00982956035476723,-0.0043128124704159805,SUM2_006162
-0.179611176940441,0.02126595985390433,-0.47845007892761887,-0.0187595005926434,-0.0037311301475207387,-0.019240650507846485,-0.0063350096086341595,-0.007719434530049828,-0.007541881725040561,SUM2_014484
-0.043681856451670664,0.04679020834028182,-0.24977714368000048,0.04517585281780702,-0.034176188274831557,-0.02193523508299368,0.008202207984565129,-0.008171161998697832,-0.0021642365290220947,SUM2_016819
-0.09579090158653852,0.017303108913942232,0.20159720440927886,0.040033833601307536,-0.12972833898978386,-0.021334899355639744,0.0240128554013182,-0.012072914841598285,0.03400948436892058,SUM2_013145
-0.10291154264890903,-0.04544422866193495,-0.47609740839602493,0.006703977219613707,-0.169973421064704,-0.019925327019970324,0.006695652756663231,-0.008898232924449351,-0.07057582402638345,SUM2_003182
-0.026881829253126877,0.026915041757070296,-0.2881014917050203,0.02466476795114737,-0.06923513812985024,-0.018254219982555633,0.012466760598051973,-0.007183742661038777,0.05791142453397755,SUM2_011406
-0.11532086945135082,0.02071011971203455,-0.32874371054438795,0.08273953030904954,0.02681387444970152,-0.022258001147595657,0.007056971485123656,-0.008148679189104968,-0.012704437376991298,SUM2_017031
0.09618254827959713,-0.010594608496268953,0.7619236413265323,-0.003337738532920513,-0.01671653084373196,0.12319505195475262,0.015011763816734284,0.07541504035659256,-0.0022545739243076683,SUM2_016876
-0.20732293610742886,-0.022500018999265688,-0.4425998138856541,-0.02738261033818735,-0.013684904643164852,-0.019282886216634872,0.006065909994320372,-0.007812792278178408,0.1429151290455815,SUM2_018839
-0.07986908602049654,-0.01824813807732561,0.0078487814797349,0.0010284336481442044,0.29040980217938606,-0.02088396681646339,0.004470004592737713,-0.007865095827553892,-0.014025482568006325,SUM2_001853
0.3894496751850419,0.08520259426500203,0.4343334571263787,0.06926522427302992,-0.026020946375943738,-0.018261665105671596,0.015123325728687126,-0.008923697390181876,-0.028988088111272424,SUM2_016488
-0.03649900937814058,0.0038446511352066308,-0.4310653943419555,-0.034715078926713404,0.03638282001219463,-0.017507347806801632,0.007294915756337628,-0.008656276757414327,-0.025760758272924372,SUM2_008460
-0.11907414179793611,-0.06891575280647239,0.6569599391030533,0.0012826652471046693,-0.18787982148501556,-0.02254203788478707,-0.02865373923896882,-0.019676005573276208,-0.09614325839301925,SUM2_001064
-0.1617846854833341,0.04105695425322361,-0.4584226247258677,-0.008634275684996808,-0.030638116987198982,-0.019918868364557564,-0.005307883412766009,-0.007970398529662737,0.020963739515137254,SUM2_006591
0.09618254827959713,-0.010594608496268953,0.7619236413265323,-0.003337738532920513,-0.01671653084373196,0.12319505195475262,0.015011763816734284,0.07541504035659256,-0.0022545739243076683,SUM2_004765
0.4329298764753653,0.40761523802791616,-0.026789176392577118,0.23804801712213558,0.188206784858926,-0.01556537433439065,0.010894586017151734,-0.005329929208620329,0.06772553888315244,SUM2_017609
-0.04333458564429936,-0.004256507714921958,0.3399685120955636,0.0029790184589053616,-0.019998007004080717,-0.017838361292308418,0.011221626020599498,-0.013189452183327524,0.07843823440529006,SUM2_001067
-0.17062080077380948,-0.01876755200815185,-0.42813631146847797,-0.018256973826940706,-0.008790359179869044,-0.019381679345532605,-0.006899243713691503,-0.00768348135943798,-0.00357303967853215,SUM2_010711
-0.04552845960371496,0.025580435511833345,0.05094500214060995,-0.0016588541897034855,-0.09668592735800899,-0.019341557062011638,0.004152219734805357,-0.009363960705161817,-0.08566837399760799,SUM2_017863
-0.12055839004640796,-0.007807704362730247,-0.37995648663385995,-0.016126768345767498,-0.03427213225602353,-0.02301661503962657,-0.007010227460368677,-0.008569825661129363,-0.09863537055466717,SUM2_010086
-0.03266193583523942,-0.026196383180467832,-0.48141533471125075,0.045040262755470795,-0.1253409226948234,-0.018829989683541666,0.008983647474364467,-0.009087642447052895,-0.07611224618681338,SUM2_010080
-0.0037902188710017258,-0.029761061113726728,-0.040254048797269626,0.040190591916004534,0.11791650132414419,-0.018161981545899403,0.009841427918136459,-0.007402116884653182,0.1930251178558087,SUM2_013926
-0.11479211491594384,-0.0043288848176335935,-0.11863416878086781,0.024249389551157338,-0.07131512373802579,-0.02030486301701592,0.010741728259640006,-0.008695550808365166,0.03484916000680639,SUM2_008111
-0.11938357596980605,-0.010741255375450193,-0.3538808654642288,0.003576969401339559,-0.15505985591875918,-0.019555729593456216,0.007024648652885851,-0.008979780343083856,-0.09297272753185687,SUM2_008241
0.4504676277529992,0.016991273182083995,-0.3731036774535834,-0.04557590069576401,-0.19737390297812346,-0.02501799657464584,0.010417229282830372,-0.008762584723172854,-0.08235217230789704,SUM2_018804
-0.07271205105765713,-0.052549764236225815,-0.43590919592986416,-0.006999299465719989,-0.18883307273036748,-0.019968149692529268,0.006000949543220951,-0.008779970768858714,-0.08366577799862669,SUM2_008163
-0.20887335569607038,-0.015322983550055264,-0.3664719795464597,-0.005032445392152059,0.0029177813646258876,-0.01851283682588035,0.0051817765863181224,-0.006819029942152772,0.034781853322795035,SUM2_001500
-0.15643860137738724,-0.02318940117786724,-0.45208772300454186,-0.0021317519418325354,-0.015097608784101647,-0.01995879804084132,-0.005454205792589704,-0.006296599142317812,-0.006564268088136463,SUM2_014509
0.5414504611738259,0.018734038527293346,-0.20566883887184745,-0.020148876580836812,-0.19883881422200214,-0.021522282401262853,0.007148938259931248,-0.009084679797022321,0.12803652704333454,SUM2_003291
-0.11754247627865055,-0.027089685168475798,-0.37989963078616823,-0.0010408942719674647,-0.13920286401715015,-0.01911035200415071,0.00826125464318106,-0.008467214236209646,-0.08302215146961936,SUM2_005124
-0.058050651621648665,-0.0031754982832320226,-0.08982440808662957,0.004435052709612865,-0.06519403695293474,-0.017022328504040483,0.016803527278482184,-0.008423589291390818,0.03789838154490011,SUM2_004731
-0.06849257196453883,-0.010880398544891473,-0.46539594035253423,0.0290112402868474,-0.08983583539338862,-0.01819662004598697,0.008236935145148111,-0.00845298517183938,0.16458744586148139,SUM2_009884
-0.11081424691005992,0.0008533508994413467,-0.4907453348535694,0.08703482942044412,-0.009525234759577091,-0.02152338090429139,-0.005860023732963215,-0.007443648988602572,-0.09880151071197464,SUM2_003801
-0.011451189802909028,0.019115728100362175,0.7826189240497164,-0.0048754138152683505,-0.01976481005087234,-0.020120066755369793,-0.014701388274935157,-0.01016782258052459,0.006484839497817099,SUM2_013293
-0.16409070740079465,-0.017652523273476165,-0.5051681946954256,-0.013847628959590599,-0.03360466656064165,-0.019635010791064177,-0.006741357486095364,-0.007734986366810881,0.00603056097673916,SUM2_012155
0.09618254827959713,-0.010594608496268953,0.7619236413265323,-0.003337738532920513,-0.01671653084373196,0.12319505195475262,0.015011763816734284,0.07541504035659256,-0.0022545739243076683,SUM2_009571
-0.10727505497526144,-0.036780565474550705,0.6182278711677366,0.009081148776287984,-0.15518879823649165,-0.022002544823776095,-0.025803260505678893,-0.01733502007424112,0.009972761570732135,SUM2_013054
-0.17034438486634618,-0.012944504291687597,-0.5369652814778592,-0.06283451866032705,-0.10250920818947384,-0.021454704548067582,0.004874719262467059,-0.009751522935097207,-0.07143035275630955,SUM2_005551
-0.1086151135181654,-0.012641179026858282,-0.38787232837907987,0.040523756594875525,-0.03056380068923309,-0.02063967985213373,0.008604304504958834,-0.008339660653379755,-0.013645901086773268,SUM2_011946
-0.18132660320386176,-0.020466149734643096,-0.43721076442406837,-0.039560381348120476,-0.012027954891162757,-0.020301564950360805,0.007017939323118167,-0.008250049448583544,-0.006411580845469847,SUM2_001396
0.5158893623613457,0.025290955545706678,-0.2522176858530763,-0.05299015379918648,-0.2967788782443993,-0.024931744768289153,0.01013921133847168,-0.00933158732301086,-0.08759065320736639,SUM2_018197
-0.009732279009220697,0.03890321334521036,0.7881265684554558,-0.004521883349426216,0.0013813945201083325,-0.020209526046091837,-0.014562299395480344,-0.011601910893544285,0.011376763222101882,SUM2_009765
0.2958363000596919,0.03932224283472854,0.2822855922940858,0.09485917840322125,-0.14410768305693272,0.13250308290553178,-0.01865926011979884,-0.018331091798730437,-0.0092031551960992,SUM2_008033
0.2668071366775553,-0.02638382573405316,-0.15054372438963945,0.02958335900676969,-0.16466369719595797,0.10107119982929062,0.039277102417679836,-0.04171872701303914,0.03495408918646956,SUM2_010173
-0.09789509256384608,-0.024276709511861984,-0.4725940641062888,0.023085770968341086,-0.022773416896795275,-0.021185647915433196,0.006927242103553696,-0.008248683174784078,0.00949993996300538,SUM2_012902
-0.09483109611227994,-0.013958038292166696,-0.40722046474247814,0.030885873954992198,0.049571637412585905,-0.017424776513492328,0.006991640957042583,-0.00664354479324122,0.019071540687872854,SUM2_007265
-0.14387715594685357,-0.05610576054449269,-0.24744513340412172,0.0899156713891474,-0.0521051099960594,-0.021825207208472773,-0.007135555007939376,-0.009101398710453642,-0.034750852846391324,SUM2_003483
-0.05363623938506264,-0.05042790119479744,-0.047168453190929896,-0.006467793921685028,-0.10120255465114988,-0.01976728737745458,-0.01047087814698062,-0.009264327570104192,0.030053198100314805,SUM2_003712
-0.0981832235848061,-0.031296480710652955,-0.5389184097384464,-0.06203889140224458,-0.2098042338203785,-0.022204487954505095,0.009376341124141683,-0.009283688172037117,-0.08757805825594815,SUM2_005509
-0.11867035304469571,0.02552512308804275,0.09959802715061458,-0.007876762072118926,0.04039991084046044,-0.019032513361696136,0.009015117384829829,-0.00933604201471398,0.2068040295775441,SUM2_009246
0.01344398164818823,0.037096622062388986,-0.25519023747001973,0.060407753755953905,-0.06718912340977354,-0.018359081894871437,0.009372474055649175,-0.007803745846978005,0.20496523603056255,SUM2_011350
-0.16356653499113943,-0.01971325142027073,-0.48420160562422127,-0.013036689489597053,-0.019868181427604197,-0.019997981767263494,-0.006481656543422691,-0.007709222775365544,-0.0015672522151461287,SUM2_016647
0.29974901942769155,0.1955668151501258,0.6331006481629785,0.28467243422687427,1.6607640393526453,0.12026801172541399,-0.02202346065554322,0.002409745784334728,0.01863385002734954,SUM2_002217
-0.058050651621648665,-0.0031754982832320226,-0.08982440808662957,0.004435052709612865,-0.06519403695293474,-0.017022328504040483,0.016803527278482184,-0.008423589291390818,0.03789838154490011,SUM2_006154
-0.1571329243248391,-0.05040443236261745,-0.4857137568653581,-0.039018841524653486,-0.12052457489167681,-0.021119626365539435,0.007595156086591439,-0.009322800076113753,0.030890873781501342,SUM2_012827
-0.19576072171373826,-0.02032749063167829,-0.3984178674142917,0.021733672733538375,-0.037662501857428435,-0.019148547871857966,0.0052022298975508115,-0.008073054298775773,-0.04809446737772377,SUM2_006557
-0.125432472127955,-0.03480852916663042,-0.40988278329255656,-0.01318404072783764,-0.013132623972586882,-0.02035643847373284,-0.007658494711589195,-0.00926187301035021,-0.009668787764918566,SUM2_001871
-0.09521983262890679,0.008315598576082439,-0.3439465456564349,-0.010135886775256262,-0.011046911803598316,-0.019475491152320133,-0.005954741432199523,-0.007723629360657719,0.0108374810955397,SUM2_011624
-0.17803279756930285,-0.07672913034862715,-0.2501426536004823,-0.10897951970092082,0.0021042047971882817,-0.01991811006106403,0.005747152230322418,-0.009319791557062546,-0.058993750664078824,SUM2_001424
-0.0395011723412612,0.027646973179135347,0.18411723732838722,0.03768535587981018,-0.015116609311538637,-0.020039850872663363,-0.015071183090449247,-0.014238700233460602,-0.03219155011718129,SUM2_008196
-0.029838051368587554,0.0689312735946374,-0.0817776279513038,0.015668626200759473,-0.03533899062488309,-0.018846313882829743,0.009842646889852393,-0.0087381656372001,-0.09786260076641887,SUM2_000121
-0.09093811054264371,0.012353434118887221,-0.3925988317044108,0.05302660058445448,-0.03781295712483642,-0.021793909551110092,0.007489478239584504,-0.008339383630056625,0.005457458824647471,SUM2_001174
-0.12727948146174686,-0.0006692448192735983,-0.39045780469021873,0.046303130214345345,-0.021336826058103636,-0.016350426500084034,0.006977221835238941,-0.0071808717267287225,0.16704798741405016,SUM2_009007
-0.12100170665118545,-0.02725445808831623,-0.399409539368498,0.04643588277802524,-0.05774378019969704,-0.019902894010771492,0.00783052684395337,-0.008699370042816214,-0.03227429620462597,SUM2_000875
-0.12692966936607908,0.011191161169656284,-0.43507111121165476,-0.028763945420078214,0.13495429109327464,-0.019688520228156214,0.014082916431938246,-0.008542993295028983,-0.04099175390752774,SUM2_013673
0.28441871663676765,0.03758358670662655,0.43588495470756994,0.13794547980737953,0.07237337888512249,-0.016367587176171,0.018212024541368287,-0.008679970835935812,0.01685846452271122,SUM2_014794
-0.01257736901827003,-0.028704059114797797,-0.2750673303438188,0.017979529548847094,0.028293952827498116,-0.018233423543668782,0.007376714575372303,-0.006719744480908553,0.14005354346060467,SUM2_007285
0.2432472313922395,0.05717339364280853,-0.30494931190788277,0.03382861927694887,-0.19778196882880858,-0.021419850368940917,0.006601830094400847,-0.008817896210469914,-0.09077308268379228,SUM2_004849
-0.10835619792756841,-0.019245058773985538,-0.3756935370905164,-0.006355428358074661,0.006370817195725302,-0.02031297585190586,-0.011702496125251264,-0.009639211984107016,-0.015450494897173109,SUM2_001844
-0.07336083859806648,-0.022956193857796927,-0.41659203019782354,-0.04156321708111093,-0.0866892140252802,-0.017618792286417308,0.01094445213774021,-0.008969405198586737,0.00709554556033833,SUM2_004470
-0.1909264205346452,-0.03942824690811321,-0.48234886889047496,-0.009767809997540785,-0.12534461574087574,-0.0208572551248233,0.00781378331890462,-0.009217425120240378,0.09691498822212585,SUM2_001177
-0.034369306114053665,-0.004098831397332939,0.7010807680134615,0.008191977209421398,-0.17605773445394068,-0.023257028236485365,-0.03318658112192081,-0.01754886214065595,0.0037231006218169022,SUM2_015382
0.03870173558382663,0.07335945825305153,0.09073587632129516,0.07193334937155722,-0.01123656974272855,-0.015829456502006418,0.005847966364728823,-0.008340895659975922,0.20392898463714654,SUM2_001708
-0.10943766453846766,-0.020224569079870237,0.4265777300090091,-0.0324532963692789,-0.11192513160810746,-0.020496626435372915,0.03465482504085422,-0.019261400798141707,-0.0028237957648846227,SUM2_003450
0.8286435125674254,0.10111763068043564,0.10014484818891822,0.08599116160978194,0.024669345021935726,0.09462018690147764,0.012429229521263001,-0.0128417099802341,-0.010768637604626416,SUM2_017452
-0.10865613266430015,-0.008408504237337532,-0.4323899710257395,0.033854758908546695,-0.045665146179322644,-0.02167072854644424,0.0087498013443745,-0.008232486170806946,0.014192517794915515,SUM2_006729
-0.11911783796832198,-0.0026080938120047617,-0.17224217937173908,0.008962710671211595,-0.014790951430597433,-0.019512221728583044,0.02183184916044872,-0.007929081194148212,0.04064646945194368,SUM2_015291
-0.1089646856637742,0.0005474133915877658,-0.10816962548666531,0.08425286482127448,-0.0367360460632888,-0.021136349844791354,0.010405290253305104,-0.0082318903435968,0.0366623363294956,SUM2_009964
-0.08849804607395835,-0.024965916406044453,-0.39511345743324083,0.06947903375142003,-0.0005607245747535752,-0.021877898751033863,0.0079193886462246,-0.008552903172334182,-0.019878680673828687,SUM2_003824
-0.13752515401768262,-0.012202641253904765,-0.36014151676641015,0.052582904677083764,0.02128597782017478,-0.016463465824199226,0.0058814059988001426,-0.006434415525383487,0.14433383587093712,SUM2_008317
0.007820843960455829,0.06379021346782184,0.08805661896830297,0.05561373519683867,-0.008251522482241955,-0.015321709845830644,0.007222644940411987,-0.008358549060542198,0.21845021462893027,SUM2_005792
0.4192822128986382,0.03199055757044708,-0.24365325031604207,-0.10595420628050845,-0.020321800039629957,-0.020641755168987846,0.011209878466056696,-0.007627843612976847,-0.04366902408831526,SUM2_017012
-0.0670583119278168,0.0328846483752221,-0.07661032672528426,0.0935853432696132,-0.10877137284706766,-0.01984642854991505,0.011738855013526455,-0.008096996522575142,0.048962342014172947,SUM2_017115
-0.10363299431273976,-0.018832756648888165,-0.45413261981268016,-0.00012532302559186727,-0.04387349319937761,-0.02096831047585664,-0.005160342200433066,-0.008090504671612467,-0.07880696174312585,SUM2_007841
-0.17017324683759485,-0.025355580163446807,-0.1297982391846111,-0.04108873282004878,0.03249702057949111,-0.019686396995741255,0.005436984306456449,-0.008381140021963253,0.012565374081438962,SUM2_014803
-0.12412078828297153,0.10509998434664836,-0.3298761173156084,0.06036111634430967,0.010206611207469768,-0.021037737519659785,0.011873312651535808,-0.008386590552789433,0.011371361168045394,SUM2_007974
-0.09069868970818629,-0.0012403163465506408,-0.07054004452749041,0.012866670249758327,-0.05885995632510086,-0.01888247548076712,-0.008276467949396873,-0.006958495275680027,0.0965589790594877,SUM2_012010
-0.1080953092371657,-0.025522973059612108,-0.41629239687413166,-0.0029065349494152696,0.016401719270386153,-0.02226346706932931,0.011044432061704685,-0.00850442365291409,-0.0016625205631019533,SUM2_014577
0.2667635349957012,-0.04477646889503582,0.04760917654197914,0.04229814303138748,-0.14477939963357528,0.10009587207872277,-0.024170612073537164,-0.029119503271129776,-0.056893101052258775,SUM2_010017
0.8112980263463992,0.05309195456164857,-0.16108274379166407,-0.09003750298714183,0.050880188600424966,0.1259244036680646,0.011915133399037508,-0.010645157307571776,-0.05098029451103871,SUM2_012308
-0.1249313513797553,-0.01444156117368359,-0.39213635439433353,0.0010521575822427642,0.08161281772282306,-0.017575071558248258,0.007561295918001185,-0.007223055955495513,0.13617545122900546,SUM2_004786
0.582504288455418,0.06056134306735482,0.16629219705700476,0.012776635444264406,-0.2403424391578764,-0.02559414596312857,0.009423633254188917,-0.008700396721964298,-0.04832980752862282,SUM2_005654
-0.01383750899698793,0.02097155042114969,-0.31622477176258085,0.08509283133393097,0.1365576526351632,-0.015575132956061272,0.010282224986460236,-0.007276332835969404,0.016649984885980646,SUM2_006409
-0.13127114777371823,-0.04096647615970809,-0.28021072450777795,-0.0186644136394704,-0.0028765306722046175,-0.023452010358016397,-0.0038987121971601688,-0.009303839830796103,-0.011488547962408124,SUM2_006771
-0.14040035821209002,-0.007274907083053258,-0.38199965244075934,0.040051977166347605,-0.006411743143441539,-0.022106313005224382,-0.0034020548436595583,-0.008305413703165117,0.0065513899021905995,SUM2_006428
0.1310761672415762,-0.00045930599478128715,0.2658773420241486,0.045952537162236344,-0.15044022311074143,-0.02100813388577904,0.03505280030463416,-0.031484169284574454,-0.004622454548801486,SUM2_007465
-0.06501303162273088,-0.01176345996216913,-0.4886574876122145,-0.056005532038833926,-0.15872606919681806,-0.02121008170271252,0.009009018334570285,-0.00995397261040198,-0.08292480138506206,SUM2_004336
-0.03932557079534553,-0.0027330719368969716,-0.2914069876636163,0.023995078522859686,0.2142459001415627,-0.02114400186347619,0.005749603228240735,-0.007847119403633227,0.02896637376991233,SUM2_014285
-0.14028921317086185,0.008576815340008157,-0.34799307875354185,0.12476766767333514,0.014710952410503547,-0.02147985936244717,0.008552295617627909,-0.00828088926939281,-0.010000004186248426,SUM2_013912
-0.11890666102823662,-0.0007832926251538308,-0.4356830776826494,0.049663311584568076,-0.024274364985791847,-0.021197903419573345,0.007638385589222081,-0.0079960046253565,-0.01116948985875238,SUM2_016565
-0.036508080670116204,0.022715128282028124,0.0826054821092559,-0.011252356522966002,-0.11465341632423202,-0.023101507089266615,0.008930702705920734,-0.009879546286225468,-0.013498057612732922,SUM2_003174
-0.0764194201228778,-0.01787098324358004,-0.28214956214722675,0.07200200329820493,-0.03386630141643939,-0.02128103554186428,0.010886213914201078,-0.008181477934680447,-0.012572504471147971,SUM2_008555
-0.18105697692217254,-0.03241650620572051,-0.3910067355348429,0.006242381631610088,-0.05769159837896998,-0.01957803165474118,0.007609423402553377,-0.009292994455180701,0.2113659640708566,SUM2_009218
0.6762647825230254,0.03817169411441491,-0.12435020268278349,-0.05712157050778564,-0.17025702530104675,-0.0250921535633733,0.009848168690264322,-0.008359311912987676,-0.05080174237055825,SUM2_006198
-0.13918448634035593,-0.006871623066848213,-0.5145212520985861,-0.056445617513365264,-0.016610758261952314,-0.02044679120621414,-0.004882535860162812,-0.008522737500731887,-0.010038469889923301,SUM2_003982
-0.060744563198402136,0.015424272653476323,-0.2608482782464148,0.10349322725565427,-0.014553475666017135,-0.01991852555954254,-0.007457307041561845,-0.0074149048552679285,0.021425331992290537,SUM2_002820
-0.0841360726221078,-0.02925112056921892,-0.5099884777469332,-0.06127375884755798,-0.2127577679392619,-0.021718381152841686,0.010290880837151985,-0.009444874096882733,-0.09836030668448391,SUM2_004507
-0.14328827430740154,-0.007877158560012604,-0.008914710173160291,0.031286684264779464,0.06604780215757153,-0.01749039280302119,0.006480858820672374,-0.006428841863436506,0.04543492987417276,SUM2_017310
-0.05421657402817609,-0.019755801997127447,-0.4994375898059909,0.043302994208682645,-0.12210263913561836,-0.019293528878262706,0.007953129770981126,-0.009087642447052895,-0.07626458899829784,SUM2_006081
-0.18042127876281616,-0.03432304214684005,-0.07044452619392014,0.007755190134657806,-0.06944506026033712,-0.020450719002718665,0.020343083953127263,-0.009038268787783561,-0.01786611476089901,SUM2_001126
-0.07970406033495263,-0.03158192655289873,-0.5077314941069255,0.03552798782183535,-0.1811665774141775,-0.018459632303207588,0.00628613256146994,-0.009231440080276604,-0.10888474012479939,SUM2_018858
-0.013846400371195916,-0.01004828595908372,0.7110975444863163,-0.00016677784273352314,-0.14131343450797373,-0.02226691035703458,0.044535905310736576,-0.016609978297038957,0.035450782184783466,SUM2_002193
-0.08959797384494297,-0.014253396012965148,-0.3174342183298358,0.04294392602785373,0.011720845755303105,-0.017407374637475385,0.005865123512375863,-0.006581161125312235,0.16184313569996206,SUM2_000939
-0.06383602151073042,-0.036919802031178485,-0.35001444850158203,0.09457295696245907,-0.027963889554815456,-0.02037815248135874,0.01091076481917248,-0.008562647811305796,0.005909215499787952,SUM2_003546
-0.11076026029634871,-0.05746846837398286,-0.46635327681116134,-0.016973180089889663,-0.10124522541070133,-0.019347227249789555,0.007263989294050308,-0.008856046252069165,-0.05931541726201574,SUM2_004584
-0.1777490094663377,-0.03787722567975317,-0.5061775465828456,-0.035804361443050436,-0.16421101735086802,-0.020651774286756363,0.003633235978638132,-0.009755900211646507,-0.07580175857098408,SUM2_007007
-0.11248822352416236,0.015931741905632565,-0.4111469982121192,0.032159616186795345,-0.06260488901762029,-0.021010997907313516,-0.006537015632361644,-0.008150571814788465,-0.06242316898293927,SUM2_001523
-0.13077307164903254,0.006053209744643939,0.5866178497515724,0.01922974024605977,-0.023678393227625168,-0.019943764792490094,0.021031188863532092,-0.017775695218642137,-0.04533027088001425,SUM2_002235
-0.17898353078568313,-0.005840747581143345,-0.12038687131938534,-0.0046222201926079415,-0.10801429166481658,-0.019940238303433964,-0.014108380206343626,-0.008578835380722287,0.073224478671164,SUM2_011874
-0.19510250148830544,-0.09180233632664164,-0.35529003693584366,-0.0698369328386132,0.026371496164111087,-0.02037370377564021,0.005827683328326281,-0.007398589856102758,0.042151146353237696,SUM2_001808
-0.010258130469360313,-0.06746535964467379,-0.36408787086943895,0.005677240825910837,-0.12421837596721004,-0.01936221015018883,0.007189991781625414,-0.007532253082676873,-0.06838548048478695,SUM2_015397
0.32964336843974473,-0.007509945448587907,-0.398857407113861,0.008078220047552317,-0.0303057170233881,-0.01790122812511171,0.010698027701938593,-0.008375004719901677,0.07005961540135701,SUM2_017438
-0.10544325294562684,-0.041793558944328166,-0.34714261546078184,0.04592822829326418,-0.010694407016755982,-0.02254646740600147,-0.0060407740557462146,-0.008561974251248099,-0.02550586408692291,SUM2_001240
0.09618254827959713,-0.010594608496268953,0.7619236413265323,-0.003337738532920513,-0.01671653084373196,0.12319505195475262,0.015011763816734284,0.07541504035659256,-0.0022545739243076683,SUM2_010215
-0.13380008004403945,-0.026983279896853646,-0.42727370615427385,0.011980928850333717,-0.004375353432219063,-0.018810832371498415,-0.006297190226590997,-0.00658169679567047,-0.01226259884756965,SUM2_017297
-0.15472164004188546,-0.024232705812625686,-0.37728923194067887,-0.0052933143517821125,0.003836770052040432,-0.019018552252987948,0.007576389915845282,-0.007609206102583759,-0.05563929546043078,SUM2_012169
0.03615861455739483,0.01918425026014614,0.9379452920091597,0.036681861804416134,-0.02133694187792211,-0.016696454914155993,0.03237882674377948,-0.013671324204203342,0.19968655627151827,SUM2_004450
-0.1265747755792458,-0.027323100342588603,-0.4207036318473234,-0.03575515667539012,-0.0549503522411864,-0.020505589986250575,0.00871028646759665,-0.009024395462743171,-0.05911657477967959,SUM2_017517
-0.04163233172417256,-0.04740556735019695,-0.5165090664715375,0.05101615880146976,-0.17063392596661012,-0.019577205736633983,0.009312303459100434,-0.008750377480066707,-0.0893635676371489,SUM2_000728
-0.058492633836855636,0.08797940206412055,-0.307111465986236,0.09628478266049531,0.03947327232233786,-0.019694332128964633,0.010333709282467523,-0.008258983932739909,0.012509796878079363,SUM2_000592
-0.21035658500218402,-0.03163596450919788,-0.504058564361133,-0.02252498740441327,-0.12612047278683006,-0.02081563341595123,0.0036374216555107295,-0.00918260328606946,0.06928506994831082,SUM2_011011
0.04232587880279415,-0.04192028024919038,-0.32153247221593456,-0.03569956430083234,-0.11375335560688367,0.04984633942422392,0.014875993111912128,-0.0469116565053241,-0.04053715609463008,SUM2_014632
-0.22374739946631506,-0.01548139880688032,-0.35520064600817974,-0.0540999153599304,0.004580978025324869,-0.01968447065878924,0.0054715960469822284,-0.0076769386434354155,0.0382024388098097,SUM2_010803
0.009172630544403324,0.047635484169598605,0.7732686596933391,0.011989263363494764,-0.08970380892964251,-0.020559950628692602,0.03435768175874781,-0.01603853540730093,0.008281873256000839,SUM2_008649
-0.07508129229850642,-0.0510340446521643,-0.2971651131514563,0.025177612438387675,0.07464707101565157,-0.017798106298476075,0.010141626074290037,-0.007691674731437658,0.11083277456120075,SUM2_004897
-0.13086272128916274,-0.015059160645387903,-0.07559116293915778,-0.01823725322887318,0.094894596160656,0.13264664608757726,0.00783377919892456,-0.009333805436968691,0.039574453096875975,SUM2_016811
-0.040612771185367914,-0.01744168138258461,-0.3274750123717749,0.03190747841111287,0.027637419573930642,-0.01694358134253115,0.007625826824040105,-0.006256344380297034,0.22694213513265007,SUM2_013911
0.1811236947967571,-0.011789747622856356,0.132885158655147,0.07339638693966649,-0.1631421380084489,-0.02081702490316828,-0.027811984281321173,-0.036797717675907234,-0.037421901395267035,SUM2_008273
0.041094822670301415,-0.025573836921629046,-0.16395323298006442,0.09515288785416114,0.05502442033128989,-0.016642217853469334,0.006483194793515742,-0.005622421807974587,0.22991335838095744,SUM2_018035
-0.14429229075659056,-0.05342510664927754,-0.4921371442136384,-0.014968388126737425,-0.024051701151900938,-0.020515126042061824,0.007155642405750784,-0.00952502070397582,-0.06282127321693928,SUM2_011681
-0.08047168317681327,-0.021079770467896948,-0.2949862949497542,0.001988839861540189,-0.015243147527915665,-0.01780359030579365,0.009376607866579099,-0.006820517739533639,0.23837433682918108,SUM2_010894
0.04386595753380569,0.04137579063305084,0.0361039500485588,-0.01547717889605533,-0.10887897326132834,-0.020195225406056776,0.00859585396314918,-0.009616450449233486,-0.054745893049397296,SUM2_008624
-0.1604126538419403,-0.06921652481466312,-0.3292151546383097,0.039008139215940416,-0.008371728783519144,-0.02161920601747555,-0.008592999832268449,-0.00862188317101158,0.011870298559326675,SUM2_013716
-0.08229914984924931,-0.05999172213210885,0.11950090878241466,-0.01949791196897334,-0.11824066556162019,-0.022633151730484947,0.03135289417555577,-0.013608790596419808,-0.09747582483026303,SUM2_003896
-0.03004134273979791,-0.07234501467139247,-0.4820582715618659,-0.048133074598353184,-0.21550143370816657,-0.021654080438050463,0.007606032454487351,-0.009845963574534346,-0.08394146220531642,SUM2_001698
0.9835364569972711,0.10557403467990581,-0.04282844628912454,0.2349398464111705,0.6028329424966946,-0.03242526848492212,0.03732322256319396,-0.005303290048110118,0.05111861768071822,SUM2_010723
-0.0640699145005946,0.0197491266091347,-0.3383026495659577,0.07877192523998969,-0.0821047241657858,-0.02023405293303448,-0.001554051913055541,-0.007425894663859336,0.013806724282663229,SUM2_018142
0.36891467777259856,0.053046112832341785,0.5348640439973376,0.09098311859306092,0.8061805499404204,-0.04459184156221328,-0.01909180736569578,-0.005932906912140939,0.017026335651680574,SUM2_006819
-0.08456463486242449,-0.02820447699344204,-0.4053903615701505,-0.003360033057291442,-0.030850510142924947,-0.02221946560435189,0.010867714134325659,-0.008761160135860212,0.004253911570844715,SUM2_013325
-0.17871345397551558,-0.018393820602112726,-0.3625354197504184,-0.009069995724226962,0.034710839492448714,-0.019281360384906188,0.010869158753332556,-0.007159520975018263,0.13785605530636835,SUM2_006127
-0.13323095613473204,-0.034967457486520644,-0.4070173323008925,-0.0021761734018131778,-0.10543202696009776,-0.01943502285049111,0.007624045828891179,-0.007791240316112599,-0.07370278448547382,SUM2_016553
-0.07489417496634461,0.009830347416353899,-0.3679930252636124,0.06990691239556797,-0.030244245667673458,-0.021515220387100513,-0.0028258129890603896,-0.008206655793500977,-0.029465029228693634,SUM2_011360
-0.014946975621386619,0.021677247624084302,-0.4780901952050759,-0.006574817887411166,-0.0937504056059111,-0.019168895255447765,0.00888294201618849,-0.009013734233555705,0.12038070879419319,SUM2_018855
-0.06866247676997778,-0.002102011040034887,0.5808310394954865,-0.055946305135158456,-0.1578368455972744,-0.02383989080500728,-0.043390380641474435,-0.019426682582717462,-0.07301972884991342,SUM2_003770
-0.10602415277012311,0.0006406732905184981,-0.295144063179207,0.05665731647704719,0.23018190568944807,-0.019801667325414177,0.014067041691857041,-0.007649844620928613,-0.004749674693564835,SUM2_006663
-0.12850807542967166,0.009151867889649626,-0.33957051985546466,0.09607580357409556,-0.05947090400892617,-0.02118858913486956,0.009335627671490088,-0.008461291529228688,-0.03169651195046443,SUM2_008101
-0.0591182533156871,0.09160641509662085,-0.32995149132408413,0.11973846717531456,0.0635111833643442,-0.01938266465354411,0.01032771646952684,-0.008181936954707598,0.01820789186772796,SUM2_013680
-0.1244657569930859,0.0028303813599357503,-0.15472847439813112,0.014556477562774433,0.000636696685419385,-0.019290405073804556,0.023419236085258067,-0.007833614449184357,0.03427406134368045,SUM2_004402
-0.14558037594093087,-0.019488450922317296,-0.5324290006189789,-0.07847120530839059,0.01264442720360294,-0.020525334142663682,0.0058815522625778344,-0.009394928380977326,-0.04991792336183194,SUM2_003209
-0.1329843839152718,-0.035513505843255626,-0.39276832898066516,0.06283383457907983,-0.042270912496726876,-0.02251427928268113,0.008737093510029877,-0.00874786725213714,-0.028971703334049415,SUM2_012100
-0.04335150122040332,0.00046686596218023025,-0.12323540375562765,0.0009121227642233803,-0.024619688084786328,-0.019566374472960016,-0.005338858299715168,-0.007745721937114226,-0.08583044310350066,SUM2_001511
-0.1268634446978299,0.010460029051699096,-0.3335503144693162,-0.004041269003684955,0.0005689688472466564,-0.0217708080859234,0.010676235010848724,-0.008543879485937923,-0.0003682216716891514,SUM2_017909
-0.08411477508901592,0.0007707485072800267,-0.3556294596975376,0.10044672539370972,-0.04508111811614949,-0.02006553932959435,0.008252231892493234,-0.00801797132965803,0.00898103261109881,SUM2_004923
0.3823069354029094,0.0008931709040850118,-0.3903494122698629,-0.05312407800204342,-0.25606981659890404,-0.023190253248848193,0.0084694228971231,-0.008369884495625597,0.0496335862827965,SUM2_006197
-0.11972455156400479,-0.012134639398369495,-0.529695199779072,0.01154582335171081,0.002106392999619221,-0.018639727690669544,0.006195318535840174,-0.007472500608830014,-0.054989938734531243,SUM2_004087
-0.08180649379970076,0.0012429273139791639,-0.023045327017890242,0.012588864027426015,-0.12747228114203046,-0.020220696764521227,0.014002957606400602,-0.0100218225246187,0.030120866876075614,SUM2_006812
-0.1711216979301455,-0.08228437776253805,0.3573855675016615,0.0024936178105666603,-0.13602954283536406,-0.023887064931224743,-0.030181699870161845,-0.021266733842347375,-0.06722314685289738,SUM2_009481
-0.10477152175290175,-0.015763831806384937,-0.26073094143213005,-0.0015650674876870412,-0.06262976570907877,-0.022722837247034576,0.012537976469332576,-0.009088011478831473,0.011150950063120953,SUM2_000778
-0.18441977178106983,0.0012664269818541954,-0.48768918482927665,-0.053063944831490704,-0.10334423936873446,-0.02012535273212641,0.006437211042583375,-0.009230733087741482,0.1280791363255873,SUM2_012039
-0.10447597884218578,0.014047156894684398,-0.42182188095907386,0.021470485771510818,-0.04949380321229667,-0.022223170332642227,0.00731236058633751,-0.008265925987463174,-0.03371903367124388,SUM2_011944
-0.12638328815805194,-0.007451439766317338,-0.4098838094669025,-0.013494722024412025,-0.04738472612612481,-0.02036364171981953,-0.00507390396751303,-0.009407779320560465,0.0011911726756149454,SUM2_005354
-0.1344528614247863,0.0008145087830241065,0.5122047010782664,-0.048607053991144726,-0.09976505910080838,-0.022075053778041608,0.022174751763755694,-0.01827285322093456,-0.006920802284060247,SUM2_016865
0.11931367990221438,0.010808634633455234,0.1331780497084442,0.087271490488934,-0.018860634340981362,-0.019704601791313513,-0.01983517356906563,-0.01212367064439829,0.0017525637433798715,SUM2_016518
-0.1549303700371727,-0.03847652290378486,-0.34219589920776994,-0.009506108989814608,-0.051013897341680325,-0.021545083440714517,-0.0069501203849071614,-0.009918926542262807,-0.003634009208229241,SUM2_009371
-0.07538209291953371,0.06297638097027813,0.1858864997749016,-0.010647694952146184,0.05093443991877085,-0.020497350910000395,-0.004916427690750101,-0.009582621442009498,0.01028372656138538,SUM2_002548
-0.03397413414131063,0.008280102233906347,-0.2642630107771292,0.004018809051125232,0.1633639438393836,-0.01850181678523949,-0.006794118190905471,-0.007860468023130849,0.015344179026001012,SUM2_012594
-0.14989810068547219,-0.014327412004840067,-0.19443666675641774,-0.01085356937466179,-0.07088701360421998,-0.020946249108561403,0.015312159403059078,-0.008310066455893637,0.0291123138779448,SUM2_010456
-0.12129828831820104,-0.006155711975508191,-0.4127212665538812,0.020057757990001562,0.035610199115490744,-0.020604611142419054,-0.01222726712900039,-0.007582245464566914,0.043643439873560716,SUM2_002697
-0.12878479594673614,-0.01597845479753979,-0.051908072747223664,-0.03841301588122291,0.03969020158812668,-0.019738362491913124,0.005816551264266617,-0.00859919967274286,-0.024616217582009395,SUM2_010721
-0.08958348654947415,-0.0598158729507424,-0.2850840215485147,0.09019515807842468,0.005769707712843826,-0.020530300115366634,0.009056886717354011,-0.008417439627739257,-0.024922330085324712,SUM2_010667
0.07626000890756668,-0.031747763185474134,-0.4007002680885508,-0.00475261034854743,0.01859152959810077,-0.018156226235607576,-0.010759514886220251,-0.00870172086640649,-0.030044953876951202,SUM2_017025
-0.17133010407832602,-0.02666711734449485,-0.061278612021460496,-0.02663299247616561,0.038515780894821564,-0.019618718087142533,0.008052814741626318,-0.008615568137277077,0.18918576044713517,SUM2_006219
0.2672634907011428,-0.002470278536140244,-0.36653708645924754,-0.02904490249802282,0.1344486213119258,-0.016545079367592988,-0.011940138204498404,-0.006254666439366394,-0.03763663454060463,SUM2_009439
0.21581407980929104,0.16699225440243629,0.312591029947569,0.08028037068802854,-0.02442478404471938,-0.014839103503481157,0.007941851799173597,-0.008621194630501454,0.038223358416776584,SUM2_018468
0.3416588166502039,-0.008017955709333073,-0.3457363448162546,-0.09702416706381663,-0.012164471711162545,-0.019756818203115548,0.011303998545595072,-0.008146818556962896,-0.05617136893830656,SUM2_017391
-0.17446523061207356,-0.033860214485675125,-0.45436898232717604,-0.03895319388882283,-0.029457184336368798,-0.020044170027890395,0.005873502378467357,-0.008361877312712786,-0.007591158797000355,SUM2_011428
-0.13495203614427131,-0.01473375254982412,-0.3703837682081764,-0.022032625789417188,-0.06615153217493792,-0.020024922332829414,-0.007824431769017664,-0.007872044480083093,-0.14217836609614087,SUM2_016985
-0.08209758754863361,-0.06723433738594434,-0.2749812376296432,0.053081240362371565,0.0075672385650095405,-0.021138571742039154,-0.0083324250131814,-0.00902207410626548,-0.09109958688895409,SUM2_007634
0.5787835421146199,0.08907999595593469,0.10845694425872358,0.043780028432118354,0.026294721296359302,-0.01719646918231133,0.008783559634899327,-0.008532529232504749,0.0293514016574432,SUM2_014193
-0.027458735379061284,-0.014382890686801075,0.11163661603859121,0.053132732841337696,0.14014973796612465,-0.016974736734856843,-0.005478916205534633,-0.007449120647421337,0.03149529078748809,SUM2_002446
-0.13047435861086876,0.0013594939794071847,-0.3709419397327974,0.04066549005248522,0.0360754020067522,-0.01798915106195647,0.006570381199784678,-0.006985724190444109,0.10421329763733697,SUM2_013095
-0.11804553879399768,0.02700230814957606,0.7977059839709791,0.10890223509739527,-0.05964172905958226,-0.02192291896236373,-0.02419007859457294,-0.014867518897886714,0.15460739781306274,SUM2_018198
-0.1544060509760313,-0.00345515394599128,-0.31088469714398304,0.0049941796994645024,-0.01297470237254068,-0.021617783486953566,0.01071634968494919,-0.009249466374209956,-0.0008047483394229355,SUM2_005537
-0.15068054405356981,0.026544570960569995,-0.1125833941373301,-0.0052723574928401525,-0.020422251108797404,-0.0203014571424394,-0.013040920931906157,-0.00895595249264213,0.023291651627183503,SUM2_007663
0.030964720903359094,0.059055639882982604,-0.2157901722332849,0.06053420447464537,0.01296322259417162,-0.020132157725719173,-0.007213454296808518,-0.008617700264280855,-0.13299079623170357,SUM2_014648
0.04232587880279415,-0.04192028024919038,-0.32153247221593456,-0.03569956430083234,-0.11375335560688367,0.04984633942422392,0.014875993111912128,-0.0469116565053241,-0.04053715609463008,SUM2_017298
-0.20064392580780907,-0.023907002864851222,-0.4733680330350247,0.009768857753971677,-0.11293857682798014,-0.020144229487786998,0.006415994543737832,-0.008284610342965276,-0.07568367164096985,SUM2_017097
-0.17819964511982206,-0.014991831239098285,-0.4986262651547485,-0.01793385130514628,0.053146516853357674,-0.01901041091248662,-0.007553424457932669,-0.007150436204484986,-0.013091371588468731,SUM2_010163
-0.0125733422305841,-0.06451212428344329,-0.2678762929122091,-0.05587897629460381,-0.17702615221831328,0.043214598945545295,0.011049995968613117,-0.050199188202036484,0.04953017164958114,SUM2_012659
-0.20519269363399023,-0.042206356033109384,-0.3628494410970256,-0.03349921876932989,-0.00494676115537534,-0.024294136683836065,-0.007854961104611455,-0.00955021622779367,-0.019554034265943303,SUM2_015087
-0.11671454744274741,0.011344699348444487,-0.3384660952579668,0.004514393585259612,-0.01048766886243741,-0.021367394604520307,-0.004472354658086047,-0.008376332680678748,-0.09800366391168866,SUM2_005985
-0.11310598407427093,0.0023178930384616095,-0.030883858780093178,0.04995612917935924,-0.06154009334239428,-0.020611870574553975,0.010284005473580339,-0.008454329466459668,0.0384441183678274,SUM2_001294
0.013450629811121939,-0.06746762607058905,0.5521281771854036,-0.04931372753666622,-0.12306873172120061,-0.018713934196947703,-0.029722542186968053,-0.018000772169099975,-0.08387231181038077,SUM2_005568
-0.09572003239719089,0.021700816651146586,-0.4569987298067746,-0.03865383026443566,-0.19309385112477911,-0.020907263835897468,0.008124319844125613,-0.009426677098879573,-0.10510854453567475,SUM2_002610
-0.13472488095874888,-0.02697209239511711,-0.437489737900159,0.010100375485356448,-0.07651196539888355,-0.019304046771255096,0.00870451510630967,-0.009031534308601333,0.1924774182783723,SUM2_003689
0.05483354824818946,0.08501361917064941,0.8622461791908897,0.028858655675061705,-0.042227505417951464,-0.015899698267599304,0.025116026734358764,-0.014222999866083585,0.1154655291436951,SUM2_011257
0.20828882829787126,0.057845034301829704,0.4976736390724728,0.10188101804477956,-0.062226381607800585,-0.018717883144271,0.035622051104501715,-0.01463435092992254,0.030252678121097037,SUM2_013249
-0.02694749115887165,0.01933006858541716,-0.2797142174069986,-0.009712511887739136,0.23853204939581527,-0.017858515059403918,-0.011248646595677574,-0.007252350723478113,-0.01010865397153449,SUM2_008674
0.09618254827959713,-0.010594608496268953,0.7619236413265323,-0.003337738532920513,-0.01671653084373196,0.12319505195475262,0.015011763816734284,0.07541504035659256,-0.0022545739243076683,SUM2_008508
-0.18368457327398865,-0.06578807056791315,-0.3624143126920186,0.0425791625679904,-0.0680612938707133,-0.02089336475662098,0.007473180125654721,-0.008625920914330863,-0.036925998945622915,SUM2_006523
-0.07681051903291075,-0.022628292667964296,-0.3812485364998537,0.006981119143855548,-0.0835325781509801,-0.01799365936681021,0.004178152612567798,-0.008583683270261853,0.09966915741440709,SUM2_009306
-0.1264730313359507,0.00248556004846467,-0.2942845229321906,0.028813946219983233,0.009440504638977776,-0.017387067991382427,0.009469961184030321,-0.0071555903311732935,0.25080745393303505,SUM2_007098
-0.0125733422305841,-0.06451212428344329,-0.2678762929122091,-0.05587897629460381,-0.17702615221831328,0.043214598945545295,0.011049995968613117,-0.050199188202036484,0.04953017164958114,SUM2_016789
0.07561228818551814,-0.052730952431255265,0.08039324075704353,0.05845069255675428,-0.016681300305899056,-0.02382031348657355,-0.011539072131089406,-0.03189365541373769,-0.011306073535201137,SUM2_011077
-0.10292403722600293,-0.018050102474269157,-0.4031605130869904,-0.013998419305908037,-0.04395203613081581,-0.01964318516822418,-0.008425466251041748,-0.00731978738179935,-0.031118279649083057,SUM2_016984
-0.07891832111952046,0.03469846271330962,-0.2387930148668868,0.05200859935777831,-0.05599682330969956,-0.022339424827344738,-0.008536887141411006,-0.008748418316314318,0.013259996585994287,SUM2_009562
0.23542188810061723,0.1812968172884093,0.11452203577000528,0.1581942258853492,0.5146100003630852,-0.053134018452593156,-0.03451094682178608,-0.016151940415719507,0.014517746073745855,SUM2_013163
0.23150060354194904,-0.010536283704130013,0.05231207939378231,0.05120647351530846,-0.04899289239192332,0.07473522551806903,0.00793698074963453,-0.021397576803289842,-0.05232483750671295,SUM2_016165
-0.14189417178917618,-0.02993820441019742,-0.4217525072159408,-0.030002964897458413,0.0016341217248674142,-0.021724796991560207,-0.007536501856383783,-0.009674939028510259,-0.009514348120808855,SUM2_004154
-0.0712579277527303,0.002973742424662289,-0.32850420831395993,0.09521321556698961,0.028954032560523264,-0.020024686593129937,-0.0074626226415692,-0.0073877217590174755,-0.01564404362515249,SUM2_010475
-0.07084684131532479,-0.018374638864527497,0.4312600608138023,0.002194061218595553,-0.15714923721486063,-0.021968549111751987,-0.020448588350762947,-0.01912317968988681,0.032962965853224356,SUM2_014986
-0.1405882379719292,-0.017510393801742064,-0.4369398627196489,0.05846361043319587,-0.00290668798802313,-0.02210925276436742,0.0072213420396507,-0.008275039574683923,0.0040481061227535895,SUM2_013866
-0.04708910653275703,-0.03931625237028357,-0.34493883753948235,-0.05229284242648532,-0.08381433056476004,-0.020965550144226252,0.005512068260287553,-0.008186878249039607,-0.040167855477248174,SUM2_007132
-0.0995897360183448,-0.028069613187277888,-0.29141743073200926,0.023575186758394408,0.1698237914090277,-0.0182863956190144,-0.013797067850243058,-0.00643234321838989,-0.0023378268114657643,SUM2_009115
0.1050186004957735,-0.007944607271796111,0.7343103631190957,0.004302969488924012,-0.11496664640085703,-0.014987938587206562,0.012049167765195521,-0.014346516636479604,-0.006255952624115144,SUM2_012033
-0.058050651621648665,-0.0031754982832320226,-0.08982440808662957,0.004435052709612865,-0.06519403695293474,-0.017022328504040483,0.016803527278482184,-0.008423589291390818,0.03789838154490011,SUM2_010154
0.2480045411427864,0.007422727920472459,-0.35093050536148784,-0.0404208329608844,-0.2417816272136848,-0.020729747637908934,0.0061566011216241685,-0.009163448929210236,-0.09014710654037172,SUM2_005732
-0.09109070995866084,0.020703548699804904,-0.36581503954256067,0.039889187196592284,-0.03509104330459068,-0.020934402745420938,-0.0072611454771699694,-0.007975295893830024,-0.006852593328840607,SUM2_010771
-0.12141852357629732,-0.016142777467718906,-0.3671491397550891,-0.03058662246960763,0.01902816048195993,-0.019096229562158253,0.007854650956485135,-0.00881289455029187,-0.061390002989034,SUM2_010539
-0.11506701878201415,-0.020257565521509407,-0.15422515322336042,-0.006911359798441435,-0.07288102736755422,0.14049587586619383,0.01324992882381365,-0.010337422075877761,0.03356665688117316,SUM2_000717
-0.02111003733166984,0.11588660894751131,-0.009810898956737372,0.12314071567889365,-0.0014934478221573261,-0.02089377692191429,-0.00526888131153362,-0.008545337978049839,-0.04837577553210517,SUM2_000580
-0.12326220533482149,0.009612420354306204,-0.37127175860272266,0.04508623009982028,-0.02272438375342213,-0.02157206990690782,0.008153641591121382,-0.00823672775926307,0.012023725835563001,SUM2_003356
-0.11493246789323583,-0.01439933945279268,-0.37192621735621484,-0.005074860467253526,-0.033775908539348636,-0.02077276697045798,-0.006159321308169672,-0.008519179103644473,-0.04783708366191545,SUM2_005384
-0.09916985615055007,-0.07200708086249916,-0.4323205563492424,0.0003279605443790079,0.0011157596251755886,-0.017924032249581223,0.011201436086045891,-0.007149195710099893,0.07667697441865862,SUM2_007463
-0.09205582438816604,-0.07876762397243234,-0.3555422587760452,0.09097329143470789,-0.026863117981860668,-0.020201565601345818,0.011065887052114875,-0.008099067968662615,0.001093377819847139,SUM2_012171
-0.242551641425148,-0.021387042104278258,-0.5062751950370952,-0.06607870270241338,-0.11552554750324728,-0.02067761570020491,0.005350071874113129,-0.00940715693020169,0.07006240429732219,SUM2_005980
0.31022466383667385,0.006529014855517353,-0.41634167305685327,-0.030609646861689998,-0.2161491582396427,-0.02401022071689623,0.01007314264746722,-0.009161285762017031,-0.08619275194060516,SUM2_006649
-0.058050651621648665,-0.0031754982832320226,-0.08982440808662957,0.004435052709612865,-0.06519403695293474,-0.017022328504040483,0.016803527278482184,-0.008423589291390818,0.03789838154490011,SUM2_002662
-0.11324792981306539,-0.028807362917285702,-0.4277979820318628,-0.028769215073998693,-0.03050417223102576,-0.019187297886747702,0.006885489989412073,-0.006735134960983677,0.09586609006943378,SUM2_015007
0.15874271019367647,-0.06249531169238689,-0.25382718831069717,0.019369868913310665,0.1081044928870863,-0.01699316703065807,-0.008096651841879427,-0.008243207051897015,-0.04435538932292961,SUM2_017306
-0.14466747447597506,-0.051830200763310665,-0.21346616804263366,-0.0425906915685611,-0.11181413240094132,-0.020351576805854348,-0.011211979186019006,-0.008153777608223804,0.0098670117762752,SUM2_013731
-0.07577919057421993,-0.00827443977744494,-0.43648302683984397,0.04943980299478941,-0.033731625834996656,-0.020974113142177626,0.007130911293399775,-0.008670334527945394,0.0002901600591359653,SUM2_009573
-0.08560644984929931,-0.0330469885321378,0.4508255346674764,-0.017253431545773513,-0.19724088953089244,-0.021818961308487074,-0.022344336530100227,-0.02009122567359726,0.00579212498026106,SUM2_005197
-0.12350989038713447,0.0014475237344069671,0.38665136575311665,-0.016369109792935873,-0.12994367339871188,-0.022717478647367187,0.029817780988636095,-0.018681891794453453,0.025355847759230627,SUM2_008801
-0.14499040968433885,-0.023768718838102144,-0.45019767972667396,-0.019672850476446433,-0.05134550995195588,-0.02026995733985046,0.005355035735896713,-0.00887168106321328,-0.031199548768059176,SUM2_015373
-0.105430074239343,0.0022858544544247213,-0.3843665613627487,0.0659643038954146,-0.03545096066540919,-0.021924984496068323,0.007436831927127657,-0.00803008980698847,-0.011449525880178599,SUM2_015778
-0.058050651621648665,-0.0031754982832320226,-0.08982440808662957,0.004435052709612865,-0.06519403695293474,-0.017022328504040483,0.016803527278482184,-0.008423589291390818,0.03789838154490011,SUM2_002726
-0.11049663067261728,0.01703566200312439,-0.406508543500338,0.05763894618410459,-0.02422196855556266,-0.02184602023216204,0.007131208810605421,-0.008379409250873746,0.0034971289393129984,SUM2_002254
-0.12217937933264875,-0.00338490432214567,-0.2752836422009207,0.05567355008062658,0.027869300899476736,-0.01639632205132517,0.009448792506690378,-0.0061308280045100265,0.17129986268679565,SUM2_018071
-0.1646531938478994,-0.02238307093330367,0.42943381000847997,-0.026441385160783905,0.029503923378654467,-0.02222439294728121,-0.015588578758920885,-0.017930720937254493,0.03030418927695421,SUM2_007403
-0.06445962117766237,0.00715731387479792,0.15890140576257145,0.02338035142954666,-0.12302585984170852,-0.021946486728507658,0.030246173720727455,-0.011603067198417695,0.04282501851263495,SUM2_002151
-0.09390861331693379,-0.006640409592993291,-0.36782910661205614,0.01661341369871617,-0.04058328134839055,-0.018904750399986462,-0.007936472538173842,-0.007048480425341038,0.0016979101616694434,SUM2_008853
-0.04522887667407237,0.008420187749466483,-0.45358295398781856,-0.04023745353823723,-0.19449483833397224,-0.021285908080440223,0.005532024620466666,-0.00995397261040198,-0.08572464238758379,SUM2_016791
-0.048736302312049756,-0.009659891122063868,0.006301866478155284,0.01077532488475715,-0.01756523439607296,-0.01834361422137803,0.009796416340385812,-0.006187096165052776,0.04652574255965876,SUM2_001771
0.10799696765674238,0.08095646771282161,-0.26139905302179445,0.3536841741742597,0.17880236208300687,-0.013768190815266168,0.00842893264345863,-0.006885406214526095,0.013888879511848926,SUM2_016802
-0.058050651621648665,-0.0031754982832320226,-0.08982440808662957,0.004435052709612865,-0.06519403695293474,-0.017022328504040483,0.016803527278482184,-0.008423589291390818,0.03789838154490011,SUM2_018774
0.7075854127710439,-0.028612292878329625,-0.35268711851966306,0.034847891313883966,0.35280111458071994,-0.033338654412131165,0.023795396648001583,-0.006057914217562011,0.06861506136354292,SUM2_001423
0.09528299423794599,0.05828669962886477,0.4474301750137177,0.03004534756311499,0.230618267904363,-0.01111753529014366,-0.00016523018939760767,-0.007891852539670275,0.3349601647928383,SUM2_008667
-0.041789140541517465,-0.0003229483648456703,-0.2852076227536311,0.01280106358246425,-0.017908142602824792,-0.01799464674782462,-0.008341645685283209,-0.008849176377219433,-0.001955697961431179,SUM2_015770
-0.12682160772603424,0.016980030776666676,-0.41045322567371434,0.03324825224046314,-0.047475588482214545,-0.021203732924980307,-0.007246319550740761,-0.008026226775959293,0.0014092057804223975,SUM2_005801
-0.10842051960607817,-0.009673982537028575,-0.27912743629344894,-0.01811455126241405,-0.08802554213919875,-0.01974655502909728,0.010634515120310783,-0.008811318677045578,0.0998383565096612,SUM2_007149
1.0569437508853983,0.07576529947760821,0.07528215197216259,-0.051062938646143884,0.04096133412464143,0.14961886171387592,0.009454904066826956,-0.010779810376020566,-0.032146348949654804,SUM2_008156
-0.12205961495384125,-0.007331623229996459,-0.4190748329565337,0.05985266433422085,-0.01817873472446302,-0.02195116736669668,0.00809065948701188,-0.00835155031941412,-0.0013071661420611257,SUM2_012942
-0.01581411377488211,0.010901282223567146,-0.26264322444033217,0.08189164743779745,0.028877269490772045,-0.019914842725528015,0.01242555168138669,-0.008087783804612983,0.022949437255649803,SUM2_016576
-0.2087260734946466,-0.05088601058595852,-0.5771443910651963,-0.04459720623622022,-0.13812436781173393,-0.0210488640573751,0.00617638217422907,-0.009501906781548174,0.05501052276974598,SUM2_009834
-0.09617042820239734,-0.035422163492935914,-0.08642302825359197,0.004016791606058693,-0.10733871929185149,-0.01954506414754336,0.022549497708425265,-0.00850957133329715,0.0014841060690207256,SUM2_014789
0.342112527176749,0.21105036602937913,0.2534788130483957,0.3005304248187076,-0.08340433716086744,-0.017329230508795857,0.020671447071161357,-0.01591364887095632,-0.01826361489274786,SUM2_012939
-0.13936252385378267,-0.02892269750145961,-0.43693004357668547,0.03278202939433604,-0.06001129226047634,-0.022516982551232103,0.008690318159173758,-0.008753752473024411,-0.032478845817602575,SUM2_016327
-0.06727273148862599,0.006837587776831041,-0.35872823072253135,0.08640015839775235,-0.06701771189240815,-0.020600776189854723,0.008938860027071952,-0.008056950684136721,0.021701728101646323,SUM2_005889
-0.08147377699418647,-0.02687009724266179,-0.40400443468034186,0.02323697582064717,-0.040734344565028086,-0.021284974093814295,-0.010454870778387146,-0.008351739326564963,-0.0887443077114668,SUM2_001624
-0.0956344422846764,-0.04375996625805807,-0.09612453063008486,-0.02402543113553731,-0.06379049939727194,-0.02253174541682431,-0.010236785665286168,-0.008687938035599384,-0.09290232680180908,SUM2_018738
-0.13486798909011405,-0.03486707883779565,-0.38259573627594196,-0.03594157225324869,-0.06139254763693043,-0.01972559246624361,0.010453989225932946,-0.009281699888324448,-0.05550246470099222,SUM2_002223
-0.132974772491334,0.03533699199386876,-0.3179750385915841,0.005250123666066263,-0.02513930938550165,-0.022282782769110967,0.010550700304916465,-0.0087711561121867,-0.008310221996645812,SUM2_015747
-0.0810732513355915,-0.033318162359134054,-0.4022162213561503,-0.0006615651548327724,-0.06097659775417954,-0.01825219391985803,0.0065148128059871,-0.0068860750839028805,0.16331656290327418,SUM2_000715
-0.11775342171812994,-0.025649026695454047,-0.4185762404096378,0.020789261469940302,-0.04069461094886925,-0.019547110579726044,0.009416679334912997,-0.008770767597959122,-0.027911925680531618,SUM2_002421
-0.15534076674888772,-0.03014753145718963,-0.45261764416323685,-0.05913448344766779,0.0216368059595027,-0.020196070524042865,0.006924753468333165,-0.009158377168141527,0.1847486010618979,SUM2_018280
-0.10128088862740739,-0.029064643903096404,-0.49510151488799725,0.02172425440125774,-0.0022338664270066992,-0.01887429051298559,-0.005612726524869964,-0.006490791701422069,-0.006834764104595883,SUM2_014497
0.13219596564889233,0.02746166800423257,-0.20620336764043543,0.1203419799017865,0.02433953020415871,-0.01717183648342848,0.019133776826238305,-0.007357301666579519,0.05996053613406449,SUM2_003213
-0.11486032521329866,-0.01209685048872072,-0.3951802486685896,-0.024921001196905122,-0.06569562373552855,-0.01993003563512195,-0.006675146817145254,-0.008039081960447695,-0.10075880479536144,SUM2_011301
-0.13027275352123752,-0.048673241497184695,-0.3441165081148701,-0.0402201865177723,0.035825061153483426,-0.019911007422807728,0.011451512517603745,-0.008879962604834691,-0.0528183740248367,SUM2_003698
0.516186971948576,0.0504949548625289,0.16652243524795635,-0.03920357392604802,-0.2899865520686332,0.13247026633341502,0.00889827401337696,-0.011782464165635415,-0.04935302400973125,SUM2_003253
-0.01110744310585251,0.04813075092004139,0.7124985111841688,0.019768000000808562,-0.11890687496353373,-0.018622950930163744,-0.019574970378039916,-0.015322203866190815,0.007744845069938079,SUM2_018279
-0.12608127709328737,-0.058172398319018895,-0.5176809023773956,-0.01509337320996761,-0.1712602108154859,-0.020852180835411842,0.007637309873718162,-0.009644666970534439,-0.06698067635380947,SUM2_003188
-0.11422118347220933,-0.03300509476499214,-0.14509731345130808,-0.03399611925743703,-0.005961160240720966,-0.018596946539225057,0.019730599271317047,-0.008685947841946406,-0.009528876985108497,SUM2_011261
0.45536872067640044,0.03882619639912805,-0.22762541569434536,0.033384722077527365,0.12380419073031317,-0.016323328805369852,0.00887203732140122,-0.006961547334879294,0.26932373446247293,SUM2_002708
-0.1763155784387132,0.020835118406065577,-0.3363437893054288,-0.016693528166523638,-0.1426491828668432,-0.019074522737451687,0.00935027401612504,-0.007812808472437961,0.08927736352027046,SUM2_010934
-0.07486318183271408,-0.012845588919432185,-0.24934209418874104,-0.0023854023856246702,-0.09478633914210866,-0.02033637204291101,0.009327772519034255,-0.008753356885354297,0.11186022700542293,SUM2_011597
-0.032030078726113395,-0.004755428095433957,-0.36714199928102415,0.06092232444198311,0.037460091150785524,-0.0162317600249753,0.006832429186279007,-0.00546379880398173,0.20767503333787407,SUM2_007750
-0.17761242795893292,-0.019661376613912422,-0.49704087730428803,-0.03158866067866159,-0.026043952034752064,-0.02030040201420277,0.005817152167545403,-0.008250049448583544,-0.007739607015522396,SUM2_008280
-0.18144730402280979,-0.027564550693573546,-0.45072061627027155,-0.004930351148226266,-0.0009348797151898528,-0.019233468670187482,0.008086275461815574,-0.007706683348392998,0.15248386458375512,SUM2_017318
-0.14748871400550767,-0.016811143525911343,-0.38898575472130525,-0.053354745278135295,-0.04975459534678449,-0.020263656239607054,0.005309623605851755,-0.009742637664657668,-0.08959232361471942,SUM2_007609
-0.1033579740221879,0.0006300109108544072,-0.35379509118451635,0.03132020720655544,-0.046590538366296876,-0.021805560903261863,0.009431230892412984,-0.008234133979340297,0.014941897130364003,SUM2_003207
0.20748626150771649,0.04339151546154245,0.5240135871150742,0.17085889129776594,0.18317813216055373,-0.012044191068031614,0.040823984804691,-0.010631320094979767,0.06423593259125486,SUM2_016161
-0.18270604190379167,-0.025942192920849195,-0.48764048258401155,-0.0136914402097013,-0.027856660407936863,-0.019688275993527134,0.006599776579189582,-0.008295257627753247,0.14767541204484652,SUM2_014001
-0.05770863531576613,-0.048221118477532125,-0.4254892027044838,-0.017783522187527715,-0.08036069555117245,-0.018833466628498295,0.005834557395179427,-0.006813188854253314,0.11749109704677034,SUM2_001912
0.09618254827959713,-0.010594608496268953,0.7619236413265323,-0.003337738532920513,-0.01671653084373196,0.12319505195475262,0.015011763816734284,0.07541504035659256,-0.0022545739243076683,SUM2_004214
-0.01103733519517546,0.044325731522432174,0.08079719150786435,0.07451110603624649,-0.04880366325989969,-0.019382715804411067,0.008333885863685738,-0.009588221234181543,-0.02023167346724452,SUM2_005473
-0.1277027778663906,-0.018588071083987585,-0.4596442395037176,0.03213171040441777,-0.039906853202587134,-0.022243563643046138,0.007166186537299743,-0.008160734408096209,-0.0012306375357359995,SUM2_015835
-0.025270976894726033,-0.004936109059542962,-0.2935662736836777,0.08280465645943506,0.02399339384913564,-0.016548801262198494,0.005979291743506165,-0.005548283333520238,0.2465869002572009,SUM2_004772
-0.052810828496587046,0.03377760560809797,-0.3865717489088941,0.04756772340436457,0.04846343099934505,-0.017531724521752563,0.015822449988712114,-0.0083259293592682,0.09786213324793636,SUM2_006823
-0.05276731518949971,-0.012824958133850145,-0.23759811302176917,0.04011752895116793,0.034528144193468134,-0.017625769935003983,0.006037378042399916,-0.006480241815651594,0.08092846123926016,SUM2_015182
0.02220598112609899,0.039566513032114406,0.6615882224770113,0.01552300115428224,-0.16033390660218974,-0.01755010643317568,-0.023692725101293614,-0.016528676725230933,0.014170914331150563,SUM2_003211
-0.015059519289980783,-0.03331038955022449,-0.3012740176018058,-0.03968510373159369,0.04862428760065866,-0.02018731076586319,0.005687453094843304,-0.006826385158527036,0.1627422294206619,SUM2_013312
-0.029559920543450642,0.049443711386650616,-0.14530226695689016,0.09851709848610568,-0.0004229142284388865,-0.01927726341237528,-0.0076727387312476875,-0.007288187790925579,-0.011764957645897049,SUM2_012869
-0.06507735580119492,-0.010872416448543703,-0.3427536249448516,0.015352489127480402,0.06115430906252826,-0.021446812206288045,0.012543195172661082,-0.008527371467379672,0.0129583983096364,SUM2_003490
-0.056143294825322695,0.023557499397029946,-0.4625921994933342,0.03164913331217652,-0.11000630630867032,-0.01998368149939645,0.007732262912368272,-0.008581473342166492,0.07710571201480909,SUM2_005465
-0.0931053251109168,-0.02098430450355534,-0.4409869073045757,0.02392782648103829,-0.018082189547767413,-0.022103783328765066,0.008088819301913058,-0.008005197665339716,-0.024232800111352707,SUM2_012191
-0.10471190864178259,-0.014098683764767075,-0.398823058138828,-0.0351938087720383,-0.0572881906471705,-0.02039364233509446,0.007791390996189368,-0.009028966785198723,-0.04670672220822969,SUM2_018476
-0.13278060032205072,-0.04218578097074619,-0.429340013998999,-0.0703999923315983,-0.12271482206971338,-0.021006578677204582,0.006021722810421215,-0.008290913163921752,-0.06863647233342633,SUM2_001265
-0.12189240089669284,-0.02983660743668256,-0.3282726606742734,0.007212434248824164,0.12209304549866569,-0.018164192429134345,-0.007474335866827964,-0.0065062907833080994,0.005704237506294558,SUM2_016632
-0.058420461759325026,0.02959511914638187,0.03420665840392423,0.00721692973436755,-0.04215672927348969,-0.0176025978854064,0.005789431193643886,-0.008266100967740966,0.02468022877027014,SUM2_006764
-0.08314445747068702,-0.040389098908842014,-0.4250519965600845,-0.0007794297127178114,-0.03662917870958886,-0.019088169543041135,0.007832766362984842,-0.006905426504435376,0.0874310949156834,SUM2_002039
-0.07405531088500648,-0.07616348007686827,0.4456993279963326,-0.0073255293065659895,-0.10211773129141817,-0.022010031420323147,-0.02840277208171061,-0.0183328942462498,0.07089676900007973,SUM2_009853
-0.10895565747417271,-0.010918736444454987,-0.14029651891190095,-0.008575493763087532,-0.10150854751206814,-0.02100303248913906,0.012385471664235452,-0.008628665761777884,0.03613478585961248,SUM2_005052
-0.08110186504595966,0.14859796275514708,-0.31630282548126887,0.12698793075125667,0.04457513841018931,-0.019372047536343553,0.010505255098952365,-0.008181031058614664,0.0153838783557493,SUM2_015041
-0.12901309746561804,-0.03844830193105404,-0.41587421925465895,0.029690394927631703,-0.05826916353080819,-0.022611700204046657,0.008152768275735026,-0.00875551451904163,-0.035642990035006,SUM2_002188
-0.1003910275866882,-0.015427950660560043,-0.3660954660412208,0.02053140960724014,-0.072069311894694,-0.022014697922392544,0.011011260798386949,-0.008801311415761818,0.0035550176938883233,SUM2_010465
-0.05646901322917062,-0.016756591187759476,-0.09807637510093897,0.011175010786691541,-0.08362862551318169,-0.0206901908441412,-0.010377900513755145,-0.008884554054933009,-0.07339642775607899,SUM2_001630
-0.033491729671171956,-0.01065880060102118,-0.4011152710723621,0.06626410441994252,0.025663256759734097,-0.016698852205159088,0.00617785784847764,-0.00546379880398173,0.22285086530674017,SUM2_006752
-0.06796302281094016,-0.005270162635797493,-0.4915739304680596,-0.06146844329329819,-0.21722560460762877,-0.02179407238187587,0.008964339415973991,-0.00995397261040198,-0.08713751295915234,SUM2_017076
-0.21916513967979312,-0.018007865452007592,-0.515909140375516,-0.06656951666159998,-0.10747962777902638,-0.020283746529539678,0.0059101631604768345,-0.009237843682700383,0.1125881921780866,SUM2_001454
0.11618495123305592,0.07719351475966671,0.7209693558711071,-0.009809482448138588,-0.08530500526642629,-0.014760803756751062,0.012379532327668568,-0.013524110100157024,-0.06601024747036568,SUM2_003729
-0.15071315261942875,-0.024495871840068524,-0.393262603744141,-0.0147280430811072,0.0011283221755029374,-0.019817485045289622,0.007057965879183843,-0.008553183353423956,0.07093190019631611,SUM2_003010
-0.16254920373205706,0.03247382656153173,0.3796522139367285,-0.03700067067694476,-0.045442389847433484,-0.01963293860504737,0.014851817667544204,-0.015432928912817811,0.11738552294929332,SUM2_014138
-0.1866549049203344,-0.015571252702942545,-0.47435258415457404,-0.04774713284315631,-0.10168332942772493,-0.020928343212602583,0.005221215653050395,-0.008592041212547284,0.0901527081655572,SUM2_016687
0.06874986012120107,-0.020576831880995173,-0.36495062334785694,-0.04238356913627088,-0.20469937337170513,-0.020819405507003685,0.007315950190644874,-0.009283078056059883,0.05239478639977698,SUM2_007753
0.07465470766776991,0.07489426293897086,-0.00014611402600498146,0.14917819666798302,-0.08174512502893767,-0.028044169945032855,-0.0284618063987113,-0.0314683626453829,-0.034986936159448534,SUM2_000906
0.1262489181105698,-0.0026687646760067845,0.08401637536862264,0.11712103144611499,-0.10353708807917528,-0.019765028914632783,-0.03225764621038941,-0.03811018127659295,-0.02816637937134344,SUM2_005883
-0.06724081104742462,0.040234461409934016,-0.4923689423910524,0.040744969450326754,-0.109503269757639,-0.019128200699736052,0.00819795719154793,-0.008202299881607093,0.1830055995487402,SUM2_004132
0.3671632827172406,0.1411087261112605,0.22932925349815797,0.1435458168807117,0.5861884279832617,0.1564251838081721,-0.013252325310322605,-0.011497367468754124,0.007648700116165806,SUM2_005472
-0.0658435031460177,-0.053276258008310096,-0.300474680088738,0.03826285724188966,0.019533713955941334,-0.018305067219281695,0.007525663399606053,-0.007342237364126177,-0.05591192522612559,SUM2_008843
-0.027083217516601844,-0.01763812663309109,0.2279588251135632,0.09481182007891864,-0.12660947744119014,-0.0196906496966145,-0.019590029596030383,-0.01269333584603751,0.03534486371728936,SUM2_003493
0.06640161791839416,0.12804712676161897,0.14274723202466905,0.042765071283018166,-0.006556453572361509,-0.016808587244912347,0.007014446024335852,-0.00810329077252374,0.15814328194297148,SUM2_016181
0.09618254827959713,-0.010594608496268953,0.7619236413265323,-0.003337738532920513,-0.01671653084373196,0.12319505195475262,0.015011763816734284,0.07541504035659256,-0.0022545739243076683,SUM2_006502
-0.12397721950039227,-0.05479004621216614,-0.3292610298088384,-0.04287031890672387,0.017770993121662616,-0.017429916638172525,0.007650112396584763,-0.008593270404111116,-0.0023467134118417207,SUM2_006449
-0.018098338009554932,-0.03492406801317097,-0.13556181769857184,-0.050160407429356825,0.012810522358749526,-0.020021005339483262,0.021174478703730768,-0.00836663479983132,0.05628145144812685,SUM2_015451
-0.17952800207519964,-0.01954909198574976,-0.4820109384688929,-0.027267854238994454,-0.026424372563866854,-0.020039027475279955,0.005451647107072497,-0.008430539122163306,-0.007273125807608427,SUM2_001223
-0.06437139561465559,0.16918212383937759,-0.3585917709174818,0.12562037602756854,0.08899721488650207,-0.01858863042963236,-0.00560258758552321,-0.007880137924519092,-0.10667322934758698,SUM2_014818
-0.14869319332066627,-0.041805219480205616,-0.33568379365101914,-0.057696324210214124,-0.06852494505342313,-0.020448177802934474,-0.009766741315580658,-0.007934338439443118,-0.003931093601994816,SUM2_003088
0.9420242116842228,0.08129650425324544,-0.08929384213313571,0.20672747839224087,1.0629525545885126,0.12541289795685176,0.023400609179026095,-0.00699390572852715,0.009993742560450533,SUM2_018187
-0.10991000562038526,-0.0532063183438027,-0.37008076252447286,0.031300681705576004,-0.021513787730981178,-0.022402628013267634,-0.0029398923774540684,-0.008619959347462982,-0.07179221949802538,SUM2_011269
-0.058050651621648665,-0.0031754982832320226,-0.08982440808662957,0.004435052709612865,-0.06519403695293474,-0.017022328504040483,0.016803527278482184,-0.008423589291390818,0.03789838154490011,SUM2_004975
-0.016583353236804377,-0.0005315656924779588,-0.46324960147538075,-0.019957604145350097,0.1942531941653926,-0.015134517813871307,0.01269100307163403,-0.007669255441302569,0.05516925643477617,SUM2_015061
-0.04176798957944594,-0.04072680603901618,-0.4890308918469445,0.046855691238306726,-0.057475141095383174,-0.016825182141251088,0.00904422622118076,-0.007996733111997526,0.1701398394752378,SUM2_006785
0.09618254827959713,-0.010594608496268953,0.7619236413265323,-0.003337738532920513,-0.01671653084373196,0.12319505195475262,0.015011763816734284,0.07541504035659256,-0.0022545739243076683,SUM2_017512
0.2480222873047274,0.04650251610913892,0.3694392591576878,-0.004055103385799201,-0.0595982232683967,-0.022255538799991155,-0.021339159150721255,-0.01088775189370125,0.00327001587124987,SUM2_017279
0.1254190921524729,-0.0025643955344987245,-0.3410134721502573,-0.030980869343637973,-0.21905156511123952,-0.01952664586608351,0.007648667855680455,-0.008548638564159489,0.11762431150226935,SUM2_013203
-0.12278120569413689,-0.06321579518767481,-0.3044143505068345,-0.02090244568136223,-0.013990272090248657,-0.0223217864972839,0.013976913048409135,-0.009141536863990366,0.004846471874640492,SUM2_009680
-0.1781167449119768,0.0013756034503307508,-0.2801684318044559,0.016204412703093998,0.17975059564978152,-0.019157567370461193,-0.01202239767301314,-0.006828530835096928,0.01090879313600807,SUM2_015102
-0.10653797057167351,-0.04670491008893285,-0.3971044943837615,0.03825025409900229,-0.04699152170336257,-0.022298818972186683,-0.004163319013745495,-0.00861629815705299,-0.01883768910676103,SUM2_010588
-0.058050651621648665,-0.0031754982832320226,-0.08982440808662957,0.004435052709612865,-0.06519403695293474,-0.017022328504040483,0.016803527278482184,-0.008423589291390818,0.03789838154490011,SUM2_011714
-0.09859620876667108,0.09311129515364705,-0.3068107621502222,-0.07492828008780583,-0.057969097400051295,-0.023229385407265424,-0.006317304742990383,-0.008803798887398174,-0.04542729351427948,SUM2_010962
-0.16167304325641452,-0.0023134332912214664,-0.2921578205760882,0.01868091556535908,0.19270767359962776,-0.019269800349120427,-0.010765103602955236,-0.0065848511022370436,0.011583350174970834,SUM2_013737
0.09618254827959713,-0.010594608496268953,0.7619236413265323,-0.003337738532920513,-0.01671653084373196,0.12319505195475262,0.015011763816734284,0.07541504035659256,-0.0022545739243076683,SUM2_012491
0.04760966802593421,0.027048824358777958,0.34740498126174646,0.1478005772321071,-0.08695208983754707,-0.02062327594841975,-0.021389717644837616,-0.018113950203755787,-0.11844951773027948,SUM2_005002
0.2880998960661741,0.011499144678666442,-0.1791980514400292,0.04697643079353482,0.04395098971192186,-0.016492157537682343,0.01171948876660692,-0.008612195374997484,0.15416732083482618,SUM2_014610
-0.03111891554586248,-0.007826866196981235,-0.5202362191429653,-0.021741556007469503,-0.09112341942232177,-0.019596797874329403,0.009948748034225578,-0.007857772744176697,-0.07692863854358427,SUM2_005668
-0.14115956474301616,-0.0043974300662144635,-0.30951518747807083,-0.018126324740032777,0.16211270155136698,-0.020073811845817944,-0.00922554815801498,-0.008488155866490484,-0.011918320628699387,SUM2_016851
-0.036783256762715454,-0.011852829405302773,-0.36361073568419905,-0.03785214944944941,-0.1713945612978023,-0.021937699104450106,0.009075799699069785,-0.009109503937496977,0.15201738391784061,SUM2_009903
-0.1467149384314433,-0.12283916871119574,-0.34667584714540717,-0.045073457718162326,-0.11688606378128515,-0.02190578231588242,0.009421770900482252,-0.008764937218941192,0.1448348343641146,SUM2_008669
-0.06648917700928447,-0.07089761685996873,-0.41442065133145983,-0.020082432967257126,0.015845923051973732,-0.020826562700705743,-0.009741182304178347,-0.00947341261024365,-0.023143395521274254,SUM2_018087
-0.1772264642078924,-0.06126817325550478,-0.5253792355248952,-0.031461210615433284,-0.13794965745286214,-0.02026905357854073,0.006629267313239139,-0.009078717701932287,0.10565550074347507,SUM2_012148
-0.12732509042423762,-0.06833719793530121,-0.35753170980509996,0.0842610572423925,-0.026213065773121907,-0.02067962189117409,0.00916269630387329,-0.00838835992919253,-0.024775696572704523,SUM2_015513
-0.058050651621648665,-0.0031754982832320226,-0.08982440808662957,0.004435052709612865,-0.06519403695293474,-0.017022328504040483,0.016803527278482184,-0.008423589291390818,0.03789838154490011,SUM2_014914
-0.09023074366905728,-0.03864355780702086,-0.3433253564569866,0.021989308630812835,0.025723873819033582,-0.018817138782206026,-0.009863439214373241,-0.0070486934689603185,-0.002696448194828738,SUM2_015344
-0.06397689525870635,0.05941124451169377,0.4981653151039172,0.01672180338061287,-0.012584624300777975,-0.018744631286806472,-0.010909451221315408,-0.014820734755421833,0.03186603020250478,SUM2_009518
-0.21365291581056417,-0.06847139340649286,-0.42058135521659823,-0.06682958168411898,-0.1056333512444831,-0.021177260745054858,0.005518285314865017,-0.00978814463312774,-0.09161762080191142,SUM2_006273
-0.15178720169903542,-0.012623477711332643,-0.023665686816340802,-0.058484871017432584,0.05419619124590449,-0.02021080979081006,0.0060748561217566135,-0.009378293390563511,0.0017208747864598368,SUM2_017641
-0.18876553125460344,-0.03829289276855558,-0.35385882289200205,-0.02839052031038347,-0.005601878418673995,-0.0197163050822025,0.007642167105919551,-0.009355663572771912,0.03515137521361666,SUM2_011240
-0.10473759899020658,-0.002320293641348685,-0.4077696463496613,0.07131485626620995,-0.037508635017703976,-0.02131606266793542,0.008813705188719273,-0.008114537900281407,-0.0009819972635351918,SUM2_017449
0.06027333306752651,0.020981366018704598,0.16374662257872327,0.0492142840256579,-0.06805080654190546,-0.019560845504564012,-0.02139256641433026,-0.01744379758728217,-0.1050284614848223,SUM2_006980
-0.09841559969643818,-0.0026882709329133477,-0.37885539900376364,0.006503953280821847,-0.013678251036149256,-0.020235901863303662,-0.008807786250168068,-0.007442711635841796,0.006833843689258118,SUM2_001443
0.09618254827959713,-0.010594608496268953,0.7619236413265323,-0.003337738532920513,-0.01671653084373196,0.12319505195475262,0.015011763816734284,0.07541504035659256,-0.0022545739243076683,SUM2_013501
-0.14996136662615106,-0.028063826382869965,-0.31867889001637295,-0.0314508082009554,0.0652874355645514,-0.019040470857108395,0.011821297750563462,-0.0086100613495718,-0.035206264417520644,SUM2_000850
-0.14614619523751574,-0.002943541454701734,-0.3804490401629109,0.03148695589995421,0.011343819162817348,-0.021711001972242648,0.011917965757110936,-0.00861423372645411,-0.012109336955909994,SUM2_018444
-0.05912907168121699,0.028794577394912757,-0.3451676441842603,0.09797613786411208,-0.015211877827292655,-0.02076237404681742,-0.004542099595487176,-0.007498736583217499,0.0036518496329860256,SUM2_004300
-0.17818392990142753,-0.01489404222446313,-0.5688078829285518,-0.05375204510635878,-0.014358064758245965,-0.021167083764877876,-0.004803509665255785,-0.008528807226290895,-0.012091837300540174,SUM2_011209
-0.08822618692694001,0.029136636576704632,-0.3170436508668544,-0.0005800769874191082,-0.07743483540145739,-0.018412752261799083,0.01085439430813597,-0.007477885442718173,0.09059238453234192,SUM2_012066
-0.10776294576330962,0.010814745341894345,-0.44460524599781853,0.016276712960095703,-0.0331867874309208,-0.021005854836455357,-0.0020553780205799137,-0.007516828877547456,-0.019952871776515606,SUM2_014462
0.03806474206426293,-0.04209580481423934,0.6087840861137668,-0.010982195189107362,-0.17789318800473314,-0.018906152148667466,-0.022830757678433507,-0.019095152037805346,-0.016655920429496585,SUM2_018921
0.03515190024830396,0.017989712366387002,0.5743585613160052,-0.0005955916022788457,-0.022340198291838004,-0.022540742747731584,-0.00890072424012279,-0.01769385697808875,-0.009729844674281948,SUM2_013894
-0.06715761752867119,-0.05503628040047638,-0.4021792727597254,-0.007052787979373516,-0.11195734410059603,-0.01946325904407906,0.006228398818299326,-0.007788631630239326,-0.052127077457984713,SUM2_010436
-0.11768253555890111,-0.02579663309151655,-0.37075253255102564,0.04196467815490379,-0.024728658133145613,-0.022388106349235246,0.008673108537835553,-0.00877238196326706,-0.027433568626772965,SUM2_012996
-0.07914883774882114,-0.050629035255504065,-0.10559099864684159,0.03963474909229051,-0.046378130291163625,-0.02213618764560294,-0.00524954093541166,-0.008476104693299468,0.005383642620878945,SUM2_010553
-0.057162816540453784,-0.020887167728285177,-0.47174042452875575,-0.034041155963990724,0.06456426685444586,-0.01934309984799003,-0.0121351753175321,-0.007346851605863851,-0.019270640838331143,SUM2_004255
-0.09665096148248517,-0.039394826670305735,-0.26480435264448915,-0.04730063977440371,-0.086991076661986,-0.01947592108683263,0.006896080654312474,-0.009290911730850919,0.1707646372695248,SUM2_008242
-0.09548247037664181,-0.052683869194266444,-0.3733973521532763,0.006391049176690334,-0.02492679154947143,-0.021858241776233914,0.011935543293261963,-0.009048800595763542,-0.03764045240653484,SUM2_006860
-0.09484967048610346,0.0124586909170387,-0.4088763739796707,0.0022741101637269766,0.03933782049252689,-0.017537853256480336,0.006547255217069285,-0.006671482106308878,0.20634159013638395,SUM2_012258
-0.08342551488278019,0.0006324907118206178,-0.33485505022628625,0.008220291836950791,-0.05551445563838964,-0.02070957553401309,-0.004546933912445915,-0.008099715526577619,-0.05849446104062193,SUM2_013638
-0.15731796161411946,-0.03072621541355048,-0.3234386159727497,0.04267722307844636,0.08655585072722917,-0.02103155546675329,-0.011846808269766782,-0.007824446696612797,-0.13831109443005157,SUM2_010964
-0.15072202904475865,-0.050992630640793,-0.3397755495835607,-0.021081682208126836,-0.07142256480358913,-0.023523743196998976,-0.0082566103612428,-0.009463561880439649,0.01708803719920904,SUM2_003467
0.09618254827959713,-0.010594608496268953,0.7619236413265323,-0.003337738532920513,-0.01671653084373196,0.12319505195475262,0.015011763816734284,0.07541504035659256,-0.0022545739243076683,SUM2_008737
0.28762870195634327,-0.05701691067462132,-0.26384074176949746,-0.05991765594816274,-0.05345062231625245,-0.019546076316324174,-0.01521074257491493,-0.007977411049240924,-0.04173786843235426,SUM2_018385
-0.03766359867609019,-0.02597141183289902,0.033407171015367394,-0.009906419837768857,0.20312710780288218,-0.019008895146919447,0.006179314218452325,-0.007657276317200275,0.04826704635535585,SUM2_007170
-0.15393812016549438,-0.019784163857432674,0.2845046107416511,0.012414628006406614,0.08375511233870528,-0.018353963614301076,0.011828266359792457,-0.013125725441297743,0.05594266901073223,SUM2_001821
-0.11915477843512971,-0.0131760165503839,-0.4162049579633906,-0.006181536997157163,-0.02021572926712053,-0.020928967224709782,-0.006918743234741229,-0.007657854691047,-0.02646397816783478,SUM2_002978
-0.11698833701497062,0.0004916683228259906,-0.007951901755858996,0.00694920048828915,0.07303923002458232,-0.018441828285610154,-0.004118558659948339,-0.0059506029530964075,0.031151977037966128,SUM2_016025
-0.009156907646361845,-0.03424841757530432,-0.005584842096842754,-0.04847096296530271,0.031230664865005024,-0.020237578476710878,0.013315870187264326,-0.008497513228953679,0.06355067258929843,SUM2_005414
-0.12537491603783044,-0.03911157198102232,-0.34367990479283256,-0.015176196626621275,-0.04852877555387502,-0.023585637195378047,-0.009684538610428497,-0.0089273720245591,0.024566279887724383,SUM2_006407
-0.1810016030994765,-0.022907698445874786,-0.5795299752625732,-0.0017656640209172125,-0.04542839642711667,-0.020254507957311207,0.006393075144494657,-0.007713921782556879,-0.020400065885082846,SUM2_005616
-0.12764641166448723,-0.017897375310483278,-0.4840187224202318,-0.03951593541962783,0.01345790720250648,-0.021050527974972436,0.004931202210485606,-0.008112999709459008,-0.07626488790022558,SUM2_012214
-0.11980579755131511,-0.030145277681980925,-0.48129280098877947,0.01029267123588741,-0.07065579886790159,-0.018828709388877853,0.006949484288053325,-0.006601576654718661,0.05545894053050802,SUM2_016192
-0.09033893056305209,-0.004191031156649053,-0.3108609009397202,0.025408835204363406,0.16072800312817673,-0.017808029395843698,0.0070305826143983955,-0.006820078579436549,0.13108087753175193,SUM2_015270
0.10059060470786804,-0.05120711107519584,-0.26953991204901434,0.02085039790034972,-0.0505478823055928,-0.01813914743587907,0.012352207716216337,-0.008977153729100375,0.04956754762854003,SUM2_004352
-0.1951821410225239,-0.0535397720009644,-0.5011528619652424,-0.024551500640590966,-0.11720758349683469,-0.0208009855611749,0.006198118622743458,-0.00917888128113151,0.07288811926160581,SUM2_005194
-0.060188043670816205,0.055605708882868476,-0.5064153480800815,-0.04519600475236033,0.0004218647041667717,-0.019771169158200142,0.008667005161744016,-0.00895971495024316,-0.08029219648645601,SUM2_007094
-0.16304713286668632,-0.026040637518217523,-0.5182626510203369,-0.0313393638508241,-0.16153507551379495,-0.020580509718417055,0.0027268771222624774,-0.009793693565832306,-0.0666716140597172,SUM2_013573
-0.032043638021014925,0.004403809523841187,-0.4693959003185964,-0.01344054456346649,-0.05679135267323328,-0.019332770390970137,-0.008326452178129811,-0.00930940266339082,-0.01739298882109624,SUM2_010125
-0.11369790010166722,-0.016098140568481172,-0.455123806020196,-0.0032558486917810153,0.06359510627094614,-0.01807119120728923,0.014907558798927878,-0.007112308680001585,0.10623576589477905,SUM2_011074
0.5947511675028663,0.04682132198373733,-0.2794721710219537,-0.02249859720485941,0.04138736033163693,-0.019348845030122828,0.009194476713191842,-0.005749316812729133,0.3261333952046633,SUM2_016484
-0.16725464899343354,-0.030209834824992073,-0.4092053166290949,-0.019961533808421403,-0.015115039789153272,-0.02205741626121433,-0.007419097098459279,-0.00991336440169881,-0.016295426238454026,SUM2_018398
-0.16004553665891408,-0.051686664830139326,-0.37813974246356596,-0.01330293206004482,-0.035605301458726236,-0.023156244643070454,0.010659333145702077,-0.00941915276566729,0.009707478275833356,SUM2_018817
-0.058050651621648665,-0.0031754982832320226,-0.08982440808662957,0.004435052709612865,-0.06519403695293474,-0.017022328504040483,0.016803527278482184,-0.008423589291390818,0.03789838154490011,SUM2_010011
0.24911537969657066,0.22675731994858275,0.4082400913779297,0.1747351283087651,0.08843614830986328,-0.017897187126069032,-0.007776849879893579,-0.010413456223305275,-0.011677809072765574,SUM2_000222
-0.14215653377552032,-0.027881398148732715,-0.35820127095255805,-0.002869790813339587,-0.05450977291980499,-0.018180982679898938,0.007737937029405848,-0.00770812860570404,-0.05968111719257922,SUM2_016711
-0.028928794151036896,-0.04220321594968868,-0.5081297087884142,0.03365533117405042,-0.09165612245728487,-0.01810634803647214,0.009258946118986469,-0.008048988947910559,0.18310172445420955,SUM2_002425
0.38936603241338813,0.06529803921570371,0.27308590931752447,0.26702442731551435,0.4825194281561972,-0.02647970932417233,0.038943277669952835,-0.003797960695619086,0.02899873604220123,SUM2_001359
-0.06274352231421673,0.0014393259790891053,-0.5102787162625807,-0.05207180744435511,-0.15972855969247995,-0.021886565042058218,0.009236544746499889,-0.009837304567705757,-0.07986605284971326,SUM2_009531
-0.060897231940607255,0.0165533195968518,0.15835894059893932,-0.03320434709445161,0.37128163215249954,-0.01852623984385395,0.007329567473132978,-0.008167203235684636,-0.005016531993409382,SUM2_003513
0.09618254827959713,-0.010594608496268953,0.7619236413265323,-0.003337738532920513,-0.01671653084373196,0.12319505195475262,0.015011763816734284,0.07541504035659256,-0.0022545739243076683,SUM2_011988
0.09618254827959713,-0.010594608496268953,0.7619236413265323,-0.003337738532920513,-0.01671653084373196,0.12319505195475262,0.015011763816734284,0.07541504035659256,-0.0022545739243076683,SUM2_017231
-0.05909875023884477,0.1103937569760517,-0.19914350977293319,0.07586366045162928,-0.02492396526480451,-0.022273453994786713,-0.0071924782294899795,-0.008849735619168526,0.009962065127072848,SUM2_003364
-0.1402550151783576,-0.04478998994326591,-0.5178646793598242,-0.011341736403929121,-0.1380512913356856,-0.02065257286683738,0.00836641262070849,-0.009362036310219285,0.06965963924738328,SUM2_013149
0.17741107937467443,0.18443165586428445,-0.07633428627387417,0.25236447989020183,0.0560222185576593,-0.01801526250526887,0.00643412126889778,-0.007792004201257655,-0.02951205216796186,SUM2_017581
0.8200981706380738,0.0688460907027022,-0.12868985829475707,-0.05099583961852455,-0.09789291265219136,-0.0166233548015891,0.010182123901084122,-0.009166498422713042,0.15380291089652404,SUM2_012981
0.8221822846519684,0.01866958022753318,-0.25357280552354927,-0.0919374534619584,0.18214035111493668,-0.020522877947120207,-0.015416687359898618,-0.0071617287376349965,-0.09197429500257395,SUM2_017966
-0.0915225224511657,-0.054302303531757204,-0.4492551690443721,-0.024311946884246295,-0.09240191749559175,-0.01900852853380083,0.00691957592782608,-0.008558930297431518,-0.002579765663084807,SUM2_012444
-0.05888017718987705,0.023231037134242693,-0.4375193134773062,0.08824265470854126,0.023118014151894614,-0.020367912563207292,-0.006633407298939209,-0.007819187255787065,0.01879809856303253,SUM2_013897
-0.2521501618149606,-0.06664622475430074,-0.3576883314279991,-0.0891352153343236,-0.03162617042294198,-0.020070815996832983,0.006453962785907387,-0.00958493249888824,0.02123817872374469,SUM2_006391
-0.12889712820827723,-0.002939243404786186,-0.423870192824163,0.04468669987836258,-0.035079721319363884,-0.021093753736756295,0.007817680808967806,-0.008228059158409465,-0.015948587530862413,SUM2_011418
-0.08537884297887557,0.01092674684737505,0.003648652645026538,-0.036689499201926164,0.05898336258055235,-0.0200636736460643,-0.003656094188459539,-0.008322878702456581,0.020445798956525922,SUM2_010787
0.2668071366775553,-0.02638382573405316,-0.15054372438963945,0.02958335900676969,-0.16466369719595797,0.10107119982929062,0.039277102417679836,-0.04171872701303914,0.03495408918646956,SUM2_001855
-0.06051684655860169,-0.026559474805400274,-0.330232222784559,-0.0074107662541092415,-0.017727735191375122,-0.019591757025580404,0.0069128352844105845,-0.00852856153875985,0.04312593495805127,SUM2_007528
-0.1691119161315997,-0.022178972554763008,-0.41991963686372014,0.0018022756348565218,-0.01855955452953586,-0.019496576380571166,-0.006760892504581914,-0.006314722534711268,-0.00625716844266746,SUM2_002170
0.05014746351689843,-0.0738695649601025,-0.21844500275433604,-0.03477255003801262,-0.14068808266330426,0.043900427270903354,0.02892871946869996,-0.0430708091838247,0.006018192487501489,SUM2_010785
-0.13368160592392395,-0.019668367058303413,0.34335164471611357,-0.010741391253613083,-0.12531168081596472,-0.022835589427013823,-0.027543642493104925,-0.021339721321191017,-0.05282457080685151,SUM2_004401
0.21848343128440226,-0.010640672868135465,-0.3557449576185963,0.09233910618065326,0.2320852309669784,-0.0152362211506325,-0.004032410373697557,-0.007196705662254439,0.04312194590152156,SUM2_004809
-0.10004761372573352,-0.04467347624655818,-0.3489619324367771,0.08895377688445812,-0.003686268414230964,-0.018927529360967383,0.011466987049949308,-0.008145776031155617,-0.0029402829638147192,SUM2_001389
0.019456335286385205,-0.008361367539650135,-0.33910122307782753,0.09019743736284494,0.19232206277091227,-0.01496983218298931,0.009565243651601593,-0.006987104212953718,-0.023079127196760134,SUM2_016479
0.22243497769586962,0.34807190131238297,0.2770556183084081,0.12064811352193772,0.576797265368443,0.13747490933686873,-0.043832899007861796,0.0009383231408278001,0.016667868426264713,SUM2_005967
-0.15736275033168146,-0.030535092902140498,-0.39249951188996357,-0.026963333180086348,-0.018003282949551044,-0.020662330973711295,0.006596575293724825,-0.009255709233288206,-0.04510752905808488,SUM2_002500
0.028071320843896175,-0.0021843774190484174,0.02254019117816843,-0.01724354800458707,-0.05717486425230556,-0.019043935169692747,-0.010780131938198058,-0.009277779029830326,0.02495260847120003,SUM2_004194
0.016250630604100022,-0.035476545490250276,-0.2977783992288508,0.02065596460178378,0.16956802099494553,-0.016117749892602923,0.010771465787498371,-0.008040945485631898,0.12125391757111777,SUM2_006092
-0.17056244252212882,-0.017215268193308878,-0.44702454724818697,-0.016307434714719352,-0.02454064862429819,-0.01965427102151323,-0.006056943254654525,-0.007684132698097803,-0.005807260356417382,SUM2_017216
0.10557156347564253,0.025649525125910122,-0.29479856826894524,-0.007137307134827649,-0.05155073288028959,-0.01857433715453049,-0.011995103560076253,-0.00820706486285425,-0.019865755549880224,SUM2_001218
0.23855840107776594,0.05762486938349627,0.04744480787655577,0.04124393244384602,-0.04497681472562852,0.08106632772083196,0.008120856789941951,-0.021980577687227186,-0.056249566886855784,SUM2_001658
0.2668071366775553,-0.02638382573405316,-0.15054372438963945,0.02958335900676969,-0.16466369719595797,0.10107119982929062,0.039277102417679836,-0.04171872701303914,0.03495408918646956,SUM2_007730
-0.037060014040539956,0.03551000192868829,-0.4620032037780922,-0.04081188350106309,0.11718283923810122,-0.017486940469876387,0.016523039193438137,-0.00788710952249701,0.001650539243245764,SUM2_016255
0.4663468427701816,0.043681103893935785,-0.13609336262889601,0.22281124737305694,0.1738350910574658,-0.01624944548375596,0.005290037068650899,-0.006517366678819902,-0.03430179109899595,SUM2_005433
0.2396319072732303,0.23616548042739643,-0.07396992541421862,0.3631325196976537,0.044371518115248434,-0.01778880445220115,0.005354253994471415,-0.007388938178573762,0.0009664917853992247,SUM2_018783
-0.06460296834566596,-0.015248675857133654,0.37624777586866553,-0.036334604682478594,-0.1256545447487356,-0.021517041638659078,-0.02603065305491653,-0.018761399724600312,0.003603366175766937,SUM2_004644
-0.10641301762128286,-0.0047429955596333655,-0.37929284844454914,0.009709169819494014,-0.03842833504134681,-0.018904948122932815,-0.007663022112345684,-0.007029845913770117,0.0024770548109692573,SUM2_016262
0.015869303166351184,-0.03108895747245068,-0.24992106466886868,0.07316721300868105,0.046161962721398955,-0.016263240245988568,0.006452040319354077,-0.005238969255014726,0.27239020109141676,SUM2_012503
0.3113110952821725,0.038729586180999795,-0.1419966693120422,0.04577402654869402,0.005630008837440835,-0.017161696232797303,0.010678097740401387,-0.00876351049030832,0.124932865486537,SUM2_008635
-0.14174508543836864,0.0014763035171496755,-0.3187462385186848,-0.008479373986045988,-0.038159641037358305,-0.02333307455094565,0.008297465099323036,-0.009229640354946708,-0.0073757877971038594,SUM2_017210
-0.16398725581549004,-0.024091148385064213,-0.2623614254091583,0.00020762868187797283,-0.0738446386946057,-0.02055762755231853,0.010445584760689497,-0.009772375350977988,0.025358438980243137,SUM2_000750
-0.07329607939276839,-0.056030821270591044,-0.31442078151703257,0.017838301909106617,-0.09321340743525929,-0.019216961825244405,0.007259815658892811,-0.00826054322375205,-0.0418444211659671,SUM2_013548
-0.14796107504837214,-0.01931737784812598,-0.3572248771791804,0.002056973511412067,-0.09452327462060708,-0.020110653256760574,0.007760476497611639,-0.009638095888022332,-0.00017430569259795913,SUM2_010806
-0.21920527244331822,-0.045837870592975824,-0.2756217222524457,-0.08384219612394142,-0.030363967578232086,-0.02003052220431881,0.0068245939251141575,-0.009498224130088152,-0.05000829003326772,SUM2_002992
0.07704024538403628,0.029412236149411703,-0.3090647443439647,-0.01460821428595229,-0.09679544778067121,-0.018942916247005274,-0.012851528479348706,-0.008188227589194286,-0.012322899699722372,SUM2_008344
0.09618254827959713,-0.010594608496268953,0.7619236413265323,-0.003337738532920513,-0.01671653084373196,0.12319505195475262,0.015011763816734284,0.07541504035659256,-0.0022545739243076683,SUM2_001880
0.09618254827959713,-0.010594608496268953,0.7619236413265323,-0.003337738532920513,-0.01671653084373196,0.12319505195475262,0.015011763816734284,0.07541504035659256,-0.0022545739243076683,SUM2_001574
-0.13572022591873203,-0.04069852715757436,-0.5227206284823731,-0.029141913226840288,-0.151582347133103,-0.020860204811878558,0.007183778523991771,-0.009681168945711291,-0.06102701078936864,SUM2_015515
-0.15110699103287054,-0.01246848411975306,-0.38766141698983103,-0.0012375319848542741,-0.07413693660421736,-0.019260736996347946,0.007849387510693268,-0.007901850645530934,0.060978412578163485,SUM2_012164
-0.09352694645686341,-0.007506182540258586,-0.4925755382544154,-0.06754307732330686,-0.022499862472135652,-0.020921998405336383,0.009644685900431058,-0.008911798636078534,-0.06508691502819683,SUM2_010113
0.10450316423605828,0.073038496969968,-0.004180880947329392,0.008495573215493293,0.1555580756642543,-0.01695146839019489,-0.008228976480194852,-0.0066960683046364405,-0.020166273512019346,SUM2_004638
0.29871105238005347,-0.03769225751887335,-0.3581123505915225,-0.032926645612061524,-0.0031054146889373697,-0.01824925720043834,0.010643631609931727,-0.008763986810686346,0.01623474267720486,SUM2_008925
0.6377163146443632,0.03543501133899909,-0.2944873561661619,-0.05943858185395038,-0.3390062274722722,-0.024945190266279303,0.00894406214333981,-0.009044127778325667,-0.08827669290810834,SUM2_014477
0.2113331659704379,0.006355516936927158,0.5515328778345701,0.0990564820603326,-0.06661779104516084,-0.019856538593083558,0.03842871197551426,-0.013776437492431954,0.046122311726361845,SUM2_004583
-0.09858301669115785,0.023086780995373157,0.29309618805006504,0.04373302695076244,-0.1482330693311385,-0.020758217633845496,-0.021785666782032732,-0.015410072216531737,0.031390991910689184,SUM2_015293
-0.18542022431663896,-0.05497009938765968,-0.30151562183524677,-0.009488046039439561,-0.03104857803163457,-0.022977543625253012,-0.009910509225635555,-0.009225768488864873,0.009890383480782233,SUM2_010551
0.46627559662541473,0.01777846097642939,-0.340522899613068,-0.058557213420198616,-0.31586492396215815,-0.024903620851208168,0.009045506361586231,-0.008781950944336986,-0.07676249377699637,SUM2_004317
-0.09705935837195409,0.0021398240471291914,-0.27617402470925556,-0.023544746058560936,0.015926849569252055,-0.020131385862794764,-0.006098226834638566,-0.009587768026728543,0.06346906721060191,SUM2_001906
-0.06077688308125334,0.022887422978734407,-0.05671094466901282,0.010298772295009275,0.3414868699257623,-0.01745522938597866,-0.006078848379864363,-0.005415928844669736,0.04839180532082325,SUM2_000356
-0.07972670882594261,0.007431940854414808,-0.3119151090251199,0.00614872581433526,-0.022777627702279195,-0.020909877699441907,-0.008269153409425193,-0.007607114628093034,0.03856016156965699,SUM2_003076
-0.10909442484391811,0.004636395539110791,-0.4575573673160057,0.006011186227968049,-0.031468850706752115,-0.02150729464669566,-0.004720186561023853,-0.007910335754309512,-0.04311317833030534,SUM2_012054
-0.1118240665667809,-0.001612338875936053,-0.4051510997091552,-0.06266899227572106,-0.032160734538300165,-0.021942827222253675,-0.00656814459435028,-0.009469450175604657,0.0014595297279591018,SUM2_005231
-0.06216915664638274,-0.012047459748667574,-0.3506168158422321,-0.0024199748031356995,0.10792003486933073,-0.01853118912782111,-0.0054788390712521865,-0.007621243025761104,0.03020988019877836,SUM2_017960
-0.21665006959063143,-0.07606241019761345,-0.376650551020185,-0.0980637328621479,-0.03903986483504252,-0.019883585891184153,0.0055458997203567135,-0.009365886459849992,-0.002302754069599644,SUM2_008534
-0.04625868365171225,-0.02106037735720543,-0.44982344486873227,0.004796939977036409,0.10357866092286938,-0.019577515888033144,-0.00649316905984391,-0.006441071278474155,0.018865412041654518,SUM2_009139
-0.08877248142944764,0.018132345958267033,-0.09107681807232737,0.0908010901146665,-0.0623666611609736,-0.02083496138323162,0.010313138215785443,-0.008130794416209855,0.03936706101075865,SUM2_004574
-0.04823421321271533,0.002762128651769344,0.1566039620126208,0.05196534141073796,-0.03115101126270987,-0.02228364347719878,0.011613019677650068,-0.01064253993308571,0.02050239682183686,SUM2_004135
0.25929178027784244,-0.04302375420398292,0.05646452050741689,0.13826998382381622,-0.13365466686809438,0.0962343062557683,-0.022414119851757598,-0.028998716001694798,-0.059474722699989616,SUM2_017416
-0.1742313308079301,-0.08523027259933574,-0.37724771149510217,0.0024363905036279337,-0.12414140307556812,-0.018666310397259654,0.010881678602076875,-0.007781606739464935,0.09520318068604108,SUM2_004406
-0.20817635276080063,-0.05549060868152904,-0.33667296183948175,-0.032763623583644645,-0.07890590303736292,-0.024159537101480277,-0.007246192670357364,-0.009544655140747546,0.0343355568422154,SUM2_014752
-0.1954063326333239,-0.07092183128132426,-0.3129226089430636,-0.0024997839076490395,-0.09683799977972615,-0.024336914526692167,-0.00972153535297508,-0.009371269436203079,-0.08403612279121118,SUM2_010514
0.24385068929779755,0.05144183803705976,0.4360714766101494,0.18264086141188177,0.10298246795259813,-0.019700694958809477,-0.011875511143459005,-0.010098695738926959,-0.054305854924144845,SUM2_011919
-0.058050651621648665,-0.0031754982832320226,-0.08982440808662957,0.004435052709612865,-0.06519403695293474,-0.017022328504040483,0.016803527278482184,-0.008423589291390818,0.03789838154490011,SUM2_005331
0.014335382983584633,-0.008906950607646746,-0.32848448872870106,0.08233649213951308,0.0157028349396569,-0.019032304982621883,0.010581149933303124,-0.007576057415140096,-0.016621507500866613,SUM2_012476
-0.07387980366500323,-0.005368654806766177,-0.08281397596072362,0.000986644935407547,-0.05066949300740643,-0.019943364778884917,-0.008608397072399585,-0.007602995420798633,0.12212090880522601,SUM2_000672
-0.15721724155132094,0.00995336231190228,-0.04988369917526645,0.039326529398965936,-0.006667472564182045,-0.021372342705360908,0.019172619058809834,-0.00855831548678999,0.03508877615273389,SUM2_011352
-0.07503191319092725,0.0703057444252078,-0.3070640917978198,0.024443665998579736,0.015044417113962993,-0.01766816957509772,0.0142274376629782,-0.007439751055654753,0.10494340410686057,SUM2_003157
-0.11361697068065357,-0.008576674834090617,-0.36885038798628494,-0.010417871197303443,-0.04728363552042297,-0.02265302210156215,-0.004862652429824983,-0.008572059164932724,-0.07726146092942432,SUM2_003169
0.06954753864959663,0.005119021298721621,-0.3324789127824889,0.011925298579428374,-0.0681673920134941,-0.01754184590520123,0.016979587412525556,-0.008710991493261398,0.10124341335986027,SUM2_007485
-0.1264730313359507,0.00248556004846467,-0.2942845229321906,0.028813946219983233,0.009440504638977776,-0.017387067991382427,0.009469961184030321,-0.0071555903311732935,0.25080745393303505,SUM2_017635
-0.1080985024962186,-0.034801477967078775,-0.45463403008573433,-0.015276669831565157,-0.10849086015957943,-0.01964528069687456,0.008667502207139683,-0.008946150830005986,-0.026694308062908224,SUM2_001082
-0.09054000345657079,-0.02745709589232619,-0.4342044113938625,0.0022531070644704046,-0.04142854323493737,-0.01814478285594012,0.01164808093963574,-0.0071539079224793274,0.08083527026296096,SUM2_005605
-0.004464511519547671,-0.03861994208933288,-0.3365800041430346,-0.027939215363265747,0.03157409764853572,-0.01973663548990572,0.006064485459654825,-0.006518288681183089,0.13935716355957667,SUM2_015856
-0.058050651621648665,-0.0031754982832320226,-0.08982440808662957,0.004435052709612865,-0.06519403695293474,-0.017022328504040483,0.016803527278482184,-0.008423589291390818,0.03789838154490011,SUM2_002882
0.11190143925171422,-0.025206390863847163,-0.25629740163120873,0.03909844872320739,-0.05279585829644803,-0.017153072793801172,0.012486655467893223,-0.008363056937697632,0.12901316316021466,SUM2_003549
-0.05055065114093649,0.0123481328815236,0.02160849088227102,-0.0011207926834679999,0.19255650609673913,-0.019572501564096047,0.004871073650054289,-0.007694729853520646,0.04908416396957655,SUM2_018060
-0.07179681507663085,-0.055739094090753186,-0.4795380748207724,-0.04312009504257962,-0.05022736256945065,-0.020472765648812064,-0.011440693003964013,-0.0090463843700157,-0.02158673982323523,SUM2_001028
-0.04362525135585112,-0.02628317854905609,-0.03932175128322763,0.05572271317367196,-0.010981373441748734,-0.019492097111226396,-0.012627011847688186,-0.008033316174570546,0.09297657844503213,SUM2_007339
-0.05391536710921474,0.0020171441811424966,0.06820114852640867,-0.0010281558822766285,0.04444873148695798,-0.01826358293118868,0.007632666011776136,-0.007218124953709384,0.25443377790644883,SUM2_018017
-0.08681566643816868,-0.048728052940416655,-0.3015408372191948,0.02335440766884235,-0.016918529873350234,-0.018240017915442053,0.008255633816139429,-0.007360623571942991,0.14623517295966995,SUM2_000878
-0.025228216762865262,0.00676675529191364,0.1708334026052584,0.02016724238969311,-0.06061136720801491,-0.020940972657297306,0.01593615681924055,-0.010868601785666844,0.021278790983137987,SUM2_009753
-0.13198350305152967,-0.01678884965565302,-0.39647568895383384,0.025393830296368224,0.12289678871469252,-0.01873157275792061,-0.00870130209795599,-0.007700653338366237,-0.07267355155139894,SUM2_017750
-0.0006729772627640726,0.014573974028149774,-0.07618746265951949,0.10267588866425426,-0.05424086355809438,-0.019497700785756873,-0.007933989966215077,-0.007198230518327886,0.02605701188156468,SUM2_008904
0.19948322847357464,0.33217801777983214,0.07284663792551205,0.2741993328210316,0.36246284680645185,-0.03460594215239572,-0.013081983265421818,-0.01716127920482184,-0.0014218202813540454,SUM2_003221
-0.17688960619779764,-0.019221011000064733,-0.5042941283606122,-0.03112240002104875,-0.02637138775843873,-0.02030040201420277,0.005790178070762729,-0.008250049448583544,-0.010473399513316682,SUM2_014875
0.023182544119337005,0.018463058326389847,-0.30329899945201794,0.050120330462293625,-0.008816367246015347,-0.01645677748702414,0.011168338479078593,-0.0066692139587100656,0.05324442996176115,SUM2_007566
-0.1850809759293926,-0.03530846048529597,-0.5408189882718316,-0.0182931533870252,-0.1922973842715815,-0.021424756550303754,0.007481390251910173,-0.009838265454507738,-0.09690273356803311,SUM2_008470
-0.061372163195179796,-0.007773531924268817,0.14734582794096504,0.008416816362497106,-0.11666948506473673,-0.021989008497261993,-0.01776090031308695,-0.011363333548712991,-0.011031495589510906,SUM2_006108
-0.08779208375986322,0.0851124075115743,-0.04756264819865851,0.06831769809272285,-0.07436930371035885,-0.02136313469414512,-0.009570069847890147,-0.00891480102232486,-0.04372447829701251,SUM2_015545
-0.05124454109857107,-0.09961962659275063,-0.5293568634623895,-0.057810575316512944,-0.2003409446455458,-0.02237333604657945,0.00909101734471972,-0.009661196872490823,-0.03553307816132173,SUM2_009157
-0.06785189628291183,0.02210664594872767,-0.09713989877065733,-0.02275934942624533,-0.08239146687877136,-0.02247276928159595,-0.009246331302552506,-0.008666556469378101,-0.0650456863133242,SUM2_011299
0.09618254827959713,-0.010594608496268953,0.7619236413265323,-0.003337738532920513,-0.01671653084373196,0.12319505195475262,0.015011763816734284,0.07541504035659256,-0.0022545739243076683,SUM2_003620
0.09618254827959713,-0.010594608496268953,0.7619236413265323,-0.003337738532920513,-0.01671653084373196,0.12319505195475262,0.015011763816734284,0.07541504035659256,-0.0022545739243076683,SUM2_004086
-0.1416998877702872,0.026154768987753662,-0.28073855264255154,0.030487513279999344,-0.052676387459803554,-0.022499466229329225,0.008880679833946883,-0.008758250655048146,-0.005409059730841238,SUM2_007113
-0.18048085864378308,-0.022500596676861224,-0.5039912422448602,-0.02842975013600707,-0.11163153169017292,-0.01974564485680746,0.0036374216555107295,-0.009006799016640287,0.10342902557454918,SUM2_013761
-0.13460265249361103,0.00632487412884008,-0.28738663746136567,-0.01074530658833529,-0.02799948054985547,-0.01855638949967898,-0.003690140463762205,-0.007712648675737187,-0.10679389781340858,SUM2_016089
0.9326043633511597,0.08014179472976309,-0.08689003137351789,-0.004615893737321788,0.1339258630105356,0.11559153109671524,0.010360209772197735,-0.007685842415282482,0.1526228549921925,SUM2_002005
0.09618254827959713,-0.010594608496268953,0.7619236413265323,-0.003337738532920513,-0.01671653084373196,0.12319505195475262,0.015011763816734284,0.07541504035659256,-0.0022545739243076683,SUM2_012539
0.09618254827959713,-0.010594608496268953,0.7619236413265323,-0.003337738532920513,-0.01671653084373196,0.12319505195475262,0.015011763816734284,0.07541504035659256,-0.0022545739243076683,SUM2_016500
0.09618254827959713,-0.010594608496268953,0.7619236413265323,-0.003337738532920513,-0.01671653084373196,0.12319505195475262,0.015011763816734284,0.07541504035659256,-0.0022545739243076683,SUM2_007282
0.2931112261708669,0.2735427393672225,0.6308257722888937,0.10895164739314389,1.4784487289815194,0.13050490071358517,-0.004552189484751848,-0.00779337017721716,-0.2499477591357421,SUM2_018730
0.04118452197606809,0.01138271247683112,-0.06543190199365614,0.10557884344097457,-0.047540041207969244,-0.019885029372417727,0.01309839592311548,-0.00851127956088239,0.011573896547482953,SUM2_014787
-0.03563253592150899,0.029697308776611458,0.13383443585130986,0.012189323729389847,0.3758430912359622,-0.017383346817311695,-0.004429251174447288,-0.005364627889748503,0.06707377101494617,SUM2_015834
-0.10856562504457119,-0.041853054899884654,-0.5115197580474687,-0.041433505982091876,0.0011161951609029316,-0.01982561264681689,-0.01067219203988735,-0.007686686357657136,-0.022773185622152022,SUM2_014187
-0.06931060079162746,-0.03203976073300986,-0.329743570765336,0.03664910311900658,0.010668924298246528,-0.017247337297232067,0.005005075115092166,-0.006302731788250669,0.12825093628297643,SUM2_017804
0.41694429075919903,0.03197257066010696,-0.28526681364597606,-0.02140733700782093,-0.07439051813149844,-0.02436562278705132,0.008171136528673939,-0.006926525108868156,0.11753530982449727,SUM2_013123
0.013864324186814405,0.09581536503400893,-0.04417319492782003,0.07315873905462598,0.06598177639823435,-0.012175625514649074,0.006459885196484725,-0.006520640637206175,0.30222250131414397,SUM2_005860
0.113652216623591,-0.02095049650843942,-0.38567541235143565,-0.027997237460705045,-0.2390642267593135,-0.020775536603717077,0.007730118857823565,-0.009624178299660474,-0.08075468934467635,SUM2_011258
-0.20371538487995897,-0.03866627053628411,-0.4833436711385649,-0.057457147907199004,-0.12090218278525029,-0.020255100707716245,0.004206974998605979,-0.009157520206985511,0.18289279418127094,SUM2_015519
-0.07318849145577003,0.00758296551970928,-0.41951131425923743,0.06857841271408531,-0.0765711496799277,-0.020413362552688698,-0.0006668811708553249,-0.00742812462685487,0.009457487408269613,SUM2_012175
0.14693203908297334,-0.03196659532571215,0.10202950259142751,0.037090386461845336,-0.06320050837931591,-0.018264539210843034,0.04749957386412124,-0.038009698665323596,0.029199899363610955,SUM2_003587
-0.1307274506912826,-0.019571486537564096,-0.4533334957635537,0.016275459344075188,-0.1202533359810466,-0.01917450540094864,0.005631983900638811,-0.007759372404973676,-0.07105070977694468,SUM2_009566
0.9851777189486948,0.0447291715270123,-0.02529045223618151,0.0801049577379745,0.10534703746900567,-0.017407266064014992,0.010691345430402063,-0.00821040905441193,0.06566386871319621,SUM2_001393
-0.028224376127624858,0.010458642955288106,0.7979672438650857,-0.017125226359173774,0.007257639375343664,-0.02057833768291231,-0.015717863464052163,-0.010644840685422251,0.008609546592935852,SUM2_007866
-0.15808780873967954,-0.007083511889565156,-0.37404379119126974,0.0359035715771903,-0.05039291604667018,-0.022463233022567582,0.008344186210897555,-0.008853141640154726,-0.0088389349137182,SUM2_014314
0.23432770002906173,0.03570577468463969,-0.25780255783719885,-0.02513598954709027,0.046786542569562425,-0.015192373459763658,0.009800316063600439,-0.008388387524557336,0.19870319730170377,SUM2_015076
-0.08744538596474978,-0.00451924927751513,-0.31175799920503794,-0.015364319716089156,-0.07986587110174673,-0.020186125901104756,-0.01028779862929278,-0.007709739101535271,-0.059846487297526375,SUM2_013483
-0.0998337578380076,0.04440104471153501,-0.2989639912228367,-0.06051628079686908,-0.0008475256709372201,-0.022777704928646277,0.012033645490853933,-0.008587105280306918,0.0035910327693875143,SUM2_016355
-0.1142973905835396,-0.010106947647663936,-0.38101798025089967,0.016690958959521024,-0.04952823214040092,-0.019304898244827152,0.010719713655921887,-0.008233899216895737,-0.020139692929040356,SUM2_005645
-0.15641500560595042,-0.03782816663743353,-0.507666783414328,-0.016047157495687782,-0.14536012424592518,-0.020624556024242697,0.008427697273796348,-0.009128761180343448,0.07331488254085046,SUM2_003962
0.8079567134398442,0.053226771159610144,-0.16039645187429447,-0.09023087042415259,0.05009721477853226,0.12516119939327858,0.011915133399037508,-0.010639954434399228,-0.04582858674421757,SUM2_009612
-0.20280071312436676,-0.025985373447648563,-0.3587585381982413,-0.05126631203959218,-0.054711698992940594,-0.020865607047210095,0.0073030262926407725,-0.00802678110982242,0.06849189140124862,SUM2_000792
-0.11620426716691937,-0.012610000666352986,-0.39787585875598186,0.015616056828023228,-0.05597296009013717,-0.022346232266886087,0.009362814285272423,-0.008786859302188036,0.0010915877509072864,SUM2_005838
0.09618254827959713,-0.010594608496268953,0.7619236413265323,-0.003337738532920513,-0.01671653084373196,0.12319505195475262,0.015011763816734284,0.07541504035659256,-0.0022545739243076683,SUM2_000277
-0.07546715772947687,-0.0035002274621932896,-0.38455903943994957,-0.015727436105058532,0.027702250732700363,-0.020392871559327265,-0.006104150632576704,-0.009412810708774925,-0.028451945494255337,SUM2_014172
0.11329159943719555,0.07235554846830894,0.030689374040916186,0.02237098963209245,0.12521102805326878,-0.019529379202715143,-0.010944291101398029,-0.007008193942441357,0.034223611221734354,SUM2_011414
-0.09940387807667073,-0.003344428314033282,-0.1308231850953057,0.004688250325215629,-0.09423353041216571,-0.019546018356668072,0.018281418877063818,-0.008569630421446813,0.05180822581534533,SUM2_015146
-0.18623520578633723,-0.021681149844695956,-0.4904842960819983,-0.03557422097678043,-0.02684445609208335,-0.019960010549377925,0.005594675169531193,-0.008744025707673107,-0.048956449299421126,SUM2_002518
-0.14050900126454044,-0.019222962206768737,-0.15103079733381405,-0.0025862000569315743,-0.060748907949270306,-0.020183749414859342,0.012728978635483317,-0.008542698299366396,0.03362646382426755,SUM2_006714
-0.10910641059795867,-0.005979218385908052,-0.31688148929438664,-0.005639813836792159,-0.07743836060711295,-0.022133133867754017,0.011179026034624232,-0.009037139685983128,0.01041058523197933,SUM2_006243
-0.1163507481828175,-0.010926761326588827,-0.11594679105460275,0.004758229648074896,0.076347321547552,-0.019238856020551014,-0.004989252986174908,-0.0060653040736928,0.028166943080448398,SUM2_002887
-0.12151576280516227,-0.014046172925637836,-0.35435451708195065,-0.02020637882731947,-0.01546343185722884,-0.02111475499297767,-0.006915469258946141,-0.007691482429067943,-0.04875882428372469,SUM2_014215
-0.1288693790587518,-0.010559899528193667,-0.41019456071038485,0.03293444371816262,-0.02401008674220112,-0.021052844209518813,0.007515692365155399,-0.008165610117400116,-0.011647041776245742,SUM2_008000
-0.058050651621648665,-0.0031754982832320226,-0.08982440808662957,0.004435052709612865,-0.06519403695293474,-0.017022328504040483,0.016803527278482184,-0.008423589291390818,0.03789838154490011,SUM2_015223
-0.005242738504433998,-0.042420592817926664,-0.2546522820088208,0.033310074689710235,0.0431289883760679,-0.018331469876274355,0.007466652899615367,-0.006688334345853271,0.14872234349710364,SUM2_012461
0.11231020220661377,-0.10046760581954514,-0.3233893985467753,-0.08138095270900686,-0.1169892264770273,0.05430250866406181,0.006526086332137651,-0.04893849306319204,-0.0836139248477223,SUM2_005764
-0.1446049852055263,-0.013576284644504,-0.422474492091444,-0.0010555256027267451,-0.022594002471544278,-0.022512770462492043,0.007876221051533043,-0.008984386907309025,-0.010737467061927058,SUM2_005665
-0.058050651621648665,-0.0031754982832320226,-0.08982440808662957,0.004435052709612865,-0.06519403695293474,-0.017022328504040483,0.016803527278482184,-0.008423589291390818,0.03789838154490011,SUM2_008677
0.09618254827959713,-0.010594608496268953,0.7619236413265323,-0.003337738532920513,-0.01671653084373196,0.12319505195475262,0.015011763816734284,0.07541504035659256,-0.0022545739243076683,SUM2_013037
-0.10945415956185385,-0.014213879590985423,-0.40135759302215906,0.014215938102507519,-0.08405074665495146,-0.02067287600063135,0.008896982693721828,-0.008443977558756316,0.004812206351035657,SUM2_017478
0.034082348801219464,0.05245786603777578,-0.37511230428283876,0.029677327499798567,0.13022427157603364,-0.016975157666343048,0.006055542496423946,-0.008358993456701033,0.05671069748590256,SUM2_003772
-0.027290832826694013,-0.005005892562954119,0.6361430352884232,0.012154650618433243,-0.17581597910612218,-0.02293572719639104,-0.029451329628981292,-0.01938190175963584,0.03619568789295503,SUM2_011841
-0.1650913174895886,-0.06798723477380264,-0.43777515506996617,-0.05004123097396533,-0.08783715363372044,-0.024639061112005967,-0.007320103236916434,-0.009533788644307723,-0.03537560308787518,SUM2_009593
0.1928879672698618,0.0015212070490951848,0.5429705343991135,0.03324922461011293,-0.07693617719529142,-0.019872665449765348,0.03494176344324683,-0.016630721814162013,0.017705412175847406,SUM2_016571
-0.08217077656287565,-0.05192992841084569,-0.34976330055184146,0.009012287109116938,-0.0708516277322179,-0.018867994752322592,0.00866785161444503,-0.007824040699610135,0.12235734845895455,SUM2_017687
-0.12957102977049093,-0.014220760000720284,-0.390594267125831,-0.009571855533558911,-0.13032979602156738,-0.020482833324054362,0.005028011280148815,-0.009784880823507773,-0.10313478763209485,SUM2_015455
-0.12583765879469738,0.00786613161889431,-0.3706920868106208,0.041218542948374216,-0.016669191050439812,-0.021885114796127463,0.007628583716498759,-0.008538433702250584,-0.010961819852606311,SUM2_014605
-0.1402928778767349,-0.022452482770972965,-0.31749837211114107,0.0016201069569248788,-0.06913441922327937,-0.01901816946599702,0.00491690909045402,-0.007227298211059348,0.019741631998623468,SUM2_007548
-0.1010300246432541,-0.011297473454461578,-0.418162170369047,-0.013809754277972541,-0.020554206174428026,-0.02147310969246036,0.0063451166368422435,-0.008244808478171897,0.006672204940329829,SUM2_013831
-0.07500549863797319,-0.04710698721935873,-0.39014064513373936,-0.02700518754593862,-0.008148845692943012,-0.017493777519382237,0.007789136532819718,-0.008445837951816335,0.13777059336911457,SUM2_001479
-0.12300544354666576,-0.027307290687505488,-0.28244162888056223,-0.01282518517669769,-0.0678728043726062,-0.024463670607798964,-0.004445153068313605,-0.009073066854115252,-0.12768756308348644,SUM2_013921
0.09208752448943486,0.09844621202220626,-0.28379748999953824,0.31978196870006903,0.18270185154466262,-0.013565436549452256,0.0075472999191304735,-0.006434469206380596,-0.004132900366785824,SUM2_002734
-0.1500951836775355,-0.029360347537566344,0.4606390018183671,-0.05046823044226819,-0.20262512673685387,-0.02309013801747899,-0.028287217359523126,-0.02372234782934666,-0.09693478896275878,SUM2_012527
-0.058050651621648665,-0.0031754982832320226,-0.08982440808662957,0.004435052709612865,-0.06519403695293474,-0.017022328504040483,0.016803527278482184,-0.008423589291390818,0.03789838154490011,SUM2_004398
-0.13097988160373053,-0.015973562109573625,-0.4010136065497152,-0.07271308338381324,-0.04523301861446729,-0.020691786178883086,0.0077091761037482885,-0.010038785509317789,-0.05087445818292833,SUM2_003654
-0.10878901443375259,0.0040420881764642366,0.03520846296720043,-0.03899196720471541,0.007985497477209553,-0.01977681085037617,0.006499638824692844,-0.009558591712375861,-0.02521882100648336,SUM2_005542
-0.2108822672936342,-0.04699984493667705,-0.5352525407166816,-0.042754629705422556,-0.13323870063680665,-0.0201914017828269,0.00424047140921929,-0.00927567936598929,0.10925671139890095,SUM2_013107
0.13072938548920388,0.007148979465454239,-0.22151288956707432,0.022557061914112282,0.05926688618527105,-0.016982228064666184,0.011400352401713897,-0.008160435432109304,0.14474060208001446,SUM2_013317
-0.0790290170422886,0.07733038553986996,-0.4045885480641263,0.033683602610708505,-0.08708016422546534,-0.018292275740731816,0.008452877160106979,-0.008495238400196822,0.07093596254743115,SUM2_016244
-0.18424556639520034,-0.0468112593703653,-0.38676024523126146,-0.045685823269591884,-0.0547389721335675,-0.02377153345529376,0.011073411065770014,-0.009474471272688273,-0.0037123811967922056,SUM2_016662
-0.05587626348733042,-0.012320366060223081,0.7607665792586651,0.016317688250990777,-0.151776619971932,-0.023685692761361912,0.050273592018206616,-0.0178544718247313,0.042598980356533714,SUM2_017335
-0.07698724279334708,0.03202968186564648,-0.28116024035952303,0.05152947172496268,0.027691082474903927,-0.021026725417557502,-0.005986937293949062,-0.008405622479877178,-0.026942472863483457,SUM2_016958
-0.023496364768372812,0.10716260146270773,-0.03833447483594295,0.09094328657995836,0.0585153949111442,-0.018348239135158324,-0.012637168337446028,-0.007863953764905392,-0.09071670544758385,SUM2_017070
-0.1270749479736887,0.004014043774912615,-0.22762889722252005,0.013158093734791505,-0.08773267869741366,-0.02070118759121086,-0.007803087473324403,-0.00789247223516247,-0.14304315192155698,SUM2_005015
-0.03037546585576703,-0.01793547958907258,-0.5251170948875585,0.03534138323953497,-0.05059588494575738,-0.018318666174358296,0.006819111566909004,-0.00805616534252318,0.09363614796924283,SUM2_015923
-0.055122075348522995,-0.03680644164592208,0.3006053768418161,0.02950119934620129,-0.16765644711671795,-0.02338148660896791,-0.029663713969657578,-0.021728486264892828,-0.08761236313183211,SUM2_003839
-0.10750912280681471,-0.005553302218372377,-0.39071950086944507,-0.003657460192521772,0.0007647771721830399,-0.018797689833731302,0.006264500048648473,-0.00672065037700149,0.14167096497347367,SUM2_006014
-0.10807100803959621,0.006223802069812039,-0.2958576368800858,-0.00033768396249976676,0.002298433993640975,-0.02225525741900377,0.012424664499313185,-0.008668092934756712,0.0013139251642800506,SUM2_017617
-0.11540937378265248,-0.010522833807656803,-0.5053374383757628,-0.035687178125226,-0.20374752009705235,-0.021070951094856225,0.007164222924790659,-0.009290294553716409,-0.11316048992326715,SUM2_010976
0.9550173393728146,0.015981269404357113,-0.051034437166385636,0.1962115934469803,0.6755462957228875,0.15571420090634888,0.04079726283848014,-0.007708661704381378,-0.0389989561812001,SUM2_008463
-0.15765931785833245,-0.02649238328816387,-0.3761478145938024,-0.016885915036266415,-0.07367200858212955,-0.019200695196921296,0.005940085484515656,-0.008071512917493166,0.044414643155542874,SUM2_010998
0.22337439168701723,0.05163796890222401,0.05659193272992065,0.218800240889427,-0.08145667260368904,0.08612846325603,0.02071592558572431,0.13814003519734228,0.007747052172144395,SUM2_001702
0.09618254827959713,-0.010594608496268953,0.7619236413265323,-0.003337738532920513,-0.01671653084373196,0.12319505195475262,0.015011763816734284,0.07541504035659256,-0.0022545739243076683,SUM2_010663
0.09618254827959713,-0.010594608496268953,0.7619236413265323,-0.003337738532920513,-0.01671653084373196,0.12319505195475262,0.015011763816734284,0.07541504035659256,-0.0022545739243076683,SUM2_015499
0.09618254827959713,-0.010594608496268953,0.7619236413265323,-0.003337738532920513,-0.01671653084373196,0.12319505195475262,0.015011763816734284,0.07541504035659256,-0.0022545739243076683,SUM2_000635
-0.1518493097086668,-0.019843028063168892,-0.3657106569166165,0.016473604099223178,-0.03494759798751376,-0.018105432645023983,0.0043668104264857925,-0.007406453276452847,0.041990355881381516,SUM2_009011
-0.2118236049074717,0.002218647313997705,-0.41539856345879833,0.02612003284800148,-0.02572171673080948,-0.017518402793389697,0.006810503843121258,-0.007877847748295036,0.14519419754346638,SUM2_013679
-0.1357044689104224,-0.034518646699501776,-0.27481292795355083,-0.07122896665379246,-0.03335218442198003,-0.018790911268430167,0.007308033551413381,-0.009206445741583845,-0.08797285437382392,SUM2_017944
-0.1638208871100936,-0.033472191558174755,-0.36960702982601135,0.039960403702060165,-0.027660321881100586,-0.01981358958638711,-0.007338150734643436,-0.008678454479387322,-0.014098905339851059,SUM2_016253
-0.10363274415322912,-0.037647142385748324,-0.3470741666702887,0.0570303633509001,3.345426933019924e-06,-0.022278112413288025,-0.0024460215715878956,-0.008669770186492847,0.015142879420638486,SUM2_003309
-0.07216234937929207,0.0247189076217175,-0.33601852617644434,0.019804587045656567,0.025420502177827004,-0.020153998723354313,0.013904707726194652,-0.008736893316406225,-0.022216109044392373,SUM2_010266
-0.08749953878025261,0.018063052103670246,-0.33161949409126185,0.04398424795844263,-0.03166697909837067,-0.02195318026640287,0.007986364182131528,-0.008171161998697832,-0.005940409290465748,SUM2_013824
0.14277259748580384,0.08390579479574461,0.9110580986449879,-0.014496698243882888,-0.029735468304691186,-0.014342701511131217,0.01900619764613335,-0.01242180546242448,0.2011798738137654,SUM2_000688
-0.15131339610496233,-0.02123460710230559,-0.4506897599344617,-0.0850188672551629,-0.041824640769832916,-0.02035548234318542,0.005754955108544316,-0.009545665309142363,-0.057286624702167055,SUM2_002846
-0.10135649396352071,-0.010580800992964132,-0.4165299056133063,0.07249634191068048,-0.04460073493066149,-0.021870938870787934,0.00887885835136796,-0.007999718262875138,0.0004529970281533003,SUM2_005256
-0.08003944797723209,-0.05483504794212627,-0.28773419251046856,0.03480838004495276,0.03602325903949042,-0.018309004156733488,0.006584717932939241,-0.007245830184860272,-0.07072444676905218,SUM2_013621
-0.06841564428910377,0.005279617645599916,0.6594977320008993,-0.03409245910263866,-0.04551670174302933,-0.02173538999675495,0.009595859070479534,-0.017880471418765927,0.019389896900743015,SUM2_008055
-0.0967200087676785,-0.014540177306640489,-0.37518028105124146,0.0185650835446187,-0.05826593427307558,-0.01982297896500796,0.010278598080804346,-0.008374035297332503,-0.020082584766283697,SUM2_016160
-0.12278194113876242,-0.03300823649341873,-0.41285023470032867,0.001265417014196806,-0.14985286783496896,-0.01933590667638555,0.007836852007826776,-0.00866945925958614,-0.09208984725001883,SUM2_003083
-0.09777563883563103,-0.015777771635102585,-0.3669338609594084,0.038005517081800215,-0.017337503905331217,-0.021670774158506295,0.010302448677956594,-0.00826680436269124,0.0039747109067790115,SUM2_016385
-0.07312479487219554,-0.00015831836223378776,-0.5065672832548791,-0.045899513663754624,-0.1469528664631017,-0.021205293682415367,0.008848908984924303,-0.009937543535480767,-0.07624850646598684,SUM2_010438
0.09438024436279803,0.053796269399288735,0.36990166774018274,0.043670698210346984,0.1893568236683787,-0.021635598701620556,-0.023560646075414377,-0.011690984292418756,-0.07951775568086997,SUM2_009259
-0.062382223493555954,-0.004905175763409979,-0.3187617724506575,0.05914842974130787,0.0076671823178916885,-0.01793549933821561,0.007086427694354636,-0.006469410846148561,0.23793182857078246,SUM2_018612
-0.004121529133415928,-0.035140265914861336,-0.31374891127668036,0.05329108238721776,0.05024515208405258,-0.015841543168256693,0.010219512385642896,-0.007249925803091975,0.13619671609051617,SUM2_012389
-0.0603055522319997,0.049333445328672725,-0.32915912632807864,0.07599649934306567,0.03616815566594474,-0.020026672541777188,0.010390102982949267,-0.00808989562886512,0.012118690732143358,SUM2_010429
-0.06535340137374654,0.008144280585535643,-0.02350984346209757,0.02890119185065862,-0.022976259482877508,-0.02166315016165084,0.017036358043308795,-0.008663331306304766,0.052698165986830345,SUM2_014543
-0.0427745528940807,0.01329439979799991,0.18969783448371846,0.0212765509762805,-0.035918765329398764,-0.02215551689241505,0.015309096104881325,-0.01091194699519747,0.024456196430139167,SUM2_002153
-0.06749693815652269,-0.08354896825477895,-0.5170286272410742,-0.046607872645363466,-0.21598555981781517,-0.02221904576773612,0.008778874745359964,-0.009270506087759974,-0.0957662838419992,SUM2_005617
0.07014433348241259,0.0014696299265926898,0.3668164629477694,-0.05169111219713707,-0.11571893405201017,-0.020042420402092684,-0.03191332262740461,-0.03286400609448708,0.0008257841199958666,SUM2_004186
-0.10116381798354798,0.023530683404649998,-0.5345751733146622,0.0689602230981357,-0.026449735008160287,-0.01976531050779809,-0.006174635068240465,-0.007976320038950374,-0.0003795496220869327,SUM2_000324
-0.10522204007114977,-0.022496266649813607,-0.40461837295191827,-0.007709357053268069,-0.07149698907486483,-0.018295811629850226,0.007398194699238805,-0.006468205882843471,0.1883932174451269,SUM2_000666
-0.15801861492015065,-0.04378039611495058,-0.3896142584201293,-0.028791999170119632,-0.1577473472284887,-0.021304516257994753,0.00804150086315176,-0.009878465495812163,-0.10093051531348965,SUM2_007706
-0.17362046958561014,-0.04125184488241423,-0.384373087168608,-0.015622202240373206,-0.11146415987156999,-0.021123588007694365,0.0076206352501595855,-0.009379416825304123,0.06754447506502517,SUM2_009250
-0.07103764385267647,-0.03738986990421589,-0.4464661362483772,0.04001929472196356,-0.096267109925011,-0.017813679908989855,0.008836223503719204,-0.008005203030058519,0.05710836393685065,SUM2_004650
0.019856246585760687,-0.05241229352308011,-0.39889616848542614,-0.006104313186134263,5.094554306500007e-05,-0.020952188134644847,0.010995579712737116,-0.008824619051024227,-0.048697892302651445,SUM2_018244
0.8224376189089734,0.0818961761175036,0.15769018120833894,-0.012637086900281707,0.024429732220599864,-0.023458968668496883,-0.012565673271561596,-0.008039090606134325,-0.004814926916737868,SUM2_010101
-0.12243807895351264,-0.06434812800080038,0.4347648537761887,-0.08356256514502777,-0.14126802295821012,-0.024637151372014728,-0.031172879742663945,-0.023166960104676622,-0.11728942834786855,SUM2_011283
-0.17182065805858984,-0.018834203551056264,-0.41386462533156027,0.000643041332129032,-0.0017981286256134044,-0.019523827791547772,-0.005846753687808663,-0.006832913726020839,-0.0070305012324541945,SUM2_002145
0.02298960199992222,0.0607599451600538,-0.4028530801584978,-0.0384269227825737,-0.06583610414750415,-0.018208753453813585,0.011734421427657727,-0.008720498995227161,0.08006090531044283,SUM2_006815
-0.11241249707432248,-0.005643400248737534,-0.3078353565845876,0.0018492378530207978,0.10364093567921143,-0.01765506472941122,0.015936191398332612,-0.006603857715254508,0.1524989007381751,SUM2_009808
0.010152438799530646,0.05966121846310537,-0.36095007303740034,-0.024765073974318548,0.2282248970567975,-0.01778848231466007,-0.008752490443908498,-0.0072543141921083435,-0.011298840052690735,SUM2_015864
-0.08742493147240127,-0.003021447564433611,-0.39874216005439744,0.004307909640733634,-0.0758678074534963,-0.018840319716570287,-0.007867379141462474,-0.007046019107804888,0.012025494189648833,SUM2_016417
0.09618254827959713,-0.010594608496268953,0.7619236413265323,-0.003337738532920513,-0.01671653084373196,0.12319505195475262,0.015011763816734284,0.07541504035659256,-0.0022545739243076683,SUM2_000431
-0.1199675661065824,-0.0019961019104739867,-0.043131223959334476,0.03252097471768793,0.04508951903579097,-0.018178045516642212,0.007744945846927438,-0.006431260163861366,0.013853249403673107,SUM2_009597
-0.13556097541911014,0.0075306157782562945,0.020949655084759673,-0.012546913600196802,-0.035316695677526114,-0.020105525991682617,0.006332242950213805,-0.009766320063081207,-0.04573012901088422,SUM2_011923
-0.1808154721246608,-0.030907989601083687,-0.34657260493571074,-0.00594932673961637,-0.049890146012192584,-0.019919256649461797,0.008412316850750525,-0.00950043522746625,-0.07495533916497657,SUM2_000441
-0.19115595180915695,-0.03883547331179292,-0.3754336068352234,-0.029854472267850755,-0.08184540697260376,-0.02055092410342916,0.008632361851908542,-0.00927567936598929,0.13710468920069802,SUM2_012555
-0.16226888219403815,-0.02481868853406295,-0.42943006144873125,-0.0761493659845619,-0.04865748767145395,-0.02043658756107273,0.0063246648909783265,-0.009633357790721737,-0.06054112864806708,SUM2_002749
-0.10093970475765232,-0.016544158119010572,-0.40497470822163795,0.004746837299593692,-0.10664797001819984,-0.01850892718721711,0.005542414872838316,-0.0068267141052622635,0.06122383473661156,SUM2_007526
-0.014138262135655394,0.030547311169334467,-0.4092969834943623,0.0473295485175017,0.14965022646096293,-0.016833740523109743,0.016630606414186667,-0.00791455638326352,0.005989172771988486,SUM2_012839
-0.146345327000116,-0.03456038097201236,-0.36252029694836113,-0.06051058636637483,-0.03244668552006833,-0.02056455158679982,-0.009701480038827473,-0.007890216689693245,-0.013579171334060513,SUM2_003267
-0.032060732835932255,0.1473647650984496,0.11121825127992915,-0.004228881951881423,0.1100435027874711,-0.01822328821228803,-0.00276413780108186,-0.007701190274845146,0.023097954253217284,SUM2_010605
-0.028499271169778313,0.026742007188388605,-0.39492318574177776,0.03921296743752626,-0.12888164964605725,-0.022602587715221552,0.008585069912533078,-0.008883118595742544,-0.07081109964825216,SUM2_002581
0.09618254827959713,-0.010594608496268953,0.7619236413265323,-0.003337738532920513,-0.01671653084373196,0.12319505195475262,0.015011763816734284,0.07541504035659256,-0.0022545739243076683,SUM2_017071
-0.11924310495166024,-0.006832041351105818,-0.3858938087055167,0.0018782246339515169,-0.04968618482517952,-0.020934087999684207,0.011024910489810701,-0.008480486754576754,0.005654288268585593,SUM2_002494
-0.0979364820857031,-0.007463657973382444,-0.39103148443394,0.00428298094948968,-0.03825083796506181,-0.020105360938752377,-0.0072120964661402,-0.0074687660029809,0.028044608388174297,SUM2_014636
-0.10439060697622196,-0.007440728784901861,-0.34298106393896355,0.016770270557859044,-0.03978542171574369,-0.020642029839173622,0.007010517912972391,-0.008507132321465286,0.0063814526066551195,SUM2_002136
0.04011217152196933,-0.027723864204441062,-0.47042480740711506,-0.04699659450053413,-0.25161891440841677,-0.022126883488865386,0.00830302310597856,-0.009596469406245797,-0.09278717113269694,SUM2_006136
-0.16945088947413778,-0.03702762171418715,-0.4719499523295843,-0.05881046397278977,-0.0827564570097433,-0.019889334410621913,0.004276529103964493,-0.009144634498088312,0.15326399285155423,SUM2_000139
0.08404691933017797,0.01753532152641331,0.736027546631005,0.06428957539494877,-0.043541203609133626,-0.01803426756432239,0.03846749300147101,-0.015871737712824054,0.04330542719580412,SUM2_016481
-0.1303202694903683,-0.013862581020426984,-0.4306369489862937,0.038352776844649925,0.007442389489110179,-0.022226653199495586,0.007286220133953083,-0.008218009787889821,-0.006584210454049283,SUM2_016762
-0.15006334367305801,-0.024036267597630057,-0.5060825276377878,-0.05484698574163038,-0.1291847541022704,-0.021131302361800802,0.0055877363448602795,-0.008218490434032534,-0.06786055202219464,SUM2_016731
-0.15406538852580692,-0.038068209871088984,-0.40858128555697515,-0.0012069649254734705,-0.09501359832421821,-0.018981673093593512,0.007331582465238637,-0.007643344858295056,0.05793975276199803,SUM2_015751
-0.1898805129161178,-0.02737461602493941,-0.39042482943612444,0.002709087044081214,-0.18560729360725586,-0.02123641741957601,0.008805799833803108,-0.009771442325623571,-0.10787359420281795,SUM2_000887
0.9394147496965438,0.07301880123526842,0.037973680432692086,-0.03133147545030166,-0.23777260629764396,0.18824112742650362,0.006441879486369775,-0.010588613350894097,-0.0638680355870713,SUM2_015456
0.7748462538431614,0.11001815123875416,0.1611044875696938,0.05115085987762733,0.15578008073334745,-0.020978318890466505,0.012824943510277487,-0.006662121774422773,0.0066101286927747315,SUM2_000419
-0.1436325513096337,-0.01135518066900173,-0.4058543804155718,-0.03243732023413248,0.06173030942141143,-0.019317915849667418,0.00511103600815754,-0.008230365623091266,-0.04445655440196376,SUM2_013587
-0.07703515463078339,-0.1020440581792325,-0.4596499115497731,-0.047749445520293476,-0.1772425289596498,-0.021517345387565244,0.009195086792338115,-0.009168743580054104,0.15959896486631905,SUM2_013681
0.27776963152759643,0.15370797994833038,0.5057457287093017,0.2831890381195933,1.10132608463759,0.16223035720247955,-0.045420263060140756,0.0059943058490580774,-0.04858117747460517,SUM2_001773
0.09618254827959713,-0.010594608496268953,0.7619236413265323,-0.003337738532920513,-0.01671653084373196,0.12319505195475262,0.015011763816734284,0.07541504035659256,-0.0022545739243076683,SUM2_009527
0.34453246458085374,-0.028830252480942564,-0.2659548216070332,0.01972179852782797,0.09133530067818395,-0.014849082313652279,0.009344497259828005,-0.0067618220237834785,0.23983239306253554,SUM2_007717
-0.1338469558679245,-0.009723679456211495,0.6944660344168585,-0.008999233321792954,0.0027117456433099945,-0.018627332571038668,0.03775660610035705,-0.016101792326602325,0.16790432667207772,SUM2_002063
-0.07821559475652727,0.025368850637581764,0.33124686709898316,0.034319060498116824,-0.14378318339103782,-0.020666767514027084,0.024859384511046984,-0.01524515857418492,0.025984501641165864,SUM2_003236
0.07506703422974978,0.13720379679489217,0.4761091170489067,-0.04586198067809959,-0.1315553243125544,-0.01727379455904602,0.026143005691645894,-0.014681750186063783,0.03553287407971385,SUM2_013914
-0.18031514273996718,-0.02129164121743129,-0.3749676156048948,-0.06173807138858255,-0.08349120258671663,-0.02065022476205615,0.00818612316700065,-0.009743404281401562,-0.06686432503685039,SUM2_017907
-0.1829569771938647,-0.06334294089013089,-0.317763987380915,0.03095166709096735,-0.08261867457451173,-0.022678219147713043,-0.008372456898783406,-0.009043444878213755,-0.06910740859080386,SUM2_014269
-0.14256207336406224,-0.025398519705637307,-0.47835252038303666,0.0020412121945776658,-0.1780453018147547,-0.02088555196032935,0.005216475870508894,-0.009781648705317367,-0.07888370246717229,SUM2_002830
-0.0807938572418592,0.018357393943153423,0.027274797145132545,0.027993427685668464,0.08598139374412565,-0.016662169631821273,0.009262036565718054,-0.006931803911929664,0.2039550341897641,SUM2_016274
-0.11755213313438524,-0.012890522857368653,-0.46601726002788135,0.0024450312524338796,-0.046137966316151316,-0.02068821936758561,-0.005135410060138685,-0.0075467108006971985,0.020246605733271424,SUM2_007558
-0.120464283429435,0.0005118927219889928,-0.17693664124779898,0.010539228863706788,0.0039020558542151975,-0.019221915846971093,0.023421909308727413,-0.00760780900347977,0.061104761938584176,SUM2_018532
-0.06808677701345656,-0.05392134576831233,0.7140138618124372,-0.007551700796022609,-0.15394801217637483,-0.022615869167515786,-0.024254857320326402,-0.017304642401817866,0.03779882713270273,SUM2_004265
-0.15929155608695153,-0.044151938874910104,-0.3412528699136673,0.03171849203396157,-0.04963040477367596,-0.018081182280622943,-0.0060842901110189015,-0.008222223634727978,0.09970692360748534,SUM2_002228
-0.10254608056511269,-0.052252534748507995,0.3041360434660828,0.04036092440466423,-0.12628434145415862,-0.020142237992417805,-0.01912212104146107,-0.01539062224158225,0.010138216765757303,SUM2_001360
0.18135989863948798,-0.012884238610622148,0.0814928736962083,0.09389935316797636,-0.1280830555848462,0.07734938429912255,0.03592204825861313,0.18325343457475346,2.815696830857674e-05,SUM2_008623
-0.23121938800431652,-0.029591687309990244,-0.2694116049051885,-0.10322443368502958,0.002497870375945238,-0.018778188817835703,0.007202312334010646,-0.0090148155536712,0.013370596659424064,SUM2_007095
-0.0714458214215139,-0.08046695955478769,-0.5066685208541778,-0.05419000369456941,-0.16221747641184944,-0.02163051303443702,0.009608171630107845,-0.009110415347231032,0.06631619980732197,SUM2_002285
-0.0027614833821562467,-0.01903536176863877,0.0009896472416996232,-0.012166267740720122,-0.0643310876747609,-0.019244652053779586,0.01567458643145161,-0.00863188307929463,-0.013763810875941394,SUM2_000340
-0.08873430369283901,-0.01940384117281893,-0.4857846176501349,-0.029737696698796168,-0.1346851646549288,-0.02037192062921871,0.010142064248300529,-0.009042350874309674,0.06751634568369905,SUM2_015521
0.1099710490732734,-0.04169502824917469,-0.2917927794054154,-0.018922065544180335,-0.11078810493205207,0.055971752553914414,0.011762593656150882,-0.04717083713454026,-0.043945016168516635,SUM2_011689
-0.1469165546004381,0.021136319204758162,-0.35330148544159545,0.003595083859646619,-0.03006212739938488,-0.02099700935538936,-0.0022657483023100547,-0.008963126098287965,0.0356891061119297,SUM2_005853
-0.08451996931569883,-0.019102296812531533,-0.41474351063709697,0.08829559921119479,-0.008633758038341151,-0.02067808488974566,0.007219320460044221,-0.007860554923954984,-0.002693306290241806,SUM2_015888
0.09618254827959713,-0.010594608496268953,0.7619236413265323,-0.003337738532920513,-0.01671653084373196,0.12319505195475262,0.015011763816734284,0.07541504035659256,-0.0022545739243076683,SUM2_006059
0.0538259830878273,-0.07051078845771566,-0.49141444929546346,-0.038079830809899164,-0.19330750977300448,-0.020624332303703273,0.008405546242758794,-0.00842699886037708,-0.09968752020626796,SUM2_002900
-0.10822318262950825,-0.07956238727260341,-0.4382622297398539,-0.0290580802016285,0.0035702909944235668,-0.02009757897138764,-0.007838263354201703,-0.008225302220444243,-0.022221794282543582,SUM2_000995
-0.1057740082735233,-0.023917164836289428,-0.16342694840190347,-0.045798927555645796,-0.10719054994010088,-0.02180126612934561,-0.009097683421324432,-0.009019205101843586,-0.12385804988382516,SUM2_006238
-0.05699566029649369,-0.016473615264016393,-0.48934932637348866,0.040376800587551186,-0.21509144065378968,-0.02268518535138673,0.00910808738368248,-0.008882212699649608,-0.08911484157139508,SUM2_014768
0.4560243070267663,0.1496113566539331,0.5460686123730939,0.24601021455789912,0.9253499447300838,-0.037248067920729336,0.06943588598851616,-0.00920094347186629,0.05705969356767608,SUM2_007110
0.09618254827959713,-0.010594608496268953,0.7619236413265323,-0.003337738532920513,-0.01671653084373196,0.12319505195475262,0.015011763816734284,0.07541504035659256,-0.0022545739243076683,SUM2_007963
-0.13854267953850097,-0.011593000224252659,-0.36451516570808407,-0.028611128066578152,0.11102892674259142,-0.01960291958922219,-0.0022342723030424577,-0.008757138578617974,-0.004755713396949606,SUM2_002660
-0.034696894909016285,0.12249792248517892,-0.36989085628323465,0.07379457799472763,0.057798103518802824,-0.015859408882892317,0.016667335809955674,-0.00796452866728797,0.18514198779420946,SUM2_007184
-0.05552099681923128,0.0039468567233742384,-0.400288912104532,-0.002117508947735,-0.04599034471830754,-0.018569541422888254,-0.007969768815990704,-0.008953703021442206,0.007482736273285805,SUM2_012751
-0.16177789133494075,-0.010870587527060918,-0.022703901600857224,0.012319747599484962,0.01778380241703955,-0.018726904425942457,0.009860543408681283,-0.008120406479327717,-0.05313929071128719,SUM2_004185
-0.18981981512149987,-0.0402400731738596,-0.46365317821135693,-0.0218422246293197,-0.10484919669282929,-0.020590418392952753,0.0065108700142484655,-0.009298942613059472,0.17475469471535893,SUM2_015355
-0.21170228175141043,-0.04177066492160409,-0.2202918906128201,-0.03776015756001266,-0.08534017979787703,-0.020860168050467573,0.00844380094899019,-0.010015088793178417,-0.027270525621062757,SUM2_018078
-0.07725287191681819,-0.005746339876862706,-0.3371492853488785,-0.03674817087923056,-0.07144526751737978,-0.01920160576571387,-0.010742728039897276,-0.009256004978288684,-0.00021933401644605582,SUM2_018868
-0.21548302806439631,-0.029460966965890546,-0.4077740588676403,-0.0011985697828441485,-0.023523258650885635,-0.020560990715530653,-0.004664674688439733,-0.008692381584217253,-0.015740968756992085,SUM2_009365
-0.09347078813674128,0.025765196474980562,0.11323471729452965,-0.03258820018755822,0.03875811009311637,-0.019271369793841465,0.00743201495141971,-0.007584717409765037,0.20153079055338746,SUM2_010789
-0.09002990041624678,-0.005214348641331619,-0.292747398536501,0.03574055410248461,0.028607724979866172,-0.01605615598002153,0.008947876866474183,-0.006292793994925968,0.2529973460168101,SUM2_018584
0.38250129051027326,0.0655786060235931,-0.044759580856337335,0.2134784451708048,0.46178622186066604,-0.02652728253838561,0.02215116754506206,-0.004637942408882196,-0.0027387194365854303,SUM2_018677
0.4689308479467119,0.04548856740052397,0.06594317651815726,0.21731952518886882,0.3816626211021404,-0.015365761075209084,0.01285998055350796,-0.004923364179480139,0.016810067227449287,SUM2_006026
0.09618254827959713,-0.010594608496268953,0.7619236413265323,-0.003337738532920513,-0.01671653084373196,0.12319505195475262,0.015011763816734284,0.07541504035659256,-0.0022545739243076683,SUM2_015409
0.09618254827959713,-0.010594608496268953,0.7619236413265323,-0.003337738532920513,-0.01671653084373196,0.12319505195475262,0.015011763816734284,0.07541504035659256,-0.0022545739243076683,SUM2_013205
0.21436139573152913,0.1325389370751971,0.6499574384538771,0.07091542791153219,0.728896352936345,-0.03192767025306872,-0.019711186662253223,-0.007097013069617332,0.05020314513335346,SUM2_005418
-0.09423958710828101,-0.006024580206833219,-0.3829961822714264,0.001501202776017935,-0.04818085068987701,-0.01891031524102004,-0.007801626161303555,-0.007022846113018513,0.017131727269196345,SUM2_013113
-0.07970959043784563,0.06426487353075012,-0.43098976954322354,0.04910462487577303,-0.08433752169147825,-0.019003262797896082,0.008373272525880543,-0.008524063036939554,-0.018185415766469475,SUM2_002338
-0.12120770775033604,-0.06624790074592604,-0.41109525415093895,-0.034132149399351074,-0.006799730317828998,-0.023494070261272055,-0.009158380739420938,-0.009177691286742545,-0.089983515980433,SUM2_003957
0.635035467430779,-0.0015405396184830264,-0.29990378028780645,0.024833224121839095,0.1737433316576611,-0.01875824247279154,0.01293385452988508,-0.006855879573341289,0.06345229520617385,SUM2_010081
-0.1404057087047182,-0.038933243240400275,0.13145995306406183,-0.015177066981869023,-0.0016470279134030777,-0.02071773482136919,0.009410837892387655,-0.010999643178101468,-0.09338865818696387,SUM2_005438
0.09618254827959713,-0.010594608496268953,0.7619236413265323,-0.003337738532920513,-0.01671653084373196,0.12319505195475262,0.015011763816734284,0.07541504035659256,-0.0022545739243076683,SUM2_011384
-0.10460294449367243,0.012088300927872917,0.010488857748690772,0.05511926156017545,-0.07119811859625072,-0.019582627661863184,-0.014596059735359379,-0.011166963090128856,0.052985759884992475,SUM2_002549
0.010982781971787882,0.04881713051842725,-0.2993423554919338,0.09573652166919203,-0.0029754696295765984,-0.017627394079664127,0.0059256983931006936,-0.008705735928034739,0.12459171079667604,SUM2_001041
-0.1316075342388614,-0.02193441365856702,-0.40353732992699315,0.005767190637694979,-0.013488420654422134,-0.021373447134689548,-0.009736288602755347,-0.008207507696055692,-0.10191696037168278,SUM2_013044
-0.09198239708115973,-0.0016142203071129266,-0.3661047044172718,-0.0003621013473358305,0.14550101514700764,-0.01883891498661956,-0.007116143515414401,-0.00681671024652786,0.015346298803813285,SUM2_008941
-0.1481163311620624,-0.013277822945665166,-0.4772753049103901,-0.021057555306064603,-0.03227923956343465,-0.020584169231545848,-0.0052131287924155655,-0.00921663867053605,-0.002824045828802278,SUM2_003709
-0.13266888760917578,0.03245402425396456,0.02184593517023244,-0.03404973467515721,-0.04474089206084575,-0.02009281746141877,0.006069483385113088,-0.009799386197851857,-0.04695346180397665,SUM2_010795
0.09618254827959713,-0.010594608496268953,0.7619236413265323,-0.003337738532920513,-0.01671653084373196,0.12319505195475262,0.015011763816734284,0.07541504035659256,-0.0022545739243076683,SUM2_009278
0.18135989863948798,-0.012884238610622148,0.0814928736962083,0.09389935316797636,-0.1280830555848462,0.07734938429912255,0.03592204825861313,0.18325343457475346,2.815696830857674e-05,SUM2_014178
0.1076056855359199,0.006674480630549465,0.5916528935417663,0.0023392645663103478,-0.010643052455222258,-0.019710554333594955,0.018184937562371727,-0.023299945804098377,0.14586140378884843,SUM2_003423
-0.11448085888021257,-0.07304152652985042,-0.3568678601496975,-0.06831098778286543,0.029819948032264974,-0.020399850699183382,0.006959440782868064,-0.00919143700600483,0.18148886061415342,SUM2_002847
-0.14231034065743495,-0.030065851161516353,-0.33131878400374976,0.003863174390080694,0.020695123287832698,-0.01834694753509913,0.006522041089462127,-0.00689183859665062,0.15788908971319163,SUM2_014725
0.09618254827959713,-0.010594608496268953,0.7619236413265323,-0.003337738532920513,-0.01671653084373196,0.12319505195475262,0.015011763816734284,0.07541504035659256,-0.0022545739243076683,SUM2_002521
0.18135989863948798,-0.012884238610622148,0.0814928736962083,0.09389935316797636,-0.1280830555848462,0.07734938429912255,0.03592204825861313,0.18325343457475346,2.815696830857674e-05,SUM2_011013
-0.11853699675626272,0.04493096024448778,-0.4718524003538581,0.01935542019981281,-0.14143212658878154,-0.019047408913676546,0.006567684440751409,-0.008897759622690743,-0.05643636680673989,SUM2_017441
0.03780434256124471,-0.055828384147130206,-0.06767935272955886,-0.04027984643262185,-0.07696856354893869,-0.018831072224217905,-0.010683046929127277,-0.010102080818909898,-0.09101455634969195,SUM2_002653
0.23930863731087207,-0.017764125966600687,0.09941520372667373,0.09851900134980057,-0.051793079946913415,0.07335738059104562,0.00711563577461803,-0.021358554705728557,-0.05525872835802912,SUM2_010136
-0.14130615851353276,-0.008097735307835396,-0.3880975701091315,-0.012127272751248608,-0.028966018610323774,-0.019611932281200554,-0.007002949638428157,-0.007656555257472865,-0.18598904953689255,SUM2_001105
-0.12904995398846647,-0.03497106866419183,-0.373599874058317,-0.04882617448930206,-0.0607220256173025,-0.020141466927285204,-0.00819515414052726,-0.009385876186201129,-0.006094501040797657,SUM2_018382
-0.05393951574023951,-0.03022735847375373,-0.4505034481459047,-0.016357355287961832,-0.043116839140767936,-0.01869806875239871,-0.010769004501460759,-0.009119985512092987,-0.033344859159646814,SUM2_018846
0.2082674842734495,0.07250668940821077,-0.0711438656032233,0.2440875486190845,0.18464968443073568,-0.012654046738923563,0.006426040710981203,-0.006266989967298993,0.021577662896480478,SUM2_008187
-0.02215171134585863,-0.06641779076158968,-0.24462855754647372,0.10454300047687692,-0.049695152818358124,-0.019393917762621022,0.009676118510269904,-0.007996746081606816,-0.01978268819319168,SUM2_001789
-0.030736755030596523,-0.00047156722415483444,-0.288822864456391,0.01667512797110382,0.17734675227379743,-0.020448825107776,0.010513140487666925,-0.007483449859673638,0.020501899757235327,SUM2_008392
-0.13439191212089532,-0.01183645469414135,-0.3386758572478961,-0.00017237515531887403,-0.07588777514644081,-0.02020253426179952,-0.005215078038349833,-0.009452744586600042,0.007514686101598835,SUM2_012140
0.09618254827959713,-0.010594608496268953,0.7619236413265323,-0.003337738532920513,-0.01671653084373196,0.12319505195475262,0.015011763816734284,0.07541504035659256,-0.0022545739243076683,SUM2_014909
-0.1497461329713888,-0.04450508524215295,-0.4966709804830433,-0.044235791408245226,-0.010554031416547706,-0.02060129030913297,0.006530294141850607,-0.009559226088901415,-0.06497219009486493,SUM2_018214
-0.20388469990699462,-0.04003991476804708,-0.5003374144149727,-0.015147142600214037,-0.17609842150577826,-0.020995674395444842,0.0077826187778116725,-0.009838265454507738,-0.0863129977213537,SUM2_015045
-0.1691119161315997,-0.022178972554763008,-0.41991963686372014,0.0018022756348565218,-0.01855955452953586,-0.019496576380571166,-0.006760892504581914,-0.006314722534711268,-0.00625716844266746,SUM2_005972
-0.14781899581972627,-0.05897824246793443,-0.4970068174047082,-0.031524367928815925,-0.16670304714122652,-0.02089511762847689,0.006388689914829768,-0.00977992447311386,-0.06907949178309465,SUM2_004320
-0.03814534643463873,0.01743330011434891,-0.3961746817507782,0.03746586263714581,0.18431678276926755,-0.019155964095979014,0.011421776733600179,-0.007291947727704589,0.031074262980568944,SUM2_018432
-0.11506701878201415,-0.020257565521509407,-0.15422515322336042,-0.006911359798441435,-0.07288102736755422,0.14049587586619383,0.01324992882381365,-0.010337422075877761,0.03356665688117316,SUM2_006526
-0.08198189407890198,-0.002219384165323404,-0.33273112856906917,-0.02194722808755959,0.022481857047085368,-0.019575112754926287,-0.005839210967710326,-0.009410782566870387,0.05416974232881505,SUM2_012771
-0.1416599103811806,-0.02979198033533221,-0.4301212562560705,-0.026327459551195486,-0.11658283688918188,-0.020488906230066856,0.006845374449268356,-0.009463015671631606,-0.04589446482503303,SUM2_001173
-0.09711448652048592,0.06506787939319791,-0.05412719042786011,-0.008610043838972911,0.07484884211541713,-0.010251364709251014,0.008618203526496,-0.0054376562984806975,0.35780424826452484,SUM2_013080
-0.11814616860702945,-0.027002804997828228,-0.3431304554903834,-0.035205220543561754,0.08158147842409605,-0.019350490783936813,0.013494859480788591,-0.00831426336982164,-0.046320649928166216,SUM2_002642
-0.053890780490590776,0.029618863881698564,0.6515293643437786,0.05284126409274255,-0.14614198859351246,-0.022657751171671958,-0.04188085693284566,-0.017748339677404877,-0.009671259271105624,SUM2_009509
0.23061358346441443,-0.01183121106840375,-0.39456239914716773,-0.03768377430204892,-0.11828484898836518,-0.01793422360661731,0.008014532783780214,-0.00806753707705647,-0.10619547786905643,SUM2_013553
0.2052680059111137,0.02996554297452734,0.5489831625012782,0.13279816578506617,0.030991849316387987,-0.01927947990689266,0.020934960987436173,-0.00968720283928572,0.01831301165519095,SUM2_003908
-0.09731519412194986,-0.005500424020522075,-0.09182853706543166,0.0018269388702143049,-0.11394702671099424,-0.018580072071821382,-0.012305390850152613,-0.007192055481984852,0.026298382696791522,SUM2_005747
-0.10043896792655801,0.02159755202430385,0.21915179203043889,-0.006604216950661275,0.129214204936766,-0.020969498437421873,-0.009562681812463331,-0.010443618011188606,0.06525155441689129,SUM2_018012
-0.10498737143580003,-0.05503492793369906,-0.16859345511109197,0.022720285868763117,-0.09354636353651101,-0.022770795965000683,-0.00916981074407704,-0.00895834209948367,-0.09645561359182944,SUM2_000785
0.17448557326898323,0.16626806066247687,-0.04853174576665487,0.22304395240878647,0.19937135437307724,-0.04650305023777638,-0.0292563757427082,-0.019358250165818915,0.0065893492323219425,SUM2_015376
-0.17556339637827686,-0.021681285879777648,-0.4336737379069387,-0.07020772072664294,-0.010992149497132838,-0.020665513426162598,0.006112519598604602,-0.009671353989534868,-0.07844954384369045,SUM2_007700
0.5675755718550217,0.26463511700061304,0.013659283105462045,0.21953087740114324,0.24639266562874326,-0.011675021174291448,-0.004264544511004811,-0.005674308589910168,0.06943558148609699,SUM2_010845
-0.1327456927152036,-0.08389182245804457,-0.11706019191032332,-0.01767346006703433,-0.12012944422236835,-0.023500630753214458,-0.012698083918309677,-0.009135496878233212,-0.12380638723600286,SUM2_009168
-0.00934290270522925,-0.03648137345158883,-0.272021749160693,-0.009501440255216258,0.2623106360663571,-0.015278012236692836,0.01875341809696208,-0.007358829667522088,0.21729877937978914,SUM2_018288
-0.0976215096380998,-0.009726405581266036,-0.2916431410125734,-0.005472114814570932,0.008949454338880633,-0.019787732640453443,-0.0022632585211182035,-0.008945471583010994,-0.03589279069261723,SUM2_001545
-0.09613348830858184,0.010390438415940334,-0.35445578523570664,0.024248128589082256,-0.004304867317849681,-0.01862324594745431,-0.00922367942247247,-0.006925025137940846,0.00210903928758115,SUM2_008583
0.37519042596837265,0.3031301531084578,0.7230224067224791,0.13995067405062273,1.62813491384473,0.1425152968115262,-0.007462595036715355,-0.007410942904805928,0.047149657189047026,SUM2_010047
0.2824666354248452,-0.0163564483312507,-0.45525830854225713,-0.06803365445751627,-0.16417200770261067,-0.022957160246924672,0.008187221939288033,-0.007957181750373507,0.05656707122274694,SUM2_007722
-0.1377256528920162,0.029023934396211683,-0.3383445903963295,0.0037895746955515603,0.10144037824810662,-0.018073061009028606,0.014355667417572285,-0.006617072564123827,0.13976270644154007,SUM2_014730
0.21257524272328432,0.2755538898744806,0.16117605581035638,0.007462361574123275,0.24208040708929976,0.07848602446243738,-0.013278279124576343,0.0011105476982128796,0.003927670031861778,SUM2_015568
-0.09104012028499239,-0.007779907120120974,-0.4073655137106936,-0.009264455698219685,-0.036769579791489905,-0.020922924057305243,-0.006815506209199662,-0.007613284356334957,0.018580562259155158,SUM2_017404
-0.143885224025959,-0.016929786611129264,-0.5191299396173116,0.030710177296744003,-0.029350354974750147,-0.022494082567420415,0.007738114490360648,-0.00830800803700053,0.0008610528669333343,SUM2_005030
-0.08136871956212569,0.01863609085105416,-0.3645931765979798,0.051849035833577806,-0.004226831589637569,-0.020409702540495463,-0.0026790846622959134,-0.007835584198485233,-0.043176510568180726,SUM2_005332
1.17601524616546,0.10250880299058678,0.11417294727966523,0.0619484389734834,0.029691263990149742,-0.01679291304048127,0.008544138413729222,-0.008179834525947512,0.17927034942825976,SUM2_016083
-0.14296415753484074,-0.04609650222038032,-0.3747037281304019,-0.052665067036986715,-0.003098221670651204,-0.020383540255235623,0.006307644756163968,-0.009748299938120042,-0.08688204110347417,SUM2_000586
-0.1081605426227226,-0.02968884061896037,-0.4160859663798896,0.005873331421398544,-0.08297415807603933,-0.01817494511631243,0.0075443510813898275,-0.006870413992839226,0.13070928137162788,SUM2_015583
-0.046897808912866046,-0.031043170000104047,-0.3504531980201818,0.047592584178836855,-0.08395957152866637,-0.01797508580844121,0.006317669282079589,-0.008489497277063303,0.11646264823718169,SUM2_013099
-0.1451207363902522,-0.005623651684195108,-0.41562813431628565,-0.006870403820444066,-0.18545489435873458,-0.01972924246641623,0.0062621180098195615,-0.008767278530749652,-0.07961658753858751,SUM2_007432
0.19879419437648876,0.03174233601983879,0.6181556954831497,0.06482759302904499,0.4668613904612654,-0.028255943968564144,-0.005489882320835885,-0.0050795509427787955,-0.14528619019544484,SUM2_001283
0.8158025256074548,0.01797843883202657,-0.2575349046318102,0.05990512182271525,0.30065532823456,-0.03504481512564269,0.02326532898538555,-0.006666440296211118,0.04520465621290136,SUM2_001355
-0.09737747640994637,-0.010979027757781206,-0.36255870650235983,0.004095742248352953,-0.007481573337806619,-0.018508870470037807,0.007573220837635755,-0.006781017617457144,0.19433790454487426,SUM2_004042
-0.14090485432107758,-0.07221174706671071,0.35448305331947594,-0.015691632093782028,-0.1346231265626488,-0.02533630567224513,-0.02716615887995642,-0.022394361296331978,-0.15503413942759153,SUM2_003103
-0.14765420775228624,-0.007457924044401725,-0.12962588821040474,-0.047285436086922525,0.12558523455776258,-0.019029721394410684,0.006571344788329092,-0.007333735862000807,0.01703192055340902,SUM2_001068
-0.09439241432630871,-0.11479935176991485,-0.4322392358896531,-0.05931579854559556,-0.16896265991123394,-0.02167830220122261,0.009062856822271006,-0.008633503183057228,0.08764601607639702,SUM2_001269
0.0606515909400702,-0.06864282686316178,-0.15202387449436938,-0.06192905595530677,-0.207491958663873,0.05486097805069112,-0.04532677262339669,-0.04185541522587701,-0.015148433542494153,SUM2_005636
-0.056039257611491776,-0.05001898844586914,-0.45710677002571887,0.023411092862062936,-0.07696089067499631,-0.017521951681213576,0.00928111945564732,-0.008023412713323524,0.19219132803642477,SUM2_016905
-0.12184426781764571,-0.046965625608297076,-0.49833264260756016,-0.016662404981023442,-0.16577303867448773,-0.020912228347700727,0.007851377403048893,-0.009789332319192028,-0.07050775867493213,SUM2_018097
0.3320586858121427,0.11844690460394043,0.6702026952240332,0.020421173701955248,0.8980680178753445,-0.03743944314155022,-0.018141565036603143,-0.009693804053927772,-0.017403224451610525,SUM2_007720
-0.006546714933200935,0.0037635819681030567,0.45848040893887854,0.01836721072055612,-0.10193315797795903,-0.02023449673233141,-0.027063215633582948,-0.01719170141942475,-0.03410393721026815,SUM2_003298
-0.0688962746510007,0.019228556159231892,0.1610497961592598,0.03121668794875373,0.04131097212185029,-0.017054290026953942,0.008478477332052684,-0.008952154300172576,0.03180737333346635,SUM2_012351
0.021197010801539736,0.0419067777938099,0.3135094732676381,0.019327705862618075,-0.0491281732564849,-0.01606310842052501,-0.01847374597037696,-0.011047785447952036,0.22341053073648642,SUM2_016812
-0.13988203519786852,-0.0198218639517915,-0.3459793049814929,0.06721730848603341,0.028187649081387385,-0.016974933485557037,0.004747407322110796,-0.006139174077973348,0.17099293182131897,SUM2_012766
-0.08895158664345347,0.010222562143720344,-0.35759173744758577,0.008980558186485958,0.010176076904648034,-0.021257498188507255,0.01132683367231356,-0.008439022443911709,-0.004002324299229703,SUM2_003094
-0.0695495225030093,-0.06191434583815327,-0.11902913508977016,0.028033481551076996,0.008526600825611921,-0.018019130368671775,0.010533287344283876,-0.007383144475762229,0.1673350993639601,SUM2_002451
-0.10691201303140016,-0.06394671463967158,-0.35535970187035776,-0.01896124628645987,-0.07905524990547222,-0.01919929131352848,0.009949207828882884,-0.008969170327848223,-0.012279199562222697,SUM2_013451
-0.0834539805901961,0.01003135872376477,-0.1267872209001082,0.07162722179060213,-0.07264311667912707,-0.02033873027915594,-0.010874924585691788,-0.00789746675647036,-0.062491575681422905,SUM2_016831
-0.058050651621648665,-0.0031754982832320226,-0.08982440808662957,0.004435052709612865,-0.06519403695293474,-0.017022328504040483,0.016803527278482184,-0.008423589291390818,0.03789838154490011,SUM2_012051
-0.10053867510612494,-0.029486366825011535,-0.2054521509948745,-0.01447435365048346,-0.0602522522080766,-0.01954109615627273,0.006236951456821638,-0.00910006225198319,0.1974172335798085,SUM2_010836
-0.1337843930904695,-0.03387784663823008,-0.3113268642318884,-0.006772988774819991,-0.10844459770506823,-0.019079044546336143,0.009954194159193483,-0.009025341548298666,0.03370119916149462,SUM2_007691
0.09618254827959713,-0.010594608496268953,0.7619236413265323,-0.003337738532920513,-0.01671653084373196,0.12319505195475262,0.015011763816734284,0.07541504035659256,-0.0022545739243076683,SUM2_000749
-0.156393019565826,-0.05786975893631559,-0.47977635502510063,-0.02968646619509844,0.02793228620434542,-0.020325198854028302,0.010448860406256819,-0.009418019594557302,-0.05219167639244039,SUM2_001596
0.46899733368126784,0.08308897194933847,0.15448088267898266,0.09347218525342427,0.017873766652280205,0.0805928097348302,0.01141296972206175,-0.011839792355272313,0.013158127761760488,SUM2_014043
0.13726701214655304,-0.01413823814919655,-0.4228838565275443,-0.031231358460872282,-0.23822959159498125,-0.02081575430932241,0.00787265273500346,-0.009623014882530884,-0.0819074156415138,SUM2_014951
-0.058050651621648665,-0.0031754982832320226,-0.08982440808662957,0.004435052709612865,-0.06519403695293474,-0.017022328504040483,0.016803527278482184,-0.008423589291390818,0.03789838154490011,SUM2_000567
0.3236638403499584,-0.018897894965055236,0.11677537765222797,-0.016256029550745794,-0.23073129920478253,-0.019264917952140446,0.00884625808752133,-0.009612172810773893,0.1425993100302954,SUM2_009098
0.09618254827959713,-0.010594608496268953,0.7619236413265323,-0.003337738532920513,-0.01671653084373196,0.12319505195475262,0.015011763816734284,0.07541504035659256,-0.0022545739243076683,SUM2_015265
0.9682867512328984,0.04284221412801078,-0.1506993067349351,0.07169176117971716,0.04263138196294453,-0.024435630881909223,0.012408900160028425,-0.00837408409619352,0.03497123957854263,SUM2_000919
-0.04651379808796631,-0.022119164568806922,-0.2308013134531691,-0.032761021797743095,-0.12847982452944828,-0.01745424521875477,0.011174530162323896,-0.008956448841067857,0.12740213671222284,SUM2_015843
0.049731194089860556,0.024721381760107866,0.8357917171886055,0.0014214742773636462,0.00224148751721808,-0.01617707207534379,0.015536986969374698,-0.012611843178478719,0.16997002351478013,SUM2_006274
-0.10401164270903814,0.00992533772061642,-0.3548283518938111,-0.021872539096551714,0.008800518806475657,-0.022652230755204072,0.01077123482274624,-0.008506924384875597,-0.002225359273444278,SUM2_011669
0.09618254827959713,-0.010594608496268953,0.7619236413265323,-0.003337738532920513,-0.01671653084373196,0.12319505195475262,0.015011763816734284,0.07541504035659256,-0.0022545739243076683,SUM2_016676
0.30407838225105605,0.23098463515217835,0.7545444908771464,0.09649520018014315,1.4384509942538861,0.09252735630199459,-0.01632011409872591,-0.0073609883280784175,0.26676641572148263,SUM2_003018
0.5597381457490235,0.03440691267382989,-0.15803808925181856,-0.05738465132909378,-0.29079048938198654,0.15371738058134682,0.008554869475834314,-0.010311275055128452,0.09758748831845876,SUM2_008636
-0.07734574297209232,-0.011720373774399532,-0.3468086803798758,0.043497747465202116,0.02685538557245143,-0.017480036226399442,0.009889611152278668,-0.007309080532007964,0.10365540932516079,SUM2_009960
-0.03922792469338334,-0.013739708300910997,0.11781205708145119,0.0058734101260833945,0.3484667590827707,-0.017491050125757485,-0.0041847845480187966,-0.006828344626070701,0.06492158056684405,SUM2_007279
-0.1531910223881168,-0.028122410966539745,-0.4316155006184985,-0.0035684900739269645,-0.06854843260968686,-0.019270974353480106,0.007467208495450799,-0.007914528340138626,0.03921707454572153,SUM2_015911
-0.029819823095336755,-0.054222288196303495,-0.17680209254220683,0.01954812324196278,0.014185742608717942,-0.019518393069943123,0.006040582366792334,-0.00835673395818164,-0.10377025182810407,SUM2_017627
-0.1107297999137499,-0.011842447981112383,-0.41748758419204474,-0.013721076631886164,-0.04721741383203108,-0.02169583521224313,0.007072319972099973,-0.008364886081603667,-0.0018572346778471885,SUM2_017399
0.1529037232115134,0.023122530192327552,0.47015605014008727,0.09990095648310549,-0.09164696467200997,-0.020168979054962854,0.03554114984289952,-0.014798810192930426,0.03305079020176432,SUM2_000081
-0.10428970501346584,-0.04025625812782249,-0.4069503368471515,-0.025581567511956404,-0.03031351443015439,-0.022418328628623828,0.010587488155923138,-0.008873214444853967,0.003772431208657059,SUM2_008950
0.22706585195171586,0.08582695596300043,0.510530744298839,0.0468526731703668,0.32814694813481604,-0.02067767234362653,-0.012042809961506293,-0.0068646075864307625,-0.14229742325419817,SUM2_016692
-0.05044063622552621,0.002321643424864794,-0.09242358906666148,-0.011013389073780718,-0.0927516662164418,-0.022570057775541358,0.014600031760938978,-0.008929472783646347,-0.04765632438113498,SUM2_016568
0.06749666328602984,0.028170344832791572,-0.34899779009022425,-0.012321510940737957,0.05550330494620871,-0.017277903681173816,0.011458289734217295,-0.00846515048089431,0.18867894652154127,SUM2_015125
0.2301817537270204,-0.061102110632068794,0.052532436300839515,-0.024728574516447003,-0.22076937354272969,0.07448368737501743,-0.03493082528349839,-0.04344058436623376,0.11767401511454756,SUM2_007083
-0.09867862413849253,0.055058950709195795,-0.5256084133206473,-0.06942934328129956,-0.19697055003137418,-0.021444286372665378,0.008891512640672002,-0.00945363988355944,-0.08990784327442355,SUM2_009447
-0.0829592911886859,-0.005755412131002617,-0.11640418950049405,-8.314684426491414e-06,-0.09696094801152261,-0.018533773891574037,-0.012028215922572201,-0.007007187358739885,0.036371299898250234,SUM2_015847
-0.14028154261372783,0.03069068059772622,-0.30994707154919526,0.03133331338673797,-0.029187451451359557,-0.022097911656606777,0.00868488224944837,-0.008391510622183785,-0.008400864615460923,SUM2_005039
-0.16761083654827372,-0.03346470372082704,-0.36766363212485853,-0.003626234353645087,-0.022929929970815326,-0.019100951129741313,0.0071912856745404066,-0.007897535967724727,0.012291946787337627,SUM2_016469
0.09618254827959713,-0.010594608496268953,0.7619236413265323,-0.003337738532920513,-0.01671653084373196,0.12319505195475262,0.015011763816734284,0.07541504035659256,-0.0022545739243076683,SUM2_005840
-0.07544774954910063,0.03443166147312796,-0.4865609026614335,-0.04401057809945556,-0.18335572410258327,-0.021506957363906624,0.009385691293241263,-0.009834183744329381,-0.07801812504449206,SUM2_010195
-0.17831929304197938,-0.021622763077347618,-0.48912962378549985,-0.009079977589129496,-0.17202963541409302,-0.02055434886343066,0.003951705441398684,-0.00973090490362476,-0.10139295886206842,SUM2_004370
0.09618254827959713,-0.010594608496268953,0.7619236413265323,-0.003337738532920513,-0.01671653084373196,0.12319505195475262,0.015011763816734284,0.07541504035659256,-0.0022545739243076683,SUM2_009284
-0.13079806868115598,-0.01409007606979632,-0.4125305270898417,-0.0023703743616340744,-0.019797880857006657,-0.01824274133247176,0.006683745008356562,-0.007472500608830014,-0.06987586337030537,SUM2_018672
-0.06112403478713295,-0.042978861877660285,-0.32551636568226294,-0.04026655072263209,-0.1422073935204167,-0.020438960899765286,0.009851225728105808,-0.009238605974856337,0.1615080353393458,SUM2_016527
-0.1657136500109444,-0.02470572124480288,-0.05842489381349145,0.002661317439679253,0.053614174934360326,-0.018557498887262894,0.009138796918709452,-0.007933835149675798,0.12835390913800002,SUM2_012864
0.1274479668724839,0.0006076898535267702,-0.4362191994729475,-0.03478944609306466,-0.24033455164965037,-0.02163525696842081,0.008322282817535064,-0.009596489511751145,-0.07780352670598682,SUM2_006537
-0.17484424103159676,-0.027172824322379996,-0.5083824864278935,-0.029575021547713038,-0.029622043277007397,-0.02032277364365407,0.0058143398929761565,-0.008650457949845543,-0.047223301612023615,SUM2_002369
-0.12389022899576987,-0.015497096257169473,-0.4443429026128859,0.03665328086940356,0.055249160240821195,-0.018112566730202218,0.0066692606746277085,-0.007199396050722654,0.26173149112763616,SUM2_011296
-0.0159275130223067,0.06649559948307962,0.008610880735452039,0.07153268422194108,0.03754989052272197,-0.019340270929634577,0.013711978484605009,-0.008028741818806058,0.07447464241583926,SUM2_015037
0.09618254827959713,-0.010594608496268953,0.7619236413265323,-0.003337738532920513,-0.01671653084373196,0.12319505195475262,0.015011763816734284,0.07541504035659256,-0.0022545739243076683,SUM2_005283
-0.14851296378567766,-0.007164173295525591,-0.3391170225719101,0.07138175926775339,-0.08408363545074718,-0.02132495026021084,-0.0036467627818706273,-0.007871603496867502,-0.09442089260629549,SUM2_013631
0.09618254827959713,-0.010594608496268953,0.7619236413265323,-0.003337738532920513,-0.01671653084373196,0.12319505195475262,0.015011763816734284,0.07541504035659256,-0.0022545739243076683,SUM2_010022
0.14261213645396115,0.0639325407246458,-0.27736897084067136,0.1170906537156137,0.15661167545613872,-0.014747142323133566,0.0033129422767779852,-0.006796807674460224,-0.020307136509848764,SUM2_000325
-0.19495802186244698,0.00013236002077574998,-0.30277897632495393,-0.03663668337471432,-0.06478244255276785,-0.021007187967975516,0.006996539764368046,-0.008197007734421825,-0.025599250271182095,SUM2_011174
-0.14108245393454122,-0.04184055682099834,-0.45920389025410246,-0.08185100691898259,-0.11404588107463229,-0.021148913801465684,0.005668412805005392,-0.0096250233430062,-0.07374257933034199,SUM2_013032
-0.07625478959396435,-0.019441241317545644,-0.3545572712208608,0.021907134197314045,-0.059940092576368176,-0.01896483907599911,-0.008167915568535364,-0.007069433393263036,-0.004665574393403128,SUM2_008736
0.2713183249033733,0.02219594875347451,0.12528483118845632,0.10448215060456274,-0.10191691120562192,0.09205227797915645,0.022501381871489683,0.1582552493262097,0.006024511720123221,SUM2_010764
0.09618254827959713,-0.010594608496268953,0.7619236413265323,-0.003337738532920513,-0.01671653084373196,0.12319505195475262,0.015011763816734284,0.07541504035659256,-0.0022545739243076683,SUM2_016177
-0.08324585958902894,0.007968899174481056,0.4365373330562611,0.0032180319599234833,0.00821443617598237,-0.01890069076202376,0.011455203382354768,-0.01580886595577296,0.11605235438057067,SUM2_010491
0.09618254827959713,-0.010594608496268953,0.7619236413265323,-0.003337738532920513,-0.01671653084373196,0.12319505195475262,0.015011763816734284,0.07541504035659256,-0.0022545739243076683,SUM2_006850
-0.10878431283091279,-0.030423554025834288,-0.4101898401658251,-0.0006863111877800441,-0.04550976647821762,-0.022038887998094163,0.010493462815338013,-0.009120878831969697,-0.04488969905587649,SUM2_000538
-0.1960002668759676,-0.050666409700683215,-0.4211686644770074,-0.024138980335625775,-0.04578245387062722,-0.019568328773985785,0.007095379164096259,-0.009474082980920565,0.15549938360907464,SUM2_016010
-0.15064427679959014,-0.007341709401256634,-0.4628683132238103,-0.049994322510972716,0.0006414221458288219,-0.020905109673677882,0.005099323216217325,-0.00977862946589186,-0.06877920614311253,SUM2_010038
-0.11169135250562331,-0.07850717411724975,-0.23746307061029626,0.011632522169466478,-0.10373291450453712,-0.022394823990562092,-0.013298313529424899,-0.009097025970244074,-0.14118152289245092,SUM2_009328
-0.058050651621648665,-0.0031754982832320226,-0.08982440808662957,0.004435052709612865,-0.06519403695293474,-0.017022328504040483,0.016803527278482184,-0.008423589291390818,0.03789838154490011,SUM2_015641
0.019426041816244403,0.04507637492317623,-0.387128848873593,0.0715670151222956,0.07840839026908501,-0.018061752186744946,0.010688911413754235,-0.006776200654433897,-0.030674651324827308,SUM2_009710
-0.1271695689482571,0.0527681077202403,0.12625539668993851,-0.003525333721510876,0.26974552500114973,-0.019387154211531123,-0.002186085095695572,-0.008587077536012195,0.030279789659107346,SUM2_003763
-0.15183631292087837,-0.02432649679112401,-0.4349925916463556,-0.07039943123391908,-0.08352850652912702,-0.020656639021923866,0.006475951489410589,-0.00812201190154641,-0.06318494538391414,SUM2_010356
0.3676825368305357,0.22644830764058135,0.7102776235211328,0.07874988025368797,1.6013032792478632,0.13555433312394224,-0.02129598238014328,-0.005311753808130059,0.016566148771517686,SUM2_016325
-0.11543792962917543,-0.024801262424136057,-0.38951564169355624,-0.016713611966639494,-0.0028016825498748932,-0.01823121660746307,0.012634396984261836,-0.007708659380092765,0.08951030462027666,SUM2_017531
-0.07611883302939769,0.018844383432576828,-0.0758747422337632,-0.08748285157728063,-0.09178471866983048,-0.022334484060672215,-0.011287120552926036,-0.008891038040252656,0.011551704793599439,SUM2_004305
-0.12086679033427636,-0.028733918242179902,-0.3726707801649291,0.05605015596784839,-0.004995590057433691,-0.02040647503156523,0.008709419163479636,-0.00841666927296098,-0.015257269989429067,SUM2_018536
-0.16646971667546254,-0.029234196083048926,-0.333551989568292,0.01229480530167586,-0.049697106383954394,-0.020628300434311114,0.01089934985116111,-0.009022846362252557,-0.04766705829889036,SUM2_008957
-0.06600453082070937,-0.03961946217825659,-0.4607660888459645,0.034373064649789724,-0.03167395219816592,-0.019078405206325578,0.008488303220699198,-0.00858694299404974,-0.0718663791086152,SUM2_014814
-0.13055773390351402,-0.012874653289844797,-0.44145944414732874,-0.015176852258345763,-0.04149895644268864,-0.02083588920333408,-0.006589314929560002,-0.008282671739355214,-0.07569896580248785,SUM2_000434
0.31024415579819326,0.01938909085710992,-0.42001708705315055,-0.024473985068292167,0.007881027372859128,-0.021856797839055236,0.01039455536788865,-0.006550881042688113,-0.08806322528916857,SUM2_002652
-0.18986797861405216,-0.0629898681801653,-0.39430890218472087,0.0020985219158813065,-0.10200503982207014,-0.019106748290122034,0.0107171215817358,-0.007783651086614718,0.11151164909348758,SUM2_010556
-0.03573215535790003,0.023284945258500063,-0.2725016585328417,0.03694480228881064,0.2638548942248822,-0.018871156631996025,0.012404786160170512,-0.007101832800403984,0.04701845188510968,SUM2_012029
0.13642262562018992,-0.04285992865966317,0.07393093289789321,0.014706654606566893,-0.13269370159156907,0.07936332919288912,-0.011159554248539894,-0.03199268252748191,-0.007252001931849494,SUM2_010315
-0.10142052882585637,-0.011717372295768014,-0.5363472481233555,0.005807357582135792,-0.013293811060744906,-0.023193512967957474,0.007685654627828664,-0.00800585990951695,-0.026113463985306156,SUM2_003808
0.08852234770674651,0.005381986591003887,0.8998318316686962,-0.011485973119619276,-0.13882945593918966,-0.017709441010781986,0.036762155046155334,-0.01677014809224447,0.05413172405869983,SUM2_004709
-0.12542804232324198,-0.03112861586785216,-0.36331841147238897,0.022022906055644206,-0.037470936101640734,-0.02045105945823127,0.009839683726198678,-0.008766504370786308,-0.03842233786037162,SUM2_000102
-0.09856678969941453,0.006422792593451285,-0.4481878907973721,-0.004710770608536486,0.003267486315979341,-0.01971867264017525,-0.006055089427062974,-0.007738965490696641,-0.008927557091620734,SUM2_015300
-0.1431366648397422,-0.03714266424326286,-0.36490222753499496,-0.04032388813799961,-0.04489354013051569,-0.024419513864756076,-0.00739742478625534,-0.009233216140088105,-0.03065231349196263,SUM2_017507
-0.10709091406778479,-0.012962653054218778,-0.34293892469599385,0.03006567043088265,-0.045596884856304455,-0.021642737337938183,0.007510482633407164,-0.008239337328432596,0.009832284552421373,SUM2_016315
-0.014215359437750565,0.05566042063132043,-0.2521772456881909,0.08303801110847152,-0.0458732643289153,-0.016730519564124212,0.009388232441563796,-0.008260207202760543,0.24001405853674163,SUM2_008334
0.02316281674862956,0.03427670975263501,-0.005037673814393356,-0.009384083590077518,-0.08699124622175092,-0.015784665398516466,0.01225520396774637,-0.00736750617641733,0.18728726422001069,SUM2_005272
-0.08028257229622213,0.0284229229513271,-0.10878553458778802,0.1064534940584088,-0.05059252487373239,-0.019669051600698102,-0.009329441685265751,-0.00743807109472103,0.07109057238534813,SUM2_013338
-0.13904820387421649,-0.012261880322059205,-0.44008368554306615,-0.0003530731236624514,-0.04864215242234261,-0.020304434416346988,-0.005550031856664172,-0.007934305804196792,0.0172673990240622,SUM2_008292
-0.00860034245893292,0.008674094995206692,0.6994276394993812,0.009715533819052559,-0.1424990876499638,-0.022521005513601918,0.040088271623886076,-0.017079379269375097,0.030179398282664062,SUM2_003864
0.09618254827959713,-0.010594608496268953,0.7619236413265323,-0.003337738532920513,-0.01671653084373196,0.12319505195475262,0.015011763816734284,0.07541504035659256,-0.0022545739243076683,SUM2_003985
-0.1320303263457329,-0.0048268580968677186,-0.22433321294331238,0.061205388120099215,0.076265441322698,-0.020255112769805114,0.0126130594920329,-0.008604491781799421,-0.040956774779462635,SUM2_006253
0.13395678490365373,-0.0007334843597604418,-0.4062775394227673,-0.050906681526197504,-0.19741327166555592,-0.020233867121667838,0.008518797707561008,-0.008994279710510804,0.12818090821167255,SUM2_005815
-0.10461861172933817,-0.07643541662005293,-0.46194961439513527,-0.06933917324849256,0.010192124453284542,-0.02009506883973533,0.006967604239079006,-0.00916495372343935,0.13762090644782518,SUM2_016498
-0.12909971474535337,-0.042351121312428436,0.23077510729257106,0.0025538538454442086,-0.08841698941714562,-0.023267361355671274,-0.023719330697959385,-0.019045812847910452,-0.14041109619354625,SUM2_015491
-0.08320815986937158,0.002369546905587798,-0.39244548973531085,0.03928074929457622,-0.04550607479717474,-0.020981008185038924,-0.0024098182262755293,-0.007990157075276047,-0.0653413941790942,SUM2_004721
-0.11898737310546856,0.017228367070879654,-0.12471292250181358,0.025039687344661037,-0.04146902762699458,-0.020523771903141575,0.014173391013341904,-0.00826121899486357,0.04634073203264326,SUM2_000930
0.09618254827959713,-0.010594608496268953,0.7619236413265323,-0.003337738532920513,-0.01671653084373196,0.12319505195475262,0.015011763816734284,0.07541504035659256,-0.0022545739243076683,SUM2_005949
-0.08879308117334794,0.0004450605952507347,-0.4289898764837927,-0.039750845385077255,-0.10077219428719161,-0.01789566691040455,0.009781666205707956,-0.008996340529590422,0.03810622329751436,SUM2_002664
0.25105952888897287,0.06266448523970732,0.4774885282546304,0.1946812187358083,0.08221571873551914,-0.015516412427601678,0.03016415374449257,-0.010228264672539521,0.04288076018428901,SUM2_005134
0.09618254827959713,-0.010594608496268953,0.7619236413265323,-0.003337738532920513,-0.01671653084373196,0.12319505195475262,0.015011763816734284,0.07541504035659256,-0.0022545739243076683,SUM2_006654
1.007259843207413,0.0836286204277701,-0.09208414900399077,0.0191815103143032,0.07998048051154936,-0.021254914006474224,0.00788020212927124,-0.006907160078460516,-0.029978756456199657,SUM2_005552
0.09618254827959713,-0.010594608496268953,0.7619236413265323,-0.003337738532920513,-0.01671653084373196,0.12319505195475262,0.015011763816734284,0.07541504035659256,-0.0022545739243076683,SUM2_012015
-0.07947323213335913,0.011043324834077706,-0.3738571636949105,0.0133726615379331,0.20126026024209898,-0.018652954502308534,0.007189898007960574,-0.007115928168351672,0.027145808687796015,SUM2_016659
-0.10598508602843974,-0.010821533631624868,-0.31689170925541904,0.03211887234137253,-0.07865301744014111,-0.020926100263704017,0.007918105265868228,-0.00830855263586274,-0.004670728311056511,SUM2_002450
-0.07054456099519604,-0.10242375533875703,-0.2961369270554402,-0.047373122002411665,-0.13962231922257318,-0.021431800801952998,0.009058511331514335,-0.009238605974856337,0.17330950149779847,SUM2_006989
-0.07708106752696932,-0.012540335723646517,-0.12246754986210846,-0.02498755516751825,-0.0976658059443327,-0.020915633695483198,0.015160797693720657,-0.008568847823957,0.034326118881715516,SUM2_013736
-0.060340272650475604,-0.010410390437012893,-0.2540831865646778,-0.0038484421115232924,-0.09891315696180623,-0.020471059688618433,0.009509430110691271,-0.008743602640477124,0.19473462267711578,SUM2_002759
-0.10504046987266942,-0.01686937871069185,-0.5215604952763175,0.018444345928861895,-0.002472810917619543,-0.01916071225982859,-0.005446391486799098,-0.006490791701422069,-0.010033965650288084,SUM2_014076
0.15497132793793092,-0.016294975238464925,-0.3651011459165455,-0.04429234643689018,-0.2198989234405015,-0.021362026157160277,0.007571756281705174,-0.00970900544352296,0.009937735762455158,SUM2_003826
-0.0625398803094957,-0.04006700175792195,-0.24287939810051581,-0.024089773110326812,0.17568739035317918,-0.013550503339903213,-0.00657034377938939,-0.007765401964507283,0.036602844967802306,SUM2_010383
-0.14939156866553333,-0.013861975331377835,-0.42312619582976707,-0.019544878283410904,-0.0468534387174175,-0.020113475942310267,-0.008458677471099239,-0.00791746553771022,-0.10496169461363056,SUM2_007048
-0.06918164676188845,0.008372886023849991,-0.38405540022574114,0.02318576273407184,-0.14320654215508097,-0.018321684170941946,0.0044617099972122055,-0.009018873647299051,-0.11502337776277793,SUM2_014169
-0.09168436241074099,-0.01295209488114284,-0.35874928140532186,0.007614099025574875,0.06874166265110201,-0.018621926919989554,0.006660259672573668,-0.006611445567135531,0.07400662044836455,SUM2_001404
-0.06700686624883845,-0.013197369013408186,-0.11320399764549535,-0.03024407210524197,-0.087437139506054,-0.02003023270838698,-0.00950897942707136,-0.009633767987203492,-0.011935657829641736,SUM2_018791
-0.1504098543269109,-0.00957417390017672,-0.3479395177041074,-0.0020585519104178345,-0.025239106740816634,-0.0216685341713806,0.00928085970568628,-0.009196913798228446,0.0006428259863127155,SUM2_018438
-0.007380764291342762,0.0189845992743791,0.8284376769837477,0.07898498684293179,-0.11171452789080474,-0.02179675993216668,0.026209699082734843,-0.016180128390099822,0.006225516988101731,SUM2_012330
0.2283690931959395,0.07720359536041149,0.2969337618928437,0.12693916234897168,0.5748322343643965,-0.03766148849059459,-0.0027962594650771558,-0.010499510164961253,0.10416401348445303,SUM2_000278
-0.16692981485069658,-0.011390379351736169,-0.48220133288141936,0.026735874076453114,-0.05378760141584042,-0.022749984889548318,0.009712970214192446,-0.008712157427827497,-0.00943224422313536,SUM2_007641
-0.13082489416841558,-0.016899045021384923,-0.3819101073286438,0.00014869137375317148,0.0159929184340839,-0.018702015303705626,-0.005214840048329861,-0.0064402532843650055,-0.006335535194495492,SUM2_004474
-0.10302975189627175,-0.021489355342335308,-0.4177420781753517,0.019600411773099135,0.005733918431145969,-0.01889356939555385,-0.0072616405437782704,-0.00658169679567047,-0.01090826720875191,SUM2_016829
0.09618254827959713,-0.010594608496268953,0.7619236413265323,-0.003337738532920513,-0.01671653084373196,0.12319505195475262,0.015011763816734284,0.07541504035659256,-0.0022545739243076683,SUM2_012578
-0.025540693324019488,-0.004937212120064538,-0.2503642882571191,0.03643673879959829,0.032087232478814856,-0.01830208093637197,0.009459446129711734,-0.008176368032566491,0.02019390785347557,SUM2_016288
0.5909030817186544,0.02760353308744502,-0.22810541204940957,-0.06639345889576645,-0.28426969902571547,0.1325332427571358,0.00875845541940885,-0.010415141425745117,0.10475678773836439,SUM2_011133
-0.07959998424555607,0.027267354085658984,-0.3203398276988645,0.010093854647053854,0.2319669867534174,-0.018599186173432012,0.0073875304612190575,-0.007115928168351672,0.04716427940869805,SUM2_015306
-0.04373398490345799,-0.05757249513114946,-0.26631800895832025,0.1249432572803452,0.021169760133402316,-0.020980193772602553,0.00901920095190342,-0.00823677832389281,-0.023013924140399485,SUM2_012627
-0.07924880745887937,-0.032365920000638364,-0.3459157153344724,0.002499894693395052,-0.05473913228719481,-0.021666474527907514,0.011112459836180342,-0.009042331922539943,-0.03018776875535233,SUM2_012913
0.04232587880279415,-0.04192028024919038,-0.32153247221593456,-0.03569956430083234,-0.11375335560688367,0.04984633942422392,0.014875993111912128,-0.0469116565053241,-0.04053715609463008,SUM2_017818
-0.1569479937574238,0.021733990811912872,-0.2353722145056188,-0.054141020976795164,-0.030279899393265298,-0.022259916689888644,-0.009009111084084564,-0.008482952057485182,0.0514493898221625,SUM2_009533
-0.058050651621648665,-0.0031754982832320226,-0.08982440808662957,0.004435052709612865,-0.06519403695293474,-0.017022328504040483,0.016803527278482184,-0.008423589291390818,0.03789838154490011,SUM2_009035
-0.050760648582205116,0.02088723961133889,0.6514324060749332,-0.006374293057722963,0.025122921240734265,-0.021660246258856146,-0.0045967134699402504,-0.016168272415049575,0.016429696975497888,SUM2_014652
-0.05430011003411792,-0.0031312609011566197,-0.28697195026889766,0.03582054270547481,0.048618997794109595,-0.020017898673416173,-0.005874896137172021,-0.0093253708083277,-0.06377633998847114,SUM2_012585
-0.11237170125113609,-0.0206084957231642,-0.3850581037067874,0.03448318726498937,-0.053211908591971425,-0.02178101922089563,0.008471754386251076,-0.008376940115127102,0.008701288962063642,SUM2_010443
-0.09426767737342218,-0.008312213929495969,-0.3704980736922049,0.05564605262230197,-0.04752874237007385,-0.02162174066510125,0.00961189867387407,-0.008097064472416815,0.007445770636831728,SUM2_018416
-0.058050651621648665,-0.0031754982832320226,-0.08982440808662957,0.004435052709612865,-0.06519403695293474,-0.017022328504040483,0.016803527278482184,-0.008423589291390818,0.03789838154490011,SUM2_005758
-0.05514686371831832,0.010592686438407564,-0.07285811278237676,-0.012140680402414864,-0.06022616354858078,-0.01801796486721883,0.014316162834211315,-0.008743331018274281,0.030890003192744736,SUM2_001806
0.09618254827959713,-0.010594608496268953,0.7619236413265323,-0.003337738532920513,-0.01671653084373196,0.12319505195475262,0.015011763816734284,0.07541504035659256,-0.0022545739243076683,SUM2_009639
0.16555778523235287,0.053235348040193656,0.7736250634273678,0.01751555864303572,-0.03544990517897199,-0.016106752748581192,0.016003957689457858,-0.00978505802470884,0.017117072322480824,SUM2_004415
-0.13038815688223215,-0.036568108310010464,-0.37700219793666373,0.0037076461675242325,-0.06781477299049395,-0.019580203146294307,0.010249585111167695,-0.008717205707373925,-0.0294249864024057,SUM2_003702
-0.148450521780793,-0.0321858791729822,-0.4287204399948476,-0.00880177526174952,-0.02943925921518007,-0.019279749148990583,0.00622011413196411,-0.007807649136980796,0.10071648257532692,SUM2_004598
-0.12288636450708383,-0.024927184214304798,-0.3892909882545863,0.024436761568380115,-0.052528939654297,-0.01922449213857033,0.009318541811240463,-0.00888132682911484,-0.03466018015979925,SUM2_000011
-0.0797065458275055,-0.04528746527274732,-0.10505216763114562,0.004271579418298307,-0.06962723274205856,-0.01922211826248445,0.01452520055907629,-0.007600279334944832,-0.0005940835960094419,SUM2_007505
0.3855538478085353,0.10329882981205615,0.4504643465603909,0.14646094963813192,0.7855081658968844,0.10120605931425528,-0.006905576974807324,-0.012815766339516884,0.3711676415629299,SUM2_017253
-0.050174412711054495,0.010887460127710108,0.6006489997090332,0.027481037775346863,-0.12873137928361914,-0.02337014489672057,-0.03237848591797963,-0.019543908844636713,-0.12409002401377674,SUM2_012003
-0.0725793221282856,0.017442041119496977,0.471107852389855,-0.028579196281080188,-0.08129249131449023,-0.02266432572235493,-0.015911618179672734,-0.017218099269000975,-0.016591132147277143,SUM2_001026
-0.17476598488021028,-0.010025445017228666,-0.4480588571394457,-0.014894201048626293,0.07149269484128272,-0.01908654608319728,0.007371965957900616,-0.007144264960041074,0.02328088045551103,SUM2_012443
0.09618254827959713,-0.010594608496268953,0.7619236413265323,-0.003337738532920513,-0.01671653084373196,0.12319505195475262,0.015011763816734284,0.07541504035659256,-0.0022545739243076683,SUM2_015025
-0.058050651621648665,-0.0031754982832320226,-0.08982440808662957,0.004435052709612865,-0.06519403695293474,-0.017022328504040483,0.016803527278482184,-0.008423589291390818,0.03789838154490011,SUM2_015837
0.4955866444055923,0.060575758110442204,-0.32125611055280523,0.11319278454424644,0.3689959949112679,-0.030914157853457035,0.012507965522691109,-0.004464116181911002,0.006084166834198584,SUM2_001747
0.09618254827959713,-0.010594608496268953,0.7619236413265323,-0.003337738532920513,-0.01671653084373196,0.12319505195475262,0.015011763816734284,0.07541504035659256,-0.0022545739243076683,SUM2_018138
0.008038385795216,-0.0004881778223279759,-0.3901644910380286,-0.04268673821433442,-0.19165975750335987,-0.02184424440022629,0.008741846853048773,-0.008775772162892171,0.06685369070078358,SUM2_004030
-0.08801259797659584,-0.02387960163411278,-0.32112510380870457,0.04800704734494474,0.05867658798120703,-0.017067892485013038,0.006626413502523012,-0.006961205069778022,0.2011888616475394,SUM2_006403
-0.12357427500057358,0.01069641470104955,-0.2347725118099969,0.09048269692299367,-0.030253605462838423,-0.018388924316585082,-0.007506587111158964,-0.008152022784169512,-0.12630354998710852,SUM2_007301
-0.11027457984442482,-0.01568321426543392,-0.3990862524963368,0.016000603031132942,-0.07412782149413154,-0.020713197671845388,0.008957077143524773,-0.00847215768254468,0.010678374035702399,SUM2_011818
-0.10761236514969104,0.04608383279034913,-0.2597191067185819,0.01534577592350852,0.21232576940296685,-0.017510321386591515,0.010194555965530427,-0.006766842208791235,0.07415388809654666,SUM2_004428
-0.05028018784449021,-0.007113799386648428,-0.3846212898683682,-0.018095839752051392,0.1443796411283285,-0.01971612975063023,0.007904876272161503,-0.008044921230990217,-0.05699930607199977,SUM2_003355
-0.11617697885167846,-0.06808455017987511,0.7185455977943487,-0.009098411284900456,-0.16932175309086644,-0.024446163548431286,-0.03321854419403549,-0.019244480938655027,-0.0978832074342495,SUM2_007808
-0.07543785178119393,-0.010622359074422145,-0.25514570667139636,-0.030112999375203692,0.040253647485629394,-0.020271677706396252,-0.008008654752276707,-0.009415753269330295,-0.042169802325574275,SUM2_007868
0.03042433745584907,0.022679011502509595,-0.18728119519958475,0.012084625022740457,0.020325907527244523,-0.019592830681003672,0.007839903944916488,-0.008735376044203986,0.008654857969105898,SUM2_006444
-0.15810943891122053,-0.009221897200540664,-0.492548049271484,-0.06366654768751782,-0.03121999181401932,-0.02073782148503779,0.0029402843995887636,-0.009702518314866954,-0.06888860575753515,SUM2_006355
-0.17440061781337657,-0.030870268715162734,-0.38313515654151936,0.013764324402166506,-0.07016932635260595,-0.022150120781106473,0.010356996205305344,-0.009007038957465682,-0.03437913458019322,SUM2_010684
-0.06240866876830732,-0.0012105704313280553,-0.10811757803659597,-0.010065909239634314,-0.04985841605470059,-0.018546081499970904,-0.017067296353030864,-0.006368028501730928,0.02671022888474206,SUM2_015153
-0.09567622948500856,0.018471463235751436,-0.19868992180339734,0.010549852712041813,0.11928761852909608,-0.018871467628987233,0.011741797995612795,-0.007305682941881006,0.0365160655009212,SUM2_013578
-0.13412637913927303,-0.01719689708212665,-0.3783941824365195,0.036862845608587325,-0.008195131730969646,-0.01825530556541865,0.006737015314804802,-0.0072939749895265015,-0.009809681730215531,SUM2_004682
-0.09072878280787089,-0.02796238209532444,-0.3653442889869928,-0.017787096855481785,-0.020782488183024847,-0.016788941923469955,0.009938286958869096,-0.007831300537641927,0.023929241723264744,SUM2_002282
-0.10783190146121024,-0.05579380806829433,-0.42386192194049455,-0.019026208861055372,-0.09311486214556167,-0.018588523938086205,0.0071596016912693124,-0.008494319541025105,-0.00774267859110363,SUM2_013259
0.36747470409370164,0.008589598339282663,-0.36229002955629647,-0.05606534442478126,-0.11047248785310268,-0.02499738854054069,0.008099166844202019,-0.008354807168340785,-0.08461335532799615,SUM2_006126
0.18135989863948798,-0.012884238610622148,0.0814928736962083,0.09389935316797636,-0.1280830555848462,0.07734938429912255,0.03592204825861313,0.18325343457475346,2.815696830857674e-05,SUM2_002029
0.8112980263463992,0.05309195456164857,-0.16108274379166407,-0.09003750298714183,0.050880188600424966,0.1259244036680646,0.011915133399037508,-0.010645157307571776,-0.05098029451103871,SUM2_017948
0.1870608281162146,0.010099449012409837,0.20396237266967052,0.08680743942007621,0.19122380299491465,-0.012980537845201973,0.01971605794698592,-0.006251173604522089,0.027541674803312082,SUM2_016844
-0.1409355493740988,-0.03296779987954727,-0.39145486234704974,-0.022295493265607546,0.0112674070040585,-0.020340283871066844,0.006397342209590952,-0.009532742806335934,-0.08382211443412926,SUM2_001667
-0.07866096700102482,0.03756735942278823,0.5343310723487692,0.04442494672332427,-0.1585225475348519,-0.022235129975092964,0.022024471760086258,-0.01898760197057516,0.03120946857571037,SUM2_008217
-0.058050651621648665,-0.0031754982832320226,-0.08982440808662957,0.004435052709612865,-0.06519403695293474,-0.017022328504040483,0.016803527278482184,-0.008423589291390818,0.03789838154490011,SUM2_004379
-0.18055516931614138,-0.010928436324230028,-0.40710461334709463,-0.0006532140024272202,-0.040901889225350534,-0.020270514549581037,-0.009146722438953658,-0.009367168022710707,-0.007292355328540642,SUM2_000211
0.24803296735928235,0.14431162037583634,0.4989930068309005,0.21310564207261629,0.2022158913709377,-0.018352562416749218,-0.01828687201319491,-0.007620469600401048,0.01298593812125996,SUM2_004414
0.624144603337705,0.012526154917176135,-0.3268224302511488,-0.07113569898077589,-0.3365180610486062,-0.027113553201516826,0.009019029260856824,-0.00848028277441315,-0.08090004338823412,SUM2_017054
0.09618254827959713,-0.010594608496268953,0.7619236413265323,-0.003337738532920513,-0.01671653084373196,0.12319505195475262,0.015011763816734284,0.07541504035659256,-0.0022545739243076683,SUM2_016867
-0.13216734357501617,-0.03142393800821143,-0.43800393438825164,-0.05553575654309435,0.0016413466343985924,-0.01979214072405238,-0.004942687405813774,-0.008444029222111401,-0.02113334197328226,SUM2_004315
0.06288577936735015,-0.07375873509726745,-0.4500798541093759,-0.052375449933621344,-0.21595533435563005,-0.020914659735426767,0.006820585893713517,-0.009602446485004454,-0.0961524091520588,SUM2_016489
-0.13884390078715256,0.0026147994400413533,-0.49454530959512055,0.06813063802493005,-0.058947392285363186,-0.021805350755850404,-0.004195143448195524,-0.007876685425045939,-0.06912977186939245,SUM2_000387
-0.12042182856088054,-0.006910277946772357,-0.42443791378584467,-0.003507310284608097,-0.042228641394748974,-0.019655858012436262,-0.008103001012190728,-0.007804084257878799,-0.09458838237388842,SUM2_005119
0.17383362908786942,0.0679011983709463,0.46256149709980443,0.2832464476249267,-0.048744611133360115,-0.018699694917781572,-0.03637991041369551,-0.01324807665569778,0.0801169613552709,SUM2_000153
-0.15241165437845394,-0.01517722288687412,-0.3518768947240538,-0.024920100060861726,-0.03647248948960704,-0.017836280179507176,-0.014649072244907002,-0.007344799985253213,-0.1340081095574605,SUM2_015151
-0.034117895130535016,-0.005040413811298194,0.019598508102698146,0.03479460078693125,0.08532420675537902,-0.01628275759618713,-0.004828511440589778,-0.00751763938049828,0.0216375798326861,SUM2_000971
-0.06504677477464968,0.12792458890532504,-0.23558299159624418,0.0974534417933355,0.09178989401147922,-0.01880550051662635,-0.009110624347873119,-0.008022166880978485,-0.06062398593047584,SUM2_013195
-0.058050651621648665,-0.0031754982832320226,-0.08982440808662957,0.004435052709612865,-0.06519403695293474,-0.017022328504040483,0.016803527278482184,-0.008423589291390818,0.03789838154490011,SUM2_006221
-0.09589681474693497,-0.008196461362021974,-0.3554204036961364,0.0017954580055281112,-0.06708578503909637,-0.02083299579967027,0.008252078877814657,-0.00841572275734927,0.009667461722182384,SUM2_001374
-0.19641545542563893,-0.03589861352011925,-0.41515859644191694,-0.009389020378349811,-0.09669337181352207,-0.019883797378340708,0.007648027279192707,-0.008231966919061282,-0.06465036489680322,SUM2_018034
0.5604874940114783,0.04264345085470404,-0.30165434980497946,-0.06950217341827865,-0.3444303124570693,0.16778398632132113,0.008205723180425334,-0.010654323690994793,-0.077692478514676,SUM2_004566
0.24408953390656393,0.07293502082540079,-0.1656602031560168,0.1418868084587615,0.11644929226014245,-0.013595196868319115,-0.0027931467327079866,-0.007132782411544807,-0.031337480666885145,SUM2_002292
0.09618254827959713,-0.010594608496268953,0.7619236413265323,-0.003337738532920513,-0.01671653084373196,0.12319505195475262,0.015011763816734284,0.07541504035659256,-0.0022545739243076683,SUM2_016457
-0.16124517397546737,0.03031740908407044,0.3631344175024802,-0.03515745597975188,-0.04556816236433543,-0.01963293860504737,0.016075840875831977,-0.01556959229358803,0.11408636005133062,SUM2_016296
-0.11312406159121202,0.0005418067714931495,-0.34604384346444184,0.059662078350069335,-0.043161382588056234,-0.02094599294798733,0.007551246625981038,-0.008351546236625684,0.011882072090967534,SUM2_015534
-0.14428328173193344,-0.023833423729176125,-0.4126903421570519,-0.0253209292362123,-0.03253549448210713,-0.019584395016247483,0.006542077248395122,-0.008411899847824412,-0.04563137386139636,SUM2_012168
0.07992913095343764,-0.0006038482241533972,0.5690809793275406,0.03679862329844595,-0.08590032850327259,-0.019915901344180968,-0.028348356620803837,-0.017550693471383425,-0.04935386664286022,SUM2_002140
-0.07050121091477442,-0.027337190098871127,-0.3144853366113288,-0.008752005375474995,-0.03521365176109262,-0.019573649137561936,-0.00809812165003153,-0.00916932243979803,-0.01415128572728323,SUM2_014664
0.23867921602678227,0.35655669306612126,0.21563859012072512,0.3055081595125781,0.2808719599593474,0.08925839821415371,-0.005132600995416461,0.003470891389108626,0.017893833371701418,SUM2_000813
0.09618254827959713,-0.010594608496268953,0.7619236413265323,-0.003337738532920513,-0.01671653084373196,0.12319505195475262,0.015011763816734284,0.07541504035659256,-0.0022545739243076683,SUM2_003759
-0.11560378153396914,0.008992349136036307,-0.13327027762719826,-0.026087118102750228,-0.09726391026541588,-0.020942047978613116,-0.008372255365113565,-0.008425401732368751,-0.06510599507331036,SUM2_002777
-0.17686188927048702,-0.02405295105282153,-0.4179872358998981,0.000866132618727028,-0.03781788008574739,-0.01887804015979632,0.007158335378005851,-0.008147897975648424,-0.0656861589379748,SUM2_007738
-0.057537685053490016,0.00276605981727176,-0.055633939374505524,-0.012417993458245305,-0.05533664420193365,-0.019921461087002428,-0.010640393226303717,-0.0071731894150533285,0.027311752068098844,SUM2_007818
-0.07263840416688211,-0.03908813114638913,-0.401756414316328,0.04973802360293535,-0.022411626259085927,-0.021671911970858288,0.009569573461167102,-0.00825467876399414,0.018846065810985302,SUM2_001384
0.0074779956829993735,0.07405188943824426,0.6020213076409445,0.10708078990053702,-0.07738126618253592,-0.02052088019973699,0.05340572961844077,-0.01632825070535276,0.08225438435156066,SUM2_007777
-0.11535822677249523,0.005969855795207278,0.4452032749546856,-0.03620626299873244,0.04900290670552541,-0.020861057881971443,0.013850953405586619,-0.017759894167549337,0.027217528690594166,SUM2_002138
-0.08711305799515663,-0.06743468583136276,-0.13167086254470617,0.02535369769891187,-0.04149909879874706,-0.01778503904394399,-0.008746224957784862,-0.008249609068301255,-0.06088609479495717,SUM2_014297
-0.10568238530048246,-0.004977637782228482,-0.29453551023038604,0.020187141796967963,-0.031276928365354055,-0.021290847307942534,0.00930313821643911,-0.008925764277421451,-0.02211885943572323,SUM2_009023
-0.08872445456966555,-0.030292775085259883,-0.3751755747058695,0.0032557019617048487,-0.08310463872236087,-0.017935218608050345,0.006789288474232778,-0.008650518685063415,0.10119831915127211,SUM2_011078
0.2308725117567775,-0.026783795322476194,-0.25429219042820655,0.03404704820439863,0.09345697443084297,-0.016143667534175704,0.009694531973939392,-0.006846507732296887,0.2406332052858237,SUM2_001031
-0.18748630015094037,-0.016576152270924155,-0.308728765608031,0.003663570929139379,-0.028539170571368448,-0.02182981642598147,-0.007132300499460571,-0.009931412151754998,-0.0057838691173891415,SUM2_001958
-0.07301641623665371,-0.017758526790886818,-0.37474706359866433,0.0035348110964145197,0.005245725181572241,-0.018789795441770056,0.007353308635694014,-0.006340014030132249,0.0730808999793805,SUM2_014113
0.09618254827959713,-0.010594608496268953,0.7619236413265323,-0.003337738532920513,-0.01671653084373196,0.12319505195475262,0.015011763816734284,0.07541504035659256,-0.0022545739243076683,SUM2_009867
0.07992681427887602,-0.03181528694385586,0.6503990582015698,0.03693565117271617,-0.15491831502443754,-0.020122008019569187,0.04448242712903379,-0.018513523798303122,-0.0029283016109629854,SUM2_006231
-0.09678896438947893,0.04586042077676784,-0.30488306296282597,-0.015636530629220307,0.006035907712969378,-0.01932607073672473,-0.006796645154770789,-0.007749517238644814,-0.008237274184089895,SUM2_002261
0.09618254827959713,-0.010594608496268953,0.7619236413265323,-0.003337738532920513,-0.01671653084373196,0.12319505195475262,0.015011763816734284,0.07541504035659256,-0.0022545739243076683,SUM2_017149
0.6803873260420875,0.03692479798481187,-0.1362023995984219,-0.05261681559213469,-0.2320583083371704,-0.025072552380546665,0.0077820933183695915,-0.008373571332332765,-0.047701758754966454,SUM2_012382
0.3144372994482141,0.08697585145227942,0.49855464741140326,0.17037388295792855,0.6986645281789193,0.12075011581190483,0.060172869270258125,-0.006649967613586735,0.03412286035001486,SUM2_010833
0.1895614693455846,0.04891981483053566,0.5815596887928085,0.038635565455632834,-0.24149227876846027,-0.025629276009394065,0.01688890023515884,-0.016593113883348214,-0.013791505072141177,SUM2_017886
-0.08663904816789411,-0.015595268987929841,-0.33673433364591665,0.003207546799939659,-0.029604070162693674,-0.02083114325329451,-0.005649959396465242,-0.007588827875902859,-0.015304762522316873,SUM2_013986
-0.08984914769152179,-0.009691787807426194,-0.34499950999995405,-0.009894718780470425,-0.01387375912146846,-0.017950371152616523,0.007939682106229477,-0.00670707973013054,0.19786572626813898,SUM2_013873
-0.09620619924794002,0.0006808711893683678,-0.5179395861396214,-0.021764195709467034,-0.08968663897297496,-0.019147599762199603,0.006980217262350293,-0.008729131900800779,-0.06556620059653281,SUM2_001964
-0.17083342907765436,-0.013734581061324597,-0.5208875821227814,-0.005681716643130253,-0.018459561160195433,-0.020016860318789766,-0.005573631549213945,-0.007734671115154868,-0.002897940822099966,SUM2_015428
0.1452794697165129,0.0313813061349401,-0.04083760450193727,0.08102201510354765,-0.12786344702644717,0.08024598265224958,-0.02523468875990768,-0.023950806158044784,0.0012293248690433446,SUM2_012983
0.10590055083838616,-0.014193376151166398,0.10426701390315143,0.04996737989127031,-0.16895404443370096,-0.022980641971871052,-0.027193132086941574,-0.037480474151283014,-0.07106828413322248,SUM2_004875
-0.1838610467852852,-0.04354347598072615,-0.4972269132071586,-0.013735088196660283,-0.14368256557795575,-0.020626495568537552,0.008722505700127312,-0.009114087730261962,0.07773873686164876,SUM2_008694
-0.1149431583495046,-0.06171436037073953,-0.39499018391991647,-0.0587231098717196,-0.08788659303888711,-0.02038219840646408,0.006430105408798162,-0.009224871710271672,0.039496606132657736,SUM2_008830
-0.06025215961976632,-0.0067835046891756125,-0.048426361814118093,0.013980793617728674,-0.07960014442961919,-0.018499263500493045,-0.010481364347892722,-0.009171947761837699,0.04289456498188132,SUM2_001323
0.01829876491104847,-0.03304850376452556,0.6262015091901236,-0.07312687503062537,-0.12008589562102492,-0.02266081142945097,-0.030938152594226866,-0.01886028819658336,-0.09346624096228096,SUM2_007729
0.07657772982907803,0.0001256663733109682,0.5922456979514112,0.01391245605002069,-0.06994077217082986,-0.019248112627558725,-0.01963925319610486,-0.018781842841449386,0.060189576921206946,SUM2_013859
-0.11911327172348436,-0.004641692742679811,-0.36275531308537856,0.014526037581665447,-0.05268501897235487,-0.020802748103455084,0.01012909760741686,-0.00856953881499294,0.007359985959650253,SUM2_018962
0.2504563171792612,0.16410291065171,0.4473409140579897,0.0993027257308167,0.2686011498272593,-0.036673168486896855,-0.01369315968361004,-0.008592970421743926,-0.05629282501417747,SUM2_016511
-0.10154322945113577,-0.00964484123396923,-0.13077519011960267,-0.026811410545200733,-0.11659295417615165,-0.020886238189877192,0.010377096815083663,-0.00859129477747849,0.037911386730897015,SUM2_010203
0.1698550615474101,0.042716759524151535,0.4155545889428794,0.07025185705004275,0.09055354229385458,-0.018806286570342223,-0.019753344240440535,-0.012775530164216953,-0.10499091340657399,SUM2_016680
-0.10932273730761036,-0.013723325401285328,-0.38541782554776116,0.014771836604497244,-0.05394408793390185,-0.02053749010488057,0.009861947792801742,-0.00841836471669223,0.004020172342742682,SUM2_018352
-0.0945320847148339,0.004224141606540559,-0.09583125148229114,0.050849671145736616,-0.06890801329575182,-0.0206707770234189,0.01064403457033893,-0.008454736822458947,0.04060082391778711,SUM2_004637
0.054471392777409734,0.019861253920474616,0.5198106525251331,0.023796564003930286,-0.14112490869413036,-0.0209153029844188,-0.027149916521580518,-0.019292654865228364,-0.1279695617812776,SUM2_017855
-0.13086272128916274,-0.015059160645387903,-0.07559116293915778,-0.01823725322887318,0.094894596160656,0.13264664608757726,0.00783377919892456,-0.009333805436968691,0.039574453096875975,SUM2_001490
0.004906624717832054,0.022783918010113636,0.19097863757128714,0.015910357871116523,-0.028456630198050236,-0.022178835634709973,-0.005579266936164239,-0.010241607644864769,0.011379745999887956,SUM2_011185
-0.13991464172610835,-0.015520093312530311,-0.5491609424197447,0.06842934111374181,-0.005841322153212004,-0.022472715517270606,0.007826411124423616,-0.00824114214838367,0.002526305896716329,SUM2_017566
-0.11998437322036007,-0.02164814985405741,-0.09481328888051788,-0.06071258756467105,-0.126635921192948,-0.02018394147812494,-0.012937142626603133,-0.00976417930023825,0.020928380074653682,SUM2_014108
-0.07936194537260607,0.016111523221437184,-0.39606880540253436,0.0663543884643946,0.040162454873046635,-0.01947543086462536,0.007519228026214186,-0.007872370378498238,0.021567129598600097,SUM2_004702
-0.20094416133573226,-0.023901461972838184,-0.37801082401144015,0.010685865296527115,-0.030838935989893124,-0.019401855996013833,0.0069981947465693976,-0.00817898281868357,-0.0681652703915159,SUM2_005144
0.6810749864140423,0.03325212887457127,-0.2069350094621099,-0.03787931781202823,0.07483103830662753,-0.02234442391502595,0.007316154290889995,-0.007015610164065082,-0.07402808147456269,SUM2_003516
-0.10563443651104817,-0.009381095848990825,-0.3525904315643856,0.04811175004879775,-0.05048611981840574,-0.021501900494274993,-0.007918790385258619,-0.0082900445422091,-0.0034959034681978233,SUM2_017180
-0.15534599421005443,-0.019966208943309256,-0.4658007542518452,-0.05572908889670375,-0.1263642666643988,-0.020821375349231737,0.005495759087613563,-0.008218490434032534,-0.0680938994577253,SUM2_005833
-0.12410704417118215,-0.0607696169826759,-0.0369194535851745,-0.021778366764247433,-0.046777433591191145,-0.021998792432599827,0.0155152081552624,-0.009145745227369583,0.03926560125549629,SUM2_008451
-0.08033948067440125,0.029017744819608542,-0.280503529379341,-0.010249055141130857,0.0004607035772891191,-0.02272617722063066,-0.008181654866246536,-0.008804390416653004,-0.09434001716048415,SUM2_018590
-0.01335267823795876,0.003928097784441004,-0.27586970439062053,0.04595866334834397,-0.05643708737100821,-0.01609137367896605,0.008013977561485322,-0.008260207202760543,0.24456168588234561,SUM2_005395
-0.12343701208062659,-0.03065016697892675,-0.4610290999736654,-0.01153021368809415,0.09904003594645651,-0.02161635445730739,-0.007207186576592807,-0.007224981804054708,0.005407033761963437,SUM2_016654
-0.1345443319440054,-0.076140614970034,-0.4413104742993797,-0.04694694281051081,-0.008761217359827942,-0.02020806934833467,-0.006431369514369461,-0.00822779589230405,-0.017126327840835058,SUM2_018041
-0.07837705618259659,-0.011158671855961585,-0.3668220759806434,0.033381341122259725,-0.024670334479539324,-0.020745962970860614,0.0072742160800882225,-0.008287528053524475,-0.01051308349886267,SUM2_018004
0.05274811400340421,0.006507900352876493,0.6449962733419112,0.010469155710644447,-0.07566740844520124,-0.020100755711680837,0.030561956586199472,-0.015478385916312875,0.007462119130575967,SUM2_014498
-0.0683984939049526,-0.013436058181725469,-0.12373807314120751,0.019145949822603744,-0.05981348935928005,-0.02056294041248056,0.010298396056519424,-0.0082044641410622,0.021358394489887134,SUM2_008573
-0.13113972924204262,0.017126008473028857,-0.4999455258724887,-0.010274513927448143,-0.018819672142803525,-0.019164485392628047,-0.006752636798577497,-0.00696343625752615,0.01593672745398516,SUM2_018852
0.8078853351633807,0.09703959971302432,0.05708200578998627,0.04432801789109503,0.09470766852573845,0.09141096957170845,0.01041603449747219,-0.008627840714616294,0.041948712755367205,SUM2_006149
-0.058050651621648665,-0.0031754982832320226,-0.08982440808662957,0.004435052709612865,-0.06519403695293474,-0.017022328504040483,0.016803527278482184,-0.008423589291390818,0.03789838154490011,SUM2_007647
0.4402483017369434,0.044223727208148954,-0.02255981051978771,0.1553963940567696,0.2222501942993508,-0.013646689070847335,-0.008904847327647892,-0.00643708751204068,-0.04248585585529254,SUM2_016716
-0.18756284471203297,-0.025303176715385105,-0.1196671508903067,-0.002943210398765675,-0.036197654698592624,-0.021360330749426455,0.018513953388100763,-0.00903080094075277,0.04021672272401154,SUM2_013786
-0.08827628090334434,-0.022587446162447993,-0.41244365801041827,0.05437280162604284,-0.03787031138015583,-0.021744144993178706,0.008499630317697281,-0.008058783318287435,0.004417070579689844,SUM2_000464
-0.058050651621648665,-0.0031754982832320226,-0.08982440808662957,0.004435052709612865,-0.06519403695293474,-0.017022328504040483,0.016803527278482184,-0.008423589291390818,0.03789838154490011,SUM2_005652
0.5753222660499065,0.1969013024731255,-0.04635341878708191,0.2711405781484256,0.3680234346106615,-0.022460307248398224,-0.0011548491056849685,-0.005729622286047947,0.08471990647763797,SUM2_012591
-0.12446356052263179,-0.041603799781277075,-0.33290149683445147,0.012748766605248124,-0.006715378576230005,-0.019212744860034593,0.007798700391780369,-0.007638721424334706,-0.019752791686592438,SUM2_005000
-0.019914892050958578,-0.04221512568720046,0.9319896481025285,0.03479783792248523,-0.0849547031792664,-0.01698586701402546,-0.031883111791067884,-0.012964387468891484,0.39230144710624637,SUM2_014456
-0.08195494159733066,0.030284157083986702,0.2619540839122198,-0.039115283714860685,0.03739974959571851,-0.02064227669608781,0.011389481267570662,-0.01182553176402806,-0.028337988682234548,SUM2_009421
0.06352442504573305,0.09935185161797318,0.6277703966919903,0.04289161864297082,-0.05481500813605542,-0.016573262138633298,0.019836773316883237,-0.012333703838768943,0.14562295693380148,SUM2_015640
-0.0008574264220664374,0.011345063326849966,0.5783205972933988,0.00044143869104865813,-0.018452593060208113,-0.019232728672397784,0.009881860886141031,-0.015969352177436565,0.1792316785628731,SUM2_014114
0.044143741328527594,0.005787577222391835,0.43161965056035234,0.08815542189047507,-0.09610891251794387,-0.022265482844089857,-0.012685435756239122,-0.01735238235484282,0.030730137894828546,SUM2_009188
-0.18055876062637738,-0.008890099112159969,-0.40176680265114817,-0.023155507256226802,-0.04823230080166703,-0.021575560850393426,-0.011696241831024221,-0.007793090371551801,-0.12806018438636074,SUM2_016384
-0.058050651621648665,-0.0031754982832320226,-0.08982440808662957,0.004435052709612865,-0.06519403695293474,-0.017022328504040483,0.016803527278482184,-0.008423589291390818,0.03789838154490011,SUM2_003673
0.04906817382273546,0.13233961351412105,-0.05204239402578868,0.05684354205992829,0.051414383010312245,-0.020560739533463254,-0.0012323737426646162,-0.007505500009563423,0.10095832243109215,SUM2_004243
-0.20793297902727176,-0.05163576915073146,-0.3977747923418116,-0.022210881492743823,-0.04937702376883992,-0.02361425519496422,0.010585693491728752,-0.009520354409501343,-0.0018528955094432556,SUM2_018116
0.38610142065661124,0.0657841869885315,0.22144342125815575,-0.0028669667701839707,0.007847070507239451,-0.01857725752849339,0.008929329967280785,-0.010060922778529475,-0.05301786547429308,SUM2_012404
-0.0704327502784853,-0.05029229953428131,0.28048053507055093,-0.005291321252392643,-0.17423023820514366,-0.01971285582136547,-0.021722335485107568,-0.015621409555426503,0.007300111193466172,SUM2_014551
0.17857359788294286,-0.0029344726857810227,-0.35240786736288265,-0.011960959111940802,-0.20980585694491732,-0.024310464616313927,0.00974000859994989,-0.009090202988914194,-0.07931468016042979,SUM2_012080
0.5095982620006254,0.06025211383280469,0.17195855296539073,0.009964804051963408,-0.24276994394487222,-0.025994227959960925,0.008865760316910741,-0.008917658995524599,-0.04532561350150804,SUM2_010437
-0.09687876688131511,-0.0075055244077948695,-0.262048289293489,0.009793298494550276,0.014914579917754653,-0.021404751675007522,-0.006748158483418397,-0.008576085063754263,0.056137286947550935,SUM2_011791
-0.08858373142452958,0.03445460391488934,0.07394799403567533,0.008244445020342458,0.23462781283777362,-0.01582271494414418,0.008518794693300183,-0.006962679937126477,0.26103834295682155,SUM2_004639
-0.12056792004861494,-0.07406541832663029,-0.09039965933498337,-0.03296080562465555,-0.11625631610695479,-0.022983370273294147,-0.011549388123375456,-0.009229029829628097,-0.05747163753655975,SUM2_001246
-0.10995072238209916,-0.126383757715188,-0.4419081855466797,-0.05917260375627957,-0.21403361781652772,-0.022325197050644504,0.008996775229462692,-0.009842054051929878,-0.09659009358812397,SUM2_004578
0.3004688300536304,0.013103417344808743,-0.22751705597761704,0.018085731048854477,5.066641614786885e-05,-0.017311654681979743,0.010645901914138615,-0.009066605293730455,0.0681176669973084,SUM2_017325
-0.17038325194856263,-0.016168558797217975,0.18175433346962735,-0.02365019464297696,0.004772442048627064,-0.020321869362893832,0.007307044117391498,-0.011689478908572117,0.07642005475327632,SUM2_001103
-0.14682602978668607,-0.0962468942661413,-0.38831508497836864,-0.0046047235787892065,-0.10448356905471452,-0.018909036078092672,0.01067354498073544,-0.007726128441331412,0.08338256936837816,SUM2_018153
0.053141940577504355,-0.005682845537500912,0.5379172253735574,0.002349467189861028,-0.13909844099279653,-0.01976360320662792,-0.02640815857840581,-0.017967349603082855,0.012425728890639394,SUM2_011697
-0.17864872163751713,-0.021627819750314792,-0.37405894634885034,-0.057113675910064665,-0.054096752589516184,-0.02040856612350414,0.006117899754577058,-0.008281765083365296,-0.05961374980239801,SUM2_014969
-0.10837579761466776,0.02666264043337845,-0.3677180032790756,-0.05316619048416541,-0.04227625013398805,-0.021790013650236136,-0.007116414444173427,-0.009445685747052682,0.00476246493223233,SUM2_004473
-0.09392493612155842,-0.00837105062163109,-0.3197609538105083,0.003328877620436636,-0.03122233487172137,-0.0188197609619541,-0.008993179153709018,-0.006918043691869826,0.014667681160057072,SUM2_009143
-0.07739958202959148,-0.049058988138671815,-0.4395524490691507,-0.0403578357483148,-0.011417530913450566,-0.017943164068815843,0.009344403223156873,-0.008229565564385664,0.125224792226148,SUM2_003202
0.17686765161838083,0.00813701891923418,-0.2512728314649808,0.015098914573434602,0.04630923227997069,-0.01849290238573395,0.007858872483076587,-0.008350740804090985,-0.03641517406813412,SUM2_013423
0.6309210954650615,0.34246826270374575,-0.015733536235763325,0.34398364311895124,0.27770203183915554,-0.015608136540875377,-2.4448076874393834e-06,-0.005344733919527917,0.08584204529696375,SUM2_010529
-0.11189813970951039,-0.008891095473262686,-0.3339556531610063,0.023089920046543744,0.002477178595012552,-0.019050924538618102,0.006650016503651416,-0.00827938882974512,0.014360735680337928,SUM2_016052
-0.189214993308204,-0.009185174210644952,-0.4725774058683155,-0.012788716051758279,-0.06518754043049566,-0.0230550461573551,0.008850460309129098,-0.009356023615124475,-0.002625832801489411,SUM2_012927
-0.10172519100409678,-0.038645239498851354,-0.038732873673128984,0.042947871959947155,-0.06665553082725023,-0.02124974410861382,-0.005115800347545273,-0.008204839800374411,0.11156009384121442,SUM2_010801
-0.058050651621648665,-0.0031754982832320226,-0.08982440808662957,0.004435052709612865,-0.06519403695293474,-0.017022328504040483,0.016803527278482184,-0.008423589291390818,0.03789838154490011,SUM2_001152
-0.1028009569105601,0.0033067073577832578,-0.37460274862742166,0.0982845429337267,-0.03717443217611602,-0.02108473443051171,0.009649891185656196,-0.008062507792024044,0.005224822336911426,SUM2_003894
0.008021521104543775,0.03514680233072538,0.713911276023596,-0.026598636216432447,-0.07844731432483001,-0.02054058149862056,-0.0286295106807552,-0.018890262410426562,0.055627960538524465,SUM2_001230
-0.09342846081701653,0.007058049703940647,-0.3113685339382565,0.0723766015547085,0.03843901718903336,-0.02114843756613161,-0.005217583320568119,-0.007484684209710024,0.003855590059060255,SUM2_000572
-0.16406465744962367,0.02050753420921906,-0.08341679336530014,0.0056498790455121115,-0.06772025858702303,-0.020996074113442904,-0.00612783440027393,-0.0090831025460133,-0.05207443190870762,SUM2_005011
0.09618254827959713,-0.010594608496268953,0.7619236413265323,-0.003337738532920513,-0.01671653084373196,0.12319505195475262,0.015011763816734284,0.07541504035659256,-0.0022545739243076683,SUM2_008475
-0.07363207674093314,-0.04954426052836723,-0.07561552195564834,-0.037102060318038255,-0.0845384395302396,-0.02193147170931682,0.013860976460279367,-0.008775078990709975,0.04911124899668435,SUM2_018802
0.09618254827959713,-0.010594608496268953,0.7619236413265323,-0.003337738532920513,-0.01671653084373196,0.12319505195475262,0.015011763816734284,0.07541504035659256,-0.0022545739243076683,SUM2_014416
0.03669710365554056,0.036031344849893454,0.6348687752512753,-0.01728339753121245,-0.0691018333452098,-0.022613319182558423,-0.016230944382596597,-0.01760518101090314,-0.002347196615976277,SUM2_014393
-0.13499617055517377,-0.06867634913600724,-0.1814749153297292,-0.027788444206074014,-0.12245434577313372,-0.023908713107646907,-0.010824408246839187,-0.009329576534293388,-0.10320476589778338,SUM2_010279
-0.052205358395060866,-0.0016481537431630125,0.42795021904261493,-0.0491140421682507,-0.0551493419429839,-0.0208902172159291,0.009071027082862537,-0.015071102640382469,-0.028544831283543314,SUM2_009957
0.3217736964326821,0.02353020350627775,0.45911639261001447,0.06378576439563488,0.07415403159309591,-0.01732843702665806,-0.007309079168824596,-0.007364623024329715,0.00224968681479612,SUM2_016149
-0.1544142273594085,-0.0018965442621087978,-0.14729644036294948,0.013374807615714624,-0.053285752574836684,-0.022188407623945777,0.01129815538273207,-0.008835213914900783,0.014433731968045743,SUM2_001603
-0.12836137517811003,-0.0014392768433427294,-0.43015481530182464,0.02622037657643067,-0.03778819953343998,-0.02115708064877695,0.007677915866685,-0.008394467635136061,0.008575181015376203,SUM2_015264
-0.18620310652295696,-0.003895093498848621,-0.40823947772871483,0.006095062006146614,-0.03526867169081542,-0.01892686524094721,0.006662249304814812,-0.008155845934564128,-0.05313877058064085,SUM2_011488
-0.1467090397900471,-0.027908183651128477,-0.4878046930311742,-0.03011202129401087,-0.1554009646451356,-0.021057559877944894,0.00396645739606334,-0.009830201749135974,-0.07374055890727252,SUM2_005879
-0.09579303472314704,-0.03111025374316977,-0.3683421327843989,-0.02835843318969842,-0.016195519697388517,-0.020334226602418702,-0.010613588709569322,-0.00923432105451007,-0.0053675540763512015,SUM2_000530
-0.12185921647592787,-0.025062775033600975,-0.4008471397852745,-0.0383180831764154,-0.0370057154902728,-0.01978381710807909,0.0030648398218285156,-0.008636068079879019,-0.04846330567211324,SUM2_008083
0.09618254827959713,-0.010594608496268953,0.7619236413265323,-0.003337738532920513,-0.01671653084373196,0.12319505195475262,0.015011763816734284,0.07541504035659256,-0.0022545739243076683,SUM2_009111
-0.1805248959891644,-0.06923190266184862,-0.5221996599026106,-0.04258501774015875,-0.14004616252727026,-0.0205234718540368,0.00718769000296169,-0.009182745450844031,0.07396483920070997,SUM2_003603
-0.16743008093437978,-0.07301291392651729,-0.45484040196206915,-0.035308691123471486,-0.017480184643844755,-0.020179994139578654,-0.007359749544124111,-0.008512338338130853,-0.030613657653278288,SUM2_005086
-0.049720947313568034,0.001224146567301871,-0.1619787586334684,-0.025446520186791964,-0.07561585635520145,-0.01690171233774504,0.010132220224834763,-0.00684466390543674,0.10194965469315298,SUM2_014188
-0.10051310580906878,-0.012991073891404869,-0.4936806339196754,-0.06389039497843081,-0.230235519305571,-0.02191289245586627,0.008584457047795523,-0.009955017881348243,-0.09235572077527524,SUM2_000221
0.09618254827959713,-0.010594608496268953,0.7619236413265323,-0.003337738532920513,-0.01671653084373196,0.12319505195475262,0.015011763816734284,0.07541504035659256,-0.0022545739243076683,SUM2_017153
-0.08038471381557367,-0.05180784222625586,-0.4156906228710298,-0.04126895689831351,-0.1076466467924672,-0.019972591013794297,0.006213763256505822,-0.007902215789235284,-0.055075261102549636,SUM2_002470
-0.06175384431683406,0.023196662971136223,-0.4830032491879065,0.022130231169196275,-0.12179577726133042,-0.019770756501555742,0.008255287476641898,-0.008419481637102745,0.09715715008163749,SUM2_001605
-0.12634714214842674,-0.021606449521058196,-0.45582625996586695,-0.053056294095453836,-0.013604084216484045,-0.020900975071062162,0.004861703215516128,-0.008247520633363373,-0.06757832955655145,SUM2_007860
-0.18339761806819677,-0.07721980221227134,-0.40936317763499463,-0.07443799319652357,-0.10954817594931172,-0.021023525960733442,0.006480443627148763,-0.009921588955467051,-0.04579291830077951,SUM2_004266
-0.10220777921094108,-0.04210627122513079,-0.4037136059842362,0.036336166028147744,-0.03563972872056019,-0.02205086645867733,-0.0018973973418339222,-0.008405932853815067,-0.02991602520234245,SUM2_015220
-0.11740744652941974,-0.010015626994874426,-0.43225919908216487,0.05511007418335051,-0.001564779002979306,-0.022320458711492828,0.007061536096115578,-0.008228384259035004,-0.0036100885238472694,SUM2_012524
-0.1002028654844866,-0.010041038939595981,-0.37957186894536216,0.0009539337431652108,-0.04466576525611069,-0.01956943966203174,-0.007889910420646665,-0.007179826887417728,-0.01712146906668401,SUM2_014430
-0.10059672253996177,-0.0017712818837074032,-0.3750917080045749,0.06591723250304063,-0.04181904337500137,-0.021606644668623352,0.009856526967587499,-0.008097064472416815,0.008483787249863217,SUM2_004337
-0.10730649440671262,-0.061251929824738746,-0.4979902374460006,-0.0024801318592462965,-0.03251268869318532,-0.022021171322037802,-0.00726958950575209,-0.008566616608243795,-0.04234251949514104,SUM2_001295
-0.12359094462536369,-0.005578889593966975,-0.4857600979170245,-0.04679629046091266,-0.021236695355140493,-0.019986860297963517,-0.004890178147946238,-0.008567523827128097,-0.02289787916275713,SUM2_010092
0.8503907100562419,0.08321802636367169,-0.14615421813086932,0.01021121235135158,0.11010063923228482,-0.018310144120578777,0.00959731435285346,-0.006629863080695806,0.24992526256569203,SUM2_017645
0.21567323482009826,0.08513966170549857,0.4941226068630769,0.10686256393759863,0.31687544473990825,-0.025157336975869877,0.014770799912849946,-0.006022707215633287,0.014545218183183726,SUM2_018784
-0.1768163833518241,0.0014840263489130326,-0.3676372945475018,-0.004235867268358114,-0.06365688436956093,-0.02325351429747086,0.010465554299274756,-0.00936670903531069,0.008882461120708167,SUM2_004828
-0.051320536556200766,0.023709574121973078,-0.4654127567574725,-0.004870955306904593,-0.07028217451331087,-0.019795841683700646,-0.011002553456965073,-0.008434654819272462,-0.008032304366732732,SUM2_018139
0.2417937633535288,0.02601037066872399,-0.2816470064608513,-0.008261893285485503,-0.04224263289858382,-0.016078418944946243,0.00681245862600401,-0.00847462919959505,0.1339414611711378,SUM2_012872
-0.11710252410344138,-0.017820233308675337,-0.40142450010851843,-0.0001934194232098236,-0.013845505656542046,-0.018789879517643115,-0.006653837784880941,-0.006490791701422069,-0.009324593720467468,SUM2_009202
0.5502607816999352,0.2267133441247232,-0.09048257309105258,0.25053320286668335,0.2983676204406872,-0.02624866070734181,-0.005018495710271546,-0.006683500030991512,-0.07358306823134121,SUM2_014778
-0.16361605695067408,-0.017983879095985634,-0.08213316822796354,-0.035792536312830824,0.02486523172317582,-0.02004875782126332,0.007164171397206288,-0.008060782866314389,0.027666266025427478,SUM2_016380
-0.12114409946410398,0.02415130855505881,0.4927113691442965,-0.03663849163444102,-0.17749957263152122,-0.021931575175413977,-0.029427448206156802,-0.022112635009179888,-0.06799603629012752,SUM2_014031
-0.07428715993000036,-0.010677413762622084,-0.4792099240253481,-0.00908624037385292,0.0840099321635452,-0.018255285591025995,0.014317539088813534,-0.007877026380718072,0.0033553831413356988,SUM2_011059
-0.08303831630845353,-0.004287728219520945,-0.36787529179338146,0.060062157479147005,-0.174210826050034,-0.01884703952794809,0.004472414944375616,-0.008795276725748102,-0.14216854204304852,SUM2_006944
0.3934817493646079,0.26703658980516265,0.2704044258232862,0.2280032561646374,0.26909486982048864,-0.011062726677224894,-0.009249097393693992,-0.00731423948717559,0.004937007346350994,SUM2_018449
-0.0873174555412807,0.03382998498729432,-0.2543275395970278,-0.026091341240351267,-0.042931288172414324,-0.022576582596209482,-0.009551185131765292,-0.00869474931375724,-0.053874330662494654,SUM2_015407
0.15053191540368976,-0.010435093498925614,-0.015722957412051708,0.1424281872929769,-0.17770160888691836,0.05878003748359846,-0.035340093026818904,-0.032938958504540546,-0.008105929121104168,SUM2_007100
-0.1623543332225077,-0.027127980766328635,-0.47201295122353787,-0.0018353654644424956,-0.08412503860370678,-0.017219741238167406,-0.013683734495376543,-0.0069110446569243785,0.00362752272039292,SUM2_007515
-0.08830725789869429,-0.01083481898203769,-0.10634396491240813,-0.009787938829928398,-0.08970418157811816,-0.02100392998848035,0.023222179706816268,-0.008380564680861267,0.03389685068753286,SUM2_014184
-0.19413511369655329,-0.007259583762124757,-0.4850087803876617,-0.06410158333219929,-0.15603173729322303,-0.02100995145717494,0.004970407238142417,-0.009796450813586254,-0.08310103887418109,SUM2_008567
-0.06072409138890868,0.002578826235008344,-0.5229369116589282,0.01959857730163965,-0.19736087489709792,-0.01877218831120654,0.00599983714625051,-0.009111813610757231,-0.12439241596158031,SUM2_000494
-0.09126125847246856,-0.043557883602220404,-0.16138995676655757,0.037864550017002015,-0.055801517826994676,-0.01245994320362093,-0.0163341971976187,-0.00656309052951658,0.2754053590549162,SUM2_007512
-0.08433817654933767,0.06611849179951665,-0.22122961986272802,0.06786165623708129,-0.05059602964073358,-0.02259049050494812,-0.00046895385729863007,-0.008984846413144808,-0.019197790608780067,SUM2_018134
0.4843805046024697,-0.0647536391782023,-0.20305120394229376,-0.10278989479421959,0.11178193108695633,-0.01775867908588468,-0.016994089474603215,-0.006967747968065917,-0.053547681987117526,SUM2_014553
-0.040879578156442206,-0.02947426628303953,-0.48464069567114476,0.06951940468852384,-0.10677553384262314,-0.019016984859786,0.007698230012836526,-0.009283581357234222,-0.07416390068407767,SUM2_001237
0.6398331958435526,0.08453547032400102,0.11977978148023176,0.08635308247979095,-0.005071760866440192,-0.014924081481623963,0.014367647825205757,-0.01233178929476113,-0.04929103256001393,SUM2_001801
0.2823633583222988,-0.010976011623453907,0.13443645668851503,0.07969127845954067,-0.11264788604814013,0.08351798569422253,0.024545432230741033,0.16581523168250184,-0.007054154647357991,SUM2_010146
-0.02824678299304324,-0.026818489145408186,0.791621152163302,0.05095971336922704,-0.110030597158236,-0.019450972755227246,-0.027544056995554834,-0.01551290969738019,0.03844383114277668,SUM2_015564
-0.08687184253981386,-0.007047377178671296,-0.4032220613565524,0.00326143347235893,-0.03435806110283861,-0.020153821798526993,-0.007401349706940325,-0.007446996991384833,0.04308580286536297,SUM2_002688
-0.0600194135993752,0.02151177444868265,0.03244918804496621,0.005725716288884254,-0.1302159318647887,-0.017927582382308103,0.0047272558184610165,-0.009286790916232798,-0.09123823851085303,SUM2_012156
0.09618254827959713,-0.010594608496268953,0.7619236413265323,-0.003337738532920513,-0.01671653084373196,0.12319505195475262,0.015011763816734284,0.07541504035659256,-0.0022545739243076683,SUM2_007302
0.15510341864153257,0.07759870548316142,0.45568353798221856,0.04763266858251225,0.3694550915160953,-0.02050726913555408,-0.014400253636285845,-0.007243936236392945,0.036002359543377015,SUM2_008290
-0.10545912115763978,-0.04245504754348355,-0.21656524265347904,-0.021481066409371315,-0.10602100013902367,-0.019542035313718974,0.021638681929211392,-0.009052997432256196,-0.011389933448780943,SUM2_004101
-0.08985069159307854,0.040176316144938024,-0.288594823042407,-0.02286494944729488,-0.05871575385989254,-0.02280106576531089,-0.009466190834603993,-0.008617082500973327,-0.031063864335010804,SUM2_001750
0.09618254827959713,-0.010594608496268953,0.7619236413265323,-0.003337738532920513,-0.01671653084373196,0.12319505195475262,0.015011763816734284,0.07541504035659256,-0.0022545739243076683,SUM2_018463
-0.07796039470936991,0.001748117563365038,-0.32290892542399485,0.00942554476553069,0.18389636141150123,-0.01883891498661956,-0.00813070303009229,-0.0065793323796602046,0.02065232830235513,SUM2_003833
0.09618254827959713,-0.010594608496268953,0.7619236413265323,-0.003337738532920513,-0.01671653084373196,0.12319505195475262,0.015011763816734284,0.07541504035659256,-0.0022545739243076683,SUM2_002760
0.09618254827959713,-0.010594608496268953,0.7619236413265323,-0.003337738532920513,-0.01671653084373196,0.12319505195475262,0.015011763816734284,0.07541504035659256,-0.0022545739243076683,SUM2_000908
-0.21896435382400775,-0.03357719670535001,-0.26057729096803267,-0.04414830299445839,-0.07778996428852984,-0.02093931520217334,0.006452969693800529,-0.01002077642110107,-0.03517799314144469,SUM2_005044
-0.20835411460765196,-0.01637274934962637,-0.4456435095639539,-0.006048497519991579,0.011375830700736942,-0.019456136690563473,0.005664352571048005,-0.0072126410633358996,0.02544696764441643,SUM2_003859
-0.07689742886137516,0.004197414126017726,0.41413256107583896,-0.05717874500183392,0.04313958512553466,-0.020396962696101396,0.008596675091800562,-0.013884045647966432,0.038957140513119645,SUM2_015235
-0.0575032521004313,0.009778090221583711,-0.36951734588436314,0.07868535755030664,-0.005137719251340234,-0.020973640941551786,0.0010568309183368644,-0.007564057867910812,0.002527607368523917,SUM2_014163
0.09618254827959713,-0.010594608496268953,0.7619236413265323,-0.003337738532920513,-0.01671653084373196,0.12319505195475262,0.015011763816734284,0.07541504035659256,-0.0022545739243076683,SUM2_010318
-0.15149979082585943,-0.06064988874685244,-0.41679570825740975,-0.06449985232204916,0.02190970374903901,-0.019900521998754923,0.006833746162166599,-0.009072376704430868,0.05723004379513419,SUM2_005731
-0.04225966787026058,0.002398484979702499,-0.28485034920262714,0.03148206038630091,-0.091095529712331,-0.017976123003657248,0.00938169583838628,-0.009028777471016044,0.01033709211099194,SUM2_014684
-0.09941899404212692,-0.016679585041133222,-0.45010881691812504,0.04374727917804502,-0.03496824746575711,-0.019912185925161374,0.010302127143953423,-0.008192523526477643,-0.009717585727796052,SUM2_009462
-0.14429214846115598,-0.005481859287555936,-0.47991281288444537,-0.07190653140150395,-0.01608270996161916,-0.020169635085340826,-0.004728425389324998,-0.008567523827128097,-0.01873839689180215,SUM2_003377
0.09618254827959713,-0.010594608496268953,0.7619236413265323,-0.003337738532920513,-0.01671653084373196,0.12319505195475262,0.015011763816734284,0.07541504035659256,-0.0022545739243076683,SUM2_015869
0.19612440186373126,-0.025220707737441832,-0.14522729435515325,0.08697709859740645,-0.11997212296611434,0.10181978447021463,0.023364023990928347,-0.04433202153792301,-0.005336838609546087,SUM2_016068
0.09618254827959713,-0.010594608496268953,0.7619236413265323,-0.003337738532920513,-0.01671653084373196,0.12319505195475262,0.015011763816734284,0.07541504035659256,-0.0022545739243076683,SUM2_015055
-0.10919886509061967,-0.016481215670349752,-0.541560437510092,0.05040804516014097,-0.03231585630972951,-0.02220417355214978,0.007664161796191815,-0.008102747465792145,-0.0023878995959172394,SUM2_006639
-0.07334677784852135,-0.004087120011219244,-0.30429241609210733,-0.007389465222878725,0.2028907109434237,-0.01798242073969739,0.012165330091012408,-0.007374973383251349,0.08873819507022115,SUM2_017289
-0.15589427854196686,-0.02619733947088181,-0.45700267686265683,0.018158896547036257,-0.10164507229305846,-0.020069963585908797,0.007155390514749668,-0.007572154067073303,0.0985269582131372,SUM2_006857
0.09618254827959713,-0.010594608496268953,0.7619236413265323,-0.003337738532920513,-0.01671653084373196,0.12319505195475262,0.015011763816734284,0.07541504035659256,-0.0022545739243076683,SUM2_009283
-0.10300349313964255,0.020092840704418205,-0.12087174321197325,0.09410495775744249,-0.07247411515328253,-0.02044553144945067,-0.011450529794694162,-0.007558079374777374,0.0594989685286477,SUM2_009896
-0.019551485891907326,-0.003832941094737817,-0.2640768162313785,-0.018985491446693183,-0.020947843291728302,-0.016353537769443642,0.012457398945875033,-0.007176971724478102,0.15771601762056006,SUM2_012830
-0.14643410186397815,0.007393329434942161,-0.46988094431941063,-0.050063088391765376,-0.08667715792734768,-0.020119318480236355,0.005037818669407413,-0.007680373669423017,0.13126497565728554,SUM2_011110
-0.11890174081986582,-0.0788748754667163,-0.35978448756753056,0.03318299029598653,-0.034258159687890935,-0.0216426876409661,-0.008310342009053163,-0.008206484231914776,-0.04451630820562289,SUM2_001320
-0.1126805696365913,-0.0007015617108980251,0.2101759141210521,0.016285106112081286,0.012666873050219662,-0.019007094815651923,0.007818533309370223,-0.010182929525445096,-0.1628036103405265,SUM2_008787
-0.03403119280942916,0.03328753339747055,-0.3581882889071742,-0.020087273173599197,-0.022431409046421137,-0.019637833500518138,-0.008129136247940861,-0.009114669582179144,-0.010747945369962649,SUM2_008073
0.3580929809278294,0.061979383604302385,0.2827421906740516,0.038929777012453745,-0.015423211288492073,-0.017418660660155173,0.03209832202921717,-0.016766944205273034,-0.01625441507122893,SUM2_002467
-0.08447736544614254,0.017818775224091928,0.20486782612231927,8.692621365278194e-05,0.03587927646568186,-0.019168981484568814,-0.006571965279668236,-0.009027636840686224,0.02835766561118356,SUM2_005458
0.09618254827959713,-0.010594608496268953,0.7619236413265323,-0.003337738532920513,-0.01671653084373196,0.12319505195475262,0.015011763816734284,0.07541504035659256,-0.0022545739243076683,SUM2_000377
0.8503071650012718,0.03441045209216884,-0.12033167020004294,-0.0797423706927982,0.06054229640057903,-0.016448282617048123,0.012146090780414343,-0.00970179220878092,-0.05783248302663763,SUM2_018765
0.09618254827959713,-0.010594608496268953,0.7619236413265323,-0.003337738532920513,-0.01671653084373196,0.12319505195475262,0.015011763816734284,0.07541504035659256,-0.0022545739243076683,SUM2_000442
0.09618254827959713,-0.010594608496268953,0.7619236413265323,-0.003337738532920513,-0.01671653084373196,0.12319505195475262,0.015011763816734284,0.07541504035659256,-0.0022545739243076683,SUM2_016914
0.0606515909400702,-0.06864282686316178,-0.15202387449436938,-0.06192905595530677,-0.207491958663873,0.05486097805069112,-0.04532677262339669,-0.04185541522587701,-0.015148433542494153,SUM2_012248
0.09618254827959713,-0.010594608496268953,0.7619236413265323,-0.003337738532920513,-0.01671653084373196,0.12319505195475262,0.015011763816734284,0.07541504035659256,-0.0022545739243076683,SUM2_005841
-0.046754343481416195,-0.004813912749473306,-0.3458198734248315,0.044991055694941315,-0.000500067500610088,-0.016904734345371732,0.007328475402655585,-0.006281113996931027,0.22349822721047397,SUM2_018630
-0.17619263946113248,-0.02499075503547663,-0.43667698346819617,-0.04078553369399695,-0.013952370800151917,-0.020296309619763177,0.007023772288800065,-0.008250049448583544,0.009212442588392504,SUM2_000410
-0.20431621772385608,-0.0355010133894891,-0.49760046462994706,-0.06724453978765631,-0.16857384792252503,-0.021032115496175282,0.005412894398649777,-0.00972147868670935,-0.0704457497899001,SUM2_007297
0.09618254827959713,-0.010594608496268953,0.7619236413265323,-0.003337738532920513,-0.01671653084373196,0.12319505195475262,0.015011763816734284,0.07541504035659256,-0.0022545739243076683,SUM2_003636
-0.12326640930164416,0.017227644301863528,-0.37423677154033574,0.04129490039772767,-0.023623683628595394,-0.021399357715608282,-0.0009427232180167496,-0.008022745152409937,-0.0547393028802997,SUM2_009932
0.0678598867666819,0.1172636167102831,0.06910777426623849,0.01153995818626955,-0.12561738876626907,-0.017712985989633282,-0.010303432553839427,-0.008896950163311716,0.031163829550377366,SUM2_003116
-0.01719580386825166,0.022304528567758868,-0.5251790984349709,-0.0262790149533412,0.013534022174875746,-0.019355395488710993,0.008383677464719018,-0.008319387959418136,-0.08365160043102884,SUM2_008433
-0.08399267335585989,0.0021950981723629034,0.16407609034727103,-0.02196895963724952,-0.07761386670157497,-0.02332047889792524,-0.024515670650727052,-0.014101435252312352,-0.07794604159232406,SUM2_016897
-0.09900450772268499,0.011802353435634419,-0.41467293911460645,0.05842696203298775,-0.030967232800049965,-0.021316588688838727,0.000344683857393807,-0.008310215701425528,0.008144584296419618,SUM2_009550
-0.14222477424463345,-0.0489763315112111,-0.40183152302175085,-0.032470833383810946,-0.002133697788698794,-0.02066782184583517,0.00897963903583586,-0.009124756574231627,-0.05037952242818022,SUM2_015395
0.09618254827959713,-0.010594608496268953,0.7619236413265323,-0.003337738532920513,-0.01671653084373196,0.12319505195475262,0.015011763816734284,0.07541504035659256,-0.0022545739243076683,SUM2_007130
-0.06895942043096967,0.009236910068787118,0.4056386913587137,-0.029318815614278442,0.15040747804563115,-0.01998877642913144,-0.008748480074896325,-0.013686546571708758,0.021810191221332747,SUM2_018684
0.19627843561663233,-0.048556058212110405,-0.028229447736702284,0.058258427667968446,-0.1711891330948996,-0.028320046395202754,-0.02863784370973891,-0.04011593170849056,0.001758776606820721,SUM2_012662
-0.11841176596416988,0.031148335152619683,-0.10508096194252918,0.07072245513030775,-0.08775172217929314,-0.020256491813970556,0.012262839158132541,-0.008452807459326493,0.04772181948869046,SUM2_004006
0.2668071366775553,-0.02638382573405316,-0.15054372438963945,0.02958335900676969,-0.16466369719595797,0.10107119982929062,0.039277102417679836,-0.04171872701303914,0.03495408918646956,SUM2_005842
-0.12752251125272346,-0.025340495890890137,-0.45247879591227624,0.020379418768496763,-0.10629478495466452,-0.01909802231349769,0.006939410108848271,-0.007234607802118124,0.116022657165439,SUM2_018689
0.09618254827959713,-0.010594608496268953,0.7619236413265323,-0.003337738532920513,-0.01671653084373196,0.12319505195475262,0.015011763816734284,0.07541504035659256,-0.0022545739243076683,SUM2_008670
-0.008288952168456879,0.023673921208328147,0.823860173616589,0.01582702213889888,-0.14863223715365195,-0.02251907384995029,0.04356455132053567,-0.015963331174834238,0.029434958934292904,SUM2_008095
-0.058050651621648665,-0.0031754982832320226,-0.08982440808662957,0.004435052709612865,-0.06519403695293474,-0.017022328504040483,0.016803527278482184,-0.008423589291390818,0.03789838154490011,SUM2_001710
0.24376294711933566,0.025938641260846308,0.46264864638091546,0.058514050562862185,-0.0974038368347685,-0.019756787537580357,-0.01939515935799618,-0.017236675477736812,-0.053786945095193016,SUM2_009904
-0.1598384192461861,0.012805730765379757,0.43972058669399167,0.013071570317933523,-0.009069874797240788,-0.019063062338157365,0.01868949297858618,-0.015116233677115625,0.17742769734507294,SUM2_008836
-0.0925073924352803,0.0319267466532589,-0.2322478857978235,0.06074735922821885,-0.03795380984686173,-0.022135087871718695,-0.010208955435283622,-0.00870723054282667,-0.03637347776411888,SUM2_014237
-0.09841550967919792,-0.0064414459554053005,-0.36615588421937517,0.025814773351642985,-0.05739321319442754,-0.020508330432053544,0.007434641178264667,-0.008492311250465099,-0.01017267591287396,SUM2_018424
-0.16927065250982115,-0.021012851962979702,-0.5616288846746963,-0.010412089702728453,-0.019378749820140557,-0.019770772416445682,-0.005826775377055081,-0.007684132698097803,-0.007405264225177221,SUM2_002084
-0.2153627790413814,-0.09872876060989969,-0.3562714507907706,-0.10266386377635286,0.012301254777053404,-0.02010245867474661,0.005855747582671297,-0.007837124551179995,0.005707465549429139,SUM2_004488
-0.15687523561539868,-0.02442167376713834,-0.45578045596711103,-0.026232240452628498,-0.025355130902826935,-0.02030689434640588,0.005958636810752845,-0.008637021360688711,-0.05308353251457334,SUM2_013200
0.6013931501822307,0.3056289310394972,-0.05737705554311928,0.29739674691085066,0.2718618856525162,-0.028792510003496585,0.010905719966842642,-0.0062671159046513575,0.015547740244641664,SUM2_002881
-0.20284992555301434,-0.07118850759029294,-0.40817407088424795,-0.05881135961483121,-0.13466852370163512,-0.021198706415722857,0.007458152612070323,-0.009845304722171513,-0.07846326108831332,SUM2_016602
-0.16673598076830926,-0.02745957260795302,-0.4303818110314178,0.007726990811595134,-0.03527405178473438,-0.021624054885500853,-0.004986165903265313,-0.008063572995414593,-0.11315738893529936,SUM2_001201
0.16021177492144328,-0.03722262288630403,-0.4507603794550728,-0.03653915216481734,0.02135268063584907,-0.018265150213675647,0.007138202561933744,-0.007760265965670236,-0.09698182004254467,SUM2_010025
-0.08977257955603404,-0.08812916192889518,-0.3665701342275686,-0.04268729001852662,-0.06668311176059143,-0.01945363897775785,0.009928386075410082,-0.00927332404444203,-0.06636616920191286,SUM2_012976
-0.05965051954386698,-0.048435405579612935,-0.5150795347259207,-0.07202239348806255,-0.21023481366176416,-0.022429272601837483,0.010005880635259048,-0.009950261310349574,-0.08062692804231521,SUM2_004868
-0.026999983844616014,0.012533389053706509,0.057756166367504067,0.025211837173066142,0.026369064116680087,-0.0166705090999459,0.009239910780122257,-0.007860002329095462,0.1959354797863902,SUM2_013511
-0.06815351535714301,-0.01652633815714775,-0.44903958217692297,0.010585290227295593,-0.10568393157679587,-0.020992370974912557,0.004685932144734327,-0.009850523783044829,-0.07336179697105404,SUM2_000505
-0.17072014490681003,-0.015584145415177542,-0.4777902277538037,-0.039138887939348575,-0.0328808722057705,-0.020052681591782324,0.005683319536261164,-0.008250049448583544,-0.0059295357720825104,SUM2_001529
-0.10496348809463725,-0.009331166969388547,-0.3706175430091515,0.0016341790785213562,-0.05207462646719698,-0.019632167553942627,-0.00819176210571179,-0.007241478848682913,-0.022439630567623273,SUM2_009950
-0.09970191577694586,-0.016998367813245492,-0.4693348764497805,-0.011349062121753472,-0.028416642176375212,-0.021824330970336432,0.007737645722384591,-0.00852601537283339,0.013129029420172883,SUM2_008122
0.6322714916537657,0.07134708793310081,-0.1377175280114157,-0.019850389672104916,0.13338636314418348,-0.01682557835186584,0.012547074480121014,-0.006644285071452172,-0.04510621467390071,SUM2_009842
0.13669693963386673,-0.0388458674974453,0.1175319563729051,0.03493406753465724,-0.06457532950953412,-0.020038297118727455,0.04137359826374919,-0.03840745062561775,-0.0016320625950052314,SUM2_008763
-0.06284876993815092,0.028166253964735877,-0.062376043421218164,0.10504435107096055,-0.023854418422406657,-0.020540852186599606,0.012910850643172007,-0.008419879329242808,0.023001023937571512,SUM2_003392
-0.07276066739012974,0.022187041554555427,-0.49545288474418053,-0.025978465689826535,-0.16864199030264782,-0.020879394789291166,0.007795275303132671,-0.009841015867758164,-0.08458909017760674,SUM2_008598
0.26393053896176233,0.21858573183585817,0.5162253105740546,0.20860678845560326,0.47428104978489277,-0.03230321112544045,-0.025151971891057202,-0.006488683494781726,-0.045314433764094296,SUM2_007962
-0.13451826611887172,-0.016039876077843154,-0.4483835176634372,-0.03127647577671845,-0.06006547664495765,-0.01976591786764547,0.005254804493975701,-0.008636068079879019,-0.050729612144992796,SUM2_009185
-0.07327248899668812,0.015864036458780026,-0.352599027516716,0.009195102362555248,0.22744548577793527,-0.017984935104681667,-0.005554309105920065,-0.005631095129851054,0.02113807775257344,SUM2_004290
-0.11868841907398187,-0.014836085502885838,-0.4090499218383731,0.05737336954283444,-0.016107608823158932,-0.021900163251567167,0.009126073752654573,-0.008471248139808495,-0.0013935920185430381,SUM2_005071
-0.126781731480417,-0.029120548863876654,-0.4406284770050236,0.028473733441691997,-0.019042553654612826,-0.021959686819552942,0.008230611268293718,-0.008364073557031306,-0.005019719935181493,SUM2_001349
-0.10914040456792458,-0.013725778334486228,-0.40276197530947877,0.014636597317406522,-0.08335948407624222,-0.02067287600063135,0.008896982693721828,-0.008443977558756316,0.00430281059431867,SUM2_015954
-0.06306037602001308,0.026326735399163165,-0.08459819006498297,0.09577711571180048,-0.08176656826697822,-0.01976145786928931,-0.009696031886173974,-0.0074939300481850395,0.054136331644761136,SUM2_011231
-0.09214393228084897,-0.03674590171174349,-0.4913465167508585,-0.061709008036368994,-0.20226046606897233,-0.021718381152841686,0.008969526363420258,-0.009950261310349574,-0.08930970944213193,SUM2_015522
-0.17606111635236318,-0.05179882091146905,-0.10602021440580849,0.034085192779978096,-0.10099198212657375,-0.022556808529969486,-0.010256334648206935,-0.009062429314864747,-0.11613222493342681,SUM2_008179
-0.028929730153343956,0.027144881876969507,-0.3372670225429002,0.017306085044562675,-0.03898927713063944,-0.017853419241935474,-0.008451775138396456,-0.008770915100549292,0.0033393390074940286,SUM2_003563
-0.12974493807745185,-0.012827431311445914,-0.29107580836117597,-0.01306275639392412,-0.02636596440030007,-0.019575938504298153,0.010230665426259802,-0.009197170378732888,0.25364473146102745,SUM2_002037
-0.1338596603936892,-0.012459222663140073,-0.09241223879299866,0.008640352877424269,-0.05471913439399202,-0.020412008673898765,0.005189874260836718,-0.009929021985903255,-0.09859636521944785,SUM2_017639
-0.17112211140038674,0.001157699935114369,-0.1772010516050367,0.0074177681025093065,-0.015388102882710291,-0.01978155270832812,0.0196388715129625,-0.008839255729772377,0.044806583529920854,SUM2_001104
-0.11303852162678982,-0.01860548732378362,-0.27299379191805817,0.022771689821570962,0.20338381009249992,-0.018422111110003626,-0.0117516589947985,-0.006391584308701137,0.005783231772432011,SUM2_004948
-0.10313796628803326,-0.016983652492659148,-0.376591594771375,0.035779320930458595,-0.04587675777776708,-0.021654423873472075,0.00976780720698447,-0.008238008675952476,0.012936469990159776,SUM2_017987
-0.14423672855437555,0.006036854901282039,-0.31676912511405275,0.024874171083422877,-0.0007109626045072412,-0.01989245544074885,-0.009613019919905182,-0.009231657257310824,-0.009238181679341097,SUM2_017915
0.4388787357009126,0.12378822640848353,0.16668278956861882,0.17210672344076444,0.3729737151681317,-0.01912029671601414,0.006978242573552842,-0.003759656106018865,0.015249304142405745,SUM2_016601
-0.07009948620191928,0.011382695426670083,0.7368097784994095,-0.03231414013676624,-0.08118058596153765,-0.023510309963762428,-0.020791710338828102,-0.01637003746167898,-0.07063767197568235,SUM2_013797
-0.10005680893671307,-0.04278417108207262,-0.4265196446179778,-0.006950746795655235,-0.1213647972136687,-0.020992016271617557,0.009595673077915177,-0.008740167602307199,0.1287893529222272,SUM2_000284
-0.18121346946148933,0.04201216644540866,-0.2501734468185465,-0.005431346397809546,-0.06411394236698424,-0.023898983088161206,0.01180927031321711,-0.00950846384717742,-0.003357195570879719,SUM2_000078
0.6972449889295449,-0.019836937621906008,-0.334113214478866,0.036474519038505654,0.3360822342624649,-0.03333184689327738,0.022691266662865663,-0.006069033660246587,0.08661078110892476,SUM2_015316
-0.012549802096393253,0.015484650006475125,-0.2531437012028044,0.09436055770594307,0.16425573872051596,-0.016326991761584437,-0.006346339761313458,-0.0069728797986717385,0.004189368889438443,SUM2_008907
0.11147112481161961,-0.03509067139853719,0.13406925022736835,0.05671768729122264,-0.17370695637004346,-0.02094350142889299,-0.024730501446394094,-0.0382381327897778,-0.03704579048158685,SUM2_002271
0.04232587880279415,-0.04192028024919038,-0.32153247221593456,-0.03569956430083234,-0.11375335560688367,0.04984633942422392,0.014875993111912128,-0.0469116565053241,-0.04053715609463008,SUM2_013875
0.41260665092646126,0.050066533124031455,-0.00509983621112009,-0.0709577989416339,-0.06276820256609923,-0.021971833130147757,-0.019100013610069348,-0.007091649690779281,-0.029891260465001228,SUM2_017589
0.47254592283037644,0.23590118168014845,0.10789337910155412,0.22066793815732208,0.2725540103338982,-0.01105156455146806,-0.008731661629130904,-0.006466079807875227,-0.012652985926097135,SUM2_010181
-0.12322836110496964,0.022029814704628697,-0.335437389227052,0.033494674611553484,-0.0513674366012415,-0.021007517874354075,-0.007852492717522103,-0.008054228546412278,-0.032101283950466346,SUM2_013535
0.010338980759274422,0.00974056314265594,-0.33900307535885127,0.006076251838727323,0.17605355501353498,-0.01426525861562684,0.015885413594857817,-0.00635206907740319,0.23749491332491418,SUM2_011106
-0.11928628885353025,-0.003937340501195183,-0.3310756549859309,-0.009705217019890003,0.002827681646124171,-0.01867715078351517,0.00995315199370472,-0.00668292078847899,0.1479380526648891,SUM2_005647
0.90206261261001,0.07977588121517773,-0.095866529603956,-0.03340519010769813,0.13532408144370092,0.10578166643432067,0.010057043025524544,-0.0076838558933191355,0.1592850211852899,SUM2_012172
0.09618254827959713,-0.010594608496268953,0.7619236413265323,-0.003337738532920513,-0.01671653084373196,0.12319505195475262,0.015011763816734284,0.07541504035659256,-0.0022545739243076683,SUM2_005569
-0.1629909514241346,-0.07063757548492841,-0.46247946475342844,-0.026893488248429197,-0.01323891862139789,-0.020179994139578654,-0.007415953236177751,-0.008189706141360328,-0.024274140078792146,SUM2_008210
-0.11119753629907998,-0.03565361708739092,-0.388380233940315,-0.022988434070068516,-0.06384440764729235,-0.01920408151853473,0.01041904066738202,-0.00923286971519777,-0.059174691825951344,SUM2_013229
0.09618254827959713,-0.010594608496268953,0.7619236413265323,-0.003337738532920513,-0.01671653084373196,0.12319505195475262,0.015011763816734284,0.07541504035659256,-0.0022545739243076683,SUM2_005348
0.09618254827959713,-0.010594608496268953,0.7619236413265323,-0.003337738532920513,-0.01671653084373196,0.12319505195475262,0.015011763816734284,0.07541504035659256,-0.0022545739243076683,SUM2_004272
-0.1482050508090482,-0.011407522624412797,-0.43471957007586914,-0.04313847637888034,0.057876964781447125,-0.019461685055857304,0.006137256457121709,-0.007716280663576924,-0.0037064922392817967,SUM2_016081
-0.12413555835731951,-0.01055495619395647,-0.3095382163711792,-0.013554516127608654,-0.04969261457876204,-0.02005761913846256,-0.005899999274614251,-0.00921116778702631,-0.00045456636099608545,SUM2_015335
0.0053844357981602965,-0.006466610027060405,0.5024467012461376,0.013879859455802362,-0.051192614724589205,-0.017045016320913806,0.015777964953860975,-0.015697275684656793,-0.004437200486717609,SUM2_011397
-0.0984235010059918,-0.028138123584438658,-0.5253921809842181,-0.07464969275169625,-0.1954312368209364,-0.021664609956136928,0.010029755216055793,-0.009385118367869625,-0.09311562625690871,SUM2_008778
-0.058050651621648665,-0.0031754982832320226,-0.08982440808662957,0.004435052709612865,-0.06519403695293474,-0.017022328504040483,0.016803527278482184,-0.008423589291390818,0.03789838154490011,SUM2_011820
-0.11964052085319606,-0.00895900680785218,-0.412647306903742,0.0005000452899202194,-0.03030827666504075,-0.021066395249052596,-0.005255507753180786,-0.00847366214354443,-0.09161294526918076,SUM2_014957
-0.11708557595377038,-0.0151797012671051,-0.4111262124742915,0.023332983134115394,-0.0718402455850016,-0.02085723801266757,0.007261163176162847,-0.008498227757627364,0.0035028406769117117,SUM2_013823
-0.018590049289687428,0.01360924164819505,-0.39175596760798115,0.055447372413035004,-0.050976481797059416,-0.017156243774632922,0.007481889015070678,-0.008168871885996782,0.10084932209564475,SUM2_003255
-0.15954317169789836,-0.02721540350369093,-0.36695545283124986,-0.023818608221090366,-0.05185030036292548,-0.01967668960765074,0.007098688842933841,-0.009200746235698817,0.2203276114665067,SUM2_013583
-0.09083738555530414,0.0622413520485716,-0.13032044627399525,0.07714470156170469,-0.09740514112257118,-0.022379395185000657,-0.013405248966383215,-0.008949934159238521,-0.10674591739585133,SUM2_010432
-0.13264731469695754,-0.03251491485534876,-0.35096727243728604,-0.03608738153795811,-0.06161222746372317,-0.01962945892549357,-0.010182515706948149,-0.007302781093249359,-0.005745840316917708,SUM2_008097
-0.1668875345207018,0.022599966415578685,-0.4276255762612262,0.008734408562730367,-0.005332697905629143,-0.01888806733147832,0.007552408209653659,-0.008166713169749148,-0.01947413748812783,SUM2_008253
0.26407539390307294,0.1637945571596037,0.30387472074341754,0.15659056401205385,0.9294309533141636,-0.04706654011406318,-0.011039730138313752,-0.013459639852886594,0.0033305584535718302,SUM2_003069
-0.1493020875112357,-0.029644604670717743,-0.4022270765074631,-0.07222976648107128,0.025657473627866696,-0.02023752520458428,0.005987782269504397,-0.00913856719125078,0.16217923247721064,SUM2_009708
0.2455013640738768,-0.050491363046487804,-0.27699230047553663,-0.011023139264020865,-0.15647214936528253,-0.018901335905641626,0.007578866501840575,-0.009349159885821814,0.11918759652766972,SUM2_007821
-0.11561355518668814,-0.004391479575505778,-0.14885155192837535,0.07150756874354564,-0.06590343003827755,-0.020714100978684896,-0.008938166999552594,-0.007902715224016322,-0.06680633603692816,SUM2_015163
-0.10671809986538505,0.0010011812168008824,-0.3059506187380821,0.027230830639685975,-0.049460100873029926,-0.022075098367774063,0.011540197836483477,-0.008819049356557036,0.016511012600248325,SUM2_009104
-0.05832163757992376,0.06030799067937494,-0.15494976580187614,0.10477467151502587,-0.013477720242750768,-0.018841594389771555,-0.006687015287475985,-0.007345552670290434,-0.06948292441817153,SUM2_012970
-0.07212240847703139,-0.037819974065406096,-0.37407092040280815,0.03621062073229845,0.026470313074734124,-0.020066618710693644,0.010602166323372611,-0.008482079079025786,0.0027418598919792254,SUM2_002322
-0.07728914261895299,0.020944943114283143,-0.10888261148736925,0.0378085582172165,-0.10423008617485945,-0.020675980058667883,-0.009102284280868428,-0.008108321852691221,0.0030473804110070536,SUM2_018554
-0.13920625943529846,0.0014031496158924503,-0.032567250266923066,-0.005383487873011866,0.12922828431425917,-0.01827942699555892,0.008376214520841255,-0.007778635926933103,0.06787418448116683,SUM2_010659
0.03614836330686032,0.020507864062403784,0.8358521040234249,0.011781002310321708,-0.08725737952178331,-0.020323488996326973,-0.03142368883277562,-0.017158978711552735,0.04322848839574357,SUM2_018038
-0.15793217657538614,-0.01839029998899975,-0.06178728337051094,-0.00609993818194852,0.04956675806841994,-0.01970058000088043,0.00581809565930864,-0.008501939723043892,0.05063699145588142,SUM2_008160
-0.08275165650732302,-0.030887315434086925,-0.49474160997480643,-0.05481785863408778,-0.15346134042028922,-0.021551293817051315,0.009641345690032872,-0.008901480964972928,0.06061027698035433,SUM2_016940
-0.08371243944408253,0.013426209070526815,-0.4557918110812137,-0.05291868836705473,-0.02420022336324415,-0.021557425770270602,-0.010903347807739317,-0.008988834391481144,-0.013738320509272354,SUM2_001128
0.5397538654831695,-0.01077024067632636,0.15330105595155952,0.05048940758443996,-0.22518960404025798,-0.020155659064794246,0.01004510474009854,-0.010213000135644015,-0.03851485008476911,SUM2_000898
-0.06522087878224868,-0.024215484311354583,-0.13057699976975662,-0.014620312088897589,-0.06183477455487487,-0.020638427622596153,-0.007603253856107101,-0.007680849296802189,-0.004836910083625761,SUM2_013558
-0.01597217758457843,0.013075589874142837,0.8694872561733631,-0.035847647752437116,-0.1319669236769339,-0.0205413549100285,-0.029709269262240063,-0.014037080823728093,0.06629035096530911,SUM2_014065
0.062185810840201215,0.05968867446662864,0.8039096108565179,0.0068237160385549445,0.07846738525939803,-0.018836741635398176,-0.014791422374278582,-0.012696180715303502,0.038782388170061896,SUM2_013267
-0.16939978382918736,-0.04059522434315149,-0.3976871675945581,-0.024609529793595725,-0.03805097364791438,-0.02167934213722001,-0.008261380548664751,-0.009863426098539537,-0.013310617329779178,SUM2_004400
-0.20589810161545574,-0.044830381611988,-0.4760159762253774,-0.06100029658011132,-0.11135383317622158,-0.0214992938323098,0.005607846469655948,-0.009773021332843442,-0.07122095346367333,SUM2_010226
0.18507432772619586,0.0037804032598860587,0.3222517846060036,0.052572498202690665,-0.13344247499577996,-0.021280694759662787,-0.026979757324141686,-0.021654194918676286,-0.08207054848037042,SUM2_003164
-0.13086272128916274,-0.015059160645387903,-0.07559116293915778,-0.01823725322887318,0.094894596160656,0.13264664608757726,0.00783377919892456,-0.009333805436968691,0.039574453096875975,SUM2_017380
-0.08149149840209995,-0.03328147810278402,-0.10798086719477631,-0.004270254401715201,-0.08529625908499419,-0.021433956829722083,0.012283644889072739,-0.008670638781017535,0.031123652728383844,SUM2_004610
-0.06250702862676775,0.020678472207816278,-0.09490350758463165,-0.004630445160942849,-0.09056762829144614,-0.019224391547732488,-0.010833724841048048,-0.0077041520341017255,-0.07914559553610029,SUM2_009037
-0.1856514758414948,-0.03245260717902097,-0.4154813846733975,-0.00990740266312941,-0.14070369734961988,-0.021162606338003605,0.008016703946974627,-0.009886818498326346,-0.10155736586484358,SUM2_000435
-0.035002546233979116,0.0017840130172890743,0.18754137568071777,0.022707706757516235,-0.05896064138147039,-0.018035359593262315,-0.015278133984460984,-0.010974247780568398,0.034667144180719894,SUM2_007553
-0.09387900881303801,-0.009475256209051397,-0.33138442022028347,0.08306554949662583,0.07573527753984119,-0.019759738714494036,-0.013834387011983706,-0.007344877644101735,-0.0029134623336274125,SUM2_009955
-0.1299481463007137,-0.01798177732742976,-0.48707720137041044,-0.05407599890096078,0.020096879249543488,-0.019860724516988764,0.006654844131789714,-0.009159283064234464,0.166924678445,SUM2_003020
-0.11401858735423168,-0.06653958870831005,-0.349919205170221,0.05752311947944244,-0.058839895048834356,-0.02242655131650365,0.00890944907840095,-0.008398446491689342,-0.026802736531301392,SUM2_012109
-0.12629020292014503,-0.014315541394725986,-0.4525072468929062,0.010265839566685437,-0.10981838290297503,-0.019158758012030076,0.005660717900515871,-0.007812015828877669,-0.06165474244159776,SUM2_006539
0.5809686300711269,0.050342445205201515,-0.19812543935617016,-0.012870840343799558,0.04847735962521545,-0.019525871736555244,0.011513417353940394,-0.006921200390427838,0.2833256124439117,SUM2_010309
-0.08158178286952514,-0.04133037439469963,-0.43270218033146496,0.013123633543098234,-0.057580150528615245,-0.020351212246727212,-0.008461127339033868,-0.009201848527791554,-0.011282069142150214,SUM2_010975
0.18135989863948798,-0.012884238610622148,0.0814928736962083,0.09389935316797636,-0.1280830555848462,0.07734938429912255,0.03592204825861313,0.18325343457475346,2.815696830857674e-05,SUM2_007321
0.09618254827959713,-0.010594608496268953,0.7619236413265323,-0.003337738532920513,-0.01671653084373196,0.12319505195475262,0.015011763816734284,0.07541504035659256,-0.0022545739243076683,SUM2_018789
0.09618254827959713,-0.010594608496268953,0.7619236413265323,-0.003337738532920513,-0.01671653084373196,0.12319505195475262,0.015011763816734284,0.07541504035659256,-0.0022545739243076683,SUM2_015003
0.09618254827959713,-0.010594608496268953,0.7619236413265323,-0.003337738532920513,-0.01671653084373196,0.12319505195475262,0.015011763816734284,0.07541504035659256,-0.0022545739243076683,SUM2_017693
0.09618254827959713,-0.010594608496268953,0.7619236413265323,-0.003337738532920513,-0.01671653084373196,0.12319505195475262,0.015011763816734284,0.07541504035659256,-0.0022545739243076683,SUM2_006559
0.09618254827959713,-0.010594608496268953,0.7619236413265323,-0.003337738532920513,-0.01671653084373196,0.12319505195475262,0.015011763816734284,0.07541504035659256,-0.0022545739243076683,SUM2_008227
0.09618254827959713,-0.010594608496268953,0.7619236413265323,-0.003337738532920513,-0.01671653084373196,0.12319505195475262,0.015011763816734284,0.07541504035659256,-0.0022545739243076683,SUM2_016828
-0.15011886301125937,-0.0332306102172049,-0.4286851984497739,-0.05997306703061306,0.026017571970973753,-0.020597708429620797,0.005958473104631906,-0.00785165400471974,-0.013519638337815392,SUM2_011314
-0.12854677706040926,-0.010986454332712961,-0.41956935058203326,0.03323947224490709,-0.042211896037408325,-0.020656505217921044,-0.007342372851309303,-0.00795005270203085,0.03844406808051316,SUM2_014965
0.09618254827959713,-0.010594608496268953,0.7619236413265323,-0.003337738532920513,-0.01671653084373196,0.12319505195475262,0.015011763816734284,0.07541504035659256,-0.0022545739243076683,SUM2_010967
-0.057615878173491265,-0.060454248891677456,-0.32273925868397807,0.0012431742431474263,-0.10560455932866053,-0.019230727010465402,0.00988006616051693,-0.008966670124850081,-0.010010857499085906,SUM2_017034
-0.058050651621648665,-0.0031754982832320226,-0.08982440808662957,0.004435052709612865,-0.06519403695293474,-0.017022328504040483,0.016803527278482184,-0.008423589291390818,0.03789838154490011,SUM2_009060
0.2593818364909275,-0.020404315822473124,-0.16197915078794542,-0.03040531711726156,-0.032013963537293244,0.08489831481756852,0.019930183620207688,-0.0386277906049093,0.04263725423273223,SUM2_001121
0.09618254827959713,-0.010594608496268953,0.7619236413265323,-0.003337738532920513,-0.01671653084373196,0.12319505195475262,0.015011763816734284,0.07541504035659256,-0.0022545739243076683,SUM2_013122
0.8960375178641751,0.06822494695219097,-0.08037039392331699,-0.03999677125240749,0.09682633259426929,-0.014379585744018372,0.011563129575764785,-0.008438486993709787,0.1495122618056132,SUM2_015831
0.4548361644805312,0.025886217533015777,-0.3871036556251503,-0.048607907308384546,-0.15013449027771242,-0.0249173303011263,0.009375408076273743,-0.008396569799702507,-0.07179232164023802,SUM2_005995
-0.17072387377489462,0.020853685011926724,-0.27807190630269846,-0.01174340738101074,-0.06358184803498643,-0.023923599811094664,0.01170134448652381,-0.009525125038559623,-0.002768992752269173,SUM2_007754
0.06352442504573305,0.09935185161797318,0.6277703966919903,0.04289161864297082,-0.05481500813605542,-0.016573262138633298,0.019836773316883237,-0.012333703838768943,0.14562295693380148,SUM2_017980
0.09618254827959713,-0.010594608496268953,0.7619236413265323,-0.003337738532920513,-0.01671653084373196,0.12319505195475262,0.015011763816734284,0.07541504035659256,-0.0022545739243076683,SUM2_005163
-0.12200569513847667,-0.007991126730687536,-0.10724575994744548,0.01862360781171733,-0.08951351704912794,-0.020339573144369072,0.011885503811927545,-0.008637221456926206,0.035614314338957634,SUM2_013917
-0.14371182683370076,0.0006403141481122185,-0.35605032996633695,0.06607124633686334,-0.01300816595786381,-0.021092176911672304,-0.013076527252709799,-0.007777498899475976,-0.036549664277455596,SUM2_013230
-0.16762012841430046,-0.018369079295834912,-0.46734344761712043,-0.06568168977497445,-0.02110349585119978,-0.020118607223727984,-0.005367911271579569,-0.008584894950388774,-0.027245353652061564,SUM2_016842
-0.10369163950730316,0.004121512133636804,-0.42872052371373154,-0.021329274549000674,0.027272282256632484,-0.021905682567771596,0.01005859524962302,-0.008591348274694387,-0.0015637866488376318,SUM2_015962
-0.15692002870436625,-0.000362951282772807,0.06371816891944883,0.008132419988420764,-0.013470327123605874,-0.02013672567851591,0.007908733536956744,-0.009873405128007369,-0.056647663421344065,SUM2_005772
-0.18092897743459438,-0.011330090709646527,0.1649505868869639,0.027501067189463112,-0.08991822729898938,-0.021773700791689422,-0.020590969528514944,-0.012589699224613227,0.04396031827940441,SUM2_001883
-0.058050651621648665,-0.0031754982832320226,-0.08982440808662957,0.004435052709612865,-0.06519403695293474,-0.017022328504040483,0.016803527278482184,-0.008423589291390818,0.03789838154490011,SUM2_018670
-0.033882368880181625,0.03840681372526107,-0.11928953203957735,0.06909330254315424,4.347405140442961e-05,-0.020930151359277532,-0.007189722216083548,-0.008208017609959177,-0.03068387626822535,SUM2_010699
-0.03990112758325941,0.02985482558588153,-0.27682592480956536,0.036257452460915114,-0.04110009878619543,-0.017365346045401058,0.008821947009971989,-0.00819089038532428,0.18296121246168343,SUM2_005160
-0.06686482404674139,0.008858825465251293,0.7314366644191966,-0.031300040520878224,-0.15279871840222903,-0.02134551668764436,-0.03209666412061955,-0.016611694595016758,0.05053153509231358,SUM2_003453
0.09618254827959713,-0.010594608496268953,0.7619236413265323,-0.003337738532920513,-0.01671653084373196,0.12319505195475262,0.015011763816734284,0.07541504035659256,-0.0022545739243076683,SUM2_009923
0.09618254827959713,-0.010594608496268953,0.7619236413265323,-0.003337738532920513,-0.01671653084373196,0.12319505195475262,0.015011763816734284,0.07541504035659256,-0.0022545739243076683,SUM2_013815
0.06652852784024935,0.03670031911196846,-0.11464989410780113,0.05720176561429985,-0.0017427777626496332,-0.019819676076084397,-0.009979102395226268,-0.007978431470784194,-0.08005971553755584,SUM2_014464
-0.16762439489297282,-0.026957169854784874,-0.5838135420971453,-0.03152097491140683,-0.1843596711241476,-0.021413247016810057,0.005645317305920624,-0.009783391375762339,-0.07346453731029823,SUM2_000179
-0.0941177595288887,-0.018784243186903863,-0.2634013403906302,0.03639364098645846,-0.04400149773880281,-0.018683350864537117,-0.010494078175352781,-0.009042868088669692,-0.0009159946526642135,SUM2_006558
-0.10953608410607663,-0.045214162191870313,-0.20846500356634126,0.07623320892056917,-0.06854702824705448,-0.02052526355628432,0.00709143924043554,-0.008429304827472967,-0.022095971133477797,SUM2_010630
-0.08338943370122479,0.011546754938120676,-0.3653561759759945,0.04625161966676467,-0.09804627949493745,-0.019083388234358338,0.008765286442594045,-0.008103502660200854,0.05701597371720653,SUM2_009220
0.1137412705008447,-0.03672929313276527,-0.035271401947599194,0.042876120151016855,0.007254635317850905,0.060553908641606854,-0.01379275596881121,-0.028393294618717858,0.0013543159791922482,SUM2_010791
0.07651277490557308,0.0186025472532665,0.49240013618502126,0.0049012412908137955,0.023940768720432087,-0.01737715486171139,0.03937329322749785,-0.026888571564010498,0.02720115058915502,SUM2_009332
0.04232587880279415,-0.04192028024919038,-0.32153247221593456,-0.03569956430083234,-0.11375335560688367,0.04984633942422392,0.014875993111912128,-0.0469116565053241,-0.04053715609463008,SUM2_016390
-0.07770956486691513,-0.011850429861891998,-0.1182639972531957,-0.01272545591191378,-0.06829649497505266,-0.020361661416929754,-0.008435006562411933,-0.0076500376902315925,0.0011617402949137775,SUM2_009050
-0.11122640836567499,-0.007963180478261141,-0.42967918241228115,-0.04769262470982407,0.0870471527598625,-0.01989883030113252,-0.006278615039020526,-0.007083750379926727,-0.009634610283380866,SUM2_018402
-0.09789133859920104,-0.003984415528281963,-0.04590106746734184,0.033365897812891544,0.06260295903710458,-0.016171152795997366,0.006887867482404518,-0.0063833108044896265,0.07143730864668305,SUM2_003809
-0.06903935740295597,-0.0047338435581742565,0.009748591972069297,0.03509611976579065,0.05300224046955264,-0.018309785936637787,0.008697392377282967,-0.007203911981617133,-0.044659560851682135,SUM2_008261
0.21318850771591893,0.014053819326111253,-0.14409051829507433,0.022290593803332138,-0.09753860588372054,-0.030531439332750786,-0.015323745400275823,-0.041101974703499494,-0.017168150319114815,SUM2_012914
0.21461620463563597,-0.01418498069697833,-0.40982145239542955,-0.08012766414324242,-0.053241134695340656,-0.022103425825156838,-0.015547810102631555,-0.007868466827633376,-0.05285811216067802,SUM2_012400
0.05152883052801423,-0.02725830578109305,0.41031345517410855,0.013199481441319678,-0.18243517640765172,-0.019104662983132754,-0.03425943955495802,-0.02867971236505338,0.011995899363073072,SUM2_014088
0.04232587880279415,-0.04192028024919038,-0.32153247221593456,-0.03569956430083234,-0.11375335560688367,0.04984633942422392,0.014875993111912128,-0.0469116565053241,-0.04053715609463008,SUM2_001254
0.09618254827959713,-0.010594608496268953,0.7619236413265323,-0.003337738532920513,-0.01671653084373196,0.12319505195475262,0.015011763816734284,0.07541504035659256,-0.0022545739243076683,SUM2_006794
0.23054695988341747,-0.007688271500087168,0.3743415596169902,0.026672396290049673,-0.1389811085141559,-0.02137161622454605,-0.025621166860485996,-0.021465292857987518,-0.07174638500494905,SUM2_006022
-0.12455281374324897,-0.06043116045531899,-0.4472559980870268,-0.04723929456583299,-0.17116838730470402,-0.020959956256341047,0.006400315982601344,-0.009826410759701318,-0.06901916112857401,SUM2_017016
0.09618254827959713,-0.010594608496268953,0.7619236413265323,-0.003337738532920513,-0.01671653084373196,0.12319505195475262,0.015011763816734284,0.07541504035659256,-0.0022545739243076683,SUM2_000646
-0.20502371741825068,-0.0404073448735988,-0.5281936691558947,-0.04658368075182301,-0.13969437217187938,-0.020957238546406375,0.003956377943184439,-0.009444579247057223,0.07363079860425707,SUM2_018919
-0.03397671410708313,0.008061243601359366,-0.5254135437477554,0.02648053040893743,-0.1639196725804831,-0.01953939781170194,0.009429263865344324,-0.008501060819003124,0.060557897368270976,SUM2_017021
0.09618254827959713,-0.010594608496268953,0.7619236413265323,-0.003337738532920513,-0.01671653084373196,0.12319505195475262,0.015011763816734284,0.07541504035659256,-0.0022545739243076683,SUM2_003479
0.11321355050043576,0.1358479708489848,0.040007547008027604,0.03509813690149767,0.13943196253480017,-0.019422646109228343,-0.005908297602896512,-0.007844047543796506,0.07209308468108241,SUM2_009437
-0.04243441805601309,-0.02624291416523093,-0.3297325200260671,-0.0024199790604413464,-0.02271794184978773,-0.018357354495716065,-0.008760585290029372,-0.008667857111789532,-0.007802923853449021,SUM2_005843
-0.025984936890881872,0.04625412130285683,-0.3137698193245292,0.2727306678760356,0.02607936069944109,-0.01952932015392482,0.009849538726050688,-0.007681435772820981,0.028354706334711665,SUM2_004848
0.5809492749117635,0.061079389166517985,-0.15646830442371246,-0.08565714622948079,-0.37233054499891327,0.12445318051934966,0.00804729518554401,-0.010656262231571428,0.15283572944461887,SUM2_014238
0.09618254827959713,-0.010594608496268953,0.7619236413265323,-0.003337738532920513,-0.01671653084373196,0.12319505195475262,0.015011763816734284,0.07541504035659256,-0.0022545739243076683,SUM2_010030
-0.161591901422815,-0.027700137076800975,-0.4437618817671491,0.008668239153353383,-0.17072344932199945,-0.021240098099062896,0.008029307829607066,-0.009410323482312884,-0.07910084476077689,SUM2_006208
-0.06206921400734983,0.019805541168885093,-0.11658151294541175,0.09943358392176077,-0.08639373780137086,-0.019761800836130376,-0.012746044153892324,-0.007505691807703859,0.05026146545488487,SUM2_009145
-0.16260142435958014,-0.0371617878510231,-0.46563390195247123,-0.06863085352977949,-0.06257988163629899,-0.02099068509030979,0.005762355025985525,-0.009619112027617381,-0.06202099230239794,SUM2_004700
-0.09300303892287917,0.019762704299188093,-0.30086938503892735,0.028110425751043677,-0.029809276596420953,-0.021637107434490176,-0.007895552064512168,-0.008725117901196719,0.015468817019293105,SUM2_005814
-0.023077315677069575,-0.036205056286663324,0.6990163652097258,0.015553554844314438,-0.07930705069220435,-0.024171627869457663,0.03220582714602013,-0.01892320362957678,0.0013336795446143037,SUM2_015514
0.20783853270121347,-0.0869234887750964,0.03947628646904783,0.02996200377402593,0.5735018767162166,-0.04470601333206296,-0.059233503457957394,-0.015046216539962543,-0.07211715913123168,SUM2_003798
-0.04054697264080266,-0.01833838454824886,0.32263259644595055,0.0051190215733007485,0.15767572885827685,-0.01775912698825897,-0.007452018795374278,-0.011108655081338535,0.027003134244165082,SUM2_010087
-0.0053349945582924435,0.07158058844615098,-0.2564287957155587,0.03677017032280845,-0.02997017236916087,-0.01756713562517253,0.00921306418310254,-0.008141388983835126,0.1505189901163864,SUM2_002303
-0.017467617132422543,-0.05489559957808203,-0.32534362502484265,-0.004961049160116211,-0.03666828412468679,-0.018772797515483063,0.007183843426246783,-0.009007731067755887,-0.064566739442813,SUM2_008584
-0.1370321058505026,-0.03801715754265601,-0.430935754553083,-0.0390636699046447,-0.04419307056972717,-0.023962210032139646,-0.007627339343845456,-0.009049375051266496,0.0004198274803273824,SUM2_015438
0.19878213457773986,0.0023573819311799873,-0.3290538687100727,-0.03982286441767971,-0.02969915390775719,-0.021299485513364257,0.011735582799758757,-0.008115114012631696,-0.05611733362245704,SUM2_001210
-0.17356044050981678,-0.0061676925220581725,-0.5433813295440169,-0.005903293919282414,0.06430219717649385,-0.01966005309628132,0.0064250329589319284,-0.007788561119700823,0.02503752785896121,SUM2_000807
-0.10921823482424486,-0.040293824654787425,-0.3767101741895243,0.0022801923148934823,-0.03802001452870314,-0.02101869359557174,0.011469436141455834,-0.009043330405724645,-0.030947105847611612,SUM2_006337
0.387511776388189,0.1572051746830759,0.3675679547251578,0.16544296545811027,0.37881395363948406,-0.023827709808046948,-0.015204746279798852,-0.007150817190204041,-0.0778549305863728,SUM2_003473
-0.10052263056582293,-0.015431197816705888,-0.002690507361252413,0.008827061294917036,0.00549186423555834,-0.01826137343255276,0.00841239986244132,-0.007158611995011473,-0.040540081475837306,SUM2_012895
-0.13470686681978053,-0.06892845811038731,-0.39621849572145834,-0.011146487697984025,0.015267257852265546,-0.01938042437458301,0.007592140100182469,-0.008328124027362615,0.06397993125740124,SUM2_002297
-0.14050900126454044,-0.019222962206768737,-0.15103079733381405,-0.0025862000569315743,-0.060748907949270306,-0.020183749414859342,0.012728978635483317,-0.008542698299366396,0.03362646382426755,SUM2_011028
0.6496295657853236,0.003060227128624503,-0.25040697040922744,-0.039041307364010645,-0.28874702925164736,-0.023870879112830617,0.008542832333403977,-0.009278987890011808,0.08489941440076454,SUM2_018661
0.08117640400986044,0.03129946987618355,0.501367589943871,-0.028271806115025694,-0.05424417423683743,-0.021861821182673234,-0.007761745740633609,-0.016117323416289412,-0.055760714434151495,SUM2_006335
0.06002223894819305,-0.013072447819340225,0.008104403560650484,-0.046704959285862706,0.17855476452994337,-0.014009991874030653,-0.01738734569574234,-0.010502817970815065,-0.07706327329097123,SUM2_004277
0.09618254827959713,-0.010594608496268953,0.7619236413265323,-0.003337738532920513,-0.01671653084373196,0.12319505195475262,0.015011763816734284,0.07541504035659256,-0.0022545739243076683,SUM2_017881
-0.12122396791605994,-0.056955362488403896,0.45193835955109546,0.027889917835017857,-0.08147244221253913,-0.018702877707826228,-0.024271089515476813,-0.016742757327103768,0.024100038957146592,SUM2_001925
-0.11272225014229124,-0.003617391885307916,-0.3620613142795554,0.00784176310113239,-0.007607860647678729,-0.020568622249445914,0.011493282448947487,-0.008138789253082576,0.007749361452011544,SUM2_002439
-0.09242953665561626,-0.012910316275475656,-0.38454346534954875,-0.0015703258661210612,-0.025304698868010372,-0.02001919460901335,-0.007709616094514531,-0.007729359533881122,-0.017194504562505326,SUM2_009656
-0.16823149875127671,-0.024502320840245635,-0.40727502830385076,-0.0756408882617896,-0.08125780904966697,-0.02063792634318333,0.00629477474401675,-0.009602400978707092,-0.06975729709556808,SUM2_007685
-0.15265447268322307,-0.055240280766397296,-0.276047227580064,-0.025305023622870154,-0.08389654694727261,-0.023662345505888742,-0.008894964723688392,-0.0090958232601699,-0.04386447732562953,SUM2_000048
-0.03719498521901603,0.0006139479380716684,0.6006515677716313,0.03535144942143056,-0.05731587182819324,-0.01790376805567038,0.020123910785412504,-0.014102835785346626,-0.028019307534711796,SUM2_007690
0.23560120038895144,-0.003415703462059448,0.34599474989735013,0.03930799848827449,-0.07212906584280761,-0.01930124872192242,-0.01633319548272725,-0.01654545420651083,0.01650802381702123,SUM2_015737
-0.10290594594172506,0.0032337625415492163,0.5297988263456809,-0.044309638079352356,-0.06224147153685167,-0.021400324339974006,0.008521099866082535,-0.016705315715602694,0.09931842187553995,SUM2_006327
-0.08530471303711974,-0.002170530388886452,-0.3109113403736869,-0.04900256554263476,-0.0010593572950021778,-0.020269124463714146,-0.007700736360405777,-0.007378364164383813,-0.011181846824936616,SUM2_007545
-0.0828952331217492,-0.04717253537699115,0.42225495470579305,0.03954417824975526,-0.12682300448022768,-0.021046015361216492,-0.01976974216527704,-0.017447844852794117,0.0656796329726066,SUM2_005171
-0.07057329143196583,-0.034613484860782376,-0.3348232837596997,0.06496856346712562,0.044327962628106926,-0.021670388021265845,0.007594297456825198,-0.008592119487313534,0.011198060739581553,SUM2_016660
-0.03586690317044315,-0.0019275747989048353,-0.023671031135541826,0.02406760499208816,-0.1309140040338581,-0.020265194537859396,-0.011809178707358847,-0.008122314040031947,0.0859400029830544,SUM2_010519
-0.0732438616123616,0.04211439146143766,-0.21228107114541128,0.07348794160895764,-0.04898331598626092,-0.022354067732456507,-0.008984066494415115,-0.008785578078782096,0.023010418819022,SUM2_006705
0.17088002890087992,0.01081154203742738,0.5557065646855743,0.0279955370937184,-0.16460665404279226,-0.01748623217180163,-0.022160544108654135,-0.017173154268885934,-0.01510555698163588,SUM2_014467
0.09618254827959713,-0.010594608496268953,0.7619236413265323,-0.003337738532920513,-0.01671653084373196,0.12319505195475262,0.015011763816734284,0.07541504035659256,-0.0022545739243076683,SUM2_015585
0.1426298311479822,0.04071214207273726,-0.06451291965698823,0.15473974725507728,-0.09191875199230268,0.0760061385279465,-0.017781538779291135,-0.027232647499793622,-0.009652950849728933,SUM2_018082
-0.09336991624869198,-0.01839148397720968,-0.31877198895954306,0.08783936265343058,-0.004409118686028657,-0.020978936076638647,0.010865032780872195,-0.008251493574641004,-0.0003246151826690538,SUM2_000245
-0.054672494425698284,0.020524589947123962,-0.4214428670500112,0.09020547304611763,-0.04834038122961763,-0.020210738966447865,-0.007762282195285327,-0.007431043614223164,0.048600585598645954,SUM2_006683
-0.1798863641537813,-0.06981412332074266,-0.29232062432016953,-0.07164163389552233,-0.04257739033455401,-0.02036729274070138,0.005607038235165472,-0.009418508062035601,-0.08747993470087284,SUM2_009150
-0.059985921028418175,-0.04685250615366321,-0.23499985498942116,-0.03275171396036654,0.17089411919846043,-0.014486682281183138,-0.00768488314683959,-0.007604361551534886,0.018546907110397942,SUM2_018761
0.06709724694546285,-0.03198194086701748,0.5489572679581894,-0.01165721319340272,-0.1398219987649591,-0.01863871630642607,-0.028030059997383644,-0.02088668727253229,-0.05121809115760438,SUM2_015246
-0.09162194601894227,0.019267635037333697,0.47087796114682356,0.005436345996424773,-0.0769521288622699,-0.022082264119215107,0.026025663575159175,-0.017787387029967062,-0.004517760760453014,SUM2_017181
0.01794673944560325,0.0025912425994066785,0.6938028584111103,0.007704261558919475,-0.09033123969691473,-0.01705952386541034,-0.018301454515966525,-0.013003860728508013,0.2781229723154802,SUM2_011751
0.09618254827959713,-0.010594608496268953,0.7619236413265323,-0.003337738532920513,-0.01671653084373196,0.12319505195475262,0.015011763816734284,0.07541504035659256,-0.0022545739243076683,SUM2_009024
-0.1605756100419517,-0.007066263255851901,-0.479618886511832,0.01761773336928208,0.015686360787360083,-0.019268765422803015,0.006437529373498103,-0.0071748176840022325,-0.04713403264412939,SUM2_003044
0.2555435275342691,-0.045993537845260064,0.050308570046131915,0.0927710163782131,-0.18766293155473468,0.09816317608672229,-0.021231060511334277,-0.0345992270495815,-0.017560563023837038,SUM2_009728
0.06698287698535073,0.16553311156611222,0.10470625400160896,0.03959012920444801,-0.05659172989129122,-0.019415027395833406,0.006627051391816912,-0.009921594409813408,-0.036960643053553545,SUM2_012274
-0.11874615329573357,-0.0208811815894146,-0.4555449781718524,0.005050078120098565,-0.10365978338411448,-0.019145095813006625,0.006492210027567863,-0.00775297864576819,-0.07209634036631066,SUM2_016207
-0.10472178284713066,-0.04209021437489034,-0.33500298384663757,0.014431683998818801,-0.10019158925710636,-0.019073020249798792,0.007371150080692071,-0.0076447879942053805,0.04535353151093406,SUM2_005158
0.09618254827959713,-0.010594608496268953,0.7619236413265323,-0.003337738532920513,-0.01671653084373196,0.12319505195475262,0.015011763816734284,0.07541504035659256,-0.0022545739243076683,SUM2_003594
0.44721442955477836,0.052560538612133126,-0.2989076948825425,0.093574095170284,0.17562881975044076,-0.01905495966158908,0.010881917064211597,-0.00548826204757337,-0.021733527442731677,SUM2_016007
-0.12461002716216982,-0.03947660873747233,-0.42894100595329104,-0.09164396641840906,-0.060207042501419505,-0.02067151208633719,0.005865382980089266,-0.009700421723737593,-0.07680362542638128,SUM2_011506
0.09618254827959713,-0.010594608496268953,0.7619236413265323,-0.003337738532920513,-0.01671653084373196,0.12319505195475262,0.015011763816734284,0.07541504035659256,-0.0022545739243076683,SUM2_015696
0.6907070950968247,0.03111996698931805,-0.1395668497097204,-0.0524301935207909,-0.17623216448017046,-0.02506433038727519,0.009875810298426801,-0.008179261918720291,-0.054213488320043246,SUM2_010923
-0.14944276083055094,-0.0274342349375027,-0.39049552851434927,-0.04820964188754885,-0.09880239490833587,-0.020589164993190363,0.0063160629136060215,-0.008083969510128167,-0.06815877841731435,SUM2_016546
-0.05764585630179044,-0.010254462806227181,-0.07438306738236274,-0.0028739376556525796,-0.12003573483920008,-0.018372758563021542,-0.014170279438552823,-0.009300826362354339,0.014281389489437366,SUM2_003463
-0.12475467285235183,-0.03786868815202099,-0.31658782701520016,-0.04090526751910887,0.06579241125511961,-0.01964945657544081,0.006828769084035266,-0.009175138370205916,0.1748641706992964,SUM2_018847
-0.12986338583246756,-0.017936462871715256,-0.3358701420648523,0.029170323688310594,-0.029261717973735245,-0.021611831953649453,0.011174522974151032,-0.008563825538140673,0.002834131789587938,SUM2_014872
-0.10126671336059698,0.009888897996122258,-0.2954816261346761,0.08522898466031033,0.0021912278730551378,-0.02091031230755349,0.008084372179690599,-0.008256596071354632,-0.0337132834153369,SUM2_013899
-0.14918707814132626,-0.003540350791984132,0.07098020315996309,-0.0024842638461512897,-0.10333515218960103,-0.022672907840595148,-0.024134941100026248,-0.014241608379837161,-0.011152525658237166,SUM2_014903
-0.02656017338301069,0.030611454281954043,-0.48975900717548965,0.009756325293387297,-0.09672021736363054,-0.01812169810785178,0.009331561502622963,-0.008048988947910559,0.18220416141186518,SUM2_012222
-0.1539590130039144,0.00705167720342373,0.08482325657124126,-0.004709281071332133,-0.008627806136197926,-0.01873650299966385,0.008070426290590123,-0.009285266438061405,0.17351981834662816,SUM2_004484
-0.13513524631537807,-0.0482885058451069,-0.31026630300633984,0.040664176188532845,0.005571004053873935,-0.0190583614187384,0.005539098686505881,-0.008076920256720925,-0.09658476222360421,SUM2_005989
-0.17541321321628828,-0.0051616625923214966,-0.5079083047581104,-0.05067924578930386,0.15038256032733432,-0.020403584146152474,-0.005982377676731364,-0.008603580511443316,-0.0067458387008642205,SUM2_017141
-0.08286134652991577,0.011453999587000292,-0.3390629107466717,0.038347220012245935,-0.03256367634237735,-0.022000743521873388,0.007940113384474052,-0.008171161998697832,-0.006067333598681222,SUM2_011496
0.26241064155485694,0.1030645260800022,0.09501541372256797,0.07737761389554756,0.037766425984316294,-0.014014015026581953,0.004695844171884396,-0.007488579820365135,0.13331374302535756,SUM2_018797
-0.14396854224558778,0.013758093522435899,-0.07455403693869661,-0.012583297589463782,0.02956198758278409,-0.01948663256048467,0.005068527699984089,-0.00793045699050839,-0.09867090907092688,SUM2_001824
0.26986485368323615,0.10685225191039502,-0.5238319852321381,0.1844031002172593,0.3417820976651183,-0.029126304558457272,0.014117554134562667,-0.005525812079517365,-0.0724335474467701,SUM2_004437
-0.07801896317801751,0.025925507434178773,0.5254390553466586,-0.0108716861941153,-0.06216735119233835,-0.02129790623053162,-0.01559469105330456,-0.016936456874293234,0.060785630289565754,SUM2_008895
-0.12302944469252833,-0.03338412444986501,-0.42455102848835713,-0.08258192070719661,-0.018879275298417382,-0.020906551919566686,0.005488594032523613,-0.009677185795200171,-0.06221426557212838,SUM2_000411
-0.03993794965422047,0.1419716750487732,-0.29576147943034825,0.10842391888468687,0.073355032539835,-0.012003443013841795,0.0034307346761209196,-0.006615675359150651,0.28547874331267,SUM2_012354
0.2974187422057487,0.08371708958096931,0.4753084246204523,0.11826972054649465,0.5212624619913924,-0.02438789426103158,-0.017218605048455772,-0.007407200153998877,0.004345427942116733,SUM2_008855
0.8737845887152327,0.06899692258395815,-0.07030345441514235,-0.03352404500191729,0.11658702364960978,-0.021738265899557206,-0.012941837087575934,-0.007754401455297856,-0.018858427328055608,SUM2_015971
0.1664642271848356,0.16235579137616016,0.2885933138019215,0.04805212091739897,0.026317246373545378,-0.015111789715039084,-0.015966655092845228,-0.01249938588943823,-0.028083471413708046,SUM2_010262
0.07683215359201664,0.08652616872648689,0.3640964599694156,0.043733158476654994,-0.04948616341862271,-0.016757379966050066,0.008239555702444525,-0.011063979885744712,0.12923986244109478,SUM2_016723
0.5361627014379943,-0.04325912313984592,-0.1936443493424622,0.04494870068289754,0.2087297906542282,-0.018135554953034948,-0.00987341356837224,-0.006757605668227386,-0.02052309044385044,SUM2_003484
0.22279639451624975,0.05420513440228728,-0.3000232979190231,0.08655681594559077,0.022690791625104685,-0.01826672505881439,0.01045274605764343,-0.007797568008681389,-0.007461813731793246,SUM2_010696
-0.1258317578866814,-0.033528575211725864,0.35039021511409374,0.004518348741066008,-0.10480537094127751,-0.023238375242184924,-0.03265625935160578,-0.022701622775392845,-0.12716672392063522,SUM2_014727
0.13031494785651696,-0.0065269058426157215,0.20968589264785384,0.05404560731251486,-0.15865775179932834,-0.021246723358476983,-0.02402151867079879,-0.029478181164820504,-0.03952743061251672,SUM2_006380
0.9506257071116355,0.043273051650223826,-0.06213000028911151,0.18085080509575527,0.7632331972315779,0.12825156932962906,0.03226788544712904,-0.007498126401593155,-0.02034331091791126,SUM2_004396
-0.08114081569767789,-0.006896651977585659,0.36179488024860834,0.01284163675212983,-0.1026386412036064,-0.019490817073772437,-0.02332350816382085,-0.018025339800378643,-0.07491313932910562,SUM2_000004
0.3123682434992018,0.07544634059971114,0.5041560398877516,0.09339847468799309,0.414339343272208,-0.019960844869150417,-0.014922666882950224,-0.0062418291242434375,-0.07513374399623285,SUM2_017902
0.12106986948334082,0.10815116740493906,0.24737250585962195,0.08717808626496079,-0.09533778895911071,-0.019587484195186255,-0.01938949653105757,-0.0190609514544047,-0.1396665299794575,SUM2_014264
-0.0007453832383956915,-0.006465438085060528,0.309670439156814,0.04202966026197648,0.17567043412810718,-0.017128273821577854,-0.023230949957720157,-0.016203213458734156,-0.10309516651980333,SUM2_008951
0.09618254827959713,-0.010594608496268953,0.7619236413265323,-0.003337738532920513,-0.01671653084373196,0.12319505195475262,0.015011763816734284,0.07541504035659256,-0.0022545739243076683,SUM2_003137
0.3325249939182874,0.0258754551124244,-0.006515361308449444,-0.09584861974261565,0.11557508821576339,-0.01999803546529954,-0.018673568449080774,-0.006098192727597475,-0.03789236783371239,SUM2_016085
0.235773571468633,0.19173143755050587,0.2133684696364302,0.09327897279244321,0.3931105235379185,-0.04180158213774929,-0.025210149071785603,-0.00989972961094801,-0.061901461249072934,SUM2_018253
-0.04793629095796793,0.006435588436878454,0.5940111843030632,-0.019671617657932766,-0.10167520138462767,-0.019609719948641458,-0.02381405626215576,-0.019252433497414977,0.047953945873120754,SUM2_015161
0.18815842252060885,0.040115166214905254,0.4606193184010186,0.0815932103391667,0.12173283382354567,-0.019279415730826137,-0.019484995859157306,-0.012182718618193249,-0.09490417214723885,SUM2_012190
0.14897276548141575,-0.017750880914546557,0.7122318473134757,0.0012081953318214995,-0.1122269947561596,0.127957863765799,0.023749142440762473,-0.014209144156273213,-0.0009126055189459881,SUM2_001575
0.09618254827959713,-0.010594608496268953,0.7619236413265323,-0.003337738532920513,-0.01671653084373196,0.12319505195475262,0.015011763816734284,0.07541504035659256,-0.0022545739243076683,SUM2_010546
0.4548458939855083,-0.012931682839139275,-0.18685239572989637,-0.11323078728082256,0.0824999354174821,-0.020043842309269776,-0.0168092782444439,-0.006788848146241619,-0.05663466859644724,SUM2_003757
-0.08974679180908993,-0.06512878457296278,-0.16486217803041475,0.01675439866524786,-0.07731295098247197,-0.022514412291114123,-0.010099481010579486,-0.0088411109110247,-0.12829692235255905,SUM2_001782
0.1392922364314232,-0.04908171051773426,-0.35796101556994686,-0.006746869510336237,0.05455056015226273,-0.01691681543182062,-0.008794057907927923,-0.008737686633499839,-0.01776689859850637,SUM2_013784
0.8000722181022146,0.057150462642742025,-0.10732666444333519,-0.07012498455356958,0.053227177708019366,0.12250393056110034,0.01191820667633224,-0.010779377756824526,-0.04697148894881199,SUM2_003750
-0.0984056299849427,-0.059790526912048794,-0.3506575432136185,0.030116698491259402,-0.04704988009900905,-0.017451598977383707,0.0027497954364805945,-0.007419733651571414,0.11419977016514016,SUM2_002154
0.14048178736631284,-0.016884439739991704,-0.25504370902539597,-0.04670013988987158,0.042373721398382164,-0.017142910775000887,-0.009169821845060818,-0.008644230020790507,-0.016756883992867035,SUM2_018565
0.09618254827959713,-0.010594608496268953,0.7619236413265323,-0.003337738532920513,-0.01671653084373196,0.12319505195475262,0.015011763816734284,0.07541504035659256,-0.0022545739243076683,SUM2_001472
0.09618254827959713,-0.010594608496268953,0.7619236413265323,-0.003337738532920513,-0.01671653084373196,0.12319505195475262,0.015011763816734284,0.07541504035659256,-0.0022545739243076683,SUM2_015170
-0.09083214374920438,-0.04873554020442959,-0.3807895596973512,-0.0240136261387562,-0.13357670922698547,-0.017389809991021417,0.01080881484281091,-0.007472789374892511,0.07190261408869228,SUM2_006533
-0.17549608842386236,-0.02635978425297509,-0.3571341716544791,0.007044291643916225,-0.015166701439944497,-0.019076016952689335,-0.007232016216465959,-0.0069456667111542246,-0.003685557296477373,SUM2_017628
-0.10729331379720101,-0.02956323456642912,-0.5673369670368882,-0.027995663920390507,-0.18024035999727797,-0.021226077905943854,0.007289788111161925,-0.009356661458919014,-0.10169997302466116,SUM2_005576
-0.008739119642424608,-0.019354142165698866,-0.016975351074491284,-0.005657820305799871,-0.07142529306678194,-0.020516789723225272,0.013684063365534621,-0.009016798024050122,-0.005727295102933335,SUM2_012949
0.13423975311051603,0.010470441625657759,-0.44551355132351633,-0.04588894838130929,-0.21190439403445235,-0.020691680766888012,0.0083221840500279,-0.00848365362676428,0.07010107981913391,SUM2_000769
-0.013792102091801896,0.008040804500203141,0.600052135034483,0.0020782968468242027,-0.012061750375986996,-0.019519347538248827,0.015394061328917425,-0.014407761062438953,0.15909146526576162,SUM2_005896
0.10983650450556612,-0.023851324112916458,0.010405491472690907,-0.011859584561681126,-0.012822638406662739,-0.016496513624002482,-0.009894773643211355,-0.00874927241323195,0.017235192467295664,SUM2_001565
-0.06369390389024895,0.013093527623322904,0.04093156985193746,0.04292640197484903,0.05454341710618486,-0.01651968151076356,0.007821874495061954,-0.00850635911385826,-0.03670353363811958,SUM2_017228
-0.0584637218397638,-0.020140045069417647,-0.23055844239038242,-0.011937090385523222,0.004715135843883693,-0.01904331786096062,0.016253235310056145,-0.009105420232876586,0.05101624047122878,SUM2_017481
-0.09288198278963472,-0.03778273894545435,-0.05215701313505987,0.011139563391770855,-0.004149089098067361,-0.01919430428091823,-0.007792877194563457,-0.008819025155908551,-0.022035330798838144,SUM2_002123
-0.17227043636106426,-0.03261299069661135,-0.5587580674716398,-0.03233711542278817,-0.15725645616405842,-0.020939891547130822,0.0056065514387191664,-0.009755900211646507,-0.0751841322731662,SUM2_014260
-0.10409714524922711,-0.022851986032137513,-0.4351118859950261,-0.0008058831087704839,-0.04563954792928776,-0.02228095395614806,0.010035992339606297,-0.009065970795078974,-0.0338141636955504,SUM2_012889
-0.08704190174596645,-0.03415633882406233,-0.30713378345300085,0.030800576871064696,0.01452253542389723,-0.017200902784382383,0.011970719334933412,-0.00727226060444402,0.15213417397254175,SUM2_017798
0.09618254827959713,-0.010594608496268953,0.7619236413265323,-0.003337738532920513,-0.01671653084373196,0.12319505195475262,0.015011763816734284,0.07541504035659256,-0.0022545739243076683,SUM2_006664
-0.08577606462660617,0.04345314863200934,0.10230976214190346,0.05911484732667336,-0.0830062786370345,-0.0206571793435461,-0.018348083873796984,-0.010978046179658517,0.03562563139237181,SUM2_001288
-0.088457097035797,-0.007415793289316583,-0.4300541918801981,0.019645528713157796,-0.02758055422339458,-0.020221098716436715,-0.006926113293900586,-0.007425572147317194,0.0019760471917054205,SUM2_001189
-0.10113088523580926,0.015696151777414687,-0.3073751558335821,-0.02247296600748066,0.03725783151697328,-0.01656428945963938,0.011636406138369079,-0.007944227791144998,0.012049209783818801,SUM2_011832
-0.10884448860800663,-0.012635436525082167,-0.5492529312894365,0.03526611090204607,-0.04726369352631031,-0.022230445429660534,0.007736687225152003,-0.008181500777596716,0.0014064687826099026,SUM2_006781
-0.07072543757211623,-0.041656256874986065,-0.2630933892666748,0.04200089172613951,-0.039674350077976046,-0.01852136495122009,0.00958669344581908,-0.009067099405422087,-0.008896515932487442,SUM2_011969
-0.09822187243911983,-0.007857706560983755,-0.39540117480927095,0.01745134782452422,-0.0733144374515706,-0.021047367438639417,0.007945926181669206,-0.008290785862065587,0.004666282606739252,SUM2_018168
-0.014025219923216425,0.058416223913487976,0.1134613581988998,0.050274214041987356,0.02170331394129965,-0.016811949096442725,-0.006966539501113747,-0.00928861140547242,0.12773106589650696,SUM2_012319
-0.058050651621648665,-0.0031754982832320226,-0.08982440808662957,0.004435052709612865,-0.06519403695293474,-0.017022328504040483,0.016803527278482184,-0.008423589291390818,0.03789838154490011,SUM2_005624
-0.11396691007082409,-0.05507664896748462,-0.4190027713757831,-0.04976140246782137,-0.16923285281918155,-0.022611233604880415,0.009123943029216356,-0.008783557934423949,0.05013181298108824,SUM2_007940
0.08932291378704608,-0.01560511034497134,-0.33421801634677173,-0.012006314864399929,-0.11899118740168987,-0.019229601056000634,0.00825815286305616,-0.008183372154822503,0.09559608953234415,SUM2_002401
-0.08049729918946989,0.009668349604811024,0.04158014595865743,-0.01059403436288056,0.25823177329807867,-0.018616475087422,-0.005397780211474328,-0.006937641765164991,0.05175706329776195,SUM2_005453
-0.09630987798616678,-0.050785111066573664,-0.42937465250213513,0.002965113217264529,-0.01610762690622613,-0.017924114697186754,0.010953947132496011,-0.007217327002148921,0.08261519012633903,SUM2_009156
-0.15079097752159223,-0.023229054164249873,-0.38640109020594293,0.010056400454005488,0.16420154683600355,-0.020294879649791275,-0.007854197731687284,-0.008325228933557813,-0.0014112926874251328,SUM2_007453
0.09814231620994263,0.09106863908872079,0.7544162652295051,0.004130880797337437,0.13664746756719487,-0.015551662845699121,0.026923318434561687,-0.016030647805446226,0.042449835709861626,SUM2_012373
-0.026334018721962015,-0.03123473518163348,-0.18740758763597085,-0.004104301003835976,0.29989243037703756,-0.01568652708635159,0.01861395268338485,-0.008193901070541543,0.2143461710178954,SUM2_006267
-0.13250465679071827,0.017285518673436806,0.7301289714002556,-0.01690519180573393,-0.08813595159660848,-0.022170974753859086,-0.02989509964686482,-0.01543620675678246,0.062084908152870086,SUM2_012583
0.2040696608754827,0.017888348746632407,0.5560879988682144,0.053914074329477736,-0.057287293942671305,-0.018484191863087147,-0.01433883782723124,-0.015695884006756033,-0.0032185917349460227,SUM2_011801
0.06304223319414229,-0.03817920482269271,-0.20295123127202236,0.000899962597610942,-0.10117735789666751,0.07379396759987966,-0.01860918089261098,-0.047313826135853325,-0.022878031192356433,SUM2_004684
-0.1138287842095432,0.005715031173873572,0.8120402564916807,0.0968597626314767,-0.11575635889258304,-0.018665189812190664,-0.0286167983744292,-0.014146202898614424,0.30329797291547705,SUM2_000026
0.34390150896612265,0.07408235072785556,0.3414429532363516,0.1948888340999618,0.11523151428636336,-0.01577306504096005,0.021836334722896457,-0.008577964776387743,0.03304999856269168,SUM2_009665
0.3770697939653115,0.0007006106900290549,-0.2360071571180363,-0.04409284256561617,-0.175148144384824,-0.020565419310856925,0.008242243705059975,-0.009224709223337426,0.17680935694056513,SUM2_005925
-0.0975987364308151,-0.03519669959218421,0.6942077590346375,-0.025216541664088404,-0.14278546039050816,-0.02079321822655438,-0.026880078862767165,-0.020151734825475276,-0.06536881883343061,SUM2_005873
-0.11258393321313527,-0.018959988012720676,-0.06394600998307906,-0.003432607117060145,-0.08821745367139729,-0.0226130896425091,0.0129376390527877,-0.008938992507419497,0.04208418911966234,SUM2_003871
-0.09258008204280135,0.00912456441001849,0.06993563714068456,0.011421821478480686,0.24371123884660378,-0.01697195300676964,0.008892522644775948,-0.007169274383800285,0.18837970318949257,SUM2_013050
-0.09816310873598333,-0.08518061193571677,-0.3469516984056159,-0.08345382762891661,-0.044993590433446425,-0.02028980688411546,-0.008971022437827271,-0.009386981086148102,-0.011510826511839909,SUM2_000409
-0.10248253487580397,-0.0006297555108756216,-0.2036067757161927,0.012600182710656129,-0.03612620816367794,-0.01947464635445877,0.008399152039299558,-0.009015571081143009,0.2542048562731439,SUM2_000827
-0.12137129163143272,-0.009669483971281622,-0.427966046312771,-0.029558778257413827,-0.017145701605571318,-0.021358075662094196,-0.006898997710620529,-0.008263235584428853,-0.14626872445577196,SUM2_011828
-0.061625389507149554,0.03477864587858981,0.7806501791278265,-0.029407016923560104,-0.07274020319640022,-0.023811489522115592,-0.017706911446654906,-0.015700616500353867,-0.07833274428560588,SUM2_006807
0.055626381522782375,0.030127876034744643,-0.16497963192828155,0.1313082414166941,0.06575305351935964,-0.020697785241446765,-0.007261204101611636,-0.007642258176096092,0.004890482629390883,SUM2_015726
-0.12112050991974574,-0.0464018551818628,-0.374332063811116,0.0222663105115171,-0.06864748788653993,-0.021440487565495082,0.011723515106221558,-0.00918636915010083,-0.038197788491290775,SUM2_017336
-0.08715196097182268,0.011022006558374261,-0.335168272880399,0.05109135219192749,0.008932403705444753,-0.02157007256254024,-0.0057842331970970415,-0.008323361079935511,-0.04296058568095823,SUM2_010544
-0.1512712209272891,-0.014026989224084751,-0.0988658684862436,-0.007416496137157845,-0.10135579975438487,-0.021802077174383074,-0.00972135317077658,-0.009168722600989375,-0.1344036395592938,SUM2_002723
-0.01198512173174038,-0.00018405253032733465,-0.2364222537913439,0.005186096152414889,-0.04958082051273904,-0.01742297147218893,0.0076441066320950945,-0.008443381365345577,0.05311139837656305,SUM2_011070
0.09618254827959713,-0.010594608496268953,0.7619236413265323,-0.003337738532920513,-0.01671653084373196,0.12319505195475262,0.015011763816734284,0.07541504035659256,-0.0022545739243076683,SUM2_000710
-0.09962978370657638,0.0038125445103085976,-0.46906411175886087,0.061903649802129534,-0.032703878420558295,-0.021420529046097325,-0.004647840055744163,-0.008227648408292234,0.006992117730999822,SUM2_014303
0.09618254827959713,-0.010594608496268953,0.7619236413265323,-0.003337738532920513,-0.01671653084373196,0.12319505195475262,0.015011763816734284,0.07541504035659256,-0.0022545739243076683,SUM2_006150
0.04232587880279415,-0.04192028024919038,-0.32153247221593456,-0.03569956430083234,-0.11375335560688367,0.04984633942422392,0.014875993111912128,-0.0469116565053241,-0.04053715609463008,SUM2_002817
-0.058050651621648665,-0.0031754982832320226,-0.08982440808662957,0.004435052709612865,-0.06519403695293474,-0.017022328504040483,0.016803527278482184,-0.008423589291390818,0.03789838154490011,SUM2_004344
0.17685294903954024,0.019392250394936035,0.4889260088539139,0.057218265918062304,0.22468299943514208,-0.030082589443140562,0.039918497836304564,-0.009363127877869805,0.01560324452975762,SUM2_017393
0.09618254827959713,-0.010594608496268953,0.7619236413265323,-0.003337738532920513,-0.01671653084373196,0.12319505195475262,0.015011763816734284,0.07541504035659256,-0.0022545739243076683,SUM2_018186
-0.011931258838572077,0.058852279757110805,-0.2398857908747825,0.06987018200945212,-0.03222100001941535,-0.021890930912231325,0.008213548527680772,-0.008071372646918606,-0.0018478001435863621,SUM2_000776
-0.058318030042558956,-0.02529306584231269,-0.47703883820897797,-0.06432087733233578,-0.22917794967140095,-0.021343463868215885,0.009469863355580357,-0.009880971475797412,-0.0788007005778113,SUM2_012624
-0.08236700342053156,0.03027356198106195,-0.2609506934032998,0.03519118818342055,-0.0008851235789748418,-0.021529016672067636,-0.00901803754758078,-0.008730146415866266,-0.03704605568263668,SUM2_001520
0.09618254827959713,-0.010594608496268953,0.7619236413265323,-0.003337738532920513,-0.01671653084373196,0.12319505195475262,0.015011763816734284,0.07541504035659256,-0.0022545739243076683,SUM2_007382
-0.12805947615109042,-0.013683816972149881,-0.48156705349069445,-0.03986190994359565,0.13564438773494863,-0.01982463144381861,-0.007395781246684811,-0.0069722510685661845,-0.007173351135608125,SUM2_001117
-0.04992382930393876,-0.006246765310981861,0.9143568010052082,-0.05651841939870679,-0.05427762314172735,-0.02105098049486883,0.023787054632919902,-0.014902447105773556,0.0045112377122628,SUM2_004433
-0.07971321388390415,-0.04510794161919586,-0.11508526566803276,-0.005604680964533505,-0.06630332006511772,-0.018897243953622016,-0.017696372600776066,-0.006781952323192836,0.013687527034952986,SUM2_012328
-0.006947988611538868,0.0059223182003386304,-0.2693467914472482,-0.01867980806204186,-0.12038839087107849,-0.020123038302880942,0.008834796307853346,-0.00877154521013908,0.1517211255781618,SUM2_007665
-0.1257179394898963,0.008502317003271531,-0.40926463103966404,-0.0559923419764272,0.030735939598284634,-0.019846723355218476,0.006565329774729485,-0.009210032684259378,0.15777402945380725,SUM2_010618
-0.14565789692599246,-0.005646303302152822,-0.130578443611375,-0.017913740155941507,-0.04128063080140803,-0.020276736409614447,-0.012417581430948567,-0.009297218733962597,0.024241337839283505,SUM2_018393
-0.1203207434436067,-0.007181155146771055,-0.41702567560467474,0.03991315840105772,-0.01874740654170066,-0.02074915121079863,0.007251103324589776,-0.008330956287640742,-0.0059489514254134224,SUM2_013930
-0.07976630570793791,0.016079021757770106,0.1413205175592087,-0.016365494935039086,-0.13954982469101967,-0.019458061229422112,-0.0189742156411539,-0.010392627332267259,0.03613120707043911,SUM2_017545
-0.054755437971395225,-0.03987604940905437,-0.3525931638194536,-0.021363649118546744,0.06310123106262538,-0.020312687860837862,0.012314546661457157,-0.008482079079025786,0.01844681826871893,SUM2_006453
-0.11506701878201415,-0.020257565521509407,-0.15422515322336042,-0.006911359798441435,-0.07288102736755422,0.14049587586619383,0.01324992882381365,-0.010337422075877761,0.03356665688117316,SUM2_003027
-0.0653462608498136,-0.04730934626418849,-0.31926331471906366,-0.058733496457243385,0.023919181159769775,-0.020957210713680823,0.011213027545923227,-0.00863984011794173,0.019414650667432296,SUM2_010061
-0.09884015929540299,-0.013503502783293906,-0.47972814964230504,0.014345009362823,0.04344596260337012,-0.018870908818783665,0.005878076454397616,-0.00761579360716706,-0.0026651302514148836,SUM2_008212
-0.16041104437099776,-0.0030327796307182834,-0.4781341446023724,-0.04585466718807711,-0.16622618441336956,-0.020666786505398466,0.006511318180631963,-0.009873679883046781,-0.07754779260137945,SUM2_002690
-0.058050651621648665,-0.0031754982832320226,-0.08982440808662957,0.004435052709612865,-0.06519403695293474,-0.017022328504040483,0.016803527278482184,-0.008423589291390818,0.03789838154490011,SUM2_015528
0.04203947017946666,-0.04008765476274757,-0.4715594986769517,-0.03136769995635897,-0.23831671717790054,-0.022236978135445205,0.00830302310597856,-0.009595265309961507,-0.08233360756100103,SUM2_012315
-0.10111880690313613,0.007328697875924006,-0.48408233076338575,0.03497404387096712,-0.08238063097824086,-0.021445490827272394,-0.004775606503390801,-0.008089574275844823,-0.05838781720331593,SUM2_010507
-0.06254614323825904,0.005989488949973237,0.7205955183113464,-0.0004292306774848926,-0.1330957721114905,-0.022307647206289694,0.030325602613053705,-0.016234272353050874,0.02241393187726683,SUM2_009975
-0.0023912832436291435,0.07204933366953432,-0.12367631246518687,0.07940966352226522,0.007309945263446782,-0.020807103103758846,-0.007984309440332984,-0.007651025527939695,0.07160905105518547,SUM2_003948
-0.12683880211629275,-0.016985496017430594,-0.45334503944610727,-0.05462716611854751,0.029236176147278314,-0.02019303445100648,0.005965311598017049,-0.008381320883024582,0.14315059489178572,SUM2_003892
-0.04238870722852021,-0.014328142051929362,-0.2750707881693818,0.04754272951234545,0.05129017660282507,-0.017577500737794977,0.0064948771240536576,-0.00688310472046577,0.20029979556526278,SUM2_013698
0.0006851629052230656,-0.0053364208005008806,0.7890278577987772,0.02772429772444815,-0.01424158835314376,-0.017964748456208,-0.022090603285659517,-0.012252875124720886,0.021642574341019925,SUM2_001706
-0.162026588256738,-0.030432539094086934,-0.3502622885306718,0.002211819360575558,-0.1065955539449176,-0.02038436940248039,0.009635502557919244,-0.009589570172510881,-0.06314017134384706,SUM2_005368
-0.03248511829275301,-0.013977272639190571,-0.2869409254602584,-0.008337259323990102,0.18554952173265007,-0.01586156728327193,0.012297467561706965,-0.006189712664585118,0.06222602559942164,SUM2_018756
0.08012261309094444,-0.08094653899840117,-0.39862286393755436,-0.04032328880374099,-0.22301561023939903,-0.02009578761083137,0.0075621026107457285,-0.009863592794779988,-0.102415278162822,SUM2_005423
0.8862808995610024,0.00628878263244223,-0.24949563971747937,0.05912411651867973,0.3359006270472099,-0.03349365173370979,0.026439880889464827,-0.005477361116840964,0.1407575049635176,SUM2_003371
-0.10330861734800634,-0.08266474334162571,-0.10870448761679816,-0.015157603190964247,-0.1085913134703301,-0.022325651518013228,-0.014373857471774942,-0.008721081075370722,-0.06583830586416123,SUM2_007081
-0.12519369585666562,-0.06176216517098694,-0.41667390245651603,-0.04957930013254212,0.050824798379350264,-0.019839861634436372,0.006641715787860733,-0.009084064935830614,0.15851328066920287,SUM2_004090
-0.06923616034562878,-0.02509090493831472,-0.4168104727075441,0.06245570522477075,-0.04108600190652367,-0.01837898896243802,-0.008298472386714207,-0.008456757219103198,0.004291360437818635,SUM2_008412
-0.23697236035825608,-0.08321540666889944,-0.2862115763708971,-0.0720645653876332,0.006301335354840518,-0.019270955900074074,0.0051787169522458125,-0.008020426902491573,-0.002040046377724117,SUM2_010269
-0.11811277670726399,0.05604450538844219,-0.3829615985810012,0.10913151724171433,0.03586260291280739,-0.019956500962523098,-0.0005017340168177155,-0.007414865662549244,-0.0479023318661697,SUM2_017709
0.5576103974452993,0.037285100203772306,-0.27225141754241355,-0.07527584117228074,-0.30691266943867035,0.1368409940343235,0.00854249011359679,-0.0101770546058757,0.04988478280140175,SUM2_014315
-0.08275419482119624,-0.05702232022616756,-0.3529942684916752,-0.050305388469732724,0.048768916679273404,-0.019763071937317127,0.006676885197730889,-0.009158686401987408,0.16978420595156812,SUM2_008939
-0.058050651621648665,-0.0031754982832320226,-0.08982440808662957,0.004435052709612865,-0.06519403695293474,-0.017022328504040483,0.016803527278482184,-0.008423589291390818,0.03789838154490011,SUM2_008383
-0.11506701878201415,-0.020257565521509407,-0.15422515322336042,-0.006911359798441435,-0.07288102736755422,0.14049587586619383,0.01324992882381365,-0.010337422075877761,0.03356665688117316,SUM2_000056
0.09618254827959713,-0.010594608496268953,0.7619236413265323,-0.003337738532920513,-0.01671653084373196,0.12319505195475262,0.015011763816734284,0.07541504035659256,-0.0022545739243076683,SUM2_014141
-0.07069166725559055,0.02145107188811411,-0.3101618275089023,0.052080174970521795,0.058813044760373634,-0.017223665075606142,0.016395273374255604,-0.007736617313017653,0.08704425324450751,SUM2_017591
-0.08901295520049471,-0.0400930741000516,0.31907796313892045,0.0014613703052168698,-0.14002563190561,-0.021835057197427538,0.03622312908075127,-0.015924124641688193,0.05735532858758409,SUM2_001400
-0.06951698205389964,0.006804344302620896,0.06475513701748581,0.02031373466037293,0.04778194510056645,-0.01738376013732599,0.007691129532616139,-0.006981563308908598,0.21395856336731683,SUM2_013550
0.9052124632810591,0.07516459506152565,-0.08962817823237595,-0.07108351373177217,0.1370176512701295,0.11323476953817653,0.010057043025524544,-0.007683250603627323,0.15660615097532724,SUM2_010485
-0.09335337304848142,-0.009981538051281737,-0.38543857540603577,0.05918656627172529,-0.07884392905745723,-0.02209859903443249,0.009231635656709935,-0.008401730106927094,-0.056960869984524744,SUM2_011515
0.36382730595788615,0.301111218094948,0.7262818570292306,0.14381904657863492,1.5850160256563668,0.1405805561999161,-0.005760180190044842,-0.007183330964023152,0.06837706028394937,SUM2_012152
-0.07997526982207996,0.07298811102433375,-0.14359911622707838,0.09079809487491045,-0.08764641891844313,-0.023008838866817073,0.013799679190148618,-0.008665718981565002,-0.003675911796050574,SUM2_009654
0.09618254827959713,-0.010594608496268953,0.7619236413265323,-0.003337738532920513,-0.01671653084373196,0.12319505195475262,0.015011763816734284,0.07541504035659256,-0.0022545739243076683,SUM2_009811
-0.1505801061529722,-0.027753032292210784,-0.34541949424126217,-0.039741635246848955,-0.025005346963883957,-0.01969589116842965,0.007893627249730379,-0.009327767243989381,0.17339147250119785,SUM2_003012
-0.16692115095046722,-0.015120367258620529,-0.48388215492850917,-0.037504542858874,-0.023304555550022293,-0.019986758291777484,-0.005825615772155132,-0.0076553307764352235,-0.0013879122045326701,SUM2_012685
-0.11113640349815061,-0.016245090723353846,-0.38826511928429486,0.016160286686942835,0.07867234051343722,-0.017833361715228962,0.006498103678882257,-0.006944054188845199,0.13153624948427772,SUM2_014442
0.14997707872306734,-0.02086006742612395,0.6080647600645968,0.03403299393763697,-0.05257703273431409,-0.01896652939308698,-0.021848505590961232,-0.016145564634467403,0.10676230721534603,SUM2_005670
-0.058050651621648665,-0.0031754982832320226,-0.08982440808662957,0.004435052709612865,-0.06519403695293474,-0.017022328504040483,0.016803527278482184,-0.008423589291390818,0.03789838154490011,SUM2_006711
-0.11513131050079792,0.0005340967819943358,-0.3526860358057702,0.028540722899012338,-0.039278363630761405,-0.021351953374940003,0.008971528619244686,-0.008631287927760623,0.00857577939830029,SUM2_013785
-0.08690524025896726,-0.025412563220156364,-0.3621096636887292,0.025381956371071757,-0.05981638342799134,-0.02195277150141322,0.010881402115389766,-0.008599697996228475,0.00762822621124219,SUM2_006799
-0.1739740618427228,-0.03644660840995582,-0.492694380875489,-0.047623893517256946,-0.11150789439468126,-0.020405408088332123,0.008045664556282242,-0.009113314630909305,0.17048105300380814,SUM2_011627
-0.09705614160396994,-0.011507899081589884,-0.40216905245453605,-0.04528971187874511,-0.04347766491583966,-0.02115426314814942,-0.01053817526542208,-0.009305841673575442,-0.02476051883981979,SUM2_015370
0.09618254827959713,-0.010594608496268953,0.7619236413265323,-0.003337738532920513,-0.01671653084373196,0.12319505195475262,0.015011763816734284,0.07541504035659256,-0.0022545739243076683,SUM2_014504
-0.012316621953272556,-0.002955409718839233,-0.26434160402734197,0.057982687329236206,-0.05831973805518468,-0.018569632575523926,0.009491780928037093,-0.008209428383783976,0.08267789124444311,SUM2_014564
-0.11838732967299925,-0.035237489843440585,-0.3926708423589803,0.038426389675337166,-0.05539070587132742,-0.021621420850566987,-0.0003533364990948648,-0.008273132831082792,-0.025073342112492798,SUM2_014779
-0.14945106567496244,-0.0047638222285859245,-0.48537831789760444,-0.022512813483948426,-0.011800608882034455,-0.02005591179964144,-0.004740257354667975,-0.00852644108505593,-0.02309864460140419,SUM2_009837
-0.10087795911006958,-0.110119864195706,-0.40558728272974875,-0.06769357759728238,-0.14696660853464083,-0.022216123552368246,0.009581027402316034,-0.009085965207032799,0.13237617752531702,SUM2_000859
0.5436447296479849,0.03396613086705918,-0.38784332317986614,-0.07304851022017399,0.031767303908061144,-0.022187354133369735,0.009512159817834041,-0.005919591593047573,-0.049982668616412915,SUM2_015752
-0.1561540943989153,0.04921436675705928,0.013916198155839702,0.015191881285364379,0.03579910210437085,-0.01839969807456176,0.0060949279911896035,-0.007514938878165285,-0.060570427200574775,SUM2_018252
-0.058654473721294134,-0.051533395845808475,-0.39014793082424715,-0.04154858125974616,-0.12348904869966318,-0.02033656055484042,0.0060425125649850465,-0.007851905113436565,-0.060760054915614245,SUM2_016928
-0.06797103378385906,-0.05472130100695098,-0.4232850686423064,-0.029849362736727468,-0.12558749640492894,-0.01872148243621736,0.010978863492282769,-0.008982097926096864,-0.010430721472580189,SUM2_006843
-0.06846395645297453,-0.04365177223633289,0.14368274821029342,0.005899339016061409,-0.05705977899863117,-0.02310870785172303,-0.01299347550171175,-0.011256533803158988,-0.059885459740217695,SUM2_003862
0.15231423752500028,0.13623295159505525,-0.09313068809361393,0.06677631248651338,0.36519238595414116,-0.028015572050368726,0.03508500113173294,-0.019356694489369275,-0.0054234189439117675,SUM2_012481
-0.07163522692627221,-0.11449913181047693,-0.40307247119536516,-0.07178368905907281,-0.15476323976585793,-0.022397181196493983,0.00951467262440096,-0.009461793460699622,0.08632694888828459,SUM2_004307
-0.17689484123883387,-0.024206377715760348,-0.4486398311476453,0.0009351582686260632,-0.04002422478605987,-0.018800699497880637,0.005228254139044659,-0.008076428528339017,-0.06259880264091224,SUM2_016201
-0.058050651621648665,-0.0031754982832320226,-0.08982440808662957,0.004435052709612865,-0.06519403695293474,-0.017022328504040483,0.016803527278482184,-0.008423589291390818,0.03789838154490011,SUM2_018721
0.1470637813939075,0.13527970761859912,-0.27456210240668744,0.27303442337824463,0.15336949972673852,-0.013741395438366485,0.009859570723021965,-0.006522658491159084,0.012450932882694669,SUM2_007220
0.15431466412410483,-0.014167515452967284,-0.34771941642839943,-0.023044349921379007,-0.2604482381746926,-0.024286605155462042,0.00862239865990446,-0.009063135581225621,-0.08046338681774771,SUM2_000834
-0.19029426457729676,-0.031086153236068427,-0.5161096890116152,-0.03334032248287806,-0.13576709007269577,-0.020264955457456726,0.0063581873228296115,-0.009015181629231938,0.13600077113290307,SUM2_006480
0.16476902651450437,-0.09442229838678323,-0.19272371681729777,-0.073936158764472,-0.07878581926555117,-0.019700842741837542,0.0075279257560293775,-0.038821141237576,-0.06862616828094073,SUM2_004924
-0.09220293688705625,-0.0212719720044239,-0.3595791464835242,0.03703486537614532,-0.04940740838771753,-0.021129815045156923,0.007934120746163254,-0.0082433264563513,-0.030454680089037532,SUM2_006522
-0.16502454717127085,-0.021512294478398312,-0.4093774000875318,-0.010585280753801104,-0.11949248411231281,-0.02076805288996799,0.008201050415611779,-0.008983968436312866,0.1359652249732516,SUM2_012356
-0.07707249848212874,-0.06932449947247778,-0.27704937609630576,0.07034604038148423,-0.014686061190690297,-0.020131482900406887,0.010712111010035873,-0.008270497409109758,-0.003233559578772819,SUM2_010959
-0.09615401636400779,-0.021602417481753157,-0.35393594312724386,0.03428539490839118,-0.04231099906611326,-0.021792984177708405,0.007984812213710554,-0.008307657488163008,0.0053420837346659315,SUM2_006706
0.05601748761850167,0.08026399140902636,-0.2781737412260529,0.3069002821413214,0.18025841325593572,-0.015097590284766583,0.009864501656173424,-0.006942668461434445,0.004963443817897711,SUM2_001703
-0.12099389381765344,-0.021484343079587066,-0.36903051243536256,0.03948676997221351,-0.03307777534514477,-0.02178796119675689,0.008953821492778086,-0.008537106094540156,0.003248754090605532,SUM2_010191
-0.10645687982092633,-0.020564571967111263,-0.3801273347362235,-0.009207551814921897,0.053405986750944066,-0.019198524195811993,0.011604225368574889,-0.008053309864179263,0.07751959560931708,SUM2_011707
0.22877377830179388,-0.010580957631310672,-0.24026045185275927,-0.04750890494991493,-0.23871184663073236,-0.021079901890731743,0.0034667292815858475,-0.009457066350373165,0.15118398830194607,SUM2_002954
0.5738480077281188,0.3363919867567725,-0.021733045768791693,0.24259429277404315,0.21277166377465484,-0.01578831857601814,-0.0013001498255563013,-0.005033101156462557,-0.052094072873786444,SUM2_015539
-0.058050651621648665,-0.0031754982832320226,-0.08982440808662957,0.004435052709612865,-0.06519403695293474,-0.017022328504040483,0.016803527278482184,-0.008423589291390818,0.03789838154490011,SUM2_013125
-0.008501112416328432,-0.045731026433280794,0.7148901157628252,0.0024128427853961727,-0.11788812278592645,-0.021079297370698292,-0.022897419092921097,-0.017093958866152642,0.025372101988191786,SUM2_008072
0.37087279712189924,0.0033177451967886405,-0.24641283243124792,0.0719730482004338,0.20666281599819297,-0.014997098375778495,0.010241338756374703,-0.007448108615792143,0.18467481861641083,SUM2_010074
0.24971441563342628,0.06843026599866903,-0.09368756978894045,0.18047790081555135,-0.020787046113462944,-0.018250777613814502,-0.008922957664862154,-0.00841949766792053,-0.06021476313716591,SUM2_007109
0.06261607506870495,0.06488268310921419,0.5220938295198273,0.05235262700666522,-0.15403710658024888,-0.017547775460536676,0.0135888356137718,-0.01606888719937575,0.1307941112080504,SUM2_012614
-0.11329074405470956,-0.028806153687342306,-0.3875064753746061,-0.0416758836677775,-0.048170527814482486,-0.021906824286326947,-0.007182488500644707,-0.009514513629252977,0.0018643814624298705,SUM2_012238
-0.15653896646338392,-0.01691701707854933,-0.2236135767524364,-0.022824858817339432,-0.14042721376050196,-0.020608912883872822,-0.008357541606513383,-0.0076701504475786,-0.07176014546498918,SUM2_001078
0.20401926757787886,0.044191754420835075,0.4207618429333582,0.0858707853454502,0.07335517841135857,-0.019118448794935662,-0.020935008122915773,-0.01182264356609571,-0.0778470275748134,SUM2_016492
-0.1295337352716308,0.0019837549010554593,-0.32324081384899434,0.03408549697006731,-0.04420697027168322,-0.02229332352920039,0.011046650479016767,-0.008724707123571273,-0.008005436839847587,SUM2_003372
-0.042309564075787565,0.03546854468955709,-0.39297014701333544,-0.01648274555471159,0.02357224653844581,-0.016752104655983837,0.003749456738802994,-0.00847631706160945,0.061833145977580384,SUM2_014472
-0.0836987350973031,0.020510680114797404,-0.45415200121852023,0.06277755495305559,-0.02037943216945696,-0.012671068631539018,-0.014208580067887356,-0.006072212415689589,0.23632610462488352,SUM2_008554
0.0552314355878674,-0.0043308315567320305,0.8225615606749178,0.029731341247748493,0.02505210802046969,-0.015928994388069558,0.019509642271144302,-0.012111136670565214,0.057681400101268356,SUM2_005659
0.14897276548141575,-0.017750880914546557,0.7122318473134757,0.0012081953318214995,-0.1122269947561596,0.127957863765799,0.023749142440762473,-0.014209144156273213,-0.0009126055189459881,SUM2_000620
0.08809899233328891,-0.025108811478648862,-0.3635260673178535,-0.019226959601723704,-0.22894999391220558,-0.020660624979857746,0.008132180473461356,-0.008810911122416231,-0.08079026160175443,SUM2_008983
-0.03419645575049432,0.03838615320636295,0.026944959136471592,0.04789388144342941,-0.05958093326844029,-0.02248174188493659,-0.023064864543639138,-0.013684108162714134,-0.1425570622517009,SUM2_011437
-0.10398288532938953,-0.004210730705019485,-0.21288696257938025,-0.008457502141497496,-0.10327059883452372,-0.019243539077146692,-0.00972235196097358,-0.007135099387342167,0.043319562569633194,SUM2_010727
0.13368638575160716,0.1809540993310847,0.2136909012495086,0.0046821891741493284,0.42183564702227894,-0.014884840970817412,-0.004650961875382852,-0.0064736616857055205,0.031679151330058726,SUM2_007939
-0.03554610522253528,0.016326677369733693,0.575141870342672,-0.007067992318156123,-0.0954467629397113,-0.02087990987837737,0.029814810455757894,-0.019323683528030752,0.020953406763825115,SUM2_001704
-0.11448213572148888,-0.010865274645548395,-0.3480402827307233,0.02193919462932186,-0.03911073116651283,-0.018821921063035128,-0.009602287087030242,-0.007139078057273691,0.009239107099327713,SUM2_014732
-0.13938006376608275,-0.01828809314938771,-0.4566641866370239,0.07091157013883785,-0.006686557015770443,-0.022367239776543667,0.006231535538530068,-0.00824114214838367,7.829278846272384e-05,SUM2_001292
0.21273077641101548,0.1388182857719472,0.40837674188260387,0.09966855998044728,0.29120582578957244,-0.03540685143652057,-0.016867624944029186,-0.008553457312933766,-0.0007738330468161553,SUM2_018545
-0.058050651621648665,-0.0031754982832320226,-0.08982440808662957,0.004435052709612865,-0.06519403695293474,-0.017022328504040483,0.016803527278482184,-0.008423589291390818,0.03789838154490011,SUM2_005625
0.09095807264904458,0.054725149891351674,0.1006045764591387,0.05082317924885717,-0.1672253115202478,0.05037742449636755,0.0074777329120261455,-0.028172007434847147,-0.0029724907547040965,SUM2_008512
-0.12603361272865943,-0.026893426512423053,-0.34999247823272384,0.02800287969945866,-0.02898353180821713,-0.019464183627507934,0.006759414767371796,-0.007307027013985475,0.0013954377711786702,SUM2_016016
-0.07544463131209962,-0.048167398220662204,0.2340901921172192,0.02237512398689156,-0.12473768854942424,-0.01790403431604574,-0.02479352101949528,-0.010941682368162132,0.16200677870993266,SUM2_007532
-0.07144552249989314,-0.012896543312145806,-0.44304807931074164,-0.03301890542514623,-0.07648995761110378,-0.01997997083643885,-0.011356074280486496,-0.008709206282150963,-0.013177773152983732,SUM2_010747
0.33350212415247193,0.24025479615591644,0.35935250736770386,0.08509266850366293,0.7993189536745776,0.1807577951551856,-0.0330090305774282,0.0002015169807803358,-0.000973583284416432,SUM2_001071
-0.017393607795538522,-0.03101582200776396,0.6394725879660321,-0.0234895082923159,-0.09316999398458045,-0.02063707048355389,0.04520290843943947,-0.020233104668726916,0.00020014036707669547,SUM2_013765
-0.1094545833496535,-0.02064825180898052,0.022145290087060825,-0.0433456804800253,-0.09069107322899442,-0.018911185747452472,0.02275573042706174,-0.01081007252233029,-0.014734307605666148,SUM2_003917
0.292054130980601,-0.031116411621343258,0.10861085781416505,0.07070722671089179,0.13332053943354513,0.09811248064154843,-0.014035040682565442,-0.012511092724395833,-0.02228193389252906,SUM2_018894
-0.18499962660214578,-0.011447914869254746,-0.4934418612653162,-0.06437283826086004,-0.10156569614986703,-0.021227673635563854,0.004972319123376647,-0.009733852638284147,-0.07603515757594433,SUM2_014873
-0.14050900126454044,-0.019222962206768737,-0.15103079733381405,-0.0025862000569315743,-0.060748907949270306,-0.020183749414859342,0.012728978635483317,-0.008542698299366396,0.03362646382426755,SUM2_011889
0.47816878009264324,-0.025032386971848314,-0.14642439595541007,-0.08442247173374884,-0.007736961411101623,-0.020677944721654025,-0.018726986004269138,-0.007430975298416143,-0.044282174699923946,SUM2_003337
-0.08986237738287209,-0.05013783281970524,-0.062363038748614374,0.002415179519051808,-0.08917252960762775,-0.022284699320067956,0.016475706032457255,-0.008699854665943339,0.03979183933547889,SUM2_006863
-0.05186408659359164,0.05346994136236257,-0.2310432018406409,0.045275248950633465,-0.026546877749499865,-0.02200478116581853,0.009312922536867545,-0.008435395730731743,0.001929559387340248,SUM2_013641
-0.1530050451966112,-0.06498557983425333,-0.3176120337411305,0.06622529107745412,-0.07120074616711491,-0.022175386339733323,0.010187319198013538,-0.008619824192358017,-0.03852290645642473,SUM2_014072
-0.150603639592164,-0.0493954737838435,-0.36364570307796196,-0.01817788084442979,-0.05908958064588397,-0.02281435418650738,0.010383330842300245,-0.009474738980426407,0.011151666446133201,SUM2_010876
-0.24203705354521143,-0.05541994789248904,-0.3728997882002928,-0.08955124194791361,-0.005725055577794315,-0.02016619181897774,0.0036435369262241683,-0.009369936840393299,0.022332578539030517,SUM2_014748
-0.058050651621648665,-0.0031754982832320226,-0.08982440808662957,0.004435052709612865,-0.06519403695293474,-0.017022328504040483,0.016803527278482184,-0.008423589291390818,0.03789838154490011,SUM2_016224
0.03656625998872732,0.022234110146873258,0.1621840282345735,0.09205354641010419,-0.12582662216095922,-0.02177208843545871,-0.008908967927930942,-0.010497140340905816,-0.018645612295333104,SUM2_004151
0.1344638763117108,0.022890831973945824,0.15649984188761001,0.11118310836665594,0.008906711844083924,-0.018794126663185105,-0.016918692890882735,-0.009014477170052493,0.09525602727337551,SUM2_016499
-0.055787072964397263,0.021341076066860705,0.33572168893014764,-0.0032088867737118327,-0.0812996520794203,-0.021878553918629483,-0.009177612758135074,-0.01579256424816749,0.006753028177312413,SUM2_017900
-0.13046312884872643,-0.06715287438284614,-0.4879116195543853,-0.04840674259497065,-0.18427791312250974,-0.020956695058783413,0.006400315982601344,-0.009775780250703702,-0.06857540917305086,SUM2_015194
0.09618254827959713,-0.010594608496268953,0.7619236413265323,-0.003337738532920513,-0.01671653084373196,0.12319505195475262,0.015011763816734284,0.07541504035659256,-0.0022545739243076683,SUM2_006900
-0.17382907819106697,-0.03411738452708017,-0.375578019520033,-0.02604423543909576,-0.1419655935022674,-0.021263795830924963,0.008144242836889214,-0.009945025740332063,-0.09438798339744991,SUM2_005469
-0.11461462333263324,-0.07196611961041147,0.32458606477373625,-0.03873946964675474,-0.094886274469163,-0.021378427175161897,-0.02498807178410467,-0.022478515044157567,-0.1341237748603374,SUM2_003388
0.14688468751400893,0.14174026238314236,0.5019174230307004,0.03963130838420981,0.08300529884381988,-0.015786800559522203,-0.01772077894038508,-0.009409768796014597,0.029514833357456232,SUM2_013539
-0.1560927366778009,-0.01887539639051381,0.0004653068723950958,-0.05233305947897915,0.1100663957283532,-0.020128558452713045,0.006386984875153859,-0.008799942423611576,0.040724734600466245,SUM2_008452
-0.09372281486110594,0.02399056020476333,-0.050339354258438426,0.005085693757242759,-0.068137154000786,-0.020772176694780594,-0.008660968940590619,-0.008999125587889564,-0.049689978152342565,SUM2_006254
-0.19046623095878795,-0.04358185172475807,0.3291288779002124,0.018478980890335762,-0.1002819971041902,-0.022173924764017975,-0.02097059501767834,-0.016974464543067527,0.10887502272362226,SUM2_004771
0.0038523893130195273,0.02164337879325661,0.803413028426261,-0.029945149713542906,-0.14478982364137155,-0.020462153392035463,-0.025164694095433798,-0.014735077249669253,-0.0012699966239881292,SUM2_008976
0.5253750929139385,0.020790442012354464,0.02502093784958049,0.03706381731131088,-0.01118366452089228,-0.015950887956460342,0.02049021128469424,-0.008938437389321733,0.04712999341328187,SUM2_015993
0.14183353140967486,0.08302749454573052,0.005392873553244871,0.09037041785804184,0.09188851730040981,0.08126039433403684,-0.01639320046547157,-0.020193090751012565,-0.01588766359225837,SUM2_017390
0.22797326215973435,0.02653163874688976,0.5811515886740495,-0.004940377286140793,-0.12906268246460806,-0.012851424201214212,0.032628152039724,-0.01394377978656062,0.12639275976374925,SUM2_008244
0.09618254827959713,-0.010594608496268953,0.7619236413265323,-0.003337738532920513,-0.01671653084373196,0.12319505195475262,0.015011763816734284,0.07541504035659256,-0.0022545739243076683,SUM2_007932
-0.058050651621648665,-0.0031754982832320226,-0.08982440808662957,0.004435052709612865,-0.06519403695293474,-0.017022328504040483,0.016803527278482184,-0.008423589291390818,0.03789838154490011,SUM2_000799
-0.043010053298638044,0.001998164745883528,0.1090984694463912,-0.002877158495083161,0.044655699884879274,-0.01826358293118868,0.007632666011776136,-0.007218124953709384,0.2547237984294091,SUM2_011688
-0.09252213386531138,-0.005743583975116212,-0.4068079065791162,0.09446162697564006,-0.06422064060172136,-0.020296701259658163,0.0073450176340087,-0.008072221528529077,0.002862962779142574,SUM2_005673
-0.06849926536973938,0.013096048436433538,-0.33291388825481,0.003798507067124289,0.008353483391578778,-0.016666060205830183,0.011482744228183675,-0.006288029553349017,0.22568310890215124,SUM2_001107
-0.09144190229466138,0.010135237993381788,-0.36748729372309674,-0.009878074090948062,-0.0037458686758644914,-0.02150836174219728,0.011508552457056311,-0.008466172742211935,-0.004256043132008317,SUM2_017605
0.28533062929061354,-0.02197900404448422,-0.1388010075295933,-0.01589985070814177,-0.04513346252334835,0.08691494902356585,0.013590469713597685,-0.03999731863595612,0.043305175573376556,SUM2_004856
-0.05638107301429283,0.033102072242723914,-0.19325958977736657,0.11935682748055114,0.005964611302538295,-0.022022898533173643,0.008138361363726664,-0.008382024050567762,-0.0005753110283500753,SUM2_017202
-0.10411992435843076,0.012937833627942198,-0.30357420271987773,-0.005060125867433899,-0.055123346755812395,-0.01906718948953911,0.011482102755169124,-0.008609910453932822,0.17425491038151095,SUM2_007961
-0.18695946686483253,-0.027935130539756138,-0.34318704675495926,-0.011841137805018085,-0.15043505051693382,-0.020641117472050753,0.0089465426222082,-0.009940988967732657,-0.1124429042294558,SUM2_006382
-0.1322401895892894,-0.05064784616813574,-0.29791270546153603,0.01059039961327799,-0.08091870906795542,-0.020202327880294416,0.011750939662227252,-0.00887264280577705,0.08247202718237479,SUM2_009835
-0.04669603256622391,0.009327069990343852,0.1870451547688587,-0.01634069948875429,0.019467103737594492,-0.01789562314148541,0.010922464445783871,-0.008589241581545521,0.11633859859537528,SUM2_013820
-0.15410339032107356,-0.01364751128590338,-0.36923415501865553,-0.0028069214513197684,-0.12440723128813111,-0.01878690455116753,0.00813076079953706,-0.008019755469618677,0.05361823789652838,SUM2_009871
0.00666837773328344,-0.004851637749537399,-0.24742688657328465,0.05143363364730361,-0.06425221202961924,-0.018554506311599023,0.009536155708567706,-0.007803745846978005,0.19906838742384053,SUM2_015657
-0.2077131573347905,-0.05246296833240497,-0.5345389288010777,-0.03017747332897559,-0.11897596069774223,-0.020386566432522693,0.006739062841062335,-0.009213497839319306,0.08321805650927622,SUM2_010867
-0.058050651621648665,-0.0031754982832320226,-0.08982440808662957,0.004435052709612865,-0.06519403695293474,-0.017022328504040483,0.016803527278482184,-0.008423589291390818,0.03789838154490011,SUM2_011023
-0.08501176493252735,-0.0803087856233182,0.5930725207383046,-0.035817262180240665,-0.10548137209778168,-0.022395382481784763,-0.03481269159529719,-0.020763138556678096,-0.11805162147017315,SUM2_007334
-0.17332509253407097,0.03635305338666636,-0.45341428904009157,0.07834250849854996,-0.027426664891284806,-0.021596437487629565,0.001959779767092343,-0.007732691202364082,-0.05726509202767769,SUM2_018123
-0.12180597289944388,0.0198907473040957,-0.2829791160807021,0.06640230338471467,-0.008002329155146481,-0.021123390883179567,-0.004089383194043336,-0.008017879541429195,-0.036006155979234636,SUM2_006275
0.4229679390004374,-0.0397862427242084,-0.21027708725703906,0.009325215229741803,-0.04110367924480696,-0.016007995709806933,0.012216988515480086,-0.00891011169433897,0.08740968455123119,SUM2_007687
0.14631327077869716,0.029971725262903537,0.5497007574454411,0.012713317726915047,-0.14836549661715123,-0.01702489008393403,0.022868606099816533,-0.014762672926168055,0.0010934324067537519,SUM2_011535
-0.10041501015054757,-0.03870331480245693,-0.39034347581592443,-0.026603132801942087,-0.001681118198571019,-0.022318381336935273,0.01161568448618506,-0.00887083355623679,0.003538274735841516,SUM2_004164
0.007520765827238032,0.02957083347021202,0.803612731194938,-0.01748752120119999,-0.08710614772620141,-0.020421635110506618,-0.023324639971353502,-0.013975695764291765,-0.0020237642322309206,SUM2_012538
-0.06891034855379474,-0.006965516876765432,-0.10978425180414615,0.013428660524128194,-0.05992882190227866,-0.018776220545449324,0.02008818237606053,-0.008262563217367543,-0.0009711564725560149,SUM2_013275
-0.11506701878201415,-0.020257565521509407,-0.15422515322336042,-0.006911359798441435,-0.07288102736755422,0.14049587586619383,0.01324992882381365,-0.010337422075877761,0.03356665688117316,SUM2_013901
-0.06252324154406416,-0.021198902174632633,-0.4666356790741573,-0.04752040107504118,-0.008530003711188772,-0.0201548097939856,-0.011535456232483181,-0.009234873402392948,-0.03396172743620017,SUM2_004062
-0.07012958473446809,8.215813405239078e-05,-0.0968888716241616,0.03465153046121229,-0.03455486125294177,-0.021381395394495486,0.010347637296264806,-0.00822105679914091,0.03648882049416644,SUM2_010927
0.16476902651450437,-0.09442229838678323,-0.19272371681729777,-0.073936158764472,-0.07878581926555117,-0.019700842741837542,0.0075279257560293775,-0.038821141237576,-0.06862616828094073,SUM2_018405
0.07567926743644993,0.01208487615347668,-0.16062908904610276,0.03154765881576779,0.1054248708199466,-0.01651815595779254,-0.00555879480629389,-0.00893920592666106,-0.05167659286172669,SUM2_005227
-0.08229150522799863,0.1067063834697336,-0.2146804194335578,0.08688008676893574,-0.03929257132478653,-0.022055015148884673,-0.008764049433489542,-0.00892032618113885,-0.0733634094042547,SUM2_007925
0.09618254827959713,-0.010594608496268953,0.7619236413265323,-0.003337738532920513,-0.01671653084373196,0.12319505195475262,0.015011763816734284,0.07541504035659256,-0.0022545739243076683,SUM2_007883
-0.14201317417351897,-0.009201123222930208,-0.4699874068164959,0.03572301450189813,-0.008703745959138979,-0.021928903497687675,0.008582011757957458,-0.00859969019804331,0.011097637686818351,SUM2_014396
-0.05163703572283078,0.02594794273778936,0.09047826000885831,0.012875978937235133,0.36293871651799336,-0.018103046015515135,0.006686046379406599,-0.006858655325268329,0.0634613184540642,SUM2_008389
-0.091484833344632,-0.013087622859947873,-0.29195538411273847,0.0024668209062007713,-0.010260410450098926,-0.018760462055381358,0.009647033875118092,-0.0064769363766707085,0.07781175236152656,SUM2_018484
0.08424392080287589,-0.044189696926947186,-0.33200337418178416,-0.016555119307876724,0.02584609097086989,-0.020344356003240995,0.009556038804278823,-0.008839521655102198,-0.050861459166727976,SUM2_006646
-0.0612534078783761,-0.04384489300185258,0.3016876278459967,0.016291945057253867,-0.08915514002071404,-0.012547211879661568,-0.007786457740491706,-0.010393798099068041,0.4640069675911202,SUM2_011705
-0.035917109506705944,0.02015435352785127,0.5709961790958877,-0.03237164662823079,-0.07022319037931364,-0.023862041919299106,0.021282557683965985,-0.018646892816686515,0.01514103790839767,SUM2_012132
-0.10181654559637114,0.0005612606286569744,0.08451131784782259,0.01198283903706111,0.1675193303761034,-0.017417748692269117,0.007981726669851133,-0.006965398746509298,0.23636459192751075,SUM2_001363
-0.14184236757999202,-0.03229899674972203,-0.4141011842443265,-0.0279705140887605,0.0009724529444794433,-0.020119270960229592,0.006660103392858381,-0.009496666369588532,-0.07396282023913783,SUM2_015244
-0.11991902190804901,0.02528299676288196,0.039610684316316015,-0.0038778200284505086,0.007779021858928409,-0.01978691178991492,0.006627978700255721,-0.009570874224706219,-0.018617910100808,SUM2_005230
0.09618254827959713,-0.010594608496268953,0.7619236413265323,-0.003337738532920513,-0.01671653084373196,0.12319505195475262,0.015011763816734284,0.07541504035659256,-0.0022545739243076683,SUM2_013250
-0.08820196842267254,-0.029691763057294207,-0.3971192467171175,0.019716543117532202,0.013699109688114202,-0.020096952780322645,0.009565939115349118,-0.00860202062684368,-0.0066693752100317775,SUM2_001512
0.0051865589416490495,0.05938359456187026,-0.11429417838939131,0.0727577828617934,-0.03787488449327121,-0.020759678148381477,-0.005937576235774976,-0.0076459435997612585,0.0506480719100844,SUM2_007330
-0.1113963664032327,-0.045374426261621484,-0.47727967938324206,-0.011608415127263214,-0.18186718924636505,-0.021173025971859282,0.007216744356551547,-0.009702874212540158,-0.06958370358857047,SUM2_015645
-0.058050651621648665,-0.0031754982832320226,-0.08982440808662957,0.004435052709612865,-0.06519403695293474,-0.017022328504040483,0.016803527278482184,-0.008423589291390818,0.03789838154490011,SUM2_002907
0.010367247247179703,-0.032760960015084974,-0.2516252802220346,0.057215359384179876,0.009686372045475063,-0.016246798055091213,0.00749479497306772,-0.006029564255539643,0.19621952959224212,SUM2_002622
-0.08558148431901884,0.02210592739229545,-0.3076578558946187,0.08299030987656116,0.009649148054446766,-0.02156658348114458,-0.0017340678886281168,-0.008250276517896041,-0.044105236306201986,SUM2_011219
0.39279128676676944,0.034119215359088836,-0.2682456065450689,-0.018793817179876427,-0.058447996307993154,-0.023698298712641442,0.008771206208218038,-0.007685370149036322,0.10590802626724154,SUM2_008544
-0.08738738613579788,0.011892151756723224,-0.4188015114821935,0.06499248091048883,0.009348330999326197,-0.02162366747868563,-0.0024604997091306107,-0.008238845357467791,-0.014023130318615957,SUM2_002599
0.2492028742408845,0.19512195548900393,0.58376918296614,0.3017424521907685,1.7212272576032963,0.11442811237455648,0.027937626040036356,-0.015683249976421343,0.03601785163556923,SUM2_006873
-0.06023638927335785,-0.036657817311332504,-0.32449067488920896,-0.019695208128681686,-0.000563385745864323,-0.016754378067579408,0.013783644113619231,-0.008948846522716002,0.1840157379408928,SUM2_016696
0.4425491222028143,0.033515696068588174,-0.3190979603980844,-0.03175427247927274,-0.04419912848184739,-0.018670173487231684,0.007933073459385704,-0.00840536312648631,0.019366977063622812,SUM2_000156
-0.07543838668319831,-0.06989410661669113,-0.06466443047905142,0.003883169789418489,-0.05898714083604171,-0.021319974844808826,0.022075816936342023,-0.00858197003323297,0.044359072209673236,SUM2_017288
0.09618254827959713,-0.010594608496268953,0.7619236413265323,-0.003337738532920513,-0.01671653084373196,0.12319505195475262,0.015011763816734284,0.07541504035659256,-0.0022545739243076683,SUM2_011598
-0.1384404459803854,-0.020635681118926778,-0.4271977611652349,-0.004210560618548408,-0.05240199460848297,-0.02025192105031774,-0.008041612092020587,-0.007865189062929292,-0.13053773626831539,SUM2_014709
-0.1288254877466308,-0.07219304925173045,-0.3396873124159476,0.0034812970148086707,-0.11981763986591565,-0.01838619137557301,0.012712567390439425,-0.007697770474503754,0.0835397096571657,SUM2_001788
-0.10577834761714495,0.01803782563160973,0.4026705558731897,-0.012665134752448274,-0.01653682686226542,-0.02016939817820872,-0.020796050472690557,-0.016322064853608084,0.01827211352904415,SUM2_018705
-0.10737541482556257,0.021055310642525398,-0.3708916745391223,-0.053172539993306386,-0.04703377835081117,-0.0217680322359305,-0.007116414444173427,-0.009445685747052682,0.004592230879195326,SUM2_002341
-0.18429046958057424,-0.0333211514779878,-0.03324667909819114,-0.02215017048061283,0.06443145219293264,-0.01908354878555319,0.007762309054539958,-0.008741287893837517,0.13732219784873909,SUM2_002142
-0.12581976808891535,-0.00674988715195734,-0.40926306843566873,0.03755081802505641,-0.009367573650863681,-0.021482542361887617,0.010069667958430437,-0.008559950841528493,0.008072483814094903,SUM2_010993
-0.08947875015088025,-0.005671215691996469,0.01018047551845836,0.019984048028329836,0.09526378176685657,-0.01741905657249915,-0.006752410819469255,-0.006198017723245514,0.03165970593972646,SUM2_007152
-0.12068848004477743,-0.03621661055527613,-0.3621608167981972,-0.009397827001615084,-0.0918439047034932,-0.01833139725443378,0.010486778261074524,-0.0076920386516082144,0.10433640438298619,SUM2_011175
0.0918532083193397,0.036772601213746134,0.7599330061124329,-0.029994776125976737,-0.03618510992311151,-0.0199313181464894,-0.02880329863635301,-0.014470850411568231,0.0004927888477880844,SUM2_001757
0.10967494254573781,0.04362810278219699,0.6992458886178677,0.003960088475687412,0.00255233202252717,-0.01844575887396029,0.01890490252695279,-0.019266790555282097,0.13138161538575738,SUM2_014231
-0.14295674471520653,0.008667600409746287,-0.4955766987197624,-0.050872565663524806,-0.07130289392471928,-0.020450330645462252,0.005148416458235909,-0.00917005962446275,0.11379648398725842,SUM2_005091
0.09618254827959713,-0.010594608496268953,0.7619236413265323,-0.003337738532920513,-0.01671653084373196,0.12319505195475262,0.015011763816734284,0.07541504035659256,-0.0022545739243076683,SUM2_002953
0.5304782149655134,0.03283161042342098,-0.15366728017110912,-0.04374225360643978,-0.1843668589140814,-0.020800356849562156,0.0059596560793675046,-0.008299364148492815,0.14709475229138708,SUM2_007728
-0.10731432976303304,-0.08267560223810691,0.36921659910523413,-0.011269907990470798,-0.14241929306804754,-0.02317494263476815,-0.025961308350708034,-0.021771778013764054,-0.12427833461910742,SUM2_004716
0.09618254827959713,-0.010594608496268953,0.7619236413265323,-0.003337738532920513,-0.01671653084373196,0.12319505195475262,0.015011763816734284,0.07541504035659256,-0.0022545739243076683,SUM2_010774
0.05519306447816411,-0.02209922593787722,-0.07275856044925963,-0.0003182407207302812,0.07614745907181798,-0.014205707261640615,-0.008389788977066525,-0.008425136617170256,-0.07749198660016446,SUM2_011935
0.024543127828188738,0.03508104292081312,0.6840221462528161,0.004548743228658722,-0.03501687059615778,-0.01770312609222257,0.0183709560628432,-0.018291211442348004,0.11847224034767204,SUM2_000596
-0.06707663216582524,0.09255117054437224,-0.2687165683334169,0.084368276602854,0.01658716870746808,-0.0231474387140951,0.012423577896747941,-0.00844157192391635,0.01173814686440608,SUM2_009228
-0.12401733333081055,-0.009410470981158301,-0.3859795256739783,0.016455422752584152,-0.01633437087360224,-0.019105359042991064,0.015277947227144578,-0.008309850656695577,-0.01844598309004922,SUM2_015947
-0.07147974486128084,0.012493653217559922,0.5409005094437819,-0.018595745388300174,-0.021181494934475627,-0.020669990050272397,0.009337300242772914,-0.015170883522375434,0.11856958478725214,SUM2_015191
-0.058050651621648665,-0.0031754982832320226,-0.08982440808662957,0.004435052709612865,-0.06519403695293474,-0.017022328504040483,0.016803527278482184,-0.008423589291390818,0.03789838154490011,SUM2_013084
-0.17889585038120887,-0.07200434862912738,-0.3002681749432052,-0.0575039805351155,-0.122009311944026,-0.021204965107577106,0.005897063676482281,-0.009732538427833675,-0.13387432759502355,SUM2_018113
-0.05015236375710731,0.006098464240133834,0.7085120278997536,0.017108102821156133,-0.016395703994143078,-0.019200892739888138,0.016158989764293457,-0.01336542304911383,-0.12019333662314471,SUM2_004732
-0.11909887268546267,-0.016520360173242606,-0.3320145989858522,0.03758376408215512,-0.06296050582251952,-0.020478582727095452,-0.006518690209758515,-0.008007541839420568,0.04323280479353685,SUM2_006621
-0.07682518473024798,0.02893653099074241,-0.2633334625721524,0.046088229581008874,0.02230637830372962,-0.020964077713003397,-0.005924493013915591,-0.008536015933542975,-0.022691977865882302,SUM2_002669
-0.058050651621648665,-0.0031754982832320226,-0.08982440808662957,0.004435052709612865,-0.06519403695293474,-0.017022328504040483,0.016803527278482184,-0.008423589291390818,0.03789838154490011,SUM2_011171
-0.16240927137218564,-0.035508279536820404,-0.45032952577134233,-0.01818262478934487,-0.10234622753257949,-0.01988376607123441,0.004643001407370907,-0.009252074959530118,0.1458271429523392,SUM2_005049
0.003938090915462667,-0.021182832612596254,0.3887285076572309,0.016817967140546404,-0.07386545792006585,-0.019622154389033707,-0.025641589517473112,-0.016885894277777643,-0.0414026523959882,SUM2_005420
-0.08841407859301477,0.01033318733854574,-0.16712947943788467,0.07203612962301267,-0.05577571379600386,-0.01558716088925804,-4.9182507297849606e-05,-0.007653668984072158,0.05320125307940241,SUM2_005383
0.14651758673997153,-0.03004036365188409,-0.2366620508183975,-0.04262555357586338,-0.06334036005812403,-0.023198772034331884,0.010976161892113659,-0.03889854627954588,-0.04095646692719761,SUM2_006638
0.3272228165858041,0.06896495658515192,0.3734470708850809,0.007169544557650498,0.7419580886835289,-0.04451727588468919,-0.05206126593637693,-0.010374763987800757,-0.0337839505951984,SUM2_010209
-0.11506701878201415,-0.020257565521509407,-0.15422515322336042,-0.006911359798441435,-0.07288102736755422,0.14049587586619383,0.01324992882381365,-0.010337422075877761,0.03356665688117316,SUM2_005681
1.0181774863651454,0.07447907932128701,-0.011597439328610314,0.07567876887410448,0.13407037035297215,-0.016342972309957435,0.010043259512702348,-0.007028627409122077,0.24008853129257585,SUM2_001842
-0.13942789570536926,-0.019671651890997354,-0.3548127756550524,0.014666131390368048,-0.016329102311425,-0.019769150502608596,0.007461850302225641,-0.007784789238198997,-0.005657336911420009,SUM2_010755
-0.07875526818976697,0.01831060746701467,-0.11540064918507176,0.11022526154481546,-0.08689621638027514,-0.02001008903676533,-0.010601933539660033,-0.007554438155697842,0.08718534218619768,SUM2_002410
-0.025247646632013964,-0.02400625511024217,-0.19117672503806532,0.03879809574253284,0.03815123262086258,-0.017920574339187638,0.005663945738532278,-0.0067973500604787155,0.152920080520032,SUM2_017166
0.06965587333306558,-0.010446124788069304,-0.08875851125823693,0.053353162330054583,-0.07984439574739416,-0.02712438967610733,-0.018004796227130908,-0.040488812066995505,-0.023652419534189777,SUM2_000825
-0.07275042002532309,0.01843371800852215,-0.09170616607090878,0.034172795040499276,-0.061839740000243906,-0.021557992977725114,0.010112609167496928,-0.008218475073960613,0.04188171563525231,SUM2_001212
0.09618254827959713,-0.010594608496268953,0.7619236413265323,-0.003337738532920513,-0.01671653084373196,0.12319505195475262,0.015011763816734284,0.07541504035659256,-0.0022545739243076683,SUM2_010940
-0.058050651621648665,-0.0031754982832320226,-0.08982440808662957,0.004435052709612865,-0.06519403695293474,-0.017022328504040483,0.016803527278482184,-0.008423589291390818,0.03789838154490011,SUM2_011941
-0.058050651621648665,-0.0031754982832320226,-0.08982440808662957,0.004435052709612865,-0.06519403695293474,-0.017022328504040483,0.016803527278482184,-0.008423589291390818,0.03789838154490011,SUM2_000094
-0.049824713282408145,-0.06440964171717797,0.7649011126950551,-0.007253080773604722,-0.12368316759331736,-0.022095380197119957,-0.03802658870628768,-0.016425689796164305,0.047518767215878666,SUM2_000892
0.1472227563664597,-0.025960243813943157,-0.3774830403474012,-0.022732396804915754,0.0342936130917436,-0.018391549683041006,0.00724153923458459,-0.007801178442195583,-0.09230423587058564,SUM2_013554
0.040646008455635485,-0.010657610639625925,0.4568234476833982,0.04571557641775365,-0.0696828435034239,-0.023758722861901106,-0.01302798091609762,-0.01794952646035524,-0.02720584532613595,SUM2_014885
-0.11277633326821501,0.02667615830994561,-0.3392980967989806,-0.009513657174541772,-0.03296060518881214,-0.021162724115529552,-0.007222034237336301,-0.008306193286457746,-0.019525532072022768,SUM2_001257
0.14434658845113105,-0.035302165344775274,0.11738743347778602,-0.06126180269640548,-0.18806493099048277,-0.018145653069895955,-0.03431660613402028,-0.039914991257892204,-0.013905028288193616,SUM2_014272
-0.13046044514486568,-0.015070383732675158,-0.3438655161116162,0.01695439415037061,0.1903672659240776,-0.01830183520450833,-0.006782690702645594,-0.006424771699460307,0.005631506400155475,SUM2_017489
-0.1127168352082357,-0.026705926536589143,-0.39974071871228256,-0.03764324190118853,-0.1642561142014781,-0.02055659017753963,0.00880870013703148,-0.009091325997752846,-0.13078642978124816,SUM2_009698
0.6531714359551413,0.03683277961616398,-0.17086337667483847,-0.049096254557276495,-0.28448093766288685,-0.01858992452217597,0.00980376872325075,-0.009973649594124412,-0.010917932999363292,SUM2_016879
0.09618254827959713,-0.010594608496268953,0.7619236413265323,-0.003337738532920513,-0.01671653084373196,0.12319505195475262,0.015011763816734284,0.07541504035659256,-0.0022545739243076683,SUM2_005776
0.14703037218856224,-0.04393645842335728,0.10136442122287317,-0.016445077348230176,-0.09216832944225531,-0.016572460741881498,-0.03303096627979273,-0.035917411967117986,-0.10305440620434574,SUM2_006593
-0.02796418298745238,0.007856676596328178,-0.4591124449561329,0.03560573545993397,-0.11901938883001302,-0.018793017346628176,0.008775155285719774,-0.008339230832837281,0.16918955252606055,SUM2_005485
0.5207116345681065,0.019085437114935728,-0.11854063821630367,-0.006190592509271832,-0.005376194730500201,-0.01851293154895036,0.010564497883874117,-0.008779754885772026,0.050046881685486065,SUM2_009631
-0.07325455237610749,0.0044559395480304066,-0.07634758392561455,0.0052001269789372796,-0.07961136541131117,-0.018843458732249088,-0.011551016787193157,-0.007036556131852044,0.055843822806052865,SUM2_000514
0.18931962135809027,0.023599893056878405,0.020246616018358258,0.05166420522715728,-0.03487549276858447,-0.014917517934115549,0.007686608281073204,-0.00792413877967619,0.054522563848079665,SUM2_015861
-0.08415766993721835,-0.03700288709620523,0.02275896356327034,0.0046194817084348905,0.08485539535341742,-0.018529222806115554,-0.005733299181095474,-0.005926737471592331,0.030583036064911067,SUM2_002047
-0.016825737702826353,-0.003986590210237947,0.5449216646891709,0.024384106290248016,-0.008941793145907031,-0.016854163107674625,0.01644588085503119,-0.014899917667297594,0.1379924634588513,SUM2_003761
0.084351370901037,-0.015066266991245794,-0.27592574761764005,-0.023685949282507737,-0.18550113092345635,-0.02022591106408486,0.007654421945858456,-0.009009295712491174,0.07519536048592361,SUM2_018820
-0.07358927794265685,0.0037305298490158414,0.2708054142728862,-0.035389453828234115,0.0505053585516797,-0.020437373295061723,-0.004226656174608419,-0.01003013981465512,0.012426149531510854,SUM2_009014
0.1669545622296061,-0.035878781443029015,-0.1321118910094196,0.08451856339604613,-0.1701752846300713,0.09332523660878904,0.024967274467193823,-0.046879625603051846,-0.00040097734771884895,SUM2_013105
0.054971472572252746,0.02462374263906494,0.5789117516345782,0.06656324532731747,-0.12891966356636692,-0.020733883409814937,-0.029805510248868027,-0.014531201517375312,0.06383703418594151,SUM2_003876
0.044646359677060446,-0.06417202101760601,-0.4376182245324288,-0.0564445069896088,-0.20004529437611235,-0.020564423992860605,0.00882023285471584,-0.008929328515046343,0.09545602789371006,SUM2_013709
-0.06256638068775563,-0.012959431319456224,-0.159007453162934,0.10973824128893879,-0.018250590363959485,-0.02099314532442598,0.01242260036160929,-0.008486947383785628,0.027458323347339515,SUM2_000493
-0.061695945773064885,0.07228781848782881,-0.345210275444311,-0.03141691510138448,-0.035836379188745035,-0.019633088933463452,-0.010991379933267884,-0.009132631228755,-0.007840842166512535,SUM2_004634
0.4445706773278998,0.08923779991071742,0.27167408898217116,0.01863021084708584,-0.04959991592285626,-0.025514370310891023,0.012566747461584121,-0.013257178312680288,-0.11917401188781702,SUM2_017264
-0.1445919528502399,-0.047367130925606765,-0.4439764020265725,-0.049814502389363594,0.02411038074632887,-0.020069428472959096,0.004153527988186129,-0.009221018322507666,0.17713413506554865,SUM2_018057
0.6788072334543955,0.026844623562861842,-0.23043495324578825,-0.07811792042379627,-0.2746444539734999,-0.017501400532308403,0.00883435889032703,-0.009384716505450946,0.02864422235364648,SUM2_001812
-0.07563536080531208,-0.01615861653364864,0.09311848452098684,0.0016899755518725204,0.3189785345636083,-0.01995987474813186,0.0060875050731949865,-0.007762316387762774,0.061091983220191305,SUM2_016947
0.022606281202366997,0.006027817635843022,-0.3562820748350585,0.014573587821389785,0.13403859206444713,-0.015839893233760664,0.014022970038663915,-0.008427293736309804,0.06929781950071265,SUM2_002255
-0.11986357787606723,0.0021386528621713174,-0.3436821272352538,0.0442653567507668,-0.04111530896958561,-0.020846091263909555,0.011017053934812738,-0.008541807569586054,0.007414745006813261,SUM2_003773
-0.10498782430393853,-0.026188066276771067,0.007076721888950902,0.0035376933312614963,-0.012092270748098734,-0.01915895857642228,0.009888877274671002,-0.0075847256895452565,-0.03433413611724495,SUM2_012502
0.15764653072996596,0.007168055678956784,-0.23080085930958996,0.05236256335254732,-0.032014172015168416,-0.017607333186357328,0.010438664630567787,-0.008378646674605174,0.12057588992815707,SUM2_007648
0.2823633583222988,-0.010976011623453907,0.13443645668851503,0.07969127845954067,-0.11264788604814013,0.08351798569422253,0.024545432230741033,0.16581523168250184,-0.007054154647357991,SUM2_002280
-0.09761820126061845,-0.05569727848626525,-0.1309595605618074,0.039657909020104395,-0.09052333124200156,-0.01783586681907363,-0.010008849603179317,-0.008112175084227614,-0.14512809665768583,SUM2_000529
0.033731198422612095,0.08284755256704003,-0.2877583442476765,0.3153241279020722,0.1452278207052285,-0.015292827565532515,0.010991244415772095,-0.006886772358482357,0.007223726167866609,SUM2_011619
-0.06263858996818704,-0.03014572555871186,-0.1433310387626171,-0.010593585395004537,-0.09698035206308844,-0.016807270237836628,0.012965675560124318,-0.007263094983910892,0.1659359646879776,SUM2_001461
0.16967571214371585,0.0432436476229894,0.05032379831175617,0.020025134796051194,-0.01815057103140697,-0.011917432565700065,0.01860331847093643,-0.023296218550887583,-0.05130381149943232,SUM2_014460
0.09618254827959713,-0.010594608496268953,0.7619236413265323,-0.003337738532920513,-0.01671653084373196,0.12319505195475262,0.015011763816734284,0.07541504035659256,-0.0022545739243076683,SUM2_013176
-0.09995811193712538,-0.021892286562765283,-0.401043524068076,-0.03893154216924269,-0.09670964078470438,-0.017924141690287235,0.011355282710998258,-0.008797518231393471,0.07605145799442739,SUM2_010276
-0.20647589579570008,-0.0035484701614705108,-0.36298706602720443,-0.0028285767266042388,0.01907786320653867,-0.01859346663385113,0.00572691383210146,-0.006479111223045597,0.0898463933444633,SUM2_000437
-0.07303605987342167,0.005256765902289451,0.5446876210604856,-0.0477552078508997,0.00168898816707454,-0.021333385767407533,0.011472696742388303,-0.01713192363821633,-0.023021486759817213,SUM2_000114
-0.08482117536417734,-0.00805718197763872,-0.2923275887822871,-0.0029302356850104427,0.00095757474434984,-0.02120426823326626,0.013636719931864915,-0.00870915321052878,0.0116727614183549,SUM2_013279
0.07985514380494885,-0.007038605828952049,-0.2848398607436529,-0.025068501725995777,-0.21627911444003653,-0.02065336017586132,0.008274633718721515,-0.008978375464024756,0.09901491542696415,SUM2_016377
-0.0737026232108696,0.0038947145867225556,-0.24923511433204765,0.021165351122831445,-0.08071894768773731,-0.0185552162744085,0.011484738834469396,-0.007147994609207212,0.18348368122152295,SUM2_003408
-0.0947323643392114,0.023790826300006333,0.004656955695825649,0.0036584840522261436,-0.12383706686857096,-0.0185215687178522,0.0190811023913229,-0.010874098286538613,-0.009342967543188623,SUM2_001226
-0.12058578547339494,-0.05451135737265992,0.6251934209016852,-0.023968341546349255,-0.16309079702778256,-0.024617224404974557,-0.04453969503527734,-0.01986498508360781,-0.10517834234038134,SUM2_005029
-0.11544888934803162,-0.012702170762474036,-0.42164009980849304,0.07497397167793689,-0.06663744442640365,-0.02108539137682932,0.007345213835087123,-0.008471765173962344,0.009649799053143698,SUM2_017782
0.05930044940769057,0.01588209295525654,-0.18129931124654475,0.03373639224747483,-0.04480705417797452,-0.019233716360713696,-0.010604400711003738,-0.008053251062979397,-0.07522387333796386,SUM2_006396
0.09618254827959713,-0.010594608496268953,0.7619236413265323,-0.003337738532920513,-0.01671653084373196,0.12319505195475262,0.015011763816734284,0.07541504035659256,-0.0022545739243076683,SUM2_007037
-0.058050651621648665,-0.0031754982832320226,-0.08982440808662957,0.004435052709612865,-0.06519403695293474,-0.017022328504040483,0.016803527278482184,-0.008423589291390818,0.03789838154490011,SUM2_015198
-0.07988230147434475,-0.034354978871011646,-0.3552619199800185,0.0020903444722343207,-0.06968452652264116,-0.019621384658839006,-0.008762968623711509,-0.00914457310485792,-0.010631847563906806,SUM2_002750
-0.15401880058196143,0.028157806603987905,0.052889716723334514,-0.031121278658751327,0.0002961959944373649,-0.019138758365485987,0.00808039141300994,-0.009202376898556424,0.19076075074424545,SUM2_006293
-0.187945165014733,0.019319251611238746,0.12933273931447917,-0.03712043704900125,-0.08336137638092546,-0.021479258528080004,-0.020839764603332527,-0.012954816557406285,-0.07937328393733872,SUM2_018425
-0.05388253817116053,0.010433352297198347,-0.022387529329785324,0.02898873508155857,-0.05440765994776244,-0.021462569919254985,0.01883541139550811,-0.008640432329012723,0.055316674865869817,SUM2_006426
-0.14964286729771248,0.04942915926518205,-0.27405817638031704,0.00019025521272969553,-0.05142258554468957,-0.0233724279633346,0.008681127021704742,-0.009315349800743018,-0.00520685305129478,SUM2_012904
-0.14725044114196964,0.01746336784747326,-0.45478219100553885,0.024147278356815335,-0.012824472071909504,-0.02013309101969018,-0.0022988541072273376,-0.006925173403045541,-0.004748674159889231,SUM2_008031
-0.058050651621648665,-0.0031754982832320226,-0.08982440808662957,0.004435052709612865,-0.06519403695293474,-0.017022328504040483,0.016803527278482184,-0.008423589291390818,0.03789838154490011,SUM2_001062
-0.058050651621648665,-0.0031754982832320226,-0.08982440808662957,0.004435052709612865,-0.06519403695293474,-0.017022328504040483,0.016803527278482184,-0.008423589291390818,0.03789838154490011,SUM2_008879
-0.058050651621648665,-0.0031754982832320226,-0.08982440808662957,0.004435052709612865,-0.06519403695293474,-0.017022328504040483,0.016803527278482184,-0.008423589291390818,0.03789838154490011,SUM2_003664
0.05772402872437782,0.17163367364649026,0.004549305070079977,0.04502788896074002,0.12801885138791905,-0.023229878417124518,-0.018159671413662593,-0.020350136586795353,-0.06618663193402932,SUM2_010316
-0.0010259378224733932,0.003030820813128054,-0.23923749361436966,0.04095030864914126,0.18794238647817757,-0.01990223233800345,0.013301035923784493,-0.0074818271666365855,0.015385339684473465,SUM2_016656
-0.0522404007630499,0.010377048169404669,-0.36794712291043946,0.06020328854094188,0.04458156055842227,-0.019726939587957026,0.011525516478515015,-0.008191929410873839,0.023559845573906984,SUM2_009341
-0.05479656891960959,-0.0020911905141634546,0.6664368350085902,-0.0033628813544091486,-0.07490313709059401,-0.019209036231260402,0.012487327822212183,-0.015824409290623242,-0.048872407170728674,SUM2_009882
-0.0687797842477327,-0.047818251260874946,-0.32762981057807716,0.03826594775351964,0.034781760546185404,-0.018726142326824197,0.009862466924486857,-0.007659295871000832,0.09229579882514138,SUM2_018281
-0.09195055175734854,-0.00831971037591102,-0.005424729511737086,0.021846111204645774,0.054048833426880216,-0.017741616797887196,0.009919758398682558,-0.007379044451832735,-0.03849128241455083,SUM2_016460
0.4051819391781746,0.03775447400918966,-0.1531695626953382,-0.011229116993016125,-0.14962204017541866,-0.019461828651857103,0.009455258892924465,-0.008364632751348033,0.18033256557896998,SUM2_003189
-0.13304636807422326,-0.020464012375427176,-0.42686537357299204,-0.0031327296473968266,-0.048761236551205206,-0.018590988133719642,0.007917247707215223,-0.007820376997993015,0.07583561363565605,SUM2_011237
-0.2429194003339871,-0.06131090452860686,-0.3154849557924681,-0.07588810110187243,-0.03460040642888683,-0.019750428603896662,0.005969130784153093,-0.009509709166143887,0.010117034279586098,SUM2_015252
0.09618254827959713,-0.010594608496268953,0.7619236413265323,-0.003337738532920513,-0.01671653084373196,0.12319505195475262,0.015011763816734284,0.07541504035659256,-0.0022545739243076683,SUM2_005402
-0.10384823030752655,-0.010664918499242455,0.7029250698153673,-0.01321164149604052,-0.09793327025891138,-0.018504200185707708,0.017529967350387636,-0.014520630131453988,0.11293669386114961,SUM2_004971
-0.047140976067795486,0.08389986567145383,0.025546797795725197,0.05092646088006718,0.02883168727281788,-0.016895698020148057,0.005950920894803211,-0.007896017199005461,-0.034726322660345706,SUM2_009453
-0.18495739704068329,-0.005620630528356178,-0.3826897531535162,-0.01054831053223925,0.007781608111794061,-0.019253234454450752,0.009516923444941715,-0.007212793664035088,0.1069018602492507,SUM2_010076
-0.05599620935688635,-0.07735298474473647,-0.47636770497290204,-0.0459978952449766,-0.1568660535556056,-0.021155464317357164,0.008990584343214418,-0.0090405529524288,0.09287879957395433,SUM2_014925
-0.1023424045843101,-0.005314443006069859,-0.4467792371127798,0.007996014449507413,-0.004014820331342342,-0.020593680743544052,-0.007294630389827199,-0.007571249606615675,-0.023825733438648685,SUM2_001984
-0.1515515162585216,0.011613698992686227,-0.38925521953365944,0.04248858994968238,-0.04583263439606514,-0.022319033276978293,0.010815475955482259,-0.008735368392387137,0.01344344038301171,SUM2_005847
-0.10491773509006866,0.0001189030224766404,-0.113135761879919,0.0711984536263601,-0.03600385961480423,-0.021624822063369464,0.010074703693564736,-0.008204102728390773,0.028447861880695657,SUM2_010517
-0.15197962449688063,-0.01300471139694551,-0.06766687015394468,-0.04124422208111234,0.02732275780991659,-0.019677534603586688,0.0066691153884580355,-0.008000630987565075,0.030979631988742474,SUM2_010352
-0.06693239343846401,-0.035397131981980315,-0.37923024801622995,-0.09366061924896521,-0.09681721039537192,-0.021029647955561538,0.005500220100295187,-0.009677185795200171,-0.05248111725820731,SUM2_005264
-0.14636462661811578,-0.015026959368446974,-0.009849577560743842,0.018552182247033866,0.08489565353993145,-0.01766679547228358,0.009415589126821127,-0.007421359599729357,0.029166687537962442,SUM2_017287
0.09618254827959713,-0.010594608496268953,0.7619236413265323,-0.003337738532920513,-0.01671653084373196,0.12319505195475262,0.015011763816734284,0.07541504035659256,-0.0022545739243076683,SUM2_007173
0.2557730427831618,0.018148893716651245,-0.35344922114892746,-0.02808410851536189,-0.22911232706381024,-0.023861648760813627,0.00791570213178789,-0.00858480451179617,-0.10015449400186201,SUM2_010023
0.00620063749658245,0.09466434788487839,-0.0428762767477333,0.08637956226773293,0.08184463414968193,-0.015484791201695668,-0.011350109564272869,-0.007497747576673801,0.07719176748949275,SUM2_013372
-0.09546751238430139,0.022392678172106974,-0.21800151486356611,0.07509651357023908,-0.07289933172374849,-0.020476652199498457,0.010154692941882102,-0.00864395896701582,0.03422197553721905,SUM2_009579
-0.05791746078117714,-0.036880936766979996,-0.48292204733555,0.029811897072324678,-0.07230811040999317,-0.01720754257700163,0.00916545826824979,-0.008074757770455727,0.17981931889562208,SUM2_017760
-0.09098052381773282,-0.03599630891886253,-0.3495154545442517,-0.015432627582304034,-0.054936750122344835,-0.019077483093034506,-0.00960456858525098,-0.008889387494181894,-0.0048668840555125435,SUM2_016661
-0.12754640839497833,0.02136033904959971,-0.31827654546843276,0.03518539077246705,0.024746819555121334,-0.021232162379551982,0.011945163195190326,-0.008907626731543149,-0.02819146449602845,SUM2_016618
0.09618254827959713,-0.010594608496268953,0.7619236413265323,-0.003337738532920513,-0.01671653084373196,0.12319505195475262,0.015011763816734284,0.07541504035659256,-0.0022545739243076683,SUM2_008885
-0.07673252669737934,0.004157138071519526,0.46054193191184867,-0.005185226701083766,-0.06200814947796831,-0.02099720887359003,0.01130836142205838,-0.014934996863949748,-0.03364968435032386,SUM2_014239
-0.13920625943529846,0.0014031496158924503,-0.032567250266923066,-0.005383487873011866,0.12922828431425917,-0.01827942699555892,0.008376214520841255,-0.007778635926933103,0.06787418448116683,SUM2_013231
-0.05955783854153841,-0.013894982526441788,0.5536379778301502,0.019832286484618218,-0.16555713357734556,-0.02388083291280384,-0.0497706752773412,-0.021481327173191754,-0.15519556659866635,SUM2_016757
-0.1541196291014088,-0.00737000027816892,-0.4020290188830932,-0.005672936198691155,0.04464197506612388,-0.0200769156485551,0.0075407516230691935,-0.008648300201690499,0.01432676705594443,SUM2_001232
-0.031098080342386657,0.016274350293290087,-0.3020206773091286,0.023871167649354964,0.15142255830199533,-0.018771910727785827,0.008489738311253065,-0.007411802694809835,0.024973648270041914,SUM2_006615
0.09618254827959713,-0.010594608496268953,0.7619236413265323,-0.003337738532920513,-0.01671653084373196,0.12319505195475262,0.015011763816734284,0.07541504035659256,-0.0022545739243076683,SUM2_006727
-0.14229735706935082,-0.01033679634376159,-0.27883568500507633,-0.013155666949927392,-0.015696361181930497,-0.019562874171423085,0.008016177798077229,-0.009316291467607343,0.24419549082824815,SUM2_009502
-0.001791746043563941,-0.03665788284375491,-0.2449656009608266,0.08335774959796124,0.05215797504882461,-0.016581212927632837,0.005122212831246656,-0.0056108625547085875,0.24979221863268514,SUM2_011625
-0.12845496911123028,-0.05502728209087894,-0.005943861691722116,-0.014725825512549546,0.03539408787382302,-0.019415455724194102,0.006896163865084794,-0.0084378426572912,-0.13055062254723207,SUM2_000910
-0.10228050347169282,0.0025068607472512995,-0.09624609776586576,0.012601451205698753,-0.07400327305625701,-0.019902239354045274,0.023100499495907863,-0.00848818507724243,0.036069946497655624,SUM2_005133
0.2506602847439966,0.06159883904356822,-0.08893627863248557,0.2409472319871789,0.02900099594691774,-0.017280346516906707,-0.008042196419446406,-0.008215326222453682,-0.08457414769188672,SUM2_011884
0.09618254827959713,-0.010594608496268953,0.7619236413265323,-0.003337738532920513,-0.01671653084373196,0.12319505195475262,0.015011763816734284,0.07541504035659256,-0.0022545739243076683,SUM2_012079
-0.18087695053531533,-8.279269298424596e-05,-0.2780785027937418,-0.014755974253813841,-0.012424075542979224,-0.02346392138740332,-0.007450585539744913,-0.009517284460237531,-0.030226954759721026,SUM2_011892
0.22903291191456013,0.006293897229829074,0.33285614083092957,-0.1831618853642401,0.1950311757057674,-0.029612709627637422,-0.02605684240371705,-0.016738316835081916,-0.02191845308749387,SUM2_012836
-0.18590571514147594,-0.0524585315252708,-0.2921228526436773,-0.02810344073912895,-0.09123607241609047,-0.02376428878256469,-0.009882361391536212,-0.009526402549853135,-0.04296249273670978,SUM2_006720
-0.1195658115601502,0.0056928696769881285,0.44317854300755044,-0.01686624934406844,-0.02768542086590387,-0.020781509256167254,0.006801653410858003,-0.016566999428924034,0.15287179001369763,SUM2_007953
-0.13697839779502435,-0.0006110885902423927,-0.15824028729005576,0.05531610777069569,-0.08664493014724266,-0.02071709715421514,-0.007945840094083742,-0.008000556267563875,-0.0007465420206916515,SUM2_006818
-0.09864609435806267,-0.016137338263426792,-0.4347686727051161,0.019738747105637288,-0.05975394541085784,-0.018195577490789896,0.0068482241157441556,-0.006381683131163958,0.10864148247490837,SUM2_009048
-0.1502753188359365,-0.06233878104576198,-0.5159220736185604,-0.044055328059866415,-0.17093932405086124,-0.021146870708651067,0.006443908491973073,-0.009672825443994152,-0.06897984714481094,SUM2_004708
-0.02415156135723216,-0.01228226166759753,-0.40589720112751115,-0.03674998604320013,-0.21781697893295054,-0.022870596901251615,0.008993261443163925,-0.009711713738737318,-0.0839885752479763,SUM2_010756
-0.04291011053287795,0.017369119359984624,-0.4201060521489802,0.06278319401984511,-0.026757233717843294,-0.01782415121563153,-0.0052463646955749395,-0.008519749262252147,0.006313445765547013,SUM2_006210
-0.04699942447083784,0.003971211451973164,-0.3016741071368438,0.0038448569265527844,0.09983462290004388,-0.01881898800536425,-0.010205806965904882,-0.0066921688819379975,0.014243544419323744,SUM2_014832
-0.12135077771588106,-0.00850670223334649,-0.3261063930695962,0.08221724326583758,-0.022561955958256392,-0.020960559564695967,0.007585496649158594,-0.008206705029574995,0.0026981133202036017,SUM2_002794
-0.1313240161174012,-0.03752738431669584,-0.3058762796134639,0.0018742833608148511,-0.05472817367814971,-0.023739186114154313,-0.004074869561016133,-0.009001286021090169,0.020504204058824277,SUM2_004800
-0.10368299196596449,-0.045887520420255665,-0.3836136955743895,0.011171218753860438,-0.06774822843160991,-0.018451222027769526,0.007896090833044947,-0.0074419369809304884,0.04503631734499104,SUM2_002636
0.03747637183660203,0.03766581283287436,-0.3119403127949134,0.05935563474818053,-0.0056143516002620086,-0.016243974065463872,0.010913574491945362,-0.006629899524076952,0.052232728752996546,SUM2_006681
0.12664328612906295,0.21065159004897419,-0.22398444595110395,0.31461965389079494,0.14604611884498792,-0.012988539546784545,0.004730678053832764,-0.006455925817013113,0.03356665683607753,SUM2_008645
0.2340015491139785,-0.00838088177978345,-0.20058264335259932,0.026145229508361678,-0.04056793744485236,-0.01766757320627514,0.011760603103190942,-0.008799310277809811,0.1342871977935841,SUM2_004735
-0.17571289416120167,-0.025951494342850594,-0.34043327972284276,0.018509289268152224,0.006512695017603343,-0.019327601780843758,0.004703701509880665,-0.007790107368898234,0.08196865815214135,SUM2_001632
-0.13911840518899213,-0.02099569208054402,-0.45330317775954265,-0.03808138216830436,-0.11989369287581782,-0.019967131619351423,0.0055079561482289765,-0.00787552582108808,-0.07064740853520028,SUM2_013434
0.1352884923727672,-0.028320310067742084,0.14952969552017054,0.11304567808777174,-0.13136107323258037,-0.0200179982603475,0.03656364110082741,-0.038006884590977646,-0.007274757107733845,SUM2_017533
-0.007750652417644957,0.01167325077872123,0.5200425674753674,0.04447504449725531,0.016552619767221048,-0.01672836494731832,-0.03638756963288207,-0.017318550491589212,-0.11123642351972718,SUM2_014192
-0.14622143394457493,-0.0018373407855491436,-0.47559822406255725,-0.03900847453192004,-0.013085220113883116,-0.019911823043952386,-0.004912499086228527,-0.008444935118204338,-0.013738441785188866,SUM2_014760
-0.17069071460151455,0.0056573943064968605,-0.10417272034731087,0.0038465817173349405,0.0525175451939305,-0.01818597453566516,0.00490960781262472,-0.006709225746895721,0.01901649099245603,SUM2_001489
-0.18533947229403552,-0.0665624822610797,-0.27757929479504456,-0.08583945823592172,0.0071837888058895625,-0.019986883099363854,0.006584922346802953,-0.009247403379118075,-0.05948356499222589,SUM2_000729
-0.12704077981614192,-0.003415769612196716,-0.5105891456573607,0.05604509932702737,-0.021968074865628788,-0.021482715679747487,0.007095166394346009,-0.008484462275330165,0.001414238652741122,SUM2_011267
0.09618254827959713,-0.010594608496268953,0.7619236413265323,-0.003337738532920513,-0.01671653084373196,0.12319505195475262,0.015011763816734284,0.07541504035659256,-0.0022545739243076683,SUM2_015135
-0.08340150496468773,-0.0229128037564174,-0.460244207251759,-0.02324507510261266,-0.16745162044148224,-0.02064986375499383,0.00967498031752349,-0.009251795257903438,0.09210230791373153,SUM2_004706
0.18052904810816037,-0.012131552665391501,0.08925586032940588,0.09379431350649407,-0.11367737885703044,0.07734938429912255,0.035764384102798884,0.1827647494471841,0.0018179367486759542,SUM2_016544
-0.1424910701981393,-0.013083979936633312,-0.4669479778249159,-0.07046316562103935,-0.11620961544948014,-0.02101881009607385,0.004832126370830009,-0.009704815272921035,-0.06756919752161814,SUM2_017200
0.5619753794466451,0.2659428977192534,-0.19802750942505037,0.26968148301774914,0.2518806792785381,-0.02917960893935977,0.006430534477099377,-0.006065173184875943,-0.027318631814204825,SUM2_005970
0.12229791694435169,-0.025390079013836987,-0.034474571957470945,0.0493871161444792,-0.047838320898071024,0.07132249734506708,-0.014198696347895154,-0.025194069121502887,0.009622420813846125,SUM2_000649
0.09618254827959713,-0.010594608496268953,0.7619236413265323,-0.003337738532920513,-0.01671653084373196,0.12319505195475262,0.015011763816734284,0.07541504035659256,-0.0022545739243076683,SUM2_004627
-0.12233966165001123,-0.017638143190548745,-0.4504258017363842,-0.05978061988286182,-0.008025891082089892,-0.01944818438261051,-0.004922613240146116,-0.007083750379926727,-0.01333228264405074,SUM2_010335
0.07897394481753228,0.004134188583903037,0.47395230446453296,0.027821060339613103,0.013242331692933049,-0.0186334608650677,0.03820415166000683,-0.026998876870952253,0.01630023433904324,SUM2_005683
0.09618254827959713,-0.010594608496268953,0.7619236413265323,-0.003337738532920513,-0.01671653084373196,0.12319505195475262,0.015011763816734284,0.07541504035659256,-0.0022545739243076683,SUM2_015802
0.0877075130412557,-0.055571362234847196,-0.12811263858083044,-0.05527104538872137,-0.20083613419924765,0.06174830285032431,-0.03711811456430713,-0.037961751382325624,-0.013199052841128569,SUM2_000634
-0.05775634382370641,-0.04129743239759685,-0.08136421234018176,0.021212193411252557,-0.04324416068423747,-0.01869785515989535,-0.01016314577749414,-0.008993781168979215,0.032429755638022084,SUM2_009584
0.07966616389061679,-0.02886051587421955,-0.26553414471074366,0.00932856316429716,-0.05869304991070402,-0.01713926923209536,0.0112458559018772,-0.008516097199448642,0.14919839846004435,SUM2_005854
0.16590937054455349,0.12041804319299113,0.4983176200173244,0.04730040349716516,-0.017531468720178876,-0.017188824279400005,-0.013511928265242978,-0.01457516677696285,0.019488215211838376,SUM2_004329
-0.09696547671751038,0.00884942277184712,-0.320816361271147,0.000833181971783252,0.09822408734874404,-0.019819998662708622,-0.005068812944017552,-0.007603079267212641,-0.11083140589610097,SUM2_007938
0.047937435431932615,-0.06591625815797766,-0.41309150176132325,-0.036512818402038356,-0.2558157809248217,-0.021737594633304064,0.005353062447722969,-0.009714292409867362,-0.0907280833151705,SUM2_008789
-0.08064291696824957,0.10296895440215954,-0.28228428741721184,0.06035639084685972,0.04359337890011385,-0.016825012976159064,0.01607562433995178,-0.007837480887505405,0.12203797197518788,SUM2_012898
-0.11639945786344849,-0.016849558032745193,-0.5201936184182983,-0.0019962982560677075,-0.004871593775572452,-0.020272928765761415,-0.005462421905457805,-0.007814092956439488,-0.11341410569003936,SUM2_015592
-0.10225740513037133,-0.023316935005543934,-0.4054500169209838,0.03581603596190157,-0.05271201968771135,-0.02177356667423458,0.009732297358771704,-0.008274365412665876,0.006300502225482585,SUM2_006602
-0.1807650020732347,-0.06672954924960779,-0.40501003968199145,-0.020142563442254437,-0.0883660831784666,-0.0246614899684116,-0.0014632627963106265,-0.00941016379733423,-0.07706453422396925,SUM2_001838
-0.13622540444361936,0.022878816116985955,0.6930673488437364,-0.023925593988381066,-0.10833124434138056,-0.022304469388552815,-0.021244501004860566,-0.01765944813159486,-0.08620811619612562,SUM2_002113
-0.08875966562454349,0.014584855857582835,-0.29137398233544254,0.03628889099661262,0.055598498848506206,-0.01723984801380149,0.01640426268128165,-0.007964951924604873,0.07307953019968115,SUM2_008611
0.023793882056408592,-0.038946639560564586,-0.3933560500014033,-0.01976049693748922,-0.02576090396842563,-0.021874672968013244,0.010448248865128124,-0.0088446681427695,-0.012685709680872344,SUM2_008923
-0.07803306104024584,0.022108196227559447,0.5631818447185115,-0.0090663790007195,-0.0031212351234801805,-0.01994206775744512,0.01904255080373347,-0.017100425517789137,-0.006917930375624065,SUM2_004122
0.4920721670875653,0.024704398974150756,-0.27374731968105764,-0.07462307851547569,-0.020149800863429667,-0.02241473431922376,-0.01470207614810019,-0.0077123340722122374,-0.04742387721900335,SUM2_006689
0.17783490739930352,-0.02726464432498311,-0.4272097970695217,-0.06954878081890556,-0.18038212758833763,-0.02278528306010741,0.00843726495318937,-0.008706836202909417,0.1008067657283731,SUM2_018564
0.010227854695880287,0.0011417165781844895,0.4600677320101586,-0.010899048428650105,-0.18192247272694187,-0.01933634945538934,-0.034401700262086936,-0.027221843106049592,0.007973131323601265,SUM2_017337
-0.15202775820426123,-0.018159074863986397,-0.45308654000197734,-0.00513594568001782,-0.08593010588527103,-0.01654389901416398,-0.018433539526461366,-0.006872978580514914,0.003362152476995477,SUM2_016114
-0.12877701370963718,-0.03350657410205232,-0.41242315589576783,-0.030195697643570375,-0.020547661208650425,-0.01970328883347016,0.013402513343963158,-0.009135936796049937,-0.0631320091829936,SUM2_012663
0.3662624639609652,0.013513374953257325,-0.2758804975413068,-0.028331725044395396,-0.05971538952835882,-0.020118427894286483,0.00959385743932992,-0.007753375221651679,0.09867676159431858,SUM2_018501
0.015702769599202495,0.17389638108321717,-0.08978588879565697,0.02418164813010542,0.030784491631224643,-0.01900525251705663,-0.006635702943794758,-0.007286311847833095,0.05125531905530095,SUM2_000578
0.17728719480526894,-0.055686402282383377,-0.28935279247690837,-0.009938230571851062,-0.15598215496106443,-0.019457634462138933,0.0070056327809425055,-0.00893146705532923,0.1023868071891317,SUM2_009622
0.5042544997094679,0.031085501797806593,-0.41276417400642984,-0.07605614154035253,-0.09681866338186779,-0.022675764413674315,0.009633821852150865,-0.007602158336198541,-0.09048725661117976,SUM2_014474
-0.09259986022357493,-0.018012667050372765,-0.3080709149248898,-0.026137959893855024,0.12866849866601207,-0.01964144641802621,-0.014340601927552701,-0.007864215348448141,-0.11606098754410647,SUM2_018800
0.5292887569271519,0.03827108073906143,-0.02744673961895751,0.0794689900613837,0.4924434240818739,-0.03470837440619161,-0.012557316456508791,-0.006052303311375901,-0.009631225034668747,SUM2_010945
0.014348773525587546,0.026794217442800937,-0.258564361008842,0.05678597613069451,-0.07535617862005708,-0.01868762951795539,0.00894119919015537,-0.008655647828249723,0.18617163224942576,SUM2_014329
-0.05618692105020404,0.028545656639728672,-0.3188439604534583,0.047149854877410136,0.03063252672305069,-0.018652115394038094,0.011612402503474378,-0.008633273474406485,-0.008245979737955312,SUM2_012671
-0.055529278606816945,-0.044240982318093904,-0.47304798375304313,0.03958661781672544,-0.054117428806970166,-0.017583844955108285,0.009267109575197413,-0.008093752477381023,0.18466418292781978,SUM2_002765
-0.06855129334419593,-0.01132451957341841,-0.45634317443029015,-0.058492085613317556,-0.0438672649406037,-0.020690334655039194,-0.012065592226896127,-0.008546294460918629,-0.017392660009534287,SUM2_016633
-0.04191055264428446,-0.027351153625259937,-0.319668254035978,0.0901063270029963,-0.031380192324419895,-0.017560261096419432,-0.008418886076574672,-0.008179518622693737,0.010675824236238429,SUM2_018977
0.9337657893556722,0.02333560872910271,0.13969496180561658,0.1637320856923156,0.2837719494415103,-0.020293056539529467,0.023603747217508648,-0.005349853308600503,0.028654552685145163,SUM2_000655
-0.07550518472152759,-0.06609447936395549,-0.3967054157954489,0.1451935231207488,0.005903512947050561,-0.020465767563313877,0.010819460919329666,-0.008020716847904358,-0.008035568437988153,SUM2_018258
-0.058050651621648665,-0.0031754982832320226,-0.08982440808662957,0.004435052709612865,-0.06519403695293474,-0.017022328504040483,0.016803527278482184,-0.008423589291390818,0.03789838154490011,SUM2_004989
-0.0866214452600947,0.02671917554817198,-0.39292498640743656,0.023887190602190057,-0.03820671093878313,-0.02036443548115114,0.00982054647912117,-0.008159292931646318,-0.020878148215631914,SUM2_005008
-0.05547114252010208,0.047132499687788765,-0.1792265184873633,0.08027165635956532,0.044167272559677485,-0.02107129836369197,-7.601793726463336e-05,-0.00833687884336292,-0.017726565068912722,SUM2_006957
-0.09299403878440085,-0.033273213295489525,-0.33507506238343265,0.010822977576965986,-0.08075603126418754,-0.019626163702035775,0.008082249835980323,-0.008217096493445835,0.10478180815159097,SUM2_015020
-0.058050651621648665,-0.0031754982832320226,-0.08982440808662957,0.004435052709612865,-0.06519403695293474,-0.017022328504040483,0.016803527278482184,-0.008423589291390818,0.03789838154490011,SUM2_012678
-0.058050651621648665,-0.0031754982832320226,-0.08982440808662957,0.004435052709612865,-0.06519403695293474,-0.017022328504040483,0.016803527278482184,-0.008423589291390818,0.03789838154490011,SUM2_013780
0.11061136412915376,0.005023456777488699,0.6415154391492084,0.005475111583874727,-0.04396117401667356,-0.016859929191090715,-0.027158816524321016,-0.0172447190232919,-0.004303562891720085,SUM2_006224
-0.11256996717274848,0.028051584908934214,-0.45542891198617275,0.08570275611347926,-0.01928437034703292,-0.02038173809854567,-0.005636378580515325,-0.007105552634403854,0.004068077091414655,SUM2_000488
-0.1827779854099893,-0.0410979032924063,-0.4037591902607696,-0.041545328496709465,-0.05347062880511144,-0.023770394190663464,0.011527803383658868,-0.00947893792726352,-0.0048832828205109865,SUM2_006927
0.25880974337869206,0.039069755738632625,-0.2995070343735263,-0.03557556289803666,-0.20919184283667622,-0.020559477718221073,0.00819309037427056,-0.009468652650042958,0.11739435541350134,SUM2_004435
-0.07970885384659279,0.0017184485447369884,0.16006179738743526,-0.028607223851174375,-0.03571772620019688,-0.020784910701159082,-0.017112537523813198,-0.014950771378388347,-0.08490088657048404,SUM2_004448
0.2808517836209269,0.08924682963609201,0.5456395447647046,0.06206113606899914,0.3684876192570493,-0.025558657366873107,-0.013931026501684379,-0.006997382158022025,0.016822234440705054,SUM2_012774
0.09618254827959713,-0.010594608496268953,0.7619236413265323,-0.003337738532920513,-0.01671653084373196,0.12319505195475262,0.015011763816734284,0.07541504035659256,-0.0022545739243076683,SUM2_006987
0.4290652655592376,0.012643034293737023,-0.334187266983789,-0.016520822912408896,-0.040731581383209065,-0.018124900552081054,0.010445868437668423,-0.00845660551059348,0.06926342947304248,SUM2_007769
0.24291452427180196,-0.00065554231678567,-0.3683451974736052,-0.0588000693444191,-0.1698310683628611,-0.023881561620249646,0.009489031306506813,-0.00914138500237688,-0.08572784954436427,SUM2_001922
0.6718589141080933,0.0735824167755739,0.009138361258307411,0.02970364931799826,-0.1534901036232768,-0.02594736842483162,0.011145653428225877,-0.008108444364629364,0.15938406106764866,SUM2_012212
-0.0793117213385784,-0.11028686070958409,-0.3643153549525464,-0.0680082452107161,-0.14623533494529076,-0.022344883179806967,0.008915418673540166,-0.009140364011635113,0.12203899365076976,SUM2_018091
-0.058050651621648665,-0.0031754982832320226,-0.08982440808662957,0.004435052709612865,-0.06519403695293474,-0.017022328504040483,0.016803527278482184,-0.008423589291390818,0.03789838154490011,SUM2_002812
0.16623794079521217,0.0630607722100728,0.075718475123719,0.10072424209399126,0.4052407800039572,0.09358046398973885,0.032435157196643194,-0.015056664700228827,0.0026456584941735766,SUM2_011060
-0.058050651621648665,-0.0031754982832320226,-0.08982440808662957,0.004435052709612865,-0.06519403695293474,-0.017022328504040483,0.016803527278482184,-0.008423589291390818,0.03789838154490011,SUM2_002998
-0.018062270377338367,0.001607816816415953,0.8421120984675848,-0.012443379296096038,-0.056758923417261,-0.020242313093783486,0.024428771145256895,-0.01552105511686136,0.004794167197335916,SUM2_014682
-0.09592392068120273,-0.029785836433406356,-0.40831201324260935,0.010616013949389859,-0.015406965514522596,-0.018792867414682893,-0.0061103413880593,-0.00658169679567047,-0.00583538330506303,SUM2_005730
0.09618254827959713,-0.010594608496268953,0.7619236413265323,-0.003337738532920513,-0.01671653084373196,0.12319505195475262,0.015011763816734284,0.07541504035659256,-0.0022545739243076683,SUM2_000869
-0.09785683495055586,0.003009852064494051,0.0044336866055558945,-0.009755479229104632,0.10822401828793175,-0.018426790189196147,-0.0027545062326982937,-0.006268937028484324,0.012831021612190649,SUM2_008481
-0.13823613824411396,-0.030295878346371652,-0.46876299138506716,-0.014735881574411708,-0.028911469713235927,-0.02060806599818335,0.006530294141850607,-0.009532742806335934,-0.06567018030817963,SUM2_010731
0.1991016300037882,0.07975817681735574,0.28662639277869484,0.34349862914259993,-0.03428646765710102,-0.017063722031600715,0.030567785843019845,-0.012518586106236138,0.0876590826866859,SUM2_017676
0.08438765884776853,0.09463672092516151,-0.04285425657191969,0.1009470483237193,0.2226485108499618,-0.017833399492680903,-0.004086351825676372,-0.006571475390114899,0.023063275410498386,SUM2_014391
-0.09081025056780898,0.026386516747304044,0.14326650089387086,-0.0354292456377503,-0.11507661552541677,-0.021632298775072233,0.02032975202902696,-0.011935557962772163,0.029846532337759402,SUM2_014571
-0.056058098650774435,0.13360320338615617,-0.18395082530103882,0.09148304308190748,0.2781163595422744,-0.016546205998402536,-0.0057657188564578495,-0.007314080088645381,-0.047925246618521114,SUM2_005839
0.239200469645137,0.24344908476826016,0.22133918650658116,0.24153154976314228,0.4484633800415069,0.12285103340771637,-0.01201165254266714,0.004988356961398716,0.019400831952064542,SUM2_008872
0.3886152838201932,-0.03114867558012303,-0.34558764512527385,-0.1175340381748066,0.1767286568157001,-0.016210343171618107,-0.013573928613065656,-0.006781037973670951,-0.04822682108662541,SUM2_018544
-0.11168117397502979,-0.015264004418656682,-0.43955082246696575,0.020551776824161077,-0.08533074788408304,-0.018370044740054076,0.0069915442711958545,-0.006528598286755909,0.1397032211058884,SUM2_014882
0.09618254827959713,-0.010594608496268953,0.7619236413265323,-0.003337738532920513,-0.01671653084373196,0.12319505195475262,0.015011763816734284,0.07541504035659256,-0.0022545739243076683,SUM2_012145
-0.10914796506861016,-0.022309870196942784,-0.3795858942140841,0.004547103242600927,-0.009692705887864202,-0.018759266517746377,-0.006426265134485039,-0.006441623430729458,-0.011202161166566669,SUM2_005112
-0.024959163727534005,-0.011115694686108355,0.428174269814951,0.030596371330682725,-0.03868346988580928,-0.01644241981467069,0.017020874682524636,-0.014060154559679858,-0.04422571534933504,SUM2_004663
-0.11407430982202704,0.00046368436434824495,0.4549285454407149,0.020069381919819274,0.01003186617643533,-0.019615851216583054,0.011261850725001871,-0.01629691175226789,-0.18835087930824143,SUM2_012183
-0.09239165329256999,-0.0399993215104731,-0.3403365236743318,0.007091560102465933,0.010160683297371052,-0.01869677152957622,-0.0089670284192542,-0.00703296680561343,-0.00467744040370732,SUM2_012542
-0.0876146160050897,0.004809460203228557,-0.32313523865499416,0.07646062092059144,-0.01743010897149454,-0.019647983226699233,0.01205940812720995,-0.00818449022050928,-0.0005277655365106395,SUM2_008340
-0.11506701878201415,-0.020257565521509407,-0.15422515322336042,-0.006911359798441435,-0.07288102736755422,0.14049587586619383,0.01324992882381365,-0.010337422075877761,0.03356665688117316,SUM2_010128
-0.058050651621648665,-0.0031754982832320226,-0.08982440808662957,0.004435052709612865,-0.06519403695293474,-0.017022328504040483,0.016803527278482184,-0.008423589291390818,0.03789838154490011,SUM2_010035
-0.009056302478174813,0.003372172380392377,0.782944438516352,-0.0160812838480645,0.013097905858220061,-0.020814205766224537,0.023460881272420436,-0.017482210451281344,0.1383681915494071,SUM2_016078
-0.06568151042690236,0.14025937498743152,0.08350005595948588,0.10237671581817727,0.016333035442231084,-0.02007412647819801,-0.007736416548545878,-0.008363231116747777,0.009219201778044347,SUM2_013114
-0.07127799934952064,-0.03042342894527835,-0.3464446926356096,0.0155057263321943,-0.0812964409119895,-0.019847070761575932,0.008179217941039532,-0.00865854691817444,0.052668350800689955,SUM2_003790
-0.043989423534189054,-0.03951106963905433,0.7835820787087171,-0.0010334652943948986,-0.10316922517705027,-0.022556053643461565,-0.04753619058390691,-0.016613063471807295,0.06290077557985181,SUM2_008955
-0.14233162799836552,-0.06775844196503038,-0.5003356767140879,-0.053465329552020616,-0.18079810816104974,-0.02116764812214509,0.007084576678238008,-0.009685733933128096,-0.06789884016769519,SUM2_009667
0.1678283375096568,0.1244994152454311,0.3203920996981129,0.03491209657170454,0.01442327803251072,-0.016430015244078396,-0.011667945937251196,-0.012622651701380019,0.03196895245832695,SUM2_003159
0.09618254827959713,-0.010594608496268953,0.7619236413265323,-0.003337738532920513,-0.01671653084373196,0.12319505195475262,0.015011763816734284,0.07541504035659256,-0.0022545739243076683,SUM2_012170
0.0606515909400702,-0.06864282686316178,-0.15202387449436938,-0.06192905595530677,-0.207491958663873,0.05486097805069112,-0.04532677262339669,-0.04185541522587701,-0.015148433542494153,SUM2_009817
-0.005409930634063939,0.0036702177391063685,0.5220509165407299,-0.005445301837823182,-0.004127496850545556,-0.018826555213966402,0.013451156110099038,-0.016427576825215395,0.18502888665494827,SUM2_000092
-0.04847929183549853,-0.02735018064465831,-0.3263186517874937,0.07224220502707808,0.02624222429913377,-0.021476442745507057,-0.007476345087172803,-0.008916611948780824,-0.1075421055847596,SUM2_001081
0.17346295645815898,0.09274592248287324,0.3078362839461306,0.054858439637071946,0.39523191018908455,-0.03929471264094612,-0.020350185716027196,-0.006746680796896838,-0.00441409348108768,SUM2_017815
0.4555987697586087,0.03233406990796906,-0.3922429993129791,-0.059254002022567545,-0.16494050965174334,-0.025037152757214687,0.009365350370907428,-0.008359311912987676,-0.07132468293754725,SUM2_007459
0.12166228891607415,-0.046233369755613374,-0.259643663038616,0.0006073238257003945,0.022154953720092428,-0.017830917864833512,-0.01068305406868076,-0.008847278490821304,-0.017771732701760405,SUM2_010469
-0.058050651621648665,-0.0031754982832320226,-0.08982440808662957,0.004435052709612865,-0.06519403695293474,-0.017022328504040483,0.016803527278482184,-0.008423589291390818,0.03789838154490011,SUM2_007816
0.36686582212181523,0.08429298134260267,0.5303905865832189,0.09672833106816257,0.10031559605546181,-0.020839833874867337,0.015323899214270704,-0.006439286400403537,0.014517102817458175,SUM2_008441
0.3887413153482669,0.009037759570828249,-0.2615123498117873,0.08396217549608538,0.1323527803587784,-0.013905896451002375,0.010652422050158991,-0.006565767511138692,-0.030189578638358118,SUM2_010974
-0.058050651621648665,-0.0031754982832320226,-0.08982440808662957,0.004435052709612865,-0.06519403695293474,-0.017022328504040483,0.016803527278482184,-0.008423589291390818,0.03789838154490011,SUM2_009773
-0.05107423309736057,0.0031892394756395603,-0.04714522070516597,0.03280359547565018,-0.02931179517721718,-0.021391800159967868,0.015743964496489113,-0.008088608915060429,0.034761738944051705,SUM2_015812
-0.07620436730755432,-0.0037772813971739204,-0.2910311864560894,-0.033564283780670764,-0.03469100757144717,-0.02063757372974643,-0.008002388400153188,-0.009615110352795607,-0.056017597668830243,SUM2_013033
0.008439763384395834,0.016561669872942542,-0.3734804000055787,-0.016983509552242683,0.025606345068258363,-0.01822982086902001,-0.010513810778169102,-0.006707430511131762,-0.009358802556347637,SUM2_013081
0.30122250757422336,0.13213142708067052,0.4593856969432946,0.06013082316799612,1.1382951150110656,-0.03908380205291166,-0.022631086524573518,-0.015827489669885907,0.016015702747165426,SUM2_018737
0.8906350716149183,0.09996135130748512,0.13202014391808362,0.021731348654617424,0.041294990096294795,-0.023501145805705195,-0.012534874319493683,-0.008239153900849918,-0.013460568013473898,SUM2_012104
-0.08402480587390918,-0.05232322867782331,-0.09051719685514534,-0.0035401446282092896,-0.09568499367797476,-0.02146716379224683,0.018701755852344498,-0.008685894538216821,0.04095749937493241,SUM2_018216
-0.08057547167657073,-0.009607871678433383,-0.045597834388722,-0.026184190908117848,-0.13957140611712907,-0.018851088529670625,0.018407880113436095,-0.00785522995585149,0.11302473904819095,SUM2_002026
-0.058050651621648665,-0.0031754982832320226,-0.08982440808662957,0.004435052709612865,-0.06519403695293474,-0.017022328504040483,0.016803527278482184,-0.008423589291390818,0.03789838154490011,SUM2_011657
0.09618254827959713,-0.010594608496268953,0.7619236413265323,-0.003337738532920513,-0.01671653084373196,0.12319505195475262,0.015011763816734284,0.07541504035659256,-0.0022545739243076683,SUM2_000159
-0.06640024136519289,-0.048637954700446816,-0.4927825863325033,0.030262114864332702,-0.1915287195891478,-0.019793213511050702,0.007728171492155693,-0.009342439936072793,-0.05555145872232179,SUM2_004254
-0.08290363862355195,-0.03392360010128818,-0.3516727913836881,-0.05458538901999518,-0.059122926618929636,-0.022153198936717567,0.014285928386447294,-0.00869359675216494,0.017853754658148112,SUM2_017847
-0.09223722998492828,0.019157813109306858,-0.2435712005604652,-0.0005250268884934732,0.006175001437738003,-0.01998510788605144,-0.00907791724210058,-0.009522458904111485,0.05242444535778455,SUM2_013748
-0.14050900126454044,-0.019222962206768737,-0.15103079733381405,-0.0025862000569315743,-0.060748907949270306,-0.020183749414859342,0.012728978635483317,-0.008542698299366396,0.03362646382426755,SUM2_003800
0.6202465257848486,0.023540566837936393,-0.10950080604753905,-0.11910519761087077,-0.021164554011827062,-0.021446274173441023,-0.013997330272352348,-0.008287758979072945,-0.06198719290787509,SUM2_017186
0.034605579570076477,0.004791287619086817,0.7537821902953838,0.01313699610927769,-0.054336116505982676,-0.016061214231738445,0.019637691985543607,-0.01507444111189905,0.07048743704450758,SUM2_000455
-0.15424181881285307,-0.05182645892574648,-0.3464194934413761,-0.013041328691915512,-0.07704290338966116,-0.022989062252537523,-0.00863366656373258,-0.009040293516635774,0.016671778528583276,SUM2_017778
0.021667412249659512,0.017988955693557906,-0.29210902118579807,-0.0214233995088065,-0.17454155415157657,-0.019767585331240088,0.010119937199076903,-0.009743116195084122,-0.09749680765365724,SUM2_012709
0.09618254827959713,-0.010594608496268953,0.7619236413265323,-0.003337738532920513,-0.01671653084373196,0.12319505195475262,0.015011763816734284,0.07541504035659256,-0.0022545739243076683,SUM2_016260
-0.14657919108380515,-0.014461012357868822,-0.35190887081624755,-0.057486737781929656,-0.026387339771285028,-0.021973227341339184,-0.007340133892363658,-0.009654278467994498,-0.005518617261480571,SUM2_005341
-0.09016831193834726,-0.03162645579184363,-0.2942287331700263,-0.005507835679687288,-0.06131587554634926,-0.02168046895906318,0.012830255211035743,-0.008703291012184766,0.011216061184917265,SUM2_015111
-0.1648335831024438,-0.061897914986969026,-0.013974687475874475,-0.013529257473753243,-0.08367034615732946,-0.022827000346171224,-0.013402572689057798,-0.009066664691063868,0.10847479886652447,SUM2_010802
-0.03298993464805209,0.008125231196663899,0.774607109820138,0.016131304864676264,-0.15406043569440706,-0.022616719036643595,0.0646332705969618,-0.019189338688870003,0.04976935082407521,SUM2_007176
0.09618254827959713,-0.010594608496268953,0.7619236413265323,-0.003337738532920513,-0.01671653084373196,0.12319505195475262,0.015011763816734284,0.07541504035659256,-0.0022545739243076683,SUM2_014119
0.05480963517753543,0.05152908111282804,0.8502713105746487,0.09631447729588853,-0.1001877238547098,-0.02215644343928107,-0.017588226013514875,-0.01508793092447385,0.017819281759123565,SUM2_008468
0.23064454811874463,-0.023105930304769456,-0.08133916894807877,0.08244723100048795,-0.15414348675757167,-0.030537134512236087,0.027867830334355203,-0.04035020252526752,-0.004202774051568828,SUM2_017292
-0.15055234558869368,-0.03819511719072544,-0.4197884201536704,-0.007293697451464567,-0.01792581807438508,-0.02329824374427386,0.007734057960385743,-0.00910226853339714,-0.009510128267167513,SUM2_011508
0.18324643212797212,0.04199115897440636,0.4312519876951052,0.07116908690659693,0.08252000451276553,-0.019151146443971513,-0.019395523127784843,-0.011948140346373943,-0.09776336652898114,SUM2_006887
0.3959180838765019,0.05265083027702585,0.04523780656026058,-0.045015869657380705,-0.14242280431923846,-0.02064877062074564,0.010090594578289636,-0.00893164021860736,-0.045326364556749855,SUM2_005224
0.32485172090600223,0.013942955463044266,-0.6570669028235573,0.10443895314021341,0.31390839071384286,-0.03774441383813074,0.016991150901710977,-0.0065033626213960374,-0.0790926604865027,SUM2_015936
-0.10327509366111218,-0.016056722217244933,-0.4043206349828926,0.02002346352338875,-0.03946476958600255,-0.01913532041593612,-0.008651118280205043,-0.009042868088669692,-0.007397181959929407,SUM2_017858
-0.09017760137027671,0.014505640990389623,-0.34629117272239496,0.03136272427239414,-0.0191110589094727,-0.020636927854997898,-0.007209188900677617,-0.007453910366348168,-0.021185621398163913,SUM2_012615
-0.050789638943062355,0.007241624524610073,-0.07527519849472084,-0.006646100405333234,-0.008951346164933257,-0.021608105225645012,-0.009809860785073846,-0.008756806874214523,-0.13306652787828324,SUM2_010206
-0.0941277561584744,-0.006005780309329005,-0.32644842417668285,0.0054374331343575695,0.09763905047873309,-0.02041106857151451,0.009186517790045695,-0.007460351664063711,0.012575264435382632,SUM2_011953
-0.14050900126454044,-0.019222962206768737,-0.15103079733381405,-0.0025862000569315743,-0.060748907949270306,-0.020183749414859342,0.012728978635483317,-0.008542698299366396,0.03362646382426755,SUM2_015863
0.48598038090399065,0.07412542477020148,0.28524891734181035,0.009340896885813023,0.00965254547396152,-0.02870030741660226,-0.02093268490884747,-0.013922522663684298,0.015685086122495584,SUM2_013128
-0.12204219263067202,0.09672960335878045,-0.12329310441505503,-0.06383103804028004,-0.030324972325601596,-0.02358560248967199,-0.00869759456802836,-0.008874075843488849,0.010844563998550799,SUM2_012661
-0.030432481310911048,-0.06806759400120475,-0.21384304716774025,0.10434594319459264,-0.08000404428330088,-0.019872121542400256,0.009676118510269904,-0.008328266846551314,-0.03821286101889682,SUM2_000046
-0.14971367379584286,-0.011473029326440991,-0.5164030603601206,-0.0294580647850604,0.07008942532309857,-0.020098019122453695,0.007021918165620196,-0.008277986397361528,-0.04488417346426342,SUM2_012557
0.09618254827959713,-0.010594608496268953,0.7619236413265323,-0.003337738532920513,-0.01671653084373196,0.12319505195475262,0.015011763816734284,0.07541504035659256,-0.0022545739243076683,SUM2_016732
-0.022502522472005484,-0.04237458086459359,-0.26810728645697957,0.010367338217267005,0.10784783330726419,-0.018799649726465802,0.009090841310741388,-0.006945010364416704,0.10603485231862449,SUM2_002295
-0.10358529643510028,-0.031923648449039645,-0.4645412515920041,-0.009670237075647035,-0.1858011016706508,-0.021207274199429714,0.007868847957276881,-0.009937871487186237,-0.07087570150009179,SUM2_017330
-0.122159183125284,-0.003799379738372058,-0.20295476345740351,-0.02355462572553809,-0.09601595848617787,-0.01942448209718044,-0.013292436017953149,-0.007987968395693611,-0.15337304646066444,SUM2_008650
-0.17240103384878674,-0.03863487982096327,-0.4735848217254591,-0.08000699610077604,-0.18756808791313057,-0.021016966650915722,0.006809825177461586,-0.009807682310944194,-0.07496276512242588,SUM2_010816
0.06621988932724068,0.07582712374973148,0.10018780527369239,0.060173194835437885,-0.087636849687901,-0.017682911249960416,0.005953938596769139,-0.009222069866430954,-0.06734883691067788,SUM2_015842
0.08551397070146374,0.0653102961284929,-0.26299484883695545,-0.011925031135310392,-0.0660860637571385,-0.0181129006595245,-0.006719402969244272,-0.008854632410901526,-0.0028800905363634047,SUM2_002457
0.2000519213044784,0.03796524493641253,0.4375399343821642,0.22279548533848748,0.10280037346440636,-0.018346259725108522,-0.02054599516537808,-0.011639985985128422,-0.05964059376933837,SUM2_002015
-0.0917422708475014,-0.0033416217498222585,0.05375976090480873,-0.03514704768253718,0.09239151273966521,-0.01977152182886996,-0.002736416565165533,-0.006939078534633045,0.024907870755306004,SUM2_005746
0.09618254827959713,-0.010594608496268953,0.7619236413265323,-0.003337738532920513,-0.01671653084373196,0.12319505195475262,0.015011763816734284,0.07541504035659256,-0.0022545739243076683,SUM2_011311
0.09618254827959713,-0.010594608496268953,0.7619236413265323,-0.003337738532920513,-0.01671653084373196,0.12319505195475262,0.015011763816734284,0.07541504035659256,-0.0022545739243076683,SUM2_013436
0.09618254827959713,-0.010594608496268953,0.7619236413265323,-0.003337738532920513,-0.01671653084373196,0.12319505195475262,0.015011763816734284,0.07541504035659256,-0.0022545739243076683,SUM2_011768
0.021748451901028868,-0.018645429684181293,-0.09621193510005949,-0.03223213300498471,-0.05579403866327888,-0.022063976208410878,0.04079748084343135,-0.03422099732275726,0.0911098281974072,SUM2_013256
0.21133455207537236,-0.018120315188777013,0.47500477466294855,0.028178016622137037,-0.11023285920318877,-0.020153180065048543,0.03601207387662904,-0.01756288999148701,0.030002586077661087,SUM2_004773
-0.14418376136952288,-0.0484286708483877,-0.28521107018244185,-0.048880428381905115,-0.030167248648895462,-0.01730070980423453,0.008187900171692478,-0.008974712249698844,0.027616943915742327,SUM2_011039
0.09618254827959713,-0.010594608496268953,0.7619236413265323,-0.003337738532920513,-0.01671653084373196,0.12319505195475262,0.015011763816734284,0.07541504035659256,-0.0022545739243076683,SUM2_008996
0.12118507523872957,0.02428056900786096,0.5932545250219216,0.005411737027797552,-0.007091413509087508,-0.019710632760505074,0.01807454730580499,-0.02324812698505181,0.14666666162986833,SUM2_014915
0.09618254827959713,-0.010594608496268953,0.7619236413265323,-0.003337738532920513,-0.01671653084373196,0.12319505195475262,0.015011763816734284,0.07541504035659256,-0.0022545739243076683,SUM2_017871
0.08093754799870764,-0.04667756469986548,0.015012771817492396,-0.054846168665549075,-0.10532172144852167,-0.01936394435969479,-0.04021178743223479,-0.038683906451058694,-0.018557619924623077,SUM2_011584
-0.08538033897030128,-0.01513022803036584,-0.3592397931842174,0.01895696136461517,-0.026004361576146696,-0.01889834967059628,-0.007768293514872597,-0.007091147880881296,0.009289122283007998,SUM2_004263
-0.12108358980204872,-0.0021699205462350235,-0.4516712595364579,-0.0029141224660888315,-0.007860801551172532,-0.02083457936167274,-0.0012506331071056882,-0.008297143015942924,-0.03658983162900945,SUM2_015743
-0.04925994088395681,-0.0023959421543005956,0.8102683130209523,-0.05387019444519161,-0.043864275657903413,-0.021845108858504148,0.018965901679494763,-0.017471010804418,0.012695658450985265,SUM2_005345
0.2033424847159097,-0.012408337520760163,0.6873955222114543,0.03925306688434023,-0.096918793501513,-0.012577225400362027,0.013343807863403426,-0.015632761334484113,0.017417267812338433,SUM2_000877
0.08093754799870764,-0.04667756469986548,0.015012771817492396,-0.054846168665549075,-0.10532172144852167,-0.01936394435969479,-0.04021178743223479,-0.038683906451058694,-0.018557619924623077,SUM2_017994
0.09618254827959713,-0.010594608496268953,0.7619236413265323,-0.003337738532920513,-0.01671653084373196,0.12319505195475262,0.015011763816734284,0.07541504035659256,-0.0022545739243076683,SUM2_015243
-0.033363639415977184,0.014270417491172225,-0.4523728273878514,-0.023025933185436553,-0.0026424846734685427,-0.01987580577631236,0.006150686167576058,-0.008548484653993504,-0.08498550723091326,SUM2_015816
-0.1713698515198188,-0.03194952872135129,-0.3527245651354624,0.0005373088989822422,-0.061770917639059994,-0.020048826857306957,0.010488360999897276,-0.007956868520349275,-0.060742441129664315,SUM2_006827
0.09618254827959713,-0.010594608496268953,0.7619236413265323,-0.003337738532920513,-0.01671653084373196,0.12319505195475262,0.015011763816734284,0.07541504035659256,-0.0022545739243076683,SUM2_013413
-0.18310699274557252,0.011738466905643041,-0.2879940176659167,-0.03340606760322432,-0.054018124834966375,-0.01976069717443683,0.006867928601951375,-0.009304175975993137,0.19174938568433267,SUM2_007331
1.1741873959552753,0.06393363621148392,0.1617919698498229,0.05668218054670369,0.09149356052876928,0.13351352921854318,0.008632852619652676,-0.012370769588232041,0.10267211480720546,SUM2_009676
-0.004048471913014065,0.013061339636570099,0.8077282138745859,0.027885556651202827,-0.11709583344693482,-0.01901491146084249,-0.034379235174115265,-0.016708383436333827,0.03964367887597294,SUM2_011316
0.09618254827959713,-0.010594608496268953,0.7619236413265323,-0.003337738532920513,-0.01671653084373196,0.12319505195475262,0.015011763816734284,0.07541504035659256,-0.0022545739243076683,SUM2_015611
-0.14329596640521042,-0.015069147880731654,-0.33517982412793834,-0.029934383985116626,0.09143881131816808,-0.019370930216769357,0.0081504054914544,-0.008035122162277947,-0.03436916517679364,SUM2_007770
0.08473828248828141,0.07074666867231164,0.8604834412752131,0.019125983215825808,0.019390273794135108,-0.019820936346548034,-0.0045576926265438866,-0.01269928558909678,0.06549890186773824,SUM2_015168
-0.04213187787917795,-0.029462964481090197,-0.3008268707305556,0.038286546452956406,0.023246343189377756,-0.019611066756308325,-0.00893173178685531,-0.009033444000264812,-0.006655541852971245,SUM2_000895
-0.11133765423646988,-0.02713907686258219,-0.27605072220207777,-0.013637867379739998,0.03487835424379365,-0.018346831607209166,0.005815244158349183,-0.00677387148188249,0.07014045518685855,SUM2_000685
0.26438511136656145,0.200776784660141,0.5652784688112994,0.03519628501423084,1.4352174358294598,-0.030213186943311026,-0.01850668196498334,-0.012469542550717246,-0.27622349901861587,SUM2_007287
0.09618254827959713,-0.010594608496268953,0.7619236413265323,-0.003337738532920513,-0.01671653084373196,0.12319505195475262,0.015011763816734284,0.07541504035659256,-0.0022545739243076683,SUM2_013906
-0.09072495764685637,-0.04747604731154601,-0.23666744369458118,-0.0033264881756939106,0.04968280934096282,-0.019724623102294735,-0.007839637939911898,-0.00821788298715066,-0.019513802168934703,SUM2_006175
0.12158337647629777,0.06499014724640836,0.787111676233015,0.02673098668093435,-0.0964138798195403,-0.015190442198863698,0.010394217520639314,-0.012179614147265807,0.01960599486697493,SUM2_005324
0.19581631037033326,-0.004426406925718206,-0.12900312225974492,0.08886504968140027,-0.0781189601253319,-0.033933148685041756,-0.02254308446565001,-0.03598539981552001,0.017431162361890344,SUM2_015674
0.055892183748225646,0.1468617491297658,-0.018534546507014173,0.046329209333445774,-0.0008134103772768117,-0.01936510032731519,-0.008184967999121332,-0.007117980129323897,0.059459181494793525,SUM2_011870
-0.14470534984087052,-0.04354718181738297,-0.3358392051928296,-0.04760825962296829,-0.012108046170790282,-0.02452961906148115,-0.00771418108099841,-0.009335387622451981,-0.030708112430369177,SUM2_014850
-0.13958949878609278,-0.016180415104647516,-0.462375408869224,0.03299004620556919,-0.011244966009934819,-0.022175042574001706,0.00793457340434589,-0.008392416518276722,-0.003933270038528096,SUM2_000273
-0.13388589652717378,-0.022564103020445193,-0.4030677337344734,-0.05511140965351986,-0.014430868124977967,-0.02048971366003591,-0.006685382273312948,-0.006989494699488101,-0.012771877950402036,SUM2_003713
-0.1640005458517324,-0.02159227359345523,-0.3918681720842171,-0.02903749509867255,-0.012718697339734169,-0.020641195922013904,0.005948601613721469,-0.009334012067402399,-0.03579108873058367,SUM2_006099
-0.10617524930754725,-0.011299046223864852,-0.38083700176096086,0.003070159061981076,-0.04145265187124063,-0.020923644640189653,0.008009219759734154,-0.008478924585553273,0.004513336188203451,SUM2_015653
-0.10912834331329327,-0.11026876340735114,-0.37807650169754614,-0.06504399421901076,-0.15331656797811505,-0.021221708591318268,0.008993504645794745,-0.009121646725556796,0.10994316866775625,SUM2_017955
-0.14050900126454044,-0.019222962206768737,-0.15103079733381405,-0.0025862000569315743,-0.060748907949270306,-0.020183749414859342,0.012728978635483317,-0.008542698299366396,0.03362646382426755,SUM2_013605
-0.0631353650740053,0.017465706326223608,-0.47194489851794713,-0.007248529553657401,-0.06892928029958842,-0.019164877797881757,0.008714584124057421,-0.008740395156002116,0.08220084409524356,SUM2_013101
-0.1131515641643929,0.0006019411104088591,-0.5044983654283148,-0.004196038324175409,0.013437833076727334,-0.021565499013279515,-0.00870754899794422,-0.007699623276867985,-0.029273650582565886,SUM2_008779
-0.037523473044826186,-0.033535248432471215,0.711937032194031,0.0025656243494372732,-0.14135522691273125,-0.02234795260500616,0.05955639468192771,-0.01761629905287978,0.04390451756022603,SUM2_016056
-0.13613205332534262,-0.014474829428762945,-0.35956340737669956,-0.05546752781409605,-0.04668538995248277,-0.02196288537790356,-0.007316630248796275,-0.009540918517521608,0.0006094661971538299,SUM2_005536
0.28851952564972716,0.05764010379370914,0.6552248323357469,0.06894089448186892,0.03738313992918409,-0.01673148419740634,-0.014691535880456047,-0.008322165154821424,-0.006993631243976254,SUM2_006666
-0.07432045503937348,0.035797656038306196,-0.38400400746259733,0.017292698085242537,0.011266500650461518,-0.017413435049177806,0.011474296522566256,-0.007253436473189901,0.17384527117398985,SUM2_014420
0.26866722682295074,0.34150983503580573,0.3558954159037234,0.2549510304864872,0.5516587498375587,0.14517076205137802,-0.004360594886863709,0.009292336995457378,-0.008900999053551304,SUM2_008805
-0.1820802516712971,-0.05180707522334964,-0.3176598666040773,-0.0046945495474583565,-0.017152389991061244,-0.022891360890569097,0.011591052701674941,-0.009376205791362852,0.0020426509562008538,SUM2_001693
0.08093754799870764,-0.04667756469986548,0.015012771817492396,-0.054846168665549075,-0.10532172144852167,-0.01936394435969479,-0.04021178743223479,-0.038683906451058694,-0.018557619924623077,SUM2_007125
0.09618254827959713,-0.010594608496268953,0.7619236413265323,-0.003337738532920513,-0.01671653084373196,0.12319505195475262,0.015011763816734284,0.07541504035659256,-0.0022545739243076683,SUM2_007141
0.20344118726462906,0.33290470657217186,0.2951046555107302,0.16841903069217823,0.4881762078808828,0.13437483864203156,-0.009991747303884852,0.006883553584148899,-0.01693474803566216,SUM2_017555
0.4444497617841819,0.1858995574747225,-0.07964223804392986,0.22931591635079834,0.25151555098250494,-0.027443995531116715,0.01644261119794572,-0.006073366788467099,-0.009909608562970039,SUM2_002833
0.17835498722551213,-0.02601307142817952,0.2976373611029766,0.052804232217627624,-0.05678393440016551,-0.02000040749812222,-0.022405346576639597,-0.02762059260986326,0.08510945505234242,SUM2_009370
-0.07620837595685373,0.03088437507944608,-0.28879621759889096,0.06032967712022671,0.07119580089751963,-0.016330490569413707,0.01640426268128165,-0.007957714047650458,0.09202497915598887,SUM2_019006
-0.1919097631113339,-0.02980104814500496,-0.449209752412335,0.009492088830934413,-0.03454526492294906,-0.01923476312432414,0.00645176019485969,-0.008147897975648424,-0.0701720563632636,SUM2_003650
-0.11506701878201415,-0.020257565521509407,-0.15422515322336042,-0.006911359798441435,-0.07288102736755422,0.14049587586619383,0.01324992882381365,-0.010337422075877761,0.03356665688117316,SUM2_006055
-0.16563303234618723,-0.006343441431273025,-0.32859027872765967,-0.03969059480349705,-0.03623574959278896,-0.02210737287855613,-0.008202273060714102,-0.009708188679645936,-0.008905903867345095,SUM2_016558
0.6674094648716401,0.0040675873408682174,-0.23654224341087535,-0.08272438420262565,-0.2846335210075683,-0.01845307730639893,0.009135974337626954,-0.009352113199647443,0.09536028166245392,SUM2_018653
0.05336454197052385,0.006101014661171822,-0.29001366615122554,-0.03813304421747786,-0.06944223591321882,-0.016968634633500734,0.011490978925583312,-0.00860254032044969,0.05129006822477047,SUM2_018688
-0.11657619854340825,-0.12737791512353458,-0.30806266525823733,-0.045528593656901296,-0.16065882400049075,-0.022280743583332437,0.008796324104903955,-0.009235166473314713,0.054200003003621565,SUM2_017464
0.38596082699350837,-0.05320750721480927,-0.4385336300105317,-0.07181274507386011,0.1758485304131799,-0.019166930301899456,-0.017710356706187667,-0.005615951476065809,-0.0967610943695231,SUM2_007420
-0.04748082946197903,-0.016921614884771802,-0.26156672455935553,0.04874070029128523,-0.006002554717784792,-0.01749826376688523,0.007765923947538754,-0.00870017601582996,0.1805649596336385,SUM2_009747
0.1011111180300007,-0.06536936459909995,-0.39245707214221637,-0.017456143905172375,0.01511736313694403,-0.01733566280701225,-0.009935236750454117,-0.008771866316468379,-0.030356216269100022,SUM2_005357
-0.02202215885694058,-0.02716453564201529,0.6025226516098773,-0.013606146259414125,-0.15058262958078067,-0.022713231361732634,-0.03565646851400389,-0.018311843890379483,-0.08638649526281349,SUM2_002984
-0.059519763946975245,0.01547080626296279,0.13448095930394952,0.01571402897675494,0.22384417093679815,-0.01719140930866847,0.009629461252013145,-0.006848568422243193,0.19192075822171445,SUM2_011816
0.21691541589192848,0.20600686133695997,0.26645331382979015,0.16857536768213233,0.2536131239549558,-0.04604372060139407,-0.019684998991574436,-0.011788018171403852,-0.021782767845603353,SUM2_005205
-0.13730755998094485,-0.004729234317963337,-0.41096666326364356,-0.02514314352000758,-0.0657882085881237,-0.019762689247410946,-0.007853092914678143,-0.008035207263835515,-0.09127221562700757,SUM2_009225
-0.08016778792801223,0.03495021044102578,-0.2946162939132932,0.03926880508488953,0.02909267971685179,-0.01835659891168894,0.016089137828399578,-0.008323949851148902,0.01349117846055592,SUM2_001730
0.09118716392853328,-0.031530325056252737,-0.23627564342069554,-0.044438460352935215,0.24284015425733538,-0.013701801848943021,-0.004614527652214137,-0.007966387904064492,0.04024953706659018,SUM2_009452
0.04232587880279415,-0.04192028024919038,-0.32153247221593456,-0.03569956430083234,-0.11375335560688367,0.04984633942422392,0.014875993111912128,-0.0469116565053241,-0.04053715609463008,SUM2_017991
-0.058050651621648665,-0.0031754982832320226,-0.08982440808662957,0.004435052709612865,-0.06519403695293474,-0.017022328504040483,0.016803527278482184,-0.008423589291390818,0.03789838154490011,SUM2_007654
0.4267846571804677,0.0054441786334681885,-0.3953899185654769,-0.06192008747509207,-0.15487603064033,-0.025359204459922437,0.01055164538290359,-0.008120366106424571,-0.08915756212455488,SUM2_011798
-0.08082044045504891,0.0019771472109611646,-0.41539830268906164,0.023247973308098094,-0.06893650507303815,-0.017714134318878853,0.006851195727695214,-0.006205882039550081,0.2095861407474937,SUM2_005700
-0.12499670927870259,0.01577289955430549,-0.34287665326188155,0.010517210623047741,0.029086508143731003,-0.021224198114745962,0.011521897937339317,-0.008762442827822303,-0.026670926286780677,SUM2_001581
-0.14050900126454044,-0.019222962206768737,-0.15103079733381405,-0.0025862000569315743,-0.060748907949270306,-0.020183749414859342,0.012728978635483317,-0.008542698299366396,0.03362646382426755,SUM2_014375
0.30542592932662166,-0.007722575831989084,-0.37660685941935085,0.014470449159292723,-0.018420216273008088,-0.017838160166495483,0.01031405905785186,-0.008214595212182398,0.09350657510426987,SUM2_012868
-0.058050651621648665,-0.0031754982832320226,-0.08982440808662957,0.004435052709612865,-0.06519403695293474,-0.017022328504040483,0.016803527278482184,-0.008423589291390818,0.03789838154490011,SUM2_016193
-0.11408844387459412,0.032123218334188575,-0.3035517943749506,-0.04360163454152576,-0.061566175283515864,-0.01959022171339993,0.011365996781213524,-0.008606246954067372,0.11216384810057592,SUM2_009114
0.29483256356001075,0.04380539097223058,0.5511286187008719,0.11817980129657232,-0.07051351733719173,-0.018925954087377454,0.03957904847578063,-0.012399082276341726,0.03535667018775162,SUM2_003602
0.09618254827959713,-0.010594608496268953,0.7619236413265323,-0.003337738532920513,-0.01671653084373196,0.12319505195475262,0.015011763816734284,0.07541504035659256,-0.0022545739243076683,SUM2_009819
-0.15867091159595365,-0.01949933446759703,-0.34976579632527727,-0.007119837444162655,0.020441324986869402,-0.01940931385747772,-0.006328849392985186,-0.006417530660954941,0.0012398397162233722,SUM2_017973
0.6243094853787826,0.0030367628926335636,0.04295311775534656,-0.10708500686437095,0.20989026922642123,-0.0325721273190952,-0.021379117498016194,-0.006938550904017284,-0.04442069353134752,SUM2_007105
0.19954568107096188,0.3433168712326229,0.2952951043053747,0.1830740517183742,0.5389414435951234,0.13346054203238858,-0.016832790149297575,0.005438039537028995,-0.008100619458516044,SUM2_003199
0.04405400463633975,0.06686806062433817,-0.188745850950539,0.08739365761954,-0.0019125503971077012,-0.017425829156252785,0.006836567816413998,-0.008578765282932645,0.1556438950334481,SUM2_004542
0.1553293726234079,-0.024022627060365058,-0.2960004594820353,-0.006029352335709299,-0.012519753424144676,-0.016185365283003194,0.01096245366023291,-0.008511711221500292,0.0517967801950733,SUM2_018326
0.07897394481753228,0.004134188583903037,0.47395230446453296,0.027821060339613103,0.013242331692933049,-0.0186334608650677,0.03820415166000683,-0.026998876870952253,0.01630023433904324,SUM2_004050
-0.10582496139694095,0.018566413223239396,-0.25455593955581407,0.019243928128680678,0.20193540486697298,-0.019804721364751372,-0.01124829259289921,-0.008231720108405937,-0.006703048263036857,SUM2_013565
-0.06377257056492117,0.05551128610781838,-0.2723654720479347,0.0574892221293138,0.05401225990649213,-0.020283466975542473,0.010224248770457656,-0.008189408002993986,0.02596752471516972,SUM2_006835
-0.10881794193542885,-0.007628405503615011,-0.3199890400634703,-0.06068069115225838,-0.01187807488555408,-0.02125227899845423,0.01080265319719691,-0.008693553398572449,0.0010942917594795748,SUM2_001110
-0.021177789962146896,-0.000607942004227384,0.26018438802698773,0.03367598647735449,0.03950221792445742,-0.01648161817913777,0.018511513257307623,-0.010365010003794159,0.004274761618073463,SUM2_001586
0.042876131542183636,0.010439182305949323,0.14561544161736972,0.05798823891930168,-0.060083114524099965,-0.019923428312616665,-0.019884636446183445,-0.016306907790848382,-0.1120099522965673,SUM2_008209
-0.09180748943921024,-0.017519701979864306,-0.37177826012496534,0.05285559776642672,-0.0449540415868761,-0.021695270894483032,0.00859696906767439,-0.008054908621675256,0.003085262543276702,SUM2_013158
0.18135989863948798,-0.012884238610622148,0.0814928736962083,0.09389935316797636,-0.1280830555848462,0.07734938429912255,0.03592204825861313,0.18325343457475346,2.815696830857674e-05,SUM2_014891
-0.054059597064213,0.02212239826466615,-0.4709017350522956,0.016530633238970492,-0.05242177543820612,-0.018470860392283274,0.009098676368142216,-0.008046274863360499,0.1737675109678361,SUM2_004284
0.359543647936497,0.13735267918281888,0.35810467021421355,0.20027869258149716,0.7588398200308477,0.11020526719264163,-0.019364176933147355,-0.013925729155826272,0.2982513108209813,SUM2_017971
-0.18279409381994585,-0.027398877907178636,-0.39349200539383977,-0.005650572597813794,-0.03421093865364421,-0.019800570705975056,0.007305248661596516,-0.007871554666081994,0.056310235079716386,SUM2_011323
-0.19869947581101158,-0.037762291551971666,-0.4783840682309616,0.0015736778030561605,-0.09065293509830005,-0.02100755097059493,0.0068013162501234705,-0.008105060423658456,0.044481492842761865,SUM2_003151
-0.12107468037716555,-0.06132266371035947,-0.404811774917054,-0.0027664180675461094,-0.04876891773028308,-0.01854518040000685,0.01114762746450515,-0.0073733100381856796,0.09655602308197012,SUM2_015122
0.09618254827959713,-0.010594608496268953,0.7619236413265323,-0.003337738532920513,-0.01671653084373196,0.12319505195475262,0.015011763816734284,0.07541504035659256,-0.0022545739243076683,SUM2_012835
0.1099710490732734,-0.04169502824917469,-0.2917927794054154,-0.018922065544180335,-0.11078810493205207,0.055971752553914414,0.011762593656150882,-0.04717083713454026,-0.043945016168516635,SUM2_010786
-0.11251513404202189,-3.682912132889869e-05,-0.3896611334065526,-0.00011244780324857389,0.10612176536141875,-0.01909338764703164,-0.005912003900968184,-0.006916909017725947,0.015566051564085262,SUM2_012108
-0.13484288086285773,-0.043810839699740825,-0.2900847507327162,0.022693296959729315,0.17723521613281662,-0.01812565401593268,0.015468372431424354,-0.0066020504755711275,0.13611702672257536,SUM2_010960
-0.07909750906547147,-0.027275137807373128,-0.42247336373886435,0.04738366881577521,-0.11046837497535263,-0.019184762313827493,0.009327772519034255,-0.008195508176398313,0.09606402627220677,SUM2_002124
-0.16293694354369487,-0.026601180200926867,-0.4119915629902417,-0.011365701472230576,-0.027901337371693126,-0.019363004623577477,0.010085055886348249,-0.00900312768753363,0.047372009106315636,SUM2_004921
-0.11794957711686711,-0.025281242714242414,-0.44353948102061985,-0.011921049585861637,0.0596209070002827,-0.018970836647387967,0.007479650253881397,-0.007320749832968943,0.09733913936894008,SUM2_017830
-0.13973344612450067,0.006357091214014894,-0.4274784273514081,0.015993993220864738,0.12550078565942227,-0.017784278794232614,0.007690932699325775,-0.006842488886711356,0.10494071026381598,SUM2_009342
0.2504730105487608,-0.023306889186106912,0.504738966267784,0.01814948428825758,-0.13467447600539376,-0.019295327181625778,0.0307621572181501,-0.017371145393363544,0.02473518589435515,SUM2_007401
-0.20183467114248382,-0.02764948984215563,-0.35323508064607123,0.01177078839451966,-0.012438189314748913,-0.018439834662114567,0.008106041027772293,-0.00817556618544844,-0.06822236887662923,SUM2_018276
-0.06854218497740594,-0.009889945636500436,-0.34075893988002737,0.03858727141697328,0.036609413238709775,-0.01858076969652397,0.0071298171290475314,-0.006303052042473206,0.08663142740394827,SUM2_011950
-0.1558377599896768,-0.017806381200698725,-0.2464301324865293,-0.01898531605081232,-0.0978764955747975,-0.01933974272981495,-0.007818580112905992,-0.007659288038654831,-0.11301787873222138,SUM2_007104
-0.040547577836646816,0.020464800445031635,0.5607231865677195,0.03997154100926938,-0.06682224509599119,-0.019979780081574642,-0.01922068233948512,-0.019002336069626112,0.04133919694090914,SUM2_004979
-0.08202273506844249,0.020758537314599878,-0.09441101979146838,-0.008349154489023096,-0.0102793474786495,-0.020793505358675465,-0.014492213167299456,-0.0075556314892350806,0.06419655088140068,SUM2_002641
0.003936779790642106,0.0045020853906621834,-0.05132924986605612,0.03417521994709803,-0.05143946892435647,-0.02102083265834944,-0.009584711627695643,-0.008541417001304712,-0.07120131016782649,SUM2_017212
-0.10389943951251694,-0.031298336970575824,-0.3739515401061106,0.0208446426298377,-0.08414258892780131,-0.019338345888230035,0.012660339357613598,-0.00866329360606881,-0.031104443847734413,SUM2_001063
-0.126850347242831,-0.02385003220929181,-0.46124840641842324,0.004003304509837823,-0.12844898174065017,-0.01917373788484288,0.005629070351377444,-0.007700335221864196,-0.07541995315879148,SUM2_016790
-0.043989423534189054,-0.03951106963905433,0.7835820787087171,-0.0010334652943948986,-0.10316922517705027,-0.022556053643461565,-0.04753619058390691,-0.016613063471807295,0.06290077557985181,SUM2_018357
0.09618254827959713,-0.010594608496268953,0.7619236413265323,-0.003337738532920513,-0.01671653084373196,0.12319505195475262,0.015011763816734284,0.07541504035659256,-0.0022545739243076683,SUM2_011087
-0.13024223947210153,-0.08120040444045948,0.3012369472022611,-0.07353838020779215,-0.15157563625697718,-0.024736782864536844,-0.0276609412040782,-0.022387148043246242,-0.1708721083230678,SUM2_001008
0.09618254827959713,-0.010594608496268953,0.7619236413265323,-0.003337738532920513,-0.01671653084373196,0.12319505195475262,0.015011763816734284,0.07541504035659256,-0.0022545739243076683,SUM2_003126
0.09618254827959713,-0.010594608496268953,0.7619236413265323,-0.003337738532920513,-0.01671653084373196,0.12319505195475262,0.015011763816734284,0.07541504035659256,-0.0022545739243076683,SUM2_016760
0.31478553961344596,-0.017298394821095915,0.3972204310795435,-0.010681907093954758,-0.0855077066489937,-0.018525263908420037,0.008154648181006066,-0.012096867787625233,0.05242715549514339,SUM2_017116
0.14897276548141575,-0.017750880914546557,0.7122318473134757,0.0012081953318214995,-0.1122269947561596,0.127957863765799,0.023749142440762473,-0.014209144156273213,-0.0009126055189459881,SUM2_000231
0.09618254827959713,-0.010594608496268953,0.7619236413265323,-0.003337738532920513,-0.01671653084373196,0.12319505195475262,0.015011763816734284,0.07541504035659256,-0.0022545739243076683,SUM2_009618
-0.12344705138833749,-0.0404746388898225,-0.08116086200637224,-0.0542396956300232,-0.13422127599491251,-0.020127470481776356,-0.013890486720394609,-0.00972201236650967,0.015212151661743067,SUM2_014096
0.3359387879362058,0.021798099448337223,-0.34238903273022675,-0.05243758394153706,-0.12019531501777525,-0.02418054500986758,0.007874656823769251,-0.007440225618346801,0.03374293050195067,SUM2_011561
-0.05272136041931348,-0.04157841340198306,-0.49879414956132145,0.04578717425468097,-0.15232320579327188,-0.01908003631320982,0.007728171492155693,-0.009122883063594545,-0.004245435699342973,SUM2_005390
-0.13681889819525067,0.03867952955332004,-0.31679304393420427,-0.004466205233264046,-0.008701755484438214,-0.01965132684058294,-0.010210842879178558,-0.007674645178770737,-0.06650690144649665,SUM2_003751
0.9296107045473276,0.08829390855352613,-0.017069770168331732,0.37991052147717047,0.5262386141317231,-0.03417113201821863,-0.031445081444743,-0.007421249723601381,-0.035231967871324224,SUM2_007163
-0.10189036249983559,-0.015005633892262237,-0.3485716377653905,0.009435661153879022,-0.06832290693908744,-0.020605722337391524,0.007692478543776871,-0.008449059486934755,0.007575119783329325,SUM2_007203
-0.18330580107108838,-0.031520774505727975,-0.32548833157531576,-0.019015055536987797,-0.036450356239236426,-0.02172104850395064,-0.009673060163655581,-0.009931416561291168,-0.002567305613707585,SUM2_015043
-0.19730042007950885,-0.05322982039138717,0.42443229009650063,0.02134951677139495,-0.12640793766903077,-0.02300721503396793,-0.023407884600300043,-0.019160410375453872,0.061001034749348634,SUM2_008846
-0.1275555652857683,0.004758131991832438,0.23877077681521913,-6.881928670956078e-05,0.07082676217357342,-0.01944875802282541,0.011848401482689674,-0.00980834208718861,0.053719959497655664,SUM2_013772
-0.0033444065885202593,-0.0027397884807555755,-0.2579529995281094,-0.012463831156698534,-0.09262618792400379,-0.02047501736094242,0.009603242406248349,-0.00872946378554362,0.209764473913934,SUM2_015791
-0.058050651621648665,-0.0031754982832320226,-0.08982440808662957,0.004435052709612865,-0.06519403695293474,-0.017022328504040483,0.016803527278482184,-0.008423589291390818,0.03789838154490011,SUM2_001798
-0.058050651621648665,-0.0031754982832320226,-0.08982440808662957,0.004435052709612865,-0.06519403695293474,-0.017022328504040483,0.016803527278482184,-0.008423589291390818,0.03789838154490011,SUM2_018345
0.09618254827959713,-0.010594608496268953,0.7619236413265323,-0.003337738532920513,-0.01671653084373196,0.12319505195475262,0.015011763816734284,0.07541504035659256,-0.0022545739243076683,SUM2_009083
-0.1776513932222571,-0.03678196134635568,-0.4684259152765701,-0.07625646621200395,-0.17909931376636812,-0.021025890504901723,0.005743633569660034,-0.009787768335283501,-0.07604572974324253,SUM2_009890
0.12983548866726963,-0.04742957485118432,-0.3722795892923147,0.07521491733292222,0.11812909271664465,-0.022108535228197695,0.01063083090818235,-0.006574932858862159,-0.044809691844691836,SUM2_012649
-0.14354078595989977,-0.015106835664196867,-0.33921254289628855,-0.033059122559150576,0.09801336868668624,-0.019394062961311267,0.00783958471827858,-0.008035122162277947,-0.0344444096362163,SUM2_011512
-0.03478114713843196,0.0033804181056262456,0.07327962796237568,-0.006130298231084659,0.044569666435787844,-0.01827273064852132,0.007632666011776136,-0.007218124953709384,0.25594961116926923,SUM2_008530
-0.09527584574146952,0.08467749986647169,-0.3435999346822304,0.05756098320457205,-0.005133260016457234,-0.021027038915291504,0.011873312651535808,-0.008138576055193063,0.012148961969815703,SUM2_011548
0.14553252543804057,0.08644519467903752,-0.17177485860859049,0.07057257925442686,0.07955426439915993,-0.023006660538100403,-0.016216565315060175,-0.03092612676919122,-0.055477315185759234,SUM2_009907
-0.150525233708783,-0.01005318071083045,-0.16635937095113587,-0.011049461193160312,-0.04600649553019924,-0.021292168121915346,-0.012841427284990579,-0.007825374511585981,-0.14009631787778645,SUM2_009141
-0.08555996201510166,-0.0013422090233388914,-0.15266050990385627,-0.0007035432128006558,-0.10054518318203347,-0.018581527695635612,-0.010353850868104426,-0.007222478372372945,0.03630421048645833,SUM2_014781
-0.01615318869519459,-0.005672677359329681,0.6240322114733503,0.04076286541903691,-0.03667922383197762,-0.017461842185698434,0.024052237386552565,-0.016085478542196975,0.024284481422522777,SUM2_010688
-0.008083173271010054,-0.049322179605877106,-0.23286228368422748,0.047182022889147954,0.039820181841157334,-0.01700004613046386,0.005302597673996992,-0.0059086218382734855,0.1391345927420616,SUM2_011476
-0.1254981077563131,-0.019024886690459288,-0.3971963807168787,-0.020288336122668803,-0.06708768598278303,-0.02025173942054024,0.01170084090802086,-0.007385032195831873,0.021374086237974217,SUM2_018318
0.13203824448577092,-0.011774168845741919,0.10646978855694691,0.0719288851572786,-0.15008420887162258,-0.020551231724011337,-0.03077975198819231,-0.037501096069151404,-0.060617951042276706,SUM2_003324
0.09618254827959713,-0.010594608496268953,0.7619236413265323,-0.003337738532920513,-0.01671653084373196,0.12319505195475262,0.015011763816734284,0.07541504035659256,-0.0022545739243076683,SUM2_016446
-0.145321791811922,-0.02512494404239704,-0.48304101601286725,-0.03099331432488429,-0.1647522870788264,-0.020982533672390134,0.00488824034839226,-0.009796714177619816,-0.059961197392424156,SUM2_008015
-0.10849520940018406,-0.005033095465248844,-0.3383353963351123,0.007777687303245559,0.2001098165226697,-0.01762567382844783,0.011051897329383165,-0.007025688849543484,0.2111597493925609,SUM2_009743
-0.15093993138344802,0.017423353140945386,-0.5675810372816569,0.022836593820985473,-0.009053941931135302,-0.020558181600958323,-0.003674506756184248,-0.006925173403045541,-0.004905046906801195,SUM2_009827
-0.1685308095290417,-0.03286692199949104,-0.3757397186067915,-0.02728993429015498,-0.06887689661667411,-0.020664320796056658,0.008278505233901338,-0.009150601991356212,0.1289115549238562,SUM2_001568
-0.040793668207902624,-0.015685852928948075,-0.42811375610679514,0.06435201876002818,-0.12686661609803723,-0.019643731796696873,0.006582242786193636,-0.009132882676542104,0.017733533201487427,SUM2_007289
0.06647934531749936,0.007316073044342147,-0.40973990471213595,0.06468717322769683,0.15621186239756893,-0.01896378863027114,0.010216200584829001,-0.006244779816530055,-0.03589879345321638,SUM2_013851
-0.13338526878362064,-0.016233767462627363,-0.4513467467130313,-0.03916291788528971,-0.006002366121552128,-0.02050221086417906,-0.006101044392596934,-0.006989494699488101,-0.012788437414350434,SUM2_005816
0.09618254827959713,-0.010594608496268953,0.7619236413265323,-0.003337738532920513,-0.01671653084373196,0.12319505195475262,0.015011763816734284,0.07541504035659256,-0.0022545739243076683,SUM2_005138
0.22785565583582573,0.0648532639624285,0.39622409170673,0.07659476967239265,0.16031787927549787,-0.01996290129851992,-0.01423598693173484,-0.01195956418149723,-0.07538463923751029,SUM2_001915
-0.10061843943012656,-0.004794753912743428,-0.12710539600094792,-0.025898810820745265,-0.059429075968480946,-0.02245013583351717,-0.013128582676591236,-0.00871614582904969,-0.08583744323486103,SUM2_005912
0.13157773069212977,0.04249844362273636,0.5947487025142986,-0.0014455195113159875,0.05431705432159363,-0.013882341223386756,0.013997340813492756,-0.012080368777707136,-0.020706009736873168,SUM2_004523
0.09034930006298794,-0.05790243427514765,0.5448907887052645,0.005543446892301911,-0.13229738799705903,-0.018907919145144687,-0.027739671809219074,-0.017669699795619997,-0.031901770468134014,SUM2_002563
0.20095792946811195,0.1547523290947159,0.16941632075323246,0.1542045958938933,0.566485230306987,-0.04771204511958336,-0.0008393766512873588,-0.01553936855360737,0.03663912407385405,SUM2_000857
-0.1971778540944549,0.032191595103355994,-0.5597332284642409,-0.011373906153004987,0.04350291967531583,-0.019007084973900513,-0.005985663317974719,-0.00789770276782468,-0.04233769019142648,SUM2_016755
0.09618254827959713,-0.010594608496268953,0.7619236413265323,-0.003337738532920513,-0.01671653084373196,0.12319505195475262,0.015011763816734284,0.07541504035659256,-0.0022545739243076683,SUM2_013422
-0.10443891913964456,-0.000501917724770333,0.26323778141390697,0.02198770539840701,0.007201700026771456,-0.01901431733219242,0.008305748265398946,-0.010684181968965529,-0.1534813523306276,SUM2_010958
-0.058050651621648665,-0.0031754982832320226,-0.08982440808662957,0.004435052709612865,-0.06519403695293474,-0.017022328504040483,0.016803527278482184,-0.008423589291390818,0.03789838154490011,SUM2_008349
-0.14316236220388076,-0.03652544441294574,-0.3068489531108639,0.021555762030753933,0.01749327720264865,-0.017168401621559155,0.006858840280690497,-0.0067364783998320925,0.08381415361570119,SUM2_004866
-0.07655228791643351,0.00145810857695661,0.15355000672274918,-0.015444525009525496,-0.07350323178495419,-0.021942483799471973,-0.011183404052424023,-0.011129572042091813,-0.07453122504610801,SUM2_016551
-0.10627222456394073,-0.0018012363390329425,-0.403997507653677,0.032903749962137005,-0.05020445745305391,-0.020936425597074128,-0.007943692714219857,-0.008138264511558625,-0.011924445489285604,SUM2_013609
-0.09081798982965295,-0.01717653171675001,-0.39150143925947106,0.028745068782323448,-0.0737840418702127,-0.021849756949004408,0.010781100878584924,-0.008698200103277026,0.011223594221752113,SUM2_018578
0.17448349991212617,-0.0101363670087832,0.4582612856468963,0.0733809567709208,0.10287214204856203,-0.019458085773802616,-0.019800078232595112,-0.012360537247178855,-0.02235715426362824,SUM2_009199
0.0646027087568937,0.019557673769991787,0.4306978710651014,-0.037284620553483624,0.04847962416481253,-0.017308696415908157,-0.02680406382607948,-0.026450667655063355,0.006170272022026019,SUM2_014432
0.3722509238977637,0.19158526853560712,0.30180565135504156,0.14791038172411533,0.8927349325591433,-0.04640672467280045,-0.015178306859063828,-0.01227284760020626,-0.03984882211316195,SUM2_014362
0.09618254827959713,-0.010594608496268953,0.7619236413265323,-0.003337738532920513,-0.01671653084373196,0.12319505195475262,0.015011763816734284,0.07541504035659256,-0.0022545739243076683,SUM2_006000
0.02545041879797124,0.024461684320921724,-0.1284103128433786,0.10270905303768256,0.007659664893273381,-0.021025063557307648,0.00837685095463803,-0.00841499432753045,0.00893222898646925,SUM2_013576
-0.13355423181355697,-0.026292282955887168,-0.35752687545916795,-0.0013679936553548373,-0.09972259609422854,-0.018809513708365793,0.008678931136942316,-0.007651166951171587,-0.06776484825100929,SUM2_005482
0.3352415589825847,0.0559738446777663,0.15844245517130864,0.22624503013702518,0.2819307225640348,0.11025104688886803,-0.013905131666126289,-0.011465411731127783,0.02491731173284472,SUM2_018055
-0.10843529885115419,-0.014495909023148804,-0.11748731685042675,-0.0027396937809882763,-0.051206139880315325,-0.020181983520189607,0.013647623777010748,-0.008542759297591424,0.0316781062123984,SUM2_007380
-0.07566963129365958,-0.0006766688639755014,0.08864900163166402,0.008047805371533871,0.21620631259907847,-0.017470122320315126,0.008876806073362397,-0.006976483576471894,0.19919982942270115,SUM2_000521
-0.06092120324015863,-0.05585226811429459,0.5205417539552464,-0.011878574841923084,-0.12289612712062821,-0.01584945072656685,-0.025340122109228376,-0.014042940217422358,0.3553113919943517,SUM2_007763
-0.12625788259387222,-0.06113571672709337,-0.03646733783723568,-0.017875945480935875,-0.07896734512572542,-0.02256648122201999,-0.00520100774109332,-0.009122753148757814,0.09950783765014018,SUM2_000095
-0.07964983641468373,-0.008713575728019172,-0.10588360687160954,0.040437914288049215,-0.06134682182421307,-0.021389942752955284,0.014177757955007381,-0.008218475073960613,0.03780030560036591,SUM2_012723
0.22265296714054356,0.014427740066203374,0.49930384664848104,0.03046134758850281,-0.07769183226204965,-0.019933371058169207,0.03543800263215029,-0.01739254392727442,0.00908596340281292,SUM2_007688
-0.1434781260512089,-0.017162341236629203,-0.434309401712914,-0.008308204555025591,-0.11146871891761971,-0.02020591595232791,0.006680330989479101,-0.009975749468660526,-0.09590780272228608,SUM2_003101
-0.09256698789797504,-0.021586910957142942,-0.3590021927205937,0.03297849172759787,-0.08762513494903493,-0.019641258695715074,0.00968505853369855,-0.008699370042816214,-0.03748123866332529,SUM2_018329
-0.09902559869899567,0.0029839636491875198,-0.40735565648834937,0.056655839900234276,-0.04340805955660891,-0.02096900177793947,-0.006968743090396143,-0.008231918624431744,0.017636379154381605,SUM2_001085
-0.15181196275310138,-0.058573589735495146,-0.3059438651958913,-0.023519427452043835,-0.0664152468317888,-0.023275275441043998,-0.008846288655327765,-0.009215744495216376,0.050034180440623154,SUM2_015951
-0.13371455065759358,-0.01077389409255795,-0.41536125235654164,-0.029231883244264744,-0.0425757633235358,-0.022520290429979727,0.008952266826159527,-0.009119127704007846,0.0007323447727077013,SUM2_018074
-0.05845068139665307,-0.10107994511910309,-0.47534801773546753,-0.06508184491879912,-0.2006407559321762,-0.022298052562533994,0.009370718841863341,-0.009860728986446885,-0.0787570395182228,SUM2_017165
-0.09783455707334472,-0.01027953559929691,-0.389238266541991,0.05643791787420681,-0.08012500592929336,-0.02210411462436071,0.009231635656709935,-0.008478724713788402,-0.07502976215337519,SUM2_008279
-0.07502450345557217,-0.05562557473436767,-0.41099897212956027,-0.003930603144189938,-0.1935980236408121,-0.01992217588283614,0.007236354209753625,-0.008779970768858714,-0.07965837832637256,SUM2_011120
0.09618254827959713,-0.010594608496268953,0.7619236413265323,-0.003337738532920513,-0.01671653084373196,0.12319505195475262,0.015011763816734284,0.07541504035659256,-0.0022545739243076683,SUM2_000836
-0.11875440344149062,0.004384104438174339,0.30488681588086963,0.018381287535705178,-0.07573809850234145,-0.021532524346849817,-0.02113394843137195,-0.01582095845564583,0.11070680035481736,SUM2_005352
0.10038638870496001,0.0790074886093248,-0.14989092561836576,0.03147413452542293,0.15568829217918262,-0.01355536895926964,-0.01151422961175412,-0.007467709302244598,-0.10782058199293727,SUM2_003932
0.09618254827959713,-0.010594608496268953,0.7619236413265323,-0.003337738532920513,-0.01671653084373196,0.12319505195475262,0.015011763816734284,0.07541504035659256,-0.0022545739243076683,SUM2_006147
0.09618254827959713,-0.010594608496268953,0.7619236413265323,-0.003337738532920513,-0.01671653084373196,0.12319505195475262,0.015011763816734284,0.07541504035659256,-0.0022545739243076683,SUM2_011470
-0.16976927482019294,-0.04084750495129601,-0.34286848340154336,-0.08486002624261563,-0.02170237422871772,-0.020051646019447904,0.005708552351152157,-0.007907716940933417,0.007976437363705112,SUM2_003895
-0.13597167389713674,-0.03801032257184609,-0.3982852304917193,-0.04157887559053072,-0.07072461159810119,-0.020204622015042112,-0.008188722023848644,-0.009425801344611903,-0.0029112001934044705,SUM2_005978
-0.15321281720372598,-0.021623638461101748,-0.43000081589806377,-0.007414250778494754,-0.03206842913436107,-0.0201436080733497,0.008142570059518786,-0.00873628194029692,0.006808938086300609,SUM2_006478
-0.10716856650438893,-0.008542306392086649,-0.4618072331051131,-0.024043793361012922,-0.05222912740576844,-0.021848711373604404,0.0077970493012802485,-0.008397431011749648,0.0016602340481583857,SUM2_000374
0.13252712704343433,0.0068610656244780435,-0.4084875062496255,0.003957575196324897,-0.0318911277397141,-0.01640145276463903,0.009271856467756828,-0.007078654641755454,0.08605560894689221,SUM2_013721
-0.09922891939116954,-0.01573119327375788,-0.3258250150517269,-0.005785621048781951,0.15995977374976844,-0.018335087835399545,0.01471551592288028,-0.008743535422880463,-0.020683455214151776,SUM2_001661
0.11975036949844245,0.03653830975984871,-0.20720904383786248,0.23906298874432436,-0.08258795050173189,-0.018619487796402812,-0.018114494488100676,-0.040560551286499116,0.04082841198461776,SUM2_015127
-0.08673521257783294,-0.032200586581371635,0.004634055139508992,0.0036944286917640914,0.08797978764621778,-0.01851660825523397,-0.004927755745064891,-0.005933893742743132,0.03337384468041157,SUM2_001722
-0.16174340083436173,0.0859420607081096,0.6701758204756352,0.005815850962302392,-0.12672623445983816,-0.020510745493136664,0.020255885509934932,-0.018336406908704764,-0.011940698209289712,SUM2_005610
-0.1898517058251919,-0.03546883710216879,-0.08894163484668952,-0.033017677011412075,0.049610041876606885,-0.019241404678533445,0.00715749821011286,-0.00761670425147157,0.1385883857907925,SUM2_002342
-0.10126028099043345,0.013531265893545854,-0.4751106380921214,-0.008509612254168257,-0.08301186422945618,-0.018071016155712445,0.007332312581541505,-0.008651909094623576,-0.017622531711246264,SUM2_009675
-0.032268636949794365,0.0019115728272802435,0.8323012446120064,-0.024930642125990138,0.012427091043660278,-0.019731427656923803,0.014697873213371715,-0.011203941900848478,0.03186975422066976,SUM2_012698
-0.03319688159221607,-0.09795080658068743,-0.3208507042819022,0.002618434021529377,-0.022584138540255174,-0.018571282324980242,-0.007046897970875929,-0.006537259287322908,-0.008712508788845653,SUM2_005812
-0.12151025523736277,0.03486691472853255,-0.2732703429286144,0.031686116865700706,0.1155130043930078,-0.01729956151546195,0.006275407364296643,-0.007065363574137072,0.21948492725528398,SUM2_015449
0.14897276548141575,-0.017750880914546557,0.7122318473134757,0.0012081953318214995,-0.1122269947561596,0.127957863765799,0.023749142440762473,-0.014209144156273213,-0.0009126055189459881,SUM2_002866
0.0020364078154629607,-0.05059956123043802,-0.17700213558905817,0.10704944696141853,-0.04617358859533461,-0.019349835626873795,0.009676118510269904,-0.007996746081606816,-0.02751865989768964,SUM2_002689
-0.05888227904697951,-0.05467078746133418,-0.01059358731713141,-0.041088326401647744,-0.13879216838631225,-0.019213533945459764,0.021414417030199313,-0.011031324088513423,-0.014147558807174263,SUM2_007340
-0.10354728455665418,-0.021356460714858732,-0.36598628513409076,-0.00787410367241081,-0.007050879608484646,-0.017983377611021756,0.008064808217791666,-0.006451139227348246,0.14512038571310135,SUM2_014528
-0.06874730054340703,0.008801803412754777,0.6769598121520479,-0.0034314938706012516,-0.14587855312492898,-0.02230511268362619,0.03145259865827694,-0.016315718172544562,0.021399801749882028,SUM2_017423
0.09618254827959713,-0.010594608496268953,0.7619236413265323,-0.003337738532920513,-0.01671653084373196,0.12319505195475262,0.015011763816734284,0.07541504035659256,-0.0022545739243076683,SUM2_004675
-0.05933932256147454,0.00571124162101141,-0.06548042582688139,0.01919033764869386,-0.061078549720275696,-0.02102514781794407,-0.009744040571695554,-0.00870365508462724,-0.08679024610863803,SUM2_002445
0.44696081595363985,0.017327792095445944,-0.36026308006982377,-0.032467915815502776,-0.09559126973104418,-0.024556773313439216,0.00933514286056405,-0.008272485113552799,-0.06093369936414731,SUM2_004463
0.581201210375236,0.018973913560090004,-0.21862129637161742,-0.05622711602210702,-0.33676956144221987,0.137437109473284,0.00879177829590083,-0.010455697067508207,0.09916600527750573,SUM2_010730
-0.19252019581349128,-0.021043824140641466,-0.4187449556655576,-0.012211524249909038,-0.007097831606975966,-0.019940734354837654,0.006762233976002374,-0.00830648041467616,-0.005241839816102908,SUM2_004898
-0.0758774536516674,-0.05961813495210559,-0.32229582127986633,-0.008955287826992136,0.003094749830562353,-0.018341408923421988,0.007130904980089778,-0.008593069327374123,-0.061713821332474085,SUM2_003381
0.15541930953522612,-0.04991888911829854,-0.010925261455311433,0.0811830232260911,-0.1989063221805754,0.061402480130853455,-0.0327014323576149,-0.03147464610699381,-0.007269709345068145,SUM2_003525
-0.11737751034478609,-0.024001205575357364,-0.021560410637279044,-0.005323553926628276,0.08012465271735492,-0.019098533043881396,0.007046311681457289,-0.0070202158548497585,-0.11453034420096411,SUM2_013489
-0.05090358394402519,0.018897083561777016,-0.5317659488438004,0.038865427032441516,-0.19172500108902724,-0.023039040276764833,0.00816969505384783,-0.008883118595742544,-0.0780164534159822,SUM2_006500
-0.09673703485898313,0.04302281157986444,0.7818037892494656,0.02294479934463007,0.022144259863536877,-0.01824658894847791,0.033580893313501343,-0.012684762085214605,0.05493505423298113,SUM2_002601
0.13669693963386673,-0.0388458674974453,0.1175319563729051,0.03493406753465724,-0.06457532950953412,-0.020038297118727455,0.04137359826374919,-0.03840745062561775,-0.0016320625950052314,SUM2_010500
-0.13634165771949813,-0.039166962000035034,0.04095803998391124,-0.044687742145954126,-0.008926206409422321,-0.020371929368304512,0.007503626567079258,-0.009223512316305407,0.02152905882779288,SUM2_012147
0.15797439424704046,-0.03507636147197839,-0.20340799174675603,0.022699197156010407,0.03610201855639393,-0.018456729251850604,0.006721445042224827,-0.008739158297266602,-0.04399189370522437,SUM2_011948
0.09618254827959713,-0.010594608496268953,0.7619236413265323,-0.003337738532920513,-0.01671653084373196,0.12319505195475262,0.015011763816734284,0.07541504035659256,-0.0022545739243076683,SUM2_002997
-0.13147541964892845,-0.006270253718184531,-0.4858040412155664,-0.04685982832549783,0.1543131086142792,-0.01996340369171396,-0.00636408288510297,-0.008603580511443316,-0.0003188615620276682,SUM2_010120
-0.10687725264729853,-0.06984314577193425,-0.3951237261198538,-0.0794230967733141,-0.01124107095403675,-0.01999656636200168,0.006717738084315275,-0.009178378741169889,0.10964476793504652,SUM2_011178
0.16740452456275007,0.028949357092449536,-0.30423073631821296,0.010585473620473306,-0.11522407903467499,-0.016952142875429697,0.008083959031315816,-0.008060466488598388,0.10968474687879984,SUM2_008856
0.01791032600668149,0.04436630520932512,0.8514081631301709,0.027933103853818607,-0.07778434071233173,-0.022077184500090975,0.04865708048483951,-0.014872332892633868,0.08608457904360084,SUM2_006310
0.23419881965162886,0.4621442992186379,-0.15950509898416634,0.05253429612399685,0.2690339573355508,-0.012068232305968356,-0.005855353727318708,-0.006338979520473706,0.07095732704788874,SUM2_011936
-0.1397057608408771,-0.044561080866673305,-0.338620276072273,-0.04745497489658204,0.012915469532716006,-0.016843433115827165,0.0077975462653841875,-0.00822436499076755,0.048625000915459855,SUM2_005677
0.09618254827959713,-0.010594608496268953,0.7619236413265323,-0.003337738532920513,-0.01671653084373196,0.12319505195475262,0.015011763816734284,0.07541504035659256,-0.0022545739243076683,SUM2_000909
0.5123046780984692,0.0634292738233283,-0.1816629312973295,0.10644276760288025,0.16108653004854667,-0.017363891564850856,0.011027176560826423,-0.005701228116048914,0.002166889946956869,SUM2_002374
0.08566031990684028,-0.06573030734710479,-0.3043683388834072,-0.0575687400125512,-0.196256612388539,-0.02108791994714162,0.007909174037391737,-0.009609048935237532,-0.10898102989360207,SUM2_011716
-0.1412420218349251,-0.009902179593266858,-0.3729812818386736,0.0077298988870188575,-0.11344660274475529,-0.01894387768806623,0.007618643230492427,-0.007698358668937501,0.08582157369320202,SUM2_016824
-0.07632032904714069,-0.011082594778669783,-0.30448126232191147,0.012360123164750486,-0.04620241323470754,-0.02146942468656813,0.009087870612375315,-0.008993679957021595,-0.022424393431381372,SUM2_006117
-0.13616233293703334,0.007986835497165135,-0.1760980759119195,0.06377104867968497,-0.05642481465805087,-0.016050503558192715,0.0010643329021197984,-0.007546048651296593,0.06954245048115441,SUM2_018101
-0.058050651621648665,-0.0031754982832320226,-0.08982440808662957,0.004435052709612865,-0.06519403695293474,-0.017022328504040483,0.016803527278482184,-0.008423589291390818,0.03789838154490011,SUM2_003567
0.010565654359464143,-0.0026666327284495628,0.8703882314775738,-0.0029133835384976907,-0.07591267777764342,-0.02244313043705545,0.02183255665939559,-0.01494274167933527,0.006777341151007271,SUM2_002704
0.0908772006317987,0.03118735096378288,0.15965019311924247,0.05911399468751395,-0.10866898751061053,-0.022073189657979185,-0.018698697762579628,-0.035531998651395634,-0.026664742836469347,SUM2_013418
0.8177352380705469,0.057993096056579554,-0.1599718473270057,-0.06153758909649008,0.051666639383266634,0.12011300026750962,0.011915133399037508,-0.010779377756824526,-0.05942138154332326,SUM2_018703
0.05037399203941824,-0.03454238119394644,-0.1455123059460266,0.13292394062728724,-0.17355841651592233,0.060825693716078454,0.026096019382720565,-0.050710580530766304,-0.006578887567193524,SUM2_015979
0.15107040651194242,0.044115763617806066,0.6173602120208272,0.033763305127300455,0.08709771271342345,-0.016211201064959536,-0.01526835105776091,-0.010637913440466443,0.03931144767292851,SUM2_013663
0.09618254827959713,-0.010594608496268953,0.7619236413265323,-0.003337738532920513,-0.01671653084373196,0.12319505195475262,0.015011763816734284,0.07541504035659256,-0.0022545739243076683,SUM2_008222
0.14897276548141575,-0.017750880914546557,0.7122318473134757,0.0012081953318214995,-0.1122269947561596,0.127957863765799,0.023749142440762473,-0.014209144156273213,-0.0009126055189459881,SUM2_005633
-0.13511142053590097,-0.02297782479536003,-0.4502879138731407,-0.005105574957135544,-0.03915168734140754,-0.01947568017585481,0.009060158527811609,-0.00922687261668584,-0.026507735031272916,SUM2_002215
0.07293219176325168,2.6569763537530323e-05,-0.25953099766221854,-0.011989704444939178,-0.09033380985830966,-0.01763737873429671,0.009067744871933573,-0.008810909725943712,0.14160179067905468,SUM2_004268
-0.058050651621648665,-0.0031754982832320226,-0.08982440808662957,0.004435052709612865,-0.06519403695293474,-0.017022328504040483,0.016803527278482184,-0.008423589291390818,0.03789838154490011,SUM2_005279
-0.0779239942156609,0.060306769986788425,-0.4961603557183695,-0.057150289418621124,-0.006653268572513751,-0.019781007104492754,0.008668772300305643,-0.008952329674269358,-0.0795897808168061,SUM2_006849
-0.11690260533359889,-0.017587373003833028,-0.45031391008039323,-0.008826575753112114,0.0033252695168001613,-0.020143733477770126,0.007014769648484164,-0.00873628194029692,0.005766333367531939,SUM2_004357
0.371684403568759,0.09744369079556017,0.5754114049588102,0.3329772582052199,1.1147695054270763,-0.027275298639125412,0.06334503780322162,-0.008661804250634625,0.06993672798798115,SUM2_014785
0.047967899123445415,0.10979605135475808,-0.1791347213211845,0.08504796627645479,-0.052873323661330206,-0.016932502203624158,0.009622339801008722,-0.008669805784301775,0.2121372895007691,SUM2_006304
0.14897276548141575,-0.017750880914546557,0.7122318473134757,0.0012081953318214995,-0.1122269947561596,0.127957863765799,0.023749142440762473,-0.014209144156273213,-0.0009126055189459881,SUM2_013427
0.24213396152409325,0.04627061116954599,0.10641124423200479,0.07756079865495843,0.08983498794644737,0.06525515338623647,0.014399848307919396,0.11037256529169996,-0.006580466258458736,SUM2_000924
-0.1981257197950392,-0.04863106973090061,-0.49292942064877254,-0.016700154295029142,-0.15278999957209535,-0.020639798329689426,0.0077621846081231596,-0.009744484641817756,-0.09337485406626458,SUM2_012559
-0.05081491965834943,-0.018027080045577393,-0.41722083070398475,-0.04468450002359789,-0.2257976358882517,-0.022865081311323397,0.009007602812904067,-0.00962666390303926,-0.07901420783373576,SUM2_005501
-0.09204865254483192,-0.005608679301155328,-0.15558200785000653,-0.026207324663698472,-0.07524401171767996,-0.018291666052787058,-0.003247921766825189,-0.007419664925430244,0.02600894321250783,SUM2_004310
0.31312115230622134,0.18650174551413948,0.3965246460553557,0.11249711177373782,0.7218109113906308,-0.03493622866056738,0.0703465124376454,-0.009811958487523142,0.06357396224203667,SUM2_016162
0.5288836924465972,0.1286891532774111,-0.10122977385581386,0.0899872964990321,0.31650377874078134,-0.03015202198211057,-0.016785864504059313,-0.006808906890423029,-0.0731727790717066,SUM2_002464
0.10938125003997164,-0.0022973660140367985,0.6071822737451398,0.03136499280547391,-0.07881830868209351,-0.02053314123432106,0.036261704071556614,-0.016582013312033957,0.023431086772839622,SUM2_005377
-0.11679585740736553,-0.016855374723321947,-0.2089872256554787,-0.04152442890314938,-0.04256762779805909,-0.021665476677581987,-0.008933851084215516,-0.00793686057001917,0.011275507186907003,SUM2_005781
0.20970451813650973,-0.03189303598495008,-0.33701197244114894,-0.06585771112497892,0.0514575943575694,-0.020920068775726615,-0.018115869959034782,-0.0072187081146799364,-0.053315474151140886,SUM2_007924
-0.21268105495820966,-0.051976070058229726,-0.38478441252159296,-0.054524241338154665,-0.042724413102965125,-0.019370563742515206,0.006216862473417437,-0.009240518221718619,-0.001979541428850507,SUM2_010895
0.09618254827959713,-0.010594608496268953,0.7619236413265323,-0.003337738532920513,-0.01671653084373196,0.12319505195475262,0.015011763816734284,0.07541504035659256,-0.0022545739243076683,SUM2_001582
0.04232587880279415,-0.04192028024919038,-0.32153247221593456,-0.03569956430083234,-0.11375335560688367,0.04984633942422392,0.014875993111912128,-0.0469116565053241,-0.04053715609463008,SUM2_011660
0.8824377240700544,0.09955422637135766,0.1586195327911588,0.0790842873114558,0.11886175362876705,-0.011559437277428936,0.011344234696393628,-0.008982634041444669,0.06248893250054375,SUM2_017679
0.08988125934872974,-0.046712814744335994,-0.09441958591608109,-0.06009365474154129,-0.15217724790854947,0.06434832842006666,-0.02819126479318303,-0.03587670238187661,0.0043113646300353085,SUM2_009973
0.0606515909400702,-0.06864282686316178,-0.15202387449436938,-0.06192905595530677,-0.207491958663873,0.05486097805069112,-0.04532677262339669,-0.04185541522587701,-0.015148433542494153,SUM2_017896
0.10372549506711551,0.055559120354194934,0.9030503881074221,-0.002934059565066538,0.09756361886175866,-0.013853250644317486,0.021214833189078665,-0.01164949011831288,0.06701214908214602,SUM2_007591
-0.058050651621648665,-0.0031754982832320226,-0.08982440808662957,0.004435052709612865,-0.06519403695293474,-0.017022328504040483,0.016803527278482184,-0.008423589291390818,0.03789838154490011,SUM2_010745
0.15254985925258852,-0.07458845380157306,-0.4246193408415781,-0.026576086090412777,-0.04763475198034992,-0.017070705129060636,-0.015382909774778766,-0.007760021920342695,-0.0471672721695408,SUM2_003495
0.09618254827959713,-0.010594608496268953,0.7619236413265323,-0.003337738532920513,-0.01671653084373196,0.12319505195475262,0.015011763816734284,0.07541504035659256,-0.0022545739243076683,SUM2_015282
-0.058050651621648665,-0.0031754982832320226,-0.08982440808662957,0.004435052709612865,-0.06519403695293474,-0.017022328504040483,0.016803527278482184,-0.008423589291390818,0.03789838154490011,SUM2_005003
-0.058050651621648665,-0.0031754982832320226,-0.08982440808662957,0.004435052709612865,-0.06519403695293474,-0.017022328504040483,0.016803527278482184,-0.008423589291390818,0.03789838154490011,SUM2_014019
0.644636135212715,0.011696700644577018,-0.2832723992500208,-0.09191799824641451,-0.36928777888891534,-0.027174183698870747,0.00897649569136228,-0.00853382469766095,-0.08397887376744641,SUM2_015771
-0.10549724131517899,-0.012105083017373324,-0.2173783372963293,-0.003416484688354547,-0.052306948980816684,-0.020186701633670673,0.013647623777010748,-0.008542759297591424,0.03022222110883597,SUM2_005846
0.09618254827959713,-0.010594608496268953,0.7619236413265323,-0.003337738532920513,-0.01671653084373196,0.12319505195475262,0.015011763816734284,0.07541504035659256,-0.0022545739243076683,SUM2_005592
0.044555472676634164,-0.00811091466426402,0.06386777867581524,0.060550093011948435,-0.0848388502062879,-0.02700992041747141,-0.020182753099275058,-0.03061651980827087,-0.031962321295224916,SUM2_006810
-0.11024575688660905,0.0010622757514851856,-0.2677285763403324,0.07398055101209347,0.003207794540842404,-0.019878443757162207,-0.007271893142994213,-0.009291283003113781,0.045711333652169076,SUM2_005293
0.1495375209196456,-0.009306063407006111,0.6609896270115971,0.008420013711726182,-0.09487799539207713,-0.02289115116091629,0.024642505389263287,-0.023998315184633356,-0.001524442562388132,SUM2_004665
-0.17868830423720755,-0.058505344988436146,-0.136363608496134,-0.01771301445142351,-0.08716942526473385,-0.022859124680229558,-0.010729914700108787,-0.009139342138812626,0.07010687519092364,SUM2_008851
0.16233560764473834,0.06375819740064866,-0.3923670698785936,0.1396891312289199,0.36791281893242495,-0.023492810241493682,0.012476047902793873,-0.005112124689059418,-0.016340707510744356,SUM2_002692
0.09618254827959713,-0.010594608496268953,0.7619236413265323,-0.003337738532920513,-0.01671653084373196,0.12319505195475262,0.015011763816734284,0.07541504035659256,-0.0022545739243076683,SUM2_018297
0.14897276548141575,-0.017750880914546557,0.7122318473134757,0.0012081953318214995,-0.1122269947561596,0.127957863765799,0.023749142440762473,-0.014209144156273213,-0.0009126055189459881,SUM2_009567
-0.058050651621648665,-0.0031754982832320226,-0.08982440808662957,0.004435052709612865,-0.06519403695293474,-0.017022328504040483,0.016803527278482184,-0.008423589291390818,0.03789838154490011,SUM2_008756
0.3547328142931424,0.01089803742191292,-0.3329573554150621,0.012906312612278578,0.06863586089356383,-0.015441218536989015,0.009680503766970746,-0.008723888717429917,0.18133562827749478,SUM2_016516
0.0401856536528772,-0.0041664620346197915,0.8391342286214902,0.0018086269170560381,-0.08314589949124754,-0.021130926148198143,0.019462705017910163,-0.015295204408800254,0.003568824577344579,SUM2_015982
-0.11506701878201415,-0.020257565521509407,-0.15422515322336042,-0.006911359798441435,-0.07288102736755422,0.14049587586619383,0.01324992882381365,-0.010337422075877761,0.03356665688117316,SUM2_004768
0.3810420521319332,0.022303154183545743,-0.2713297760039203,0.07233931022177045,-0.174783366087122,-0.021820982819365873,0.008745144154075235,-0.008461062129594406,-0.08497736360823846,SUM2_003133
-0.08219518371827814,0.09994710437380797,-0.2694073211239091,0.0700411689230768,-0.07102990997361965,-0.020895238918508426,-0.008440493638736248,-0.008840464312113518,-0.03158115397663502,SUM2_004942
-0.18110538880848076,-0.04145521207216819,-0.5462569858793691,-0.017124169823823122,-0.12141390325810013,-0.021141891680650206,0.00690605285144603,-0.008959223344483227,-0.06562635625480867,SUM2_004741
0.00949648279429843,0.012805633458045163,-0.41412425918735263,0.034425567151039636,-0.11214970970967919,-0.021535982469021834,0.009567945335186923,-0.008447922173072919,-0.07968740831055746,SUM2_012005
-0.13905217919992033,-0.021377781720860377,-0.35864533223415435,-0.002826381003489617,-0.024355480730507226,-0.020156054345125657,0.0059563091566534635,-0.00873628194029692,0.003820573097285876,SUM2_018409
0.15317890735296052,-0.006640393765368508,0.659657401905732,0.007535060089224182,-0.0924882500068333,-0.02289115116091629,0.024697235633191175,-0.02360547755817502,-0.001532723941660554,SUM2_005460
0.14897276548141575,-0.017750880914546557,0.7122318473134757,0.0012081953318214995,-0.1122269947561596,0.127957863765799,0.023749142440762473,-0.014209144156273213,-0.0009126055189459881,SUM2_015302
0.11462850853040223,-0.004974312356971225,0.7166402423428947,0.007598813289903717,-0.0871890909928262,-0.02235031615910112,0.0252538406482551,-0.021000911986522916,3.8240919725514735e-05,SUM2_007524
-0.14050900126454044,-0.019222962206768737,-0.15103079733381405,-0.0025862000569315743,-0.060748907949270306,-0.020183749414859342,0.012728978635483317,-0.008542698299366396,0.03362646382426755,SUM2_004010
0.04144698694122444,-0.0034888109171346314,0.7971429804266071,0.0007725155421258519,-0.0859721828045175,-0.022530485356973693,0.01691883708813494,-0.01531504361933747,8.717981262135673e-05,SUM2_017845
-0.12843692857990568,-0.0149248638135332,-0.1482613898734278,-0.00336333334225193,-0.05567302323445429,-0.020181983520189607,0.013647623777010748,-0.008542759297591424,0.03316441322332951,SUM2_010310
