TIPO RED,SED_ID,LLAVE_ID,TIPO_LLAVE,ALIMENTADOR_ID,SET_ID,KVA,Cant_Fallas,año
RED SUBTERRANEA,SED2_08379,LLAVE2_09,SP,ALIM2_265,SET2_33,250,27,2025
RED SUBTERRANEA,SED2_03548,LLAVE2_09,SP,ALIM2_355,SET2_30,250,27,2025
RED SUBTERRANEA,SED2_05274,LLAVE2_19,SP,ALIM2_185,SET2_31,100,27,2025
RED SUBTERRANEA,SED2_05465,LLAVE2_09,SP,ALIM2_057,SET2_22,160,26,2025
RED SUBTERRANEA,SED2_06029,LLAVE2_15,SP,ALIM2_323,SET2_40,400,21,2025
RED SUBTERRANEA,SED2_04992,LLAVE2_09,SP,ALIM2_298,SET2_26,250,21,2025
RED SUBTERRANEA,SED2_07805,LLAVE2_15,SP,ALIM2_086,SET2_33,400,20,2025
RED SUBTERRANEA,SED2_07005,LLAVE2_19,SP,ALIM2_339,SET2_15,250,19,2025
RED SUBTERRANEA,SED2_03644,LLAVE2_09,SP,ALIM2_117,SET2_10,160,19,2025
RED AEREA,SED2_07104,LLAVE2_09,SP,ALIM2_115,SET2_12,250,19,2025
RED SUBTERRANEA,SED2_01694,LLAVE2_09,SP,ALIM2_368,SET2_31,630,18,2025
RED AEREA,SED2_00467,LLAVE2_19,SP,ALIM2_132,SET2_12,100,18,2025
RED AEREA,SED2_08285,LLAVE2_09,SP,ALIM2_243,SET2_42,100,18,2025
RED SUBTERRANEA,SED2_01826,LLAVE2_09,SP,ALIM2_263,SET2_31,400,17,2025
RED SUBTERRANEA,SED2_00804,LLAVE2_09,SP,ALIM2_237,SET2_33,160,17,2025
RED SUBTERRANEA,SED2_07047,LLAVE2_19,SP,ALIM2_323,SET2_40,160,17,2025
RED SUBTERRANEA,SED2_02813,LLAVE2_19,SP,ALIM2_042,SET2_06,100,17,2025
RED AEREA,SED2_05272,LLAVE2_09,SP,ALIM2_136,SET2_12,250,17,2025
RED AEREA,SED2_01375,LLAVE2_09,SP,ALIM2_093,SET2_21,160,17,2025
RED SUBTERRANEA,SED2_03737,LLAVE2_09,SP,ALIM2_373,SET2_17,250,16,2025
RED SUBTERRANEA,SED2_09487,LLAVE2_19,SP,ALIM2_015,SET2_25,100,16,2025
RED SUBTERRANEA,SED2_03548,LLAVE2_15,SP,ALIM2_355,SET2_30,250,16,2025
RED SUBTERRANEA,SED2_00583,LLAVE2_09,SP,ALIM2_160,SET2_33,250,16,2025
RED SUBTERRANEA,SED2_07047,LLAVE2_09,SP,ALIM2_323,SET2_40,160,16,2025
RED SUBTERRANEA,SED2_03086,LLAVE2_09,SP,ALIM2_083,SET2_23,75,16,2025
RED AEREA,SED2_05272,LLAVE2_19,SP,ALIM2_136,SET2_12,250,16,2025
RED AEREA,SED2_05089,LLAVE2_19,SP,ALIM2_136,SET2_12,100,16,2025
RED SUBTERRANEA,SED2_00094,LLAVE2_19,SP,SIN DATA,SIN DATA,SIN DATA,16,2025
RED SUBTERRANEA,SED2_08921,LLAVE2_19,SP,ALIM2_047,SET2_31,630,15,2025
RED AEREA,SED2_08302,LLAVE2_19,SP,ALIM2_306,SET2_12,100,15,2025
RED SUBTERRANEA,SED2_00081,LLAVE2_19,SP,ALIM2_244,SET2_32,160,15,2025
RED SUBTERRANEA,SED2_01332,LLAVE2_19,SP,ALIM2_237,SET2_33,100,15,2025
RED SUBTERRANEA,SED2_01783,LLAVE2_09,SP,ALIM2_240,SET2_46,250,15,2025
RED SUBTERRANEA,SED2_00675,LLAVE2_09,SP,ALIM2_013,SET2_09,160,15,2025
RED SUBTERRANEA,SED2_09792,LLAVE2_09,SP,ALIM2_457,SET2_26,160,15,2025
RED AEREA,SED2_00449,LLAVE2_09,SP,ALIM2_115,SET2_12,250,15,2025
RED SUBTERRANEA,SED2_01512,LLAVE2_19,SP,ALIM2_153,SET2_31,630,14,2025
RED AEREA,SED2_04085,LLAVE2_09,SP,ALIM2_161,SET2_04,100,14,2025
RED AEREA,SED2_02818,LLAVE2_09,SP,ALIM2_093,SET2_21,250,14,2025
RED SUBTERRANEA,SED2_05641,LLAVE2_15,SP,ALIM2_042,SET2_06,75,14,2025
RED SUBTERRANEA,SED2_08754,LLAVE2_19,SP,ALIM2_060,SET2_32,160,14,2025
RED SUBTERRANEA,SED2_07348,LLAVE2_09,SP,ALIM2_160,SET2_33,160,14,2025
RED SUBTERRANEA,SED2_07355,LLAVE2_19,SP,ALIM2_024,SET2_40,160,14,2025
RED SUBTERRANEA,SED2_07047,LLAVE2_21,SP,ALIM2_323,SET2_40,160,14,2025
RED SUBTERRANEA,SED2_03223,LLAVE2_09,SP,ALIM2_474,SET2_02,150,14,2025
RED SUBTERRANEA,SED2_03450,LLAVE2_19,SP,ALIM2_016,SET2_36,250,14,2025
RED SUBTERRANEA,SED2_01374,LLAVE2_19,SP,ALIM2_117,SET2_10,250,14,2025
RED AEREA,SED2_09452,LLAVE2_09,SP,ALIM2_136,SET2_12,160,14,2025
RED AEREA,SED2_08756,LLAVE2_09,SP,ALIM2_115,SET2_12,160,14,2025
RED AEREA,SED2_08115,LLAVE2_09,SP,ALIM2_115,SET2_12,100,14,2025
RED SUBTERRANEA,SED2_03190,LLAVE2_09,SP,ALIM2_406,SET2_46,1430,13,2025
RED SUBTERRANEA,SED2_06029,LLAVE2_21,SP,ALIM2_323,SET2_40,400,13,2025
RED SUBTERRANEA,SED2_08379,LLAVE2_19,SP,ALIM2_265,SET2_33,250,13,2025
RED SUBTERRANEA,SED2_07669,LLAVE2_09,SP,ALIM2_072,SET2_23,100,13,2025
RED SUBTERRANEA,SED2_07355,LLAVE2_15,SP,ALIM2_024,SET2_40,160,13,2025
RED SUBTERRANEA,SED2_03924,LLAVE2_19,SP,ALIM2_090,SET2_46,630,13,2025
RED AEREA,SED2_07934,LLAVE2_19,SP,ALIM2_115,SET2_12,100,13,2025
RED SUBTERRANEA,SED2_01593,LLAVE2_09,SP,ALIM2_180,SET2_17,250,13,2025
RED AEREA,SED2_09730,LLAVE2_09,SP,ALIM2_136,SET2_12,100,13,2025
RED AEREA,SED2_07442,LLAVE2_09,SP,ALIM2_078,SET2_10,100,13,2025
RED SUBTERRANEA,SED2_04336,LLAVE2_15,SP,ALIM2_008,SET2_35,250,13,2025
RED SUBTERRANEA,SED2_08793,LLAVE2_19,SP,ALIM2_081,SET2_21,100,13,2025
RED SUBTERRANEA,SED2_01104,LLAVE2_09,SP,ALIM2_025,SET2_13,630,12,2025
RED SUBTERRANEA,SED2_05990,LLAVE2_02,SP,ALIM2_463,SET2_36,630,12,2025
RED AEREA,SED2_06348,LLAVE2_09,SP,ALIM2_402,SET2_10,160,12,2025
RED AEREA,SED2_02172,LLAVE2_09,SP,ALIM2_161,SET2_04,160,12,2025
RED AEREA,SED2_08871,LLAVE2_19,SP,ALIM2_481,SET2_12,100,12,2025
RED AEREA,SED2_02818,LLAVE2_19,SP,ALIM2_093,SET2_21,250,12,2025
RED SUBTERRANEA,SED2_09833,LLAVE2_19,SP,ALIM2_057,SET2_22,100,12,2025
RED SUBTERRANEA,SED2_01191,LLAVE2_15,SP,ALIM2_305,SET2_33,250,12,2025
RED SUBTERRANEA,SED2_02848,LLAVE2_19,SP,ALIM2_097,SET2_33,100,12,2025
RED SUBTERRANEA,SED2_03552,LLAVE2_15,SP,ALIM2_024,SET2_40,100,12,2025
RED SUBTERRANEA,SED2_01944,LLAVE2_19,SP,ALIM2_108,SET2_22,160,12,2025
RED AEREA,SED2_05690,LLAVE2_19,SP,ALIM2_194,SET2_35,250,12,2025
RED SUBTERRANEA,SED2_09789,LLAVE2_19,SP,ALIM2_038,SET2_46,250,12,2025
RED SUBTERRANEA,SED2_00946,LLAVE2_15,SP,ALIM2_301,SET2_38,400,12,2025
RED SUBTERRANEA,SED2_07633,LLAVE2_15,SP,ALIM2_072,SET2_23,250,12,2025
RED SUBTERRANEA,SED2_03072,LLAVE2_19,SP,ALIM2_447,SET2_26,160,12,2025
RED AEREA,SED2_00586,LLAVE2_19,SP,ALIM2_115,SET2_12,160,12,2025
RED SUBTERRANEA,SED2_06680,LLAVE2_09,SP,ALIM2_121,SET2_21,160,12,2025
RED AEREA,SED2_04669,LLAVE2_19,SP,ALIM2_306,SET2_12,160,12,2025
RED AEREA,SED2_05089,LLAVE2_09,SP,ALIM2_136,SET2_12,100,12,2025
RED AEREA,SED2_05787,LLAVE2_09,SP,ALIM2_115,SET2_12,100,12,2025
RED AEREA,SED2_08931,LLAVE2_09,SP,ALIM2_243,SET2_42,160,12,2025
RED AEREA,SED2_00595,LLAVE2_19,SP,ALIM2_183,SET2_12,100,12,2025
RED SUBTERRANEA,SED2_04687,LLAVE2_19,SP,ALIM2_153,SET2_31,400,11,2025
RED SUBTERRANEA,SED2_07001,LLAVE2_14,SP,ALIM2_238,SET2_36,630,11,2025
RED SUBTERRANEA,SED2_03114,LLAVE2_19,SP,ALIM2_120,SET2_29,160,11,2025
RED AEREA,SED2_06467,LLAVE2_09,SP,ALIM2_316,SET2_23,160,11,2025
RED AEREA,SED2_00714,LLAVE2_21,SP,ALIM2_389,SET2_28,250,11,2025
RED AEREA,SED2_02949,LLAVE2_19,SP,ALIM2_121,SET2_21,50,11,2025
RED SUBTERRANEA,SED2_05421,LLAVE2_13,SP,ALIM2_323,SET2_40,250,11,2025
RED SUBTERRANEA,SED2_07247,LLAVE2_15,SP,ALIM2_237,SET2_33,250,11,2025
RED SUBTERRANEA,SED2_00583,LLAVE2_15,SP,ALIM2_160,SET2_33,250,11,2025
RED SUBTERRANEA,SED2_03041,LLAVE2_19,SP,ALIM2_081,SET2_21,400,11,2025
RED SUBTERRANEA,SED2_08368,LLAVE2_19,SP,ALIM2_086,SET2_33,250,11,2025
RED SUBTERRANEA,SED2_02937,LLAVE2_19,SP,ALIM2_339,SET2_15,400,11,2025
RED SUBTERRANEA,SED2_06852,LLAVE2_19,SP,ALIM2_040,SET2_40,250,11,2025
RED SUBTERRANEA,SED2_03223,LLAVE2_19,SP,ALIM2_474,SET2_02,150,11,2025
RED SUBTERRANEA,SED2_07633,LLAVE2_09,SP,ALIM2_072,SET2_23,250,11,2025
RED SUBTERRANEA,SED2_09126,LLAVE2_09,SP,ALIM2_267,SET2_23,160,11,2025
RED SUBTERRANEA,SED2_05380,LLAVE2_09,SP,ALIM2_011,SET2_17,160,11,2025
RED SUBTERRANEA,SED2_06840,LLAVE2_21,SP,ALIM2_233,SET2_41,400,11,2025
RED SUBTERRANEA,SED2_03644,LLAVE2_19,SP,ALIM2_117,SET2_10,160,11,2025
RED AEREA,SED2_05436,LLAVE2_19,SP,ALIM2_115,SET2_12,100,11,2025
RED AEREA,SED2_04844,LLAVE2_09,SP,ALIM2_136,SET2_12,100,11,2025
RED SUBTERRANEA,SED2_08809,LLAVE2_19,SP,ALIM2_361,SET2_23,250,11,2025
RED AEREA,SED2_06473,LLAVE2_19,SP,ALIM2_032,SET2_04,160,11,2025
RED AEREA,SED2_03857,LLAVE2_09,SP,ALIM2_066,SET2_10,160,11,2025
RED AEREA,SED2_02702,LLAVE2_09,SP,ALIM2_306,SET2_12,160,11,2025
RED AEREA,SED2_07104,LLAVE2_19,SP,ALIM2_115,SET2_12,250,11,2025
RED AEREA,SED2_00869,LLAVE2_19,SP,ALIM2_208,SET2_13,160,11,2025
RED AEREA,SED2_08762,LLAVE2_09,SP,ALIM2_132,SET2_12,100,11,2025
RED AEREA,SED2_00648,LLAVE2_19,SP,ALIM2_132,SET2_12,100,11,2025
RED SUBTERRANEA,SED2_06124,LLAVE2_09,SP,ALIM2_117,SET2_10,100,11,2025
RED SUBTERRANEA,SED2_06964,LLAVE2_19,SP,ALIM2_323,SET2_40,100,11,2025
RED SUBTERRANEA,SED2_01512,LLAVE2_12,SP,ALIM2_153,SET2_31,630,10,2025
RED SUBTERRANEA,SED2_01894,LLAVE2_19,SP,ALIM2_025,SET2_13,630,10,2025
RED SUBTERRANEA,SED2_03744,LLAVE2_14,SP,ALIM2_473,SET2_46,630,10,2025
RED SUBTERRANEA,SED2_06732,LLAVE2_13,SP,ALIM2_431,SET2_36,630,10,2025
RED SUBTERRANEA,SED2_01985,LLAVE2_19,SP,ALIM2_309,SET2_30,630,10,2025
RED AEREA,SED2_01860,LLAVE2_19,SP,ALIM2_132,SET2_12,160,10,2025
RED SUBTERRANEA,SED2_07805,LLAVE2_09,SP,ALIM2_086,SET2_33,400,10,2025
RED AEREA,SED2_04085,LLAVE2_19,SP,ALIM2_161,SET2_04,100,10,2025
RED SUBTERRANEA,SED2_09355,LLAVE2_09,SP,ALIM2_389,SET2_28,160,10,2025
RED SUBTERRANEA,SED2_07181,LLAVE2_19,SP,ALIM2_121,SET2_21,100,10,2025
RED SUBTERRANEA,SED2_06509,LLAVE2_15,SP,ALIM2_016,SET2_36,400,10,2025
RED AEREA,SED2_02125,LLAVE2_15,SP,ALIM2_306,SET2_12,100,10,2025
RED AEREA,SED2_07902,LLAVE2_09,SP,ALIM2_194,SET2_35,400,10,2025
RED SUBTERRANEA,SED2_08706,LLAVE2_09,SP,ALIM2_227,SET2_45,160,10,2025
RED SUBTERRANEA,SED2_05315,LLAVE2_19,SP,ALIM2_015,SET2_25,100,10,2025
RED SUBTERRANEA,SED2_04593,LLAVE2_09,SP,ALIM2_214,SET2_36,250,10,2025
RED SUBTERRANEA,SED2_05644,LLAVE2_09,SP,ALIM2_128,SET2_28,250,10,2025
RED SUBTERRANEA,SED2_09321,LLAVE2_09,SP,ALIM2_158,SET2_33,250,10,2025
RED SUBTERRANEA,SED2_03548,LLAVE2_19,SP,ALIM2_355,SET2_30,250,10,2025
RED SUBTERRANEA,SED2_09816,LLAVE2_19,SP,ALIM2_255,SET2_21,250,10,2025
RED SUBTERRANEA,SED2_03253,LLAVE2_15,SP,ALIM2_192,SET2_46,400,10,2025
RED SUBTERRANEA,SED2_05956,LLAVE2_19,SP,ALIM2_305,SET2_33,250,10,2025
RED SUBTERRANEA,SED2_02708,LLAVE2_21,SP,ALIM2_342,SET2_10,250,10,2025
RED SUBTERRANEA,SED2_05013,LLAVE2_09,SP,ALIM2_011,SET2_17,250,10,2025
RED SUBTERRANEA,SED2_01783,LLAVE2_19,SP,ALIM2_240,SET2_46,250,10,2025
RED SUBTERRANEA,SED2_03526,LLAVE2_19,SP,ALIM2_298,SET2_26,160,10,2025
RED SUBTERRANEA,SED2_01583,LLAVE2_09,SP,ALIM2_476,SET2_02,160,10,2025
RED SUBTERRANEA,SED2_06319,LLAVE2_15,SP,ALIM2_267,SET2_23,160,10,2025
RED SUBTERRANEA,SED2_01726,LLAVE2_09,SP,ALIM2_065,SET2_17,160,10,2025
RED SUBTERRANEA,SED2_06459,LLAVE2_21,SP,ALIM2_189,SET2_09,160,10,2025
RED SUBTERRANEA,SED2_00812,LLAVE2_09,SP,ALIM2_213,SET2_41,250,10,2025
RED AEREA,SED2_02926,LLAVE2_19,SP,ALIM2_183,SET2_12,100,10,2025
RED AEREA,SED2_08877,LLAVE2_19,SP,ALIM2_115,SET2_12,100,10,2025
RED AEREA,SED2_04504,LLAVE2_19,SP,ALIM2_066,SET2_10,100,10,2025
RED AEREA,SED2_03892,LLAVE2_09,SP,ALIM2_136,SET2_12,100,10,2025
RED AEREA,SED2_05437,LLAVE2_19,SP,ALIM2_391,SET2_10,160,10,2025
RED AEREA,SED2_04894,LLAVE2_21,SP,ALIM2_391,SET2_10,160,10,2025
RED AEREA,SED2_07436,LLAVE2_19,SP,ALIM2_136,SET2_12,100,10,2025
RED AEREA,SED2_03494,LLAVE2_19,SP,ALIM2_115,SET2_12,100,10,2025
RED AEREA,SED2_03305,LLAVE2_19,SP,ALIM2_078,SET2_10,100,10,2025
RED AEREA,SED2_09607,LLAVE2_19,SP,ALIM2_208,SET2_13,100,10,2025
RED AEREA,SED2_02211,LLAVE2_09,SP,ALIM2_089,SET2_35,160,10,2025
RED AEREA,SED2_04267,LLAVE2_09,SP,ALIM2_481,SET2_12,160,10,2025
RED SUBTERRANEA,SED2_01274,LLAVE2_15,SP,ALIM2_070,SET2_16,400,10,2025
RED AEREA,SED2_08516,LLAVE2_19,SP,ALIM2_421,SET2_10,50,10,2025
RED AEREA,SED2_08762,LLAVE2_19,SP,ALIM2_132,SET2_12,100,10,2025
RED AEREA,SED2_07829,LLAVE2_19,SP,ALIM2_112,SET2_35,100,10,2025
RED AEREA,SED2_04353,LLAVE2_09,SP,ALIM2_053,SET2_12,100,10,2025
RED AEREA,SED2_05694,LLAVE2_09,SP,ALIM2_132,SET2_12,160,10,2025
RED AEREA,SED2_03706,LLAVE2_09,SP,ALIM2_136,SET2_12,100,10,2025
RED AEREA,SED2_04904,LLAVE2_15,SP,ALIM2_481,SET2_12,100,10,2025
RED AEREA,SED2_01111,LLAVE2_19,SP,ALIM2_341,SET2_35,50,10,2025
RED SUBTERRANEA,SED2_06124,LLAVE2_19,SP,ALIM2_117,SET2_10,100,10,2025
RED SUBTERRANEA,SED2_09240,LLAVE2_21,SP,ALIM2_160,SET2_33,100,10,2025
RED SUBTERRANEA,SED2_06077,LLAVE2_12,SP,ALIM2_235,SET2_46,630,9,2025
RED SUBTERRANEA,SED2_05554,LLAVE2_18,SP,ALIM2_197,SET2_46,800,9,2025
RED SUBTERRANEA,SED2_00174,LLAVE2_09,SP,ALIM2_263,SET2_31,400,9,2025
RED SUBTERRANEA,SED2_06372,LLAVE2_15,SP,ALIM2_163,SET2_31,630,9,2025
RED SUBTERRANEA,SED2_02497,LLAVE2_09,SP,ALIM2_342,SET2_10,250,9,2025
RED SUBTERRANEA,SED2_07001,LLAVE2_09,SP,ALIM2_238,SET2_36,630,9,2025
RED SUBTERRANEA,SED2_09055,LLAVE2_21,SP,ALIM2_279,SET2_17,400,9,2025
RED AEREA,SED2_01981,LLAVE2_19,SP,ALIM2_078,SET2_10,100,9,2025
RED SUBTERRANEA,SED2_00437,LLAVE2_09,SP,ALIM2_053,SET2_12,160,9,2025
RED AEREA,SED2_06896,LLAVE2_19,SP,ALIM2_391,SET2_10,160,9,2025
RED AEREA,SED2_04579,LLAVE2_09,SP,ALIM2_100,SET2_12,160,9,2025
RED AEREA,SED2_00714,LLAVE2_09,SP,ALIM2_389,SET2_28,250,9,2025
RED AEREA,SED2_02167,LLAVE2_09,SP,ALIM2_219,SET2_10,160,9,2025
RED SUBTERRANEA,SED2_03284,LLAVE2_09,SP,ALIM2_267,SET2_23,160,9,2025
RED SUBTERRANEA,SED2_07994,LLAVE2_09,SP,ALIM2_475,SET2_36,100,9,2025
RED AEREA,SED2_02125,LLAVE2_09,SP,ALIM2_306,SET2_12,100,9,2025
RED SUBTERRANEA,SED2_09226,LLAVE2_09,SP,ALIM2_013,SET2_09,630,9,2025
RED SUBTERRANEA,SED2_07719,LLAVE2_09,SP,ALIM2_312,SET2_09,250,9,2025
RED AEREA,SED2_07127,LLAVE2_19,SP,ALIM2_078,SET2_10,160,9,2025
RED SUBTERRANEA,SED2_05465,LLAVE2_19,SP,ALIM2_057,SET2_22,160,9,2025
RED SUBTERRANEA,SED2_09833,LLAVE2_09,SP,ALIM2_057,SET2_22,100,9,2025
RED SUBTERRANEA,SED2_07693,LLAVE2_15,SP,ALIM2_355,SET2_30,250,9,2025
RED SUBTERRANEA,SED2_01264,LLAVE2_21,SP,ALIM2_263,SET2_31,250,9,2025
RED SUBTERRANEA,SED2_00163,LLAVE2_09,SP,ALIM2_202,SET2_29,100,9,2025
RED SUBTERRANEA,SED2_00045,LLAVE2_09,SP,ALIM2_189,SET2_09,50,9,2025
RED AEREA,SED2_00090,LLAVE2_19,SP,ALIM2_481,SET2_12,50,9,2025
RED SUBTERRANEA,SED2_03041,LLAVE2_09,SP,ALIM2_081,SET2_21,400,9,2025
RED SUBTERRANEA,SED2_04488,LLAVE2_19,SP,ALIM2_263,SET2_31,160,9,2025
RED SUBTERRANEA,SED2_06389,LLAVE2_15,SP,ALIM2_093,SET2_21,100,9,2025
RED SUBTERRANEA,SED2_01273,LLAVE2_19,SP,ALIM2_481,SET2_12,160,9,2025
RED SUBTERRANEA,SED2_08534,LLAVE2_15,SP,ALIM2_135,SET2_43,160,9,2025
RED SUBTERRANEA,SED2_07261,LLAVE2_19,SP,ALIM2_323,SET2_40,160,9,2025
RED SUBTERRANEA,SED2_05572,LLAVE2_19,SP,ALIM2_040,SET2_40,400,9,2025
RED SUBTERRANEA,SED2_04992,LLAVE2_19,SP,ALIM2_298,SET2_26,250,9,2025
RED SUBTERRANEA,SED2_06876,LLAVE2_19,SP,ALIM2_192,SET2_46,400,9,2025
RED SUBTERRANEA,SED2_06319,LLAVE2_09,SP,ALIM2_267,SET2_23,160,9,2025
RED SUBTERRANEA,SED2_08996,LLAVE2_19,SP,ALIM2_339,SET2_15,160,9,2025
RED SUBTERRANEA,SED2_05919,LLAVE2_19,SP,ALIM2_073,SET2_21,100,9,2025
RED SUBTERRANEA,SED2_08002,LLAVE2_19,SP,ALIM2_355,SET2_30,250,9,2025
RED AEREA,SED2_00210,LLAVE2_19,SP,ALIM2_115,SET2_12,100,9,2025
RED AEREA,SED2_09165,LLAVE2_09,SP,ALIM2_112,SET2_35,160,9,2025
RED AEREA,SED2_07245,LLAVE2_19,SP,ALIM2_306,SET2_12,160,9,2025
RED AEREA,SED2_02082,LLAVE2_09,SP,ALIM2_136,SET2_12,100,9,2025
RED AEREA,SED2_08168,LLAVE2_19,SP,ALIM2_219,SET2_10,100,9,2025
RED SUBTERRANEA,SED2_08809,LLAVE2_09,SP,ALIM2_361,SET2_23,250,9,2025
RED AEREA,SED2_08231,LLAVE2_09,SP,ALIM2_402,SET2_10,100,9,2025
RED AEREA,SED2_08634,LLAVE2_09,SP,ALIM2_136,SET2_12,100,9,2025
RED AEREA,SED2_01144,LLAVE2_09,SP,ALIM2_136,SET2_12,250,9,2025
RED AEREA,SED2_03892,LLAVE2_19,SP,ALIM2_136,SET2_12,100,9,2025
RED AEREA,SED2_09465,LLAVE2_09,SP,ALIM2_136,SET2_12,160,9,2025
RED AEREA,SED2_00735,LLAVE2_19,SP,ALIM2_391,SET2_10,160,9,2025
RED AEREA,SED2_05766,LLAVE2_19,SP,ALIM2_481,SET2_12,100,9,2025
RED SUBTERRANEA,SED2_07954,LLAVE2_19,SP,ALIM2_437,SET2_23,160,9,2025
RED AEREA,SED2_03857,LLAVE2_19,SP,ALIM2_066,SET2_10,160,9,2025
RED AEREA,SED2_06924,LLAVE2_09,SP,ALIM2_115,SET2_12,250,9,2025
RED AEREA,SED2_00449,LLAVE2_19,SP,ALIM2_115,SET2_12,250,9,2025
RED AEREA,SED2_09738,LLAVE2_09,SP,ALIM2_115,SET2_12,100,9,2025
RED AEREA,SED2_05847,LLAVE2_19,SP,ALIM2_472,SET2_10,100,9,2025
RED AEREA,SED2_07942,LLAVE2_09,SP,ALIM2_115,SET2_12,100,9,2025
RED AEREA,SED2_08681,LLAVE2_19,SP,ALIM2_194,SET2_35,100,9,2025
RED AEREA,SED2_09658,LLAVE2_19,SP,ALIM2_136,SET2_12,160,9,2025
RED AEREA,SED2_01375,LLAVE2_19,SP,ALIM2_093,SET2_21,160,9,2025
RED AEREA,SED2_00717,LLAVE2_09,SP,ALIM2_115,SET2_12,100,9,2025
RED AEREA,SED2_01529,LLAVE2_19,SP,ALIM2_100,SET2_12,250,9,2025
RED AEREA,SED2_01510,LLAVE2_09,SP,ALIM2_117,SET2_10,100,9,2025
RED SUBTERRANEA,SED2_00844,LLAVE2_21,SP,ALIM2_192,SET2_46,630,9,2025
RED SUBTERRANEA,SED2_09240,LLAVE2_09,SP,ALIM2_160,SET2_33,100,9,2025
RED SUBTERRANEA,SED2_05072,LLAVE2_14,SP,ALIM2_140,SET2_21,400,9,2025
RED SUBTERRANEA,SED2_00665,LLAVE2_09,SP,ALIM2_093,SET2_21,160,9,2025
RED AEREA,SED2_03312,LLAVE2_09,SP,ALIM2_132,SET2_12,100,8,2025
RED AEREA,SED2_07228,LLAVE2_09,SP,ALIM2_136,SET2_12,100,8,2025
RED SUBTERRANEA,SED2_02463,LLAVE2_14,SP,ALIM2_253,SET2_46,630,8,2025
RED SUBTERRANEA,SED2_03190,LLAVE2_16,SP,ALIM2_406,SET2_46,1430,8,2025
RED SUBTERRANEA,SED2_04324,LLAVE2_12,SP,ALIM2_366,SET2_27,630,8,2025
RED SUBTERRANEA,SED2_03983,LLAVE2_08,SP,ALIM2_445,SET2_46,1260,8,2025
RED SUBTERRANEA,SED2_01694,LLAVE2_19,SP,ALIM2_368,SET2_31,630,8,2025
RED SUBTERRANEA,SED2_08601,LLAVE2_14,SP,ALIM2_153,SET2_31,630,8,2025
RED SUBTERRANEA,SED2_01512,LLAVE2_14,SP,ALIM2_153,SET2_31,630,8,2025
RED SUBTERRANEA,SED2_04687,LLAVE2_14,SP,ALIM2_153,SET2_31,400,8,2025
RED SUBTERRANEA,SED2_08383,LLAVE2_19,SP,ALIM2_479,SET2_31,630,8,2025
RED SUBTERRANEA,SED2_04186,LLAVE2_17,SP,ALIM2_302,SET2_27,1400,8,2025
RED SUBTERRANEA,SED2_05542,LLAVE2_09,SP,ALIM2_426,SET2_46,400,8,2025
RED SUBTERRANEA,SED2_06159,LLAVE2_09,SP,ALIM2_479,SET2_31,400,8,2025
RED SUBTERRANEA,SED2_07740,LLAVE2_09,SP,ALIM2_365,SET2_46,630,8,2025
RED SUBTERRANEA,SED2_05646,LLAVE2_19,SP,ALIM2_365,SET2_46,1260,8,2025
RED SUBTERRANEA,SED2_06032,LLAVE2_21,SP,ALIM2_156,SET2_15,400,8,2025
RED SUBTERRANEA,SED2_06372,LLAVE2_14,SP,ALIM2_163,SET2_31,630,8,2025
RED SUBTERRANEA,SED2_08834,LLAVE2_19,SP,ALIM2_214,SET2_36,630,8,2025
RED SUBTERRANEA,SED2_06732,LLAVE2_15,SP,ALIM2_431,SET2_36,630,8,2025
RED SUBTERRANEA,SED2_06040,LLAVE2_20,SP,ALIM2_236,SET2_38,640,8,2025
RED SUBTERRANEA,SED2_00550,LLAVE2_09,SP,ALIM2_042,SET2_06,400,8,2025
RED SUBTERRANEA,SED2_06297,LLAVE2_09,SP,ALIM2_225,SET2_09,250,8,2025
RED SUBTERRANEA,SED2_03403,LLAVE2_09,SP,ALIM2_131,SET2_43,320,8,2025
RED SUBTERRANEA,SED2_07374,LLAVE2_15,SP,ALIM2_025,SET2_13,400,8,2025
RED SUBTERRANEA,SED2_09746,LLAVE2_15,SP,ALIM2_242,SET2_03,400,8,2025
RED SUBTERRANEA,SED2_06425,LLAVE2_02,SP,ALIM2_233,SET2_41,400,8,2025
RED SUBTERRANEA,SED2_00454,LLAVE2_21,SP,ALIM2_361,SET2_23,250,8,2025
RED SUBTERRANEA,SED2_05373,LLAVE2_20,SP,ALIM2_431,SET2_36,400,8,2025
RED AEREA,SED2_01702,LLAVE2_09,SP,ALIM2_389,SET2_28,160,8,2025
RED SUBTERRANEA,SED2_04497,LLAVE2_19,SP,ALIM2_022,SET2_43,250,8,2025
RED SUBTERRANEA,SED2_04497,LLAVE2_09,SP,ALIM2_022,SET2_43,250,8,2025
RED AEREA,SED2_06348,LLAVE2_19,AP,ALIM2_402,SET2_10,160,8,2025
RED SUBTERRANEA,SED2_02816,LLAVE2_15,SP,ALIM2_387,SET2_26,400,8,2025
RED AEREA,SED2_06286,LLAVE2_15,SP,ALIM2_112,SET2_35,160,8,2025
RED AEREA,SED2_02511,LLAVE2_09,SP,ALIM2_263,SET2_31,250,8,2025
RED AEREA,SED2_01396,LLAVE2_09,SP,ALIM2_481,SET2_12,100,8,2025
RED SUBTERRANEA,SED2_02581,LLAVE2_19,SP,ALIM2_255,SET2_21,250,8,2025
RED SUBTERRANEA,SED2_00338,LLAVE2_19,SP,ALIM2_255,SET2_21,250,8,2025
RED SUBTERRANEA,SED2_07306,LLAVE2_19,SP,ALIM2_330,SET2_23,250,8,2025
RED SUBTERRANEA,SED2_08537,LLAVE2_19,SP,ALIM2_124,SET2_32,250,8,2025
RED AEREA,SED2_03082,LLAVE2_19,SP,ALIM2_472,SET2_10,160,8,2025
RED AEREA,SED2_05116,LLAVE2_09,SP,ALIM2_072,SET2_23,80,8,2025
RED SUBTERRANEA,SED2_03110,LLAVE2_09,SP,ALIM2_356,SET2_31,160,8,2025
RED SUBTERRANEA,SED2_07623,LLAVE2_09,SP,ALIM2_447,SET2_26,160,8,2025
RED SUBTERRANEA,SED2_09256,LLAVE2_13,SP,ALIM2_263,SET2_31,630,8,2025
RED SUBTERRANEA,SED2_06029,LLAVE2_19,SP,ALIM2_323,SET2_40,400,8,2025
RED SUBTERRANEA,SED2_00078,LLAVE2_15,SP,ALIM2_237,SET2_33,100,8,2025
RED SUBTERRANEA,SED2_00165,LLAVE2_09,SP,ALIM2_334,SET2_22,100,8,2025
RED SUBTERRANEA,SED2_09471,LLAVE2_09,SP,ALIM2_057,SET2_22,100,8,2025
RED AEREA,SED2_07137,LLAVE2_09,SP,ALIM2_160,SET2_33,160,8,2025
RED SUBTERRANEA,SED2_07485,LLAVE2_19,SP,ALIM2_015,SET2_25,160,8,2025
RED SUBTERRANEA,SED2_02438,LLAVE2_19,SP,ALIM2_015,SET2_25,100,8,2025
RED SUBTERRANEA,SED2_03578,LLAVE2_19,SP,ALIM2_355,SET2_30,160,8,2025
RED SUBTERRANEA,SED2_02587,LLAVE2_15,SP,ALIM2_202,SET2_29,250,8,2025
RED AEREA,SED2_05299,LLAVE2_19,SP,ALIM2_255,SET2_21,100,8,2025
RED SUBTERRANEA,SED2_08011,LLAVE2_14,SP,ALIM2_158,SET2_33,100,8,2025
RED SUBTERRANEA,SED2_09321,LLAVE2_19,SP,ALIM2_158,SET2_33,250,8,2025
RED SUBTERRANEA,SED2_07669,LLAVE2_19,SP,ALIM2_072,SET2_23,100,8,2025
RED SUBTERRANEA,SED2_07348,LLAVE2_19,SP,ALIM2_160,SET2_33,160,8,2025
RED SUBTERRANEA,SED2_07006,LLAVE2_15,SP,ALIM2_024,SET2_40,250,8,2025
RED SUBTERRANEA,SED2_06214,LLAVE2_19,SP,ALIM2_472,SET2_10,250,8,2025
RED AEREA,SED2_06795,LLAVE2_09,SP,ALIM2_132,SET2_12,100,8,2025
RED SUBTERRANEA,SED2_01944,LLAVE2_09,SP,ALIM2_108,SET2_22,160,8,2025
RED SUBTERRANEA,SED2_03516,LLAVE2_19,SP,ALIM2_323,SET2_40,160,8,2025
RED SUBTERRANEA,SED2_03516,LLAVE2_09,SP,ALIM2_323,SET2_40,160,8,2025
RED SUBTERRANEA,SED2_01534,LLAVE2_09,SP,ALIM2_153,SET2_31,250,8,2025
RED SUBTERRANEA,SED2_09739,LLAVE2_19,SP,ALIM2_463,SET2_36,250,8,2025
RED SUBTERRANEA,SED2_06392,LLAVE2_09,SP,ALIM2_479,SET2_31,250,8,2025
RED SUBTERRANEA,SED2_09561,LLAVE2_19,SP,ALIM2_250,SET2_27,150,8,2025
RED SUBTERRANEA,SED2_00924,LLAVE2_09,SP,ALIM2_267,SET2_23,200,8,2025
RED SUBTERRANEA,SED2_06449,LLAVE2_19,SP,ALIM2_267,SET2_23,160,8,2025
RED SUBTERRANEA,SED2_08705,LLAVE2_19,SP,ALIM2_361,SET2_23,160,8,2025
RED SUBTERRANEA,SED2_04109,LLAVE2_19,SP,ALIM2_361,SET2_23,160,8,2025
RED SUBTERRANEA,SED2_03033,LLAVE2_09,SP,ALIM2_361,SET2_23,160,8,2025
RED SUBTERRANEA,SED2_01869,LLAVE2_15,SP,ALIM2_316,SET2_23,250,8,2025
RED SUBTERRANEA,SED2_08459,LLAVE2_09,SP,ALIM2_256,SET2_38,250,8,2025
RED SUBTERRANEA,SED2_02140,LLAVE2_15,SP,ALIM2_077,SET2_40,630,8,2025
RED SUBTERRANEA,SED2_04155,LLAVE2_09,SP,ALIM2_185,SET2_31,160,8,2025
RED SUBTERRANEA,SED2_09077,LLAVE2_15,SP,ALIM2_436,SET2_23,250,8,2025
RED SUBTERRANEA,SED2_07430,LLAVE2_09,SP,ALIM2_339,SET2_15,160,8,2025
RED SUBTERRANEA,SED2_07430,LLAVE2_15,SP,ALIM2_339,SET2_15,160,8,2025
RED SUBTERRANEA,SED2_03541,LLAVE2_21,SP,ALIM2_457,SET2_26,250,8,2025
RED SUBTERRANEA,SED2_06590,LLAVE2_15,SP,ALIM2_081,SET2_21,250,8,2025
RED SUBTERRANEA,SED2_02182,LLAVE2_21,SP,ALIM2_090,SET2_46,630,8,2025
RED AEREA,SED2_00633,LLAVE2_19,SP,ALIM2_115,SET2_12,100,8,2025
RED AEREA,SED2_09039,LLAVE2_19,SP,ALIM2_066,SET2_10,250,8,2025
RED AEREA,SED2_01868,LLAVE2_19,SP,ALIM2_066,SET2_10,100,8,2025
RED SUBTERRANEA,SED2_04356,LLAVE2_09,SP,ALIM2_175,SET2_30,160,8,2025
RED AEREA,SED2_09537,LLAVE2_09,SP,ALIM2_481,SET2_12,160,8,2025
RED AEREA,SED2_04419,LLAVE2_19,SP,ALIM2_136,SET2_12,100,8,2025
RED AEREA,SED2_08221,LLAVE2_15,SP,ALIM2_391,SET2_10,250,8,2025
RED AEREA,SED2_07076,LLAVE2_19,SP,ALIM2_089,SET2_35,250,8,2025
RED AEREA,SED2_08634,LLAVE2_19,SP,ALIM2_136,SET2_12,100,8,2025
RED SUBTERRANEA,SED2_03336,LLAVE2_19,SP,ALIM2_135,SET2_43,160,8,2025
RED SUBTERRANEA,SED2_00939,LLAVE2_15,SP,ALIM2_233,SET2_41,160,8,2025
RED AEREA,SED2_09598,LLAVE2_09,SP,ALIM2_115,SET2_12,100,8,2025
RED AEREA,SED2_00996,LLAVE2_09,SP,ALIM2_078,SET2_10,100,8,2025
RED AEREA,SED2_02022,LLAVE2_09,SP,ALIM2_136,SET2_12,160,8,2025
RED SUBTERRANEA,SED2_06928,LLAVE2_09,SP,ALIM2_227,SET2_45,100,8,2025
RED AEREA,SED2_08120,LLAVE2_09,SP,ALIM2_136,SET2_12,100,8,2025
RED AEREA,SED2_04321,LLAVE2_09,SP,ALIM2_115,SET2_12,160,8,2025
RED AEREA,SED2_07842,LLAVE2_19,SP,ALIM2_132,SET2_12,100,8,2025
RED AEREA,SED2_01024,LLAVE2_19,SP,ALIM2_306,SET2_12,100,8,2025
RED AEREA,SED2_03305,LLAVE2_09,SP,ALIM2_078,SET2_10,100,8,2025
RED AEREA,SED2_04412,LLAVE2_15,SP,ALIM2_115,SET2_12,160,8,2025
RED AEREA,SED2_04695,LLAVE2_09,SP,ALIM2_316,SET2_23,160,8,2025
RED AEREA,SED2_09529,LLAVE2_19,SP,ALIM2_402,SET2_10,100,8,2025
RED AEREA,SED2_09895,LLAVE2_09,SP,ALIM2_402,SET2_10,100,8,2025
RED SUBTERRANEA,SED2_07175,LLAVE2_09,SP,SIN DATA,SIN DATA,SIN DATA,8,2025
RED SUBTERRANEA,SED2_03363,LLAVE2_19,SP,ALIM2_189,SET2_09,100,8,2025
RED AEREA,SED2_01475,LLAVE2_09,SP,ALIM2_115,SET2_12,160,8,2025
RED AEREA,SED2_08475,LLAVE2_19,SP,ALIM2_132,SET2_12,250,8,2025
RED AEREA,SED2_04267,LLAVE2_19,SP,ALIM2_481,SET2_12,160,8,2025
RED SUBTERRANEA,SED2_06927,LLAVE2_09,SP,ALIM2_362,SET2_46,250,8,2025
RED AEREA,SED2_01089,LLAVE2_09,SP,ALIM2_119,SET2_42,50,8,2025
RED AEREA,SED2_04751,LLAVE2_19,SP,ALIM2_243,SET2_42,50,8,2025
RED AEREA,SED2_02678,LLAVE2_19,SP,ALIM2_478,SET2_44,160,8,2025
RED AEREA,SED2_06364,LLAVE2_19,SP,ALIM2_161,SET2_04,100,8,2025
RED AEREA,SED2_08844,LLAVE2_19,SP,ALIM2_078,SET2_10,160,8,2025
RED AEREA,SED2_01672,LLAVE2_19,SP,ALIM2_161,SET2_04,100,8,2025
RED AEREA,SED2_07239,LLAVE2_09,SP,ALIM2_481,SET2_12,100,8,2025
RED AEREA,SED2_03469,LLAVE2_19,SP,ALIM2_481,SET2_12,100,8,2025
RED AEREA,SED2_05900,LLAVE2_09,SP,ALIM2_306,SET2_12,100,8,2025
RED AEREA,SED2_08496,LLAVE2_09,SP,ALIM2_306,SET2_12,50,8,2025
RED AEREA,SED2_01009,LLAVE2_09,SP,ALIM2_161,SET2_04,160,8,2025
RED SUBTERRANEA,SED2_05213,LLAVE2_19,SP,ALIM2_040,SET2_40,400,8,2025
RED AEREA,SED2_09015,LLAVE2_09,SP,ALIM2_132,SET2_12,160,8,2025
RED SUBTERRANEA,SED2_05072,LLAVE2_21,SP,ALIM2_140,SET2_21,400,8,2025
RED AEREA,SED2_06755,LLAVE2_09,SP,ALIM2_136,SET2_12,100,7,2025
RED AEREA,SED2_09721,LLAVE2_09,SP,ALIM2_183,SET2_12,100,7,2025
RED SUBTERRANEA,SED2_06077,LLAVE2_09,SP,ALIM2_235,SET2_46,630,7,2025
RED SUBTERRANEA,SED2_04648,LLAVE2_15,SP,ALIM2_020,SET2_46,1030,7,2025
RED SUBTERRANEA,SED2_04648,LLAVE2_18,SP,ALIM2_020,SET2_46,1030,7,2025
RED SUBTERRANEA,SED2_04648,LLAVE2_02,SP,ALIM2_020,SET2_46,1030,7,2025
RED SUBTERRANEA,SED2_08383,LLAVE2_14,SP,ALIM2_479,SET2_31,630,7,2025
RED SUBTERRANEA,SED2_04413,LLAVE2_20,SP,ALIM2_455,SET2_08,1100,7,2025
RED SUBTERRANEA,SED2_07053,LLAVE2_23,SP,ALIM2_020,SET2_46,1730,7,2025
RED SUBTERRANEA,SED2_06032,LLAVE2_09,SP,ALIM2_156,SET2_15,400,7,2025
RED SUBTERRANEA,SED2_07195,LLAVE2_09,SP,ALIM2_366,SET2_27,800,7,2025
RED SUBTERRANEA,SED2_03744,LLAVE2_13,SP,ALIM2_473,SET2_46,630,7,2025
RED AEREA,SED2_05620,LLAVE2_19,SP,ALIM2_092,SET2_13,100,7,2025
RED SUBTERRANEA,SED2_06893,LLAVE2_23,SP,ALIM2_239,SET2_08,800,7,2025
RED SUBTERRANEA,SED2_02580,LLAVE2_09,SP,ALIM2_197,SET2_46,630,7,2025
RED SUBTERRANEA,SED2_00174,LLAVE2_13,SP,ALIM2_263,SET2_31,400,7,2025
RED SUBTERRANEA,SED2_02823,LLAVE2_09,SP,ALIM2_214,SET2_36,890,7,2025
RED SUBTERRANEA,SED2_09726,LLAVE2_13,SP,ALIM2_477,SET2_31,1260,7,2025
RED SUBTERRANEA,SED2_01097,LLAVE2_12,SP,ALIM2_176,SET2_31,1260,7,2025
RED AEREA,SED2_09505,LLAVE2_14,SP,ALIM2_322,SET2_13,350,7,2025
RED SUBTERRANEA,SED2_02736,LLAVE2_19,SP,ALIM2_282,SET2_29,160,7,2025
RED SUBTERRANEA,SED2_07374,LLAVE2_21,SP,ALIM2_025,SET2_13,400,7,2025
RED SUBTERRANEA,SED2_02754,LLAVE2_13,SP,ALIM2_368,SET2_31,800,7,2025
RED SUBTERRANEA,SED2_05882,LLAVE2_19,SP,ALIM2_093,SET2_21,400,7,2025
RED SUBTERRANEA,SED2_00454,LLAVE2_09,SP,ALIM2_361,SET2_23,250,7,2025
RED SUBTERRANEA,SED2_00454,LLAVE2_15,SP,ALIM2_361,SET2_23,250,7,2025
RED SUBTERRANEA,SED2_08110,LLAVE2_19,SP,ALIM2_298,SET2_26,400,7,2025
RED AEREA,SED2_03304,LLAVE2_19,SP,ALIM2_402,SET2_10,100,7,2025
RED SUBTERRANEA,SED2_05744,LLAVE2_09,SP,ALIM2_463,SET2_36,250,7,2025
RED AEREA,SED2_01806,LLAVE2_19,SP,ALIM2_194,SET2_35,100,7,2025
RED AEREA,SED2_01529,LLAVE2_09,SP,ALIM2_100,SET2_12,250,7,2025
RED AEREA,SED2_02252,LLAVE2_19,SP,ALIM2_267,SET2_23,100,7,2025
RED SUBTERRANEA,SED2_03097,LLAVE2_15,SP,ALIM2_077,SET2_40,250,7,2025
RED SUBTERRANEA,SED2_07219,LLAVE2_15,SP,ALIM2_316,SET2_23,100,7,2025
RED SUBTERRANEA,SED2_01506,LLAVE2_09,SP,ALIM2_183,SET2_12,400,7,2025
RED SUBTERRANEA,SED2_09667,LLAVE2_19,SP,ALIM2_304,SET2_02,250,7,2025
RED AEREA,SED2_04779,LLAVE2_09,SP,ALIM2_267,SET2_23,160,7,2025
RED AEREA,SED2_05347,LLAVE2_19,SP,ALIM2_481,SET2_12,160,7,2025
RED AEREA,SED2_09546,LLAVE2_15,SP,ALIM2_046,SET2_23,100,7,2025
RED SUBTERRANEA,SED2_01933,LLAVE2_15,SP,ALIM2_360,SET2_06,250,7,2025
RED AEREA,SED2_03353,LLAVE2_19,SP,ALIM2_359,SET2_45,160,7,2025
RED AEREA,SED2_00290,LLAVE2_19,SP,ALIM2_324,SET2_13,160,7,2025
RED SUBTERRANEA,SED2_00158,LLAVE2_09,SP,ALIM2_020,SET2_46,275,7,2025
RED AEREA,SED2_01127,LLAVE2_15,SP,ALIM2_100,SET2_12,250,7,2025
RED AEREA,SED2_07349,LLAVE2_19,SP,ALIM2_208,SET2_13,160,7,2025
RED SUBTERRANEA,SED2_09210,LLAVE2_15,SP,ALIM2_284,SET2_32,160,7,2025
RED SUBTERRANEA,SED2_08868,LLAVE2_09,SP,ALIM2_382,SET2_13,250,7,2025
RED AEREA,SED2_00475,LLAVE2_19,SP,ALIM2_183,SET2_12,100,7,2025
RED SUBTERRANEA,SED2_03489,LLAVE2_19,SP,ALIM2_296,SET2_23,75,7,2025
RED SUBTERRANEA,SED2_00527,LLAVE2_19,SP,ALIM2_068,SET2_32,250,7,2025
RED AEREA,SED2_05583,LLAVE2_09,SP,ALIM2_183,SET2_12,100,7,2025
RED AEREA,SED2_03349,LLAVE2_09,SP,ALIM2_245,SET2_04,100,7,2025
RED SUBTERRANEA,SED2_06817,LLAVE2_15,SP,ALIM2_356,SET2_31,160,7,2025
RED SUBTERRANEA,SED2_01332,LLAVE2_09,SP,ALIM2_237,SET2_33,100,7,2025
RED SUBTERRANEA,SED2_03344,LLAVE2_19,SP,ALIM2_237,SET2_33,100,7,2025
RED SUBTERRANEA,SED2_00165,LLAVE2_19,SP,ALIM2_334,SET2_22,100,7,2025
RED SUBTERRANEA,SED2_02996,LLAVE2_15,SP,ALIM2_057,SET2_22,250,7,2025
RED SUBTERRANEA,SED2_08001,LLAVE2_19,SP,ALIM2_304,SET2_02,100,7,2025
RED AEREA,SED2_01329,LLAVE2_19,SP,ALIM2_245,SET2_04,100,7,2025
RED SUBTERRANEA,SED2_03578,LLAVE2_09,SP,ALIM2_355,SET2_30,160,7,2025
RED SUBTERRANEA,SED2_05823,LLAVE2_19,SP,ALIM2_233,SET2_41,400,7,2025
RED SUBTERRANEA,SED2_01191,LLAVE2_09,SP,ALIM2_305,SET2_33,250,7,2025
RED AEREA,SED2_05299,LLAVE2_09,SP,ALIM2_255,SET2_21,100,7,2025
RED SUBTERRANEA,SED2_07654,LLAVE2_09,SP,ALIM2_157,SET2_09,400,7,2025
RED SUBTERRANEA,SED2_09321,LLAVE2_15,SP,ALIM2_158,SET2_33,250,7,2025
RED SUBTERRANEA,SED2_02424,LLAVE2_09,SP,ALIM2_158,SET2_33,400,7,2025
RED SUBTERRANEA,SED2_04354,LLAVE2_19,SP,ALIM2_132,SET2_12,100,7,2025
RED SUBTERRANEA,SED2_02654,LLAVE2_15,SP,ALIM2_205,SET2_22,250,7,2025
RED SUBTERRANEA,SED2_05471,LLAVE2_19,SP,ALIM2_416,SET2_33,250,7,2025
RED SUBTERRANEA,SED2_01676,LLAVE2_09,SP,ALIM2_463,SET2_36,250,7,2025
RED SUBTERRANEA,SED2_01676,LLAVE2_15,SP,ALIM2_463,SET2_36,250,7,2025
RED SUBTERRANEA,SED2_00144,LLAVE2_09,SP,ALIM2_097,SET2_33,160,7,2025
RED SUBTERRANEA,SED2_00144,LLAVE2_15,SP,ALIM2_097,SET2_33,160,7,2025
RED AEREA,SED2_01678,LLAVE2_09,SP,ALIM2_255,SET2_21,160,7,2025
RED SUBTERRANEA,SED2_08986,LLAVE2_15,SP,ALIM2_265,SET2_33,250,7,2025
RED SUBTERRANEA,SED2_06389,LLAVE2_09,SP,ALIM2_093,SET2_21,100,7,2025
RED SUBTERRANEA,SED2_04309,LLAVE2_19,SP,ALIM2_427,SET2_06,250,7,2025
RED SUBTERRANEA,SED2_07448,LLAVE2_19,SP,ALIM2_305,SET2_33,250,7,2025
RED SUBTERRANEA,SED2_07448,LLAVE2_09,SP,ALIM2_305,SET2_33,250,7,2025
RED AEREA,SED2_06172,LLAVE2_19,SP,ALIM2_202,SET2_29,160,7,2025
RED SUBTERRANEA,SED2_01764,LLAVE2_09,SP,ALIM2_254,SET2_31,400,7,2025
RED SUBTERRANEA,SED2_07355,LLAVE2_09,SP,ALIM2_024,SET2_40,160,7,2025
RED SUBTERRANEA,SED2_07248,LLAVE2_19,SP,ALIM2_121,SET2_21,250,7,2025
RED SUBTERRANEA,SED2_05098,LLAVE2_15,SP,ALIM2_355,SET2_30,100,7,2025
RED SUBTERRANEA,SED2_01534,LLAVE2_15,SP,ALIM2_153,SET2_31,250,7,2025
RED SUBTERRANEA,SED2_00862,LLAVE2_09,SP,ALIM2_020,SET2_46,400,7,2025
RED SUBTERRANEA,SED2_05266,LLAVE2_09,SP,ALIM2_016,SET2_36,250,7,2025
RED AEREA,SED2_08549,LLAVE2_09,SP,ALIM2_086,SET2_33,160,7,2025
RED SUBTERRANEA,SED2_05550,LLAVE2_19,SP,ALIM2_196,SET2_38,160,7,2025
RED SUBTERRANEA,SED2_09526,LLAVE2_21,SP,ALIM2_195,SET2_27,400,7,2025
RED SUBTERRANEA,SED2_00388,LLAVE2_09,SP,ALIM2_298,SET2_26,160,7,2025
RED SUBTERRANEA,SED2_05166,LLAVE2_19,SP,ALIM2_193,SET2_31,160,7,2025
RED SUBTERRANEA,SED2_07466,LLAVE2_09,SP,ALIM2_214,SET2_36,250,7,2025
RED SUBTERRANEA,SED2_08414,LLAVE2_15,SP,ALIM2_040,SET2_40,250,7,2025
RED SUBTERRANEA,SED2_08818,LLAVE2_19,SP,ALIM2_189,SET2_09,100,7,2025
RED SUBTERRANEA,SED2_06449,LLAVE2_09,SP,ALIM2_267,SET2_23,160,7,2025
RED SUBTERRANEA,SED2_02379,LLAVE2_09,SP,ALIM2_072,SET2_23,250,7,2025
RED SUBTERRANEA,SED2_07633,LLAVE2_19,SP,ALIM2_072,SET2_23,250,7,2025
RED SUBTERRANEA,SED2_03319,LLAVE2_15,SP,ALIM2_072,SET2_23,100,7,2025
RED SUBTERRANEA,SED2_07459,LLAVE2_09,SP,ALIM2_267,SET2_23,250,7,2025
RED SUBTERRANEA,SED2_09113,LLAVE2_19,SP,ALIM2_001,SET2_36,160,7,2025
RED AEREA,SED2_03256,LLAVE2_19,SP,ALIM2_093,SET2_21,160,7,2025
RED SUBTERRANEA,SED2_06478,LLAVE2_19,SP,ALIM2_040,SET2_40,400,7,2025
RED SUBTERRANEA,SED2_08745,LLAVE2_09,SP,ALIM2_263,SET2_31,400,7,2025
RED SUBTERRANEA,SED2_01501,LLAVE2_09,SP,ALIM2_356,SET2_31,630,7,2025
RED SUBTERRANEA,SED2_02140,LLAVE2_09,SP,ALIM2_077,SET2_40,630,7,2025
RED SUBTERRANEA,SED2_02369,LLAVE2_15,SP,ALIM2_296,SET2_23,100,7,2025
RED SUBTERRANEA,SED2_03050,LLAVE2_09,SP,ALIM2_230,SET2_08,400,7,2025
RED SUBTERRANEA,SED2_09536,LLAVE2_19,SP,ALIM2_332,SET2_08,400,7,2025
RED SUBTERRANEA,SED2_08002,LLAVE2_09,SP,ALIM2_355,SET2_30,250,7,2025
RED SUBTERRANEA,SED2_01374,LLAVE2_09,SP,ALIM2_117,SET2_10,250,7,2025
RED SUBTERRANEA,SED2_08384,LLAVE2_09,SP,ALIM2_042,SET2_06,100,7,2025
RED AEREA,SED2_08944,LLAVE2_19,SP,ALIM2_112,SET2_35,100,7,2025
RED AEREA,SED2_09035,LLAVE2_19,SP,ALIM2_100,SET2_12,100,7,2025
RED AEREA,SED2_03087,LLAVE2_09,SP,ALIM2_245,SET2_04,100,7,2025
RED AEREA,SED2_04905,LLAVE2_09,SP,ALIM2_115,SET2_12,160,7,2025
RED AEREA,SED2_07566,LLAVE2_09,SP,ALIM2_115,SET2_12,100,7,2025
RED AEREA,SED2_02800,LLAVE2_19,SP,ALIM2_066,SET2_10,100,7,2025
RED AEREA,SED2_01666,LLAVE2_19,SP,ALIM2_066,SET2_10,100,7,2025
RED AEREA,SED2_00214,LLAVE2_19,SP,ALIM2_066,SET2_10,100,7,2025
RED AEREA,SED2_00493,LLAVE2_09,SP,ALIM2_066,SET2_10,100,7,2025
RED AEREA,SED2_05484,LLAVE2_09,SP,ALIM2_084,SET2_35,100,7,2025
RED AEREA,SED2_00413,LLAVE2_09,SP,ALIM2_136,SET2_12,160,7,2025
RED AEREA,SED2_07776,LLAVE2_09,SP,ALIM2_136,SET2_12,160,7,2025
RED AEREA,SED2_07776,LLAVE2_15,SP,ALIM2_136,SET2_12,160,7,2025
RED AEREA,SED2_02746,LLAVE2_19,SP,ALIM2_161,SET2_04,400,7,2025
RED SUBTERRANEA,SED2_02746,LLAVE2_19,SP,ALIM2_161,SET2_04,400,7,2025
RED AEREA,SED2_08622,LLAVE2_09,SP,ALIM2_161,SET2_04,100,7,2025
RED AEREA,SED2_01421,LLAVE2_09,SP,ALIM2_078,SET2_10,100,7,2025
RED AEREA,SED2_07399,LLAVE2_09,SP,ALIM2_032,SET2_04,100,7,2025
RED AEREA,SED2_08734,LLAVE2_19,SP,ALIM2_421,SET2_10,100,7,2025
RED SUBTERRANEA,SED2_05707,LLAVE2_19,SP,ALIM2_140,SET2_21,250,7,2025
RED SUBTERRANEA,SED2_06474,LLAVE2_19,SP,ALIM2_271,SET2_26,250,7,2025
RED AEREA,SED2_07716,LLAVE2_09,SP,ALIM2_055,SET2_35,100,7,2025
RED AEREA,SED2_08146,LLAVE2_19,SP,ALIM2_136,SET2_12,160,7,2025
RED AEREA,SED2_08146,LLAVE2_09,SP,ALIM2_136,SET2_12,160,7,2025
RED AEREA,SED2_05578,LLAVE2_15,SP,ALIM2_391,SET2_10,100,7,2025
RED SUBTERRANEA,SED2_06712,LLAVE2_09,SP,ALIM2_325,SET2_23,250,7,2025
RED AEREA,SED2_05437,LLAVE2_15,SP,ALIM2_391,SET2_10,160,7,2025
RED AEREA,SED2_09897,LLAVE2_09,SP,ALIM2_391,SET2_10,100,7,2025
RED AEREA,SED2_06603,LLAVE2_19,SP,ALIM2_183,SET2_12,100,7,2025
RED AEREA,SED2_02448,LLAVE2_09,SP,ALIM2_066,SET2_10,100,7,2025
RED AEREA,SED2_00712,LLAVE2_19,SP,ALIM2_089,SET2_35,100,7,2025
RED SUBTERRANEA,SED2_00687,LLAVE2_09,SP,ALIM2_296,SET2_23,160,7,2025
RED AEREA,SED2_07824,LLAVE2_19,SP,ALIM2_194,SET2_35,100,7,2025
RED AEREA,SED2_04321,LLAVE2_19,SP,ALIM2_115,SET2_12,160,7,2025
RED SUBTERRANEA,SED2_09917,LLAVE2_19,SP,ALIM2_068,SET2_32,160,7,2025
RED AEREA,SED2_01975,LLAVE2_19,SP,ALIM2_100,SET2_12,100,7,2025
RED AEREA,SED2_03271,LLAVE2_09,SP,ALIM2_115,SET2_12,160,7,2025
RED AEREA,SED2_08931,LLAVE2_15,SP,ALIM2_243,SET2_42,160,7,2025
RED AEREA,SED2_04412,LLAVE2_09,SP,ALIM2_115,SET2_12,160,7,2025
RED AEREA,SED2_09738,LLAVE2_19,SP,ALIM2_115,SET2_12,100,7,2025
RED AEREA,SED2_05247,LLAVE2_19,SP,ALIM2_053,SET2_12,100,7,2025
RED AEREA,SED2_01460,LLAVE2_09,SP,ALIM2_169,SET2_06,100,7,2025
RED AEREA,SED2_09293,LLAVE2_19,SP,ALIM2_402,SET2_10,100,7,2025
RED AEREA,SED2_08227,LLAVE2_19,SP,ALIM2_008,SET2_35,100,7,2025
RED AEREA,SED2_03964,LLAVE2_19,SP,ALIM2_481,SET2_12,50,7,2025
RED AEREA,SED2_06762,LLAVE2_19,SP,ALIM2_161,SET2_04,250,7,2025
RED AEREA,SED2_02211,LLAVE2_19,SP,ALIM2_089,SET2_35,160,7,2025
RED AEREA,SED2_02930,LLAVE2_19,SP,ALIM2_316,SET2_23,100,7,2025
RED AEREA,SED2_03015,LLAVE2_19,SP,ALIM2_267,SET2_23,160,7,2025
RED SUBTERRANEA,SED2_00213,LLAVE2_19,SP,ALIM2_361,SET2_23,160,7,2025
RED AEREA,SED2_05639,LLAVE2_09,SP,ALIM2_055,SET2_35,250,7,2025
RED AEREA,SED2_07528,LLAVE2_19,SP,ALIM2_341,SET2_35,100,7,2025
RED AEREA,SED2_02514,LLAVE2_19,SP,ALIM2_115,SET2_12,100,7,2025
RED SUBTERRANEA,SED2_05391,LLAVE2_15,SP,ALIM2_224,SET2_45,160,7,2025
RED SUBTERRANEA,SED2_06990,LLAVE2_19,SP,ALIM2_284,SET2_32,400,7,2025
RED SUBTERRANEA,SED2_04887,LLAVE2_15,SP,ALIM2_362,SET2_46,160,7,2025
RED AEREA,SED2_00944,LLAVE2_09,SP,ALIM2_306,SET2_12,100,7,2025
RED AEREA,SED2_03058,LLAVE2_19,SP,ALIM2_306,SET2_12,50,7,2025
RED AEREA,SED2_02840,LLAVE2_09,SP,ALIM2_421,SET2_10,100,7,2025
RED SUBTERRANEA,SED2_08508,LLAVE2_19,SP,ALIM2_121,SET2_21,100,7,2025
RED SUBTERRANEA,SED2_00482,LLAVE2_09,SP,ALIM2_341,SET2_35,400,7,2025
RED SUBTERRANEA,SED2_04467,LLAVE2_15,SP,ALIM2_263,SET2_31,400,7,2025
RED SUBTERRANEA,SED2_02224,LLAVE2_09,SP,ALIM2_222,SET2_16,400,7,2025
RED AEREA,SED2_05844,LLAVE2_09,SP,ALIM2_313,SET2_42,160,7,2025
RED AEREA,SED2_04700,LLAVE2_09,SP,ALIM2_194,SET2_35,160,7,2025
RED AEREA,SED2_09127,LLAVE2_19,SP,ALIM2_066,SET2_10,100,7,2025
RED SUBTERRANEA,SED2_05506,LLAVE2_19,SP,ALIM2_135,SET2_43,160,7,2025
RED SUBTERRANEA,SED2_04210,LLAVE2_09,SP,ALIM2_149,SET2_45,250,7,2025
RED SUBTERRANEA,SED2_02611,LLAVE2_19,SP,ALIM2_296,SET2_23,100,7,2025
RED AEREA,SED2_09848,LLAVE2_09,SP,ALIM2_136,SET2_12,160,6,2025
RED AEREA,SED2_04983,LLAVE2_19,SP,ALIM2_132,SET2_12,160,6,2025
RED SUBTERRANEA,SED2_03190,LLAVE2_15,SP,ALIM2_406,SET2_46,1430,6,2025
RED SUBTERRANEA,SED2_08921,LLAVE2_14,SP,ALIM2_047,SET2_31,630,6,2025
RED SUBTERRANEA,SED2_09551,LLAVE2_21,SP,ALIM2_368,SET2_31,630,6,2025
RED SUBTERRANEA,SED2_06112,LLAVE2_15,SP,ALIM2_047,SET2_31,1260,6,2025
RED SUBTERRANEA,SED2_06112,LLAVE2_13,SP,ALIM2_047,SET2_31,1260,6,2025
RED SUBTERRANEA,SED2_01512,LLAVE2_21,SP,ALIM2_153,SET2_31,630,6,2025
RED SUBTERRANEA,SED2_00264,LLAVE2_21,SP,ALIM2_193,SET2_31,400,6,2025
RED SUBTERRANEA,SED2_06263,LLAVE2_19,SP,ALIM2_192,SET2_46,400,6,2025
RED SUBTERRANEA,SED2_06263,LLAVE2_14,SP,ALIM2_192,SET2_46,400,6,2025
RED SUBTERRANEA,SED2_02221,LLAVE2_14,SP,ALIM2_006,SET2_08,1030,6,2025
RED SUBTERRANEA,SED2_08976,LLAVE2_14,SP,ALIM2_430,SET2_08,1260,6,2025
RED SUBTERRANEA,SED2_05265,LLAVE2_21,SP,ALIM2_190,SET2_15,630,6,2025
RED SUBTERRANEA,SED2_01832,LLAVE2_18,SP,ALIM2_424,SET2_36,630,6,2025
RED SUBTERRANEA,SED2_06415,LLAVE2_09,SP,ALIM2_087,SET2_46,1260,6,2025
RED SUBTERRANEA,SED2_02985,LLAVE2_15,SP,ALIM2_087,SET2_46,630,6,2025
RED SUBTERRANEA,SED2_01416,LLAVE2_19,SP,ALIM2_254,SET2_31,630,6,2025
RED SUBTERRANEA,SED2_00885,LLAVE2_15,SP,ALIM2_153,SET2_31,630,6,2025
RED SUBTERRANEA,SED2_01267,LLAVE2_09,SP,ALIM2_439,SET2_08,1040,6,2025
RED SUBTERRANEA,SED2_03744,LLAVE2_09,SP,ALIM2_473,SET2_46,630,6,2025
RED SUBTERRANEA,SED2_03744,LLAVE2_15,SP,ALIM2_473,SET2_46,630,6,2025
RED SUBTERRANEA,SED2_03819,LLAVE2_14,SP,ALIM2_206,SET2_46,630,6,2025
RED SUBTERRANEA,SED2_05697,LLAVE2_21,SP,ALIM2_332,SET2_08,630,6,2025
RED SUBTERRANEA,SED2_03897,LLAVE2_18,SP,ALIM2_262,SET2_01,630,6,2025
RED SUBTERRANEA,SED2_06372,LLAVE2_19,SP,ALIM2_163,SET2_31,630,6,2025
RED SUBTERRANEA,SED2_06943,LLAVE2_18,SP,ALIM2_353,SET2_40,630,6,2025
RED SUBTERRANEA,SED2_02497,LLAVE2_19,SP,ALIM2_342,SET2_10,250,6,2025
RED SUBTERRANEA,SED2_01201,LLAVE2_15,SP,ALIM2_188,SET2_43,630,6,2025
RED SUBTERRANEA,SED2_01964,LLAVE2_19,SP,ALIM2_121,SET2_21,400,6,2025
RED SUBTERRANEA,SED2_01964,LLAVE2_09,SP,ALIM2_121,SET2_21,400,6,2025
RED SUBTERRANEA,SED2_04501,LLAVE2_15,SP,ALIM2_220,SET2_29,160,6,2025
RED SUBTERRANEA,SED2_07310,LLAVE2_14,SP,ALIM2_240,SET2_46,630,6,2025
RED SUBTERRANEA,SED2_07929,LLAVE2_09,SP,ALIM2_077,SET2_40,400,6,2025
RED SUBTERRANEA,SED2_08607,LLAVE2_19,SP,ALIM2_474,SET2_02,250,6,2025
RED SUBTERRANEA,SED2_07848,LLAVE2_15,SP,ALIM2_196,SET2_38,550,6,2025
RED SUBTERRANEA,SED2_06064,LLAVE2_19,SP,ALIM2_073,SET2_21,220,6,2025
RED SUBTERRANEA,SED2_00817,LLAVE2_21,SP,ALIM2_267,SET2_23,250,6,2025
RED SUBTERRANEA,SED2_03261,LLAVE2_21,SP,ALIM2_141,SET2_06,630,6,2025
RED AEREA,SED2_08154,LLAVE2_15,SP,ALIM2_219,SET2_10,160,6,2025
RED SUBTERRANEA,SED2_04497,LLAVE2_15,SP,ALIM2_022,SET2_43,250,6,2025
RED AEREA,SED2_00349,LLAVE2_09,SP,ALIM2_402,SET2_10,100,6,2025
RED SUBTERRANEA,SED2_03823,LLAVE2_09,SP,ALIM2_161,SET2_04,160,6,2025
RED SUBTERRANEA,SED2_02721,LLAVE2_18,SP,ALIM2_001,SET2_36,630,6,2025
RED SUBTERRANEA,SED2_03591,LLAVE2_14,SP,ALIM2_231,SET2_43,400,6,2025
RED SUBTERRANEA,SED2_05086,LLAVE2_19,SP,ALIM2_255,SET2_21,100,6,2025
RED AEREA,SED2_01192,LLAVE2_09,SP,ALIM2_194,SET2_35,100,6,2025
RED SUBTERRANEA,SED2_03097,LLAVE2_09,SP,ALIM2_077,SET2_40,250,6,2025
RED SUBTERRANEA,SED2_01533,LLAVE2_15,SP,ALIM2_077,SET2_40,160,6,2025
RED AEREA,SED2_01376,LLAVE2_09,SP,ALIM2_053,SET2_12,100,6,2025
RED AEREA,SED2_01721,LLAVE2_19,SP,ALIM2_341,SET2_35,160,6,2025
RED AEREA,SED2_09297,LLAVE2_09,SP,ALIM2_357,SET2_29,100,6,2025
RED SUBTERRANEA,SED2_07145,LLAVE2_19,SP,ALIM2_170,SET2_25,160,6,2025
RED AEREA,SED2_07219,LLAVE2_15,SP,ALIM2_316,SET2_23,100,6,2025
RED SUBTERRANEA,SED2_05869,LLAVE2_19,SP,ALIM2_453,SET2_43,250,6,2025
RED AEREA,SED2_08489,LLAVE2_19,SP,ALIM2_481,SET2_12,250,6,2025
RED SUBTERRANEA,SED2_00303,LLAVE2_15,SP,ALIM2_086,SET2_33,250,6,2025
RED SUBTERRANEA,SED2_02612,LLAVE2_15,SP,ALIM2_132,SET2_12,160,6,2025
RED SUBTERRANEA,SED2_09532,LLAVE2_09,SP,ALIM2_149,SET2_45,160,6,2025
RED SUBTERRANEA,SED2_00809,LLAVE2_09,SP,ALIM2_031,SET2_21,250,6,2025
RED SUBTERRANEA,SED2_09066,LLAVE2_09,SP,ALIM2_132,SET2_12,100,6,2025
RED SUBTERRANEA,SED2_03935,LLAVE2_15,SP,ALIM2_132,SET2_12,400,6,2025
RED AEREA,SED2_04930,LLAVE2_19,SP,ALIM2_208,SET2_13,160,6,2025
RED AEREA,SED2_00893,LLAVE2_09,SP,ALIM2_208,SET2_13,100,6,2025
RED AEREA,SED2_06535,LLAVE2_19,SP,ALIM2_092,SET2_13,100,6,2025
RED SUBTERRANEA,SED2_05463,LLAVE2_09,SP,ALIM2_016,SET2_36,250,6,2025
FUSIBLE,SED2_05251,LLAVE2_19,SP,ALIM2_202,SET2_29,100,6,2025
RED SUBTERRANEA,SED2_03010,LLAVE2_19,SP,ALIM2_140,SET2_21,400,6,2025
RED SUBTERRANEA,SED2_06612,LLAVE2_09,SP,ALIM2_263,SET2_31,100,6,2025
RED SUBTERRANEA,SED2_07350,LLAVE2_09,SP,ALIM2_230,SET2_08,250,6,2025
RED SUBTERRANEA,SED2_07350,LLAVE2_21,SP,ALIM2_230,SET2_08,250,6,2025
RED AEREA,SED2_04496,LLAVE2_15,SP,ALIM2_306,SET2_12,250,6,2025
RED AEREA,SED2_05049,LLAVE2_19,SP,ALIM2_296,SET2_23,160,6,2025
RED SUBTERRANEA,SED2_04095,LLAVE2_09,SP,ALIM2_149,SET2_45,250,6,2025
RED SUBTERRANEA,SED2_06509,LLAVE2_09,SP,ALIM2_016,SET2_36,400,6,2025
RED AEREA,SED2_08685,LLAVE2_19,SP,ALIM2_132,SET2_12,160,6,2025
RED SUBTERRANEA,SED2_04406,LLAVE2_19,SP,ALIM2_073,SET2_21,100,6,2025
RED SUBTERRANEA,SED2_05879,LLAVE2_09,SP,ALIM2_053,SET2_12,75,6,2025
RED SUBTERRANEA,SED2_03471,LLAVE2_09,SP,ALIM2_318,SET2_33,100,6,2025
RED SUBTERRANEA,SED2_03737,LLAVE2_15,SP,ALIM2_373,SET2_17,250,6,2025
RED AEREA,SED2_05512,LLAVE2_19,SP,ALIM2_202,SET2_29,160,6,2025
RED SUBTERRANEA,SED2_08754,LLAVE2_09,SP,ALIM2_060,SET2_32,160,6,2025
RED SUBTERRANEA,SED2_01733,LLAVE2_09,SP,ALIM2_057,SET2_22,160,6,2025
RED SUBTERRANEA,SED2_00520,LLAVE2_09,SP,ALIM2_057,SET2_22,100,6,2025
RED AEREA,SED2_04078,LLAVE2_15,SP,ALIM2_266,SET2_26,250,6,2025
RED AEREA,SED2_01704,LLAVE2_15,SP,ALIM2_089,SET2_35,160,6,2025
RED SUBTERRANEA,SED2_05315,LLAVE2_09,SP,ALIM2_015,SET2_25,100,6,2025
RED SUBTERRANEA,SED2_05278,LLAVE2_19,SP,SIN DATA,SIN DATA,SIN DATA,6,2025
RED SUBTERRANEA,SED2_01417,LLAVE2_19,SP,ALIM2_474,SET2_02,250,6,2025
RED SUBTERRANEA,SED2_01417,LLAVE2_09,SP,ALIM2_474,SET2_02,250,6,2025
RED SUBTERRANEA,SED2_06306,LLAVE2_15,SP,ALIM2_026,SET2_30,250,6,2025
RED SUBTERRANEA,SED2_04593,LLAVE2_19,SP,ALIM2_214,SET2_36,250,6,2025
RED SUBTERRANEA,SED2_07462,LLAVE2_09,SP,ALIM2_046,SET2_23,250,6,2025
RED AEREA,SED2_00268,LLAVE2_09,SP,ALIM2_008,SET2_35,160,6,2025
RED SUBTERRANEA,SED2_00583,LLAVE2_19,SP,ALIM2_160,SET2_33,250,6,2025
RED SUBTERRANEA,SED2_03253,LLAVE2_19,SP,ALIM2_192,SET2_46,400,6,2025
RED SUBTERRANEA,SED2_04442,LLAVE2_09,SP,ALIM2_155,SET2_02,400,6,2025
RED SUBTERRANEA,SED2_07173,LLAVE2_15,SP,ALIM2_402,SET2_10,250,6,2025
RED AEREA,SED2_04698,LLAVE2_19,SP,ALIM2_308,SET2_29,50,6,2025
RED AEREA,SED2_07574,LLAVE2_09,SP,ALIM2_316,SET2_23,100,6,2025
RED SUBTERRANEA,SED2_09260,LLAVE2_19,SP,ALIM2_416,SET2_33,250,6,2025
RED SUBTERRANEA,SED2_00705,LLAVE2_09,SP,ALIM2_463,SET2_36,250,6,2025
RED SUBTERRANEA,SED2_05393,LLAVE2_15,SP,ALIM2_024,SET2_40,160,6,2025
RED SUBTERRANEA,SED2_04898,LLAVE2_15,SP,ALIM2_093,SET2_21,250,6,2025
RED SUBTERRANEA,SED2_07619,LLAVE2_19,SP,ALIM2_082,SET2_03,250,6,2025
RED AEREA,SED2_08679,LLAVE2_19,SP,ALIM2_194,SET2_35,100,6,2025
RED AEREA,SED2_02988,LLAVE2_19,SP,ALIM2_194,SET2_35,250,6,2025
RED AEREA,SED2_05571,LLAVE2_19,SP,ALIM2_328,SET2_23,100,6,2025
RED SUBTERRANEA,SED2_07680,LLAVE2_15,SP,ALIM2_213,SET2_41,250,6,2025
RED SUBTERRANEA,SED2_09887,LLAVE2_21,SP,ALIM2_387,SET2_26,250,6,2025
RED SUBTERRANEA,SED2_04792,LLAVE2_15,SP,ALIM2_342,SET2_10,250,6,2025
RED SUBTERRANEA,SED2_01466,LLAVE2_19,SP,ALIM2_073,SET2_21,100,6,2025
RED SUBTERRANEA,SED2_09454,LLAVE2_19,SP,ALIM2_323,SET2_40,50,6,2025
RED SUBTERRANEA,SED2_07261,LLAVE2_09,SP,ALIM2_323,SET2_40,160,6,2025
FUSIBLE,SED2_02976,LLAVE2_19,SP,ALIM2_302,SET2_27,630,6,2025
RED SUBTERRANEA,SED2_06885,LLAVE2_09,SP,ALIM2_180,SET2_17,250,6,2025
RED SUBTERRANEA,SED2_00271,LLAVE2_09,SP,ALIM2_479,SET2_31,250,6,2025
RED AEREA,SED2_05763,LLAVE2_19,SP,ALIM2_248,SET2_21,250,6,2025
RED SUBTERRANEA,SED2_04048,LLAVE2_19,SP,ALIM2_046,SET2_23,630,6,2025
RED SUBTERRANEA,SED2_05098,LLAVE2_09,SP,ALIM2_355,SET2_30,100,6,2025
RED SUBTERRANEA,SED2_08477,LLAVE2_19,SP,ALIM2_355,SET2_30,100,6,2025
RED SUBTERRANEA,SED2_05013,LLAVE2_19,SP,ALIM2_011,SET2_17,250,6,2025
RED SUBTERRANEA,SED2_01534,LLAVE2_21,SP,ALIM2_153,SET2_31,250,6,2025
RED SUBTERRANEA,SED2_04066,LLAVE2_21,SP,ALIM2_143,SET2_08,400,6,2025
RED SUBTERRANEA,SED2_00906,LLAVE2_09,SP,ALIM2_463,SET2_36,400,6,2025
RED SUBTERRANEA,SED2_07013,LLAVE2_15,SP,ALIM2_387,SET2_26,250,6,2025
RED SUBTERRANEA,SED2_03660,LLAVE2_15,SP,ALIM2_197,SET2_46,630,6,2025
RED SUBTERRANEA,SED2_03660,LLAVE2_21,SP,ALIM2_197,SET2_46,630,6,2025
RED SUBTERRANEA,SED2_08317,LLAVE2_15,SP,ALIM2_339,SET2_15,100,6,2025
RED SUBTERRANEA,SED2_06640,LLAVE2_19,SP,ALIM2_020,SET2_46,630,6,2025
RED SUBTERRANEA,SED2_06640,LLAVE2_09,SP,ALIM2_020,SET2_46,630,6,2025
RED SUBTERRANEA,SED2_00217,LLAVE2_09,SP,ALIM2_263,SET2_31,400,6,2025
RED SUBTERRANEA,SED2_02937,LLAVE2_09,SP,ALIM2_339,SET2_15,400,6,2025
RED SUBTERRANEA,SED2_00588,LLAVE2_09,SP,ALIM2_339,SET2_15,250,6,2025
RED SUBTERRANEA,SED2_00588,LLAVE2_15,SP,ALIM2_339,SET2_15,250,6,2025
RED SUBTERRANEA,SED2_08951,LLAVE2_09,SP,ALIM2_457,SET2_26,160,6,2025
RED SUBTERRANEA,SED2_03314,LLAVE2_09,SP,ALIM2_385,SET2_43,250,6,2025
RED SUBTERRANEA,SED2_02309,LLAVE2_19,SP,ALIM2_295,SET2_23,250,6,2025
RED SUBTERRANEA,SED2_03520,LLAVE2_19,SP,ALIM2_042,SET2_06,160,6,2025
RED SUBTERRANEA,SED2_01750,LLAVE2_19,SP,ALIM2_457,SET2_26,160,6,2025
RED AEREA,SED2_01742,LLAVE2_19,SP,ALIM2_194,SET2_35,400,6,2025
RED SUBTERRANEA,SED2_06227,LLAVE2_15,SP,ALIM2_075,SET2_36,400,6,2025
RED SUBTERRANEA,SED2_03123,LLAVE2_09,SP,ALIM2_361,SET2_23,250,6,2025
RED SUBTERRANEA,SED2_02379,LLAVE2_19,SP,ALIM2_072,SET2_23,250,6,2025
RED SUBTERRANEA,SED2_02788,LLAVE2_09,SP,ALIM2_316,SET2_23,250,6,2025
RED SUBTERRANEA,SED2_09126,LLAVE2_15,SP,ALIM2_267,SET2_23,160,6,2025
RED SUBTERRANEA,SED2_08488,LLAVE2_19,SP,ALIM2_267,SET2_23,250,6,2025
RED SUBTERRANEA,SED2_03283,LLAVE2_09,SP,ALIM2_083,SET2_23,160,6,2025
RED SUBTERRANEA,SED2_04745,LLAVE2_15,SP,ALIM2_453,SET2_43,400,6,2025
RED SUBTERRANEA,SED2_01071,LLAVE2_15,SP,ALIM2_193,SET2_31,250,6,2025
RED SUBTERRANEA,SED2_06952,LLAVE2_19,SP,ALIM2_165,SET2_06,250,6,2025
RED AEREA,SED2_07507,LLAVE2_19,SP,ALIM2_255,SET2_21,400,6,2025
FUSIBLE,SED2_08320,LLAVE2_19,SP,ALIM2_302,SET2_27,400,6,2025
RED SUBTERRANEA,SED2_08320,LLAVE2_19,SP,ALIM2_302,SET2_27,400,6,2025
FUSIBLE,SED2_08320,LLAVE2_09,SP,ALIM2_302,SET2_27,400,6,2025
RED SUBTERRANEA,SED2_08320,LLAVE2_15,SP,ALIM2_302,SET2_27,400,6,2025
RED SUBTERRANEA,SED2_03824,LLAVE2_09,SP,ALIM2_473,SET2_46,250,6,2025
RED SUBTERRANEA,SED2_04697,LLAVE2_19,SP,ALIM2_447,SET2_26,160,6,2025
RED SUBTERRANEA,SED2_07662,LLAVE2_09,SP,ALIM2_304,SET2_02,250,6,2025
RED SUBTERRANEA,SED2_00812,LLAVE2_15,SP,ALIM2_213,SET2_41,250,6,2025
RED SUBTERRANEA,SED2_01110,LLAVE2_15,SP,ALIM2_316,SET2_23,100,6,2025
RED SUBTERRANEA,SED2_03758,LLAVE2_19,SP,ALIM2_117,SET2_10,250,6,2025
RED SUBTERRANEA,SED2_08384,LLAVE2_19,SP,ALIM2_042,SET2_06,100,6,2025
RED AEREA,SED2_01081,LLAVE2_15,SP,ALIM2_115,SET2_12,160,6,2025
RED AEREA,SED2_07791,LLAVE2_09,SP,ALIM2_115,SET2_12,250,6,2025
RED AEREA,SED2_09908,LLAVE2_19,SP,ALIM2_115,SET2_12,100,6,2025
RED AEREA,SED2_00672,LLAVE2_19,SP,ALIM2_115,SET2_12,100,6,2025
RED AEREA,SED2_09797,LLAVE2_19,SP,ALIM2_115,SET2_12,100,6,2025
RED AEREA,SED2_07319,LLAVE2_09,SP,ALIM2_115,SET2_12,100,6,2025
RED AEREA,SED2_03962,LLAVE2_19,SP,ALIM2_066,SET2_10,100,6,2025
RED AEREA,SED2_03962,LLAVE2_09,SP,ALIM2_066,SET2_10,100,6,2025
RED AEREA,SED2_03093,LLAVE2_15,SP,ALIM2_066,SET2_10,100,6,2025
RED AEREA,SED2_01734,LLAVE2_19,SP,ALIM2_066,SET2_10,160,6,2025
RED SUBTERRANEA,SED2_01632,LLAVE2_09,SP,ALIM2_353,SET2_40,160,6,2025
RED SUBTERRANEA,SED2_06044,LLAVE2_09,SP,ALIM2_355,SET2_30,160,6,2025
RED AEREA,SED2_06123,LLAVE2_19,SP,ALIM2_161,SET2_04,100,6,2025
RED SUBTERRANEA,SED2_03624,LLAVE2_19,SP,ALIM2_046,SET2_23,250,6,2025
RED AEREA,SED2_08221,LLAVE2_19,SP,ALIM2_391,SET2_10,250,6,2025
RED SUBTERRANEA,SED2_02780,LLAVE2_09,SP,ALIM2_361,SET2_23,250,6,2025
RED AEREA,SED2_03066,LLAVE2_19,SP,ALIM2_136,SET2_12,100,6,2025
RED AEREA,SED2_00620,LLAVE2_09,SP,ALIM2_037,SET2_23,250,6,2025
RED AEREA,SED2_04618,LLAVE2_19,SP,ALIM2_161,SET2_04,100,6,2025
RED SUBTERRANEA,SED2_00278,LLAVE2_19,SP,ALIM2_478,SET2_44,100,6,2025
RED AEREA,SED2_02781,LLAVE2_09,SP,ALIM2_037,SET2_23,160,6,2025
RED AEREA,SED2_05368,LLAVE2_19,SP,ALIM2_421,SET2_10,100,6,2025
RED AEREA,SED2_01575,LLAVE2_15,SP,ALIM2_391,SET2_10,100,6,2025
RED AEREA,SED2_07735,LLAVE2_19,SP,ALIM2_481,SET2_12,50,6,2025
RED SUBTERRANEA,SED2_04622,LLAVE2_19,SP,ALIM2_339,SET2_15,100,6,2025
RED SUBTERRANEA,SED2_09670,LLAVE2_09,SP,ALIM2_473,SET2_46,250,6,2025
RED AEREA,SED2_06144,LLAVE2_09,SP,ALIM2_136,SET2_12,100,6,2025
RED AEREA,SED2_03189,LLAVE2_09,SP,ALIM2_136,SET2_12,160,6,2025
RED SUBTERRANEA,SED2_03929,LLAVE2_19,SP,ALIM2_238,SET2_36,250,6,2025
RED AEREA,SED2_03890,LLAVE2_19,SP,ALIM2_032,SET2_04,100,6,2025
RED AEREA,SED2_01509,LLAVE2_09,SP,ALIM2_391,SET2_10,160,6,2025
RED SUBTERRANEA,SED2_07954,LLAVE2_09,SP,ALIM2_437,SET2_23,160,6,2025
RED AEREA,SED2_07442,LLAVE2_19,SP,ALIM2_078,SET2_10,100,6,2025
RED AEREA,SED2_08660,LLAVE2_19,SP,ALIM2_335,SET2_11,160,6,2025
RED AEREA,SED2_05445,LLAVE2_19,SP,ALIM2_112,SET2_35,100,6,2025
RED AEREA,SED2_01541,LLAVE2_19,SP,ALIM2_245,SET2_04,100,6,2025
RED AEREA,SED2_04731,LLAVE2_19,SP,ALIM2_089,SET2_35,100,6,2025
RED AEREA,SED2_01642,LLAVE2_19,SP,ALIM2_072,SET2_23,100,6,2025
RED AEREA,SED2_07512,LLAVE2_09,SP,ALIM2_326,SET2_35,160,6,2025
RED AEREA,SED2_01311,LLAVE2_09,SP,ALIM2_115,SET2_12,160,6,2025
RED AEREA,SED2_04705,LLAVE2_09,SP,ALIM2_161,SET2_04,160,6,2025
RED AEREA,SED2_03122,LLAVE2_09,SP,ALIM2_115,SET2_12,160,6,2025
RED AEREA,SED2_07664,LLAVE2_19,SP,ALIM2_255,SET2_21,160,6,2025
RED AEREA,SED2_06346,LLAVE2_09,SP,ALIM2_048,SET2_29,100,6,2025
RED AEREA,SED2_06067,LLAVE2_19,SP,ALIM2_161,SET2_04,160,6,2025
RED AEREA,SED2_00315,LLAVE2_19,SP,ALIM2_008,SET2_35,160,6,2025
RED AEREA,SED2_00792,LLAVE2_15,SP,ALIM2_316,SET2_23,250,6,2025
RED SUBTERRANEA,SED2_00966,LLAVE2_19,SP,ALIM2_032,SET2_04,160,6,2025
RED AEREA,SED2_08780,LLAVE2_09,SP,ALIM2_410,SET2_23,50,6,2025
RED AEREA,SED2_03064,LLAVE2_09,SP,ALIM2_267,SET2_23,100,6,2025
RED SUBTERRANEA,SED2_01206,LLAVE2_19,SP,ALIM2_110,SET2_42,50,6,2025
RED AEREA,SED2_00439,LLAVE2_09,SP,ALIM2_115,SET2_12,100,6,2025
RED AEREA,SED2_00030,LLAVE2_19,SP,ALIM2_089,SET2_35,100,6,2025
RED AEREA,SED2_09652,LLAVE2_09,SP,ALIM2_032,SET2_04,100,6,2025
RED AEREA,SED2_09776,LLAVE2_09,SP,ALIM2_136,SET2_12,160,6,2025
RED AEREA,SED2_09658,LLAVE2_09,SP,ALIM2_136,SET2_12,160,6,2025
RED SUBTERRANEA,SED2_05986,LLAVE2_19,SP,ALIM2_443,SET2_14,160,6,2025
RED AEREA,SED2_00871,LLAVE2_09,SP,ALIM2_136,SET2_12,160,6,2025
RED AEREA,SED2_04951,LLAVE2_19,SP,ALIM2_313,SET2_42,100,6,2025
RED AEREA,SED2_05916,LLAVE2_09,SP,ALIM2_046,SET2_23,160,6,2025
RED AEREA,SED2_00333,LLAVE2_19,SP,ALIM2_093,SET2_21,50,6,2025
RED AEREA,SED2_09457,LLAVE2_19,SP,ALIM2_119,SET2_42,100,6,2025
RED AEREA,SED2_00884,LLAVE2_19,SP,ALIM2_245,SET2_04,250,6,2025
RED AEREA,SED2_07551,LLAVE2_19,SP,ALIM2_388,SET2_13,100,6,2025
RED AEREA,SED2_03879,LLAVE2_19,SP,ALIM2_245,SET2_04,100,6,2025
RED AEREA,SED2_04615,LLAVE2_19,SP,ALIM2_316,SET2_23,100,6,2025
RED AEREA,SED2_02061,LLAVE2_19,SP,ALIM2_481,SET2_12,160,6,2025
RED AEREA,SED2_06684,LLAVE2_19,SP,ALIM2_243,SET2_42,50,6,2025
RED AEREA,SED2_05037,LLAVE2_15,SP,ALIM2_012,SET2_13,400,6,2025
RED AEREA,SED2_01798,LLAVE2_19,SP,ALIM2_481,SET2_12,100,6,2025
RED SUBTERRANEA,SED2_08326,LLAVE2_15,SP,ALIM2_143,SET2_08,250,6,2025
RED AEREA,SED2_04811,LLAVE2_19,SP,ALIM2_119,SET2_42,160,6,2025
RED AEREA,SED2_08843,LLAVE2_15,SP,ALIM2_363,SET2_12,250,6,2025
RED AEREA,SED2_03686,LLAVE2_15,SP,ALIM2_183,SET2_12,100,6,2025
RED AEREA,SED2_05952,LLAVE2_19,SP,ALIM2_132,SET2_12,100,6,2025
RED AEREA,SED2_01324,LLAVE2_09,SP,ALIM2_306,SET2_12,100,6,2025
RED AEREA,SED2_08012,LLAVE2_09,SP,ALIM2_132,SET2_12,100,6,2025
RED AEREA,SED2_08163,LLAVE2_09,SP,ALIM2_132,SET2_12,100,6,2025
RED SUBTERRANEA,SED2_05768,LLAVE2_15,SP,ALIM2_034,SET2_31,250,6,2025
RED AEREA,SED2_08916,LLAVE2_09,SP,ALIM2_306,SET2_12,100,6,2025
RED AEREA,SED2_08916,LLAVE2_15,SP,ALIM2_306,SET2_12,100,6,2025
RED AEREA,SED2_08894,LLAVE2_19,SP,ALIM2_066,SET2_10,160,6,2025
RED SUBTERRANEA,SED2_02556,LLAVE2_09,SP,ALIM2_342,SET2_10,100,6,2025
RED AEREA,SED2_07769,LLAVE2_09,SP,ALIM2_066,SET2_10,100,6,2025
RED AEREA,SED2_07769,LLAVE2_15,SP,ALIM2_066,SET2_10,100,6,2025
RED SUBTERRANEA,SED2_06964,LLAVE2_09,SP,ALIM2_323,SET2_40,100,6,2025
RED SUBTERRANEA,SED2_08613,LLAVE2_19,SP,ALIM2_131,SET2_43,250,6,2025
RED SUBTERRANEA,SED2_05506,LLAVE2_15,SP,ALIM2_135,SET2_43,160,6,2025
RED SUBTERRANEA,SED2_05281,LLAVE2_21,SP,ALIM2_408,SET2_36,630,6,2025
RED AEREA,SED2_08879,LLAVE2_19,SP,ALIM2_046,SET2_23,100,6,2025
RED SUBTERRANEA,SED2_05363,LLAVE2_09,SP,ALIM2_011,SET2_17,160,6,2025
RED AEREA,SED2_08873,LLAVE2_09,SP,ALIM2_306,SET2_12,250,5,2025
RED AEREA,SED2_09677,LLAVE2_09,SP,ALIM2_115,SET2_12,100,5,2025
RED AEREA,SED2_00302,LLAVE2_19,SP,ALIM2_306,SET2_12,100,5,2025
RED SUBTERRANEA,SED2_02463,LLAVE2_21,SP,ALIM2_253,SET2_46,630,5,2025
RED SUBTERRANEA,SED2_01360,LLAVE2_09,SP,ALIM2_038,SET2_46,630,5,2025
RED SUBTERRANEA,SED2_03190,LLAVE2_14,SP,ALIM2_406,SET2_46,1430,5,2025
RED SUBTERRANEA,SED2_08921,LLAVE2_15,SP,ALIM2_047,SET2_31,630,5,2025
RED SUBTERRANEA,SED2_01694,LLAVE2_02,SP,ALIM2_368,SET2_31,630,5,2025
RED SUBTERRANEA,SED2_04687,LLAVE2_09,SP,ALIM2_153,SET2_31,400,5,2025
RED SUBTERRANEA,SED2_08383,LLAVE2_09,SP,ALIM2_479,SET2_31,630,5,2025
RED SUBTERRANEA,SED2_03306,LLAVE2_20,SP,ALIM2_285,SET2_46,1260,5,2025
RED SUBTERRANEA,SED2_01894,LLAVE2_14,SP,ALIM2_025,SET2_13,630,5,2025
RED SUBTERRANEA,SED2_05542,LLAVE2_15,SP,ALIM2_426,SET2_46,400,5,2025
RED SUBTERRANEA,SED2_06991,LLAVE2_12,SP,ALIM2_270,SET2_46,630,5,2025
RED SUBTERRANEA,SED2_02787,LLAVE2_13,SP,ALIM2_323,SET2_40,150,5,2025
RED SUBTERRANEA,SED2_03565,LLAVE2_15,SP,ALIM2_439,SET2_08,630,5,2025
FUSIBLE,SED2_05554,LLAVE2_18,SP,ALIM2_197,SET2_46,800,5,2025
RED SUBTERRANEA,SED2_05754,LLAVE2_18,SP,ALIM2_163,SET2_31,630,5,2025
RED SUBTERRANEA,SED2_01727,LLAVE2_21,SP,ALIM2_412,SET2_08,630,5,2025
RED SUBTERRANEA,SED2_09716,LLAVE2_15,SP,ALIM2_238,SET2_36,400,5,2025
RED SUBTERRANEA,SED2_00885,LLAVE2_09,SP,ALIM2_153,SET2_31,630,5,2025
RED SUBTERRANEA,SED2_01267,LLAVE2_15,SP,ALIM2_439,SET2_08,1040,5,2025
RED SUBTERRANEA,SED2_04939,LLAVE2_15,SP,ALIM2_240,SET2_46,630,5,2025
RED SUBTERRANEA,SED2_03744,LLAVE2_02,SP,ALIM2_473,SET2_46,630,5,2025
RED SUBTERRANEA,SED2_03744,LLAVE2_12,SP,ALIM2_473,SET2_46,630,5,2025
RED SUBTERRANEA,SED2_02850,LLAVE2_13,SP,ALIM2_250,SET2_27,630,5,2025
RED SUBTERRANEA,SED2_03731,LLAVE2_09,SP,ALIM2_332,SET2_08,630,5,2025
RED SUBTERRANEA,SED2_06987,LLAVE2_19,SP,ALIM2_020,SET2_46,630,5,2025
RED SUBTERRANEA,SED2_02836,LLAVE2_19,SP,ALIM2_123,SET2_38,630,5,2025
RED SUBTERRANEA,SED2_06372,LLAVE2_13,SP,ALIM2_163,SET2_31,630,5,2025
RED SUBTERRANEA,SED2_06372,LLAVE2_18,SP,ALIM2_163,SET2_31,630,5,2025
RED SUBTERRANEA,SED2_09325,LLAVE2_23,SP,ALIM2_397,SET2_08,630,5,2025
RED SUBTERRANEA,SED2_01080,LLAVE2_02,SP,ALIM2_271,SET2_26,630,5,2025
RED SUBTERRANEA,SED2_00085,LLAVE2_21,SP,ALIM2_286,SET2_36,640,5,2025
RED SUBTERRANEA,SED2_02823,LLAVE2_13,SP,ALIM2_214,SET2_36,890,5,2025
RED SUBTERRANEA,SED2_06644,LLAVE2_14,SP,ALIM2_342,SET2_10,350,5,2025
RED SUBTERRANEA,SED2_06259,LLAVE2_19,SP,ALIM2_117,SET2_10,400,5,2025
RED SUBTERRANEA,SED2_06807,LLAVE2_19,SP,ALIM2_286,SET2_36,630,5,2025
RED SUBTERRANEA,SED2_06807,LLAVE2_13,SP,ALIM2_286,SET2_36,630,5,2025
RED SUBTERRANEA,SED2_07761,LLAVE2_19,SP,ALIM2_058,SET2_43,1260,5,2025
RED SUBTERRANEA,SED2_09476,LLAVE2_14,SP,ALIM2_345,SET2_17,400,5,2025
RED SUBTERRANEA,SED2_01097,LLAVE2_09,SP,ALIM2_176,SET2_31,1260,5,2025
RED SUBTERRANEA,SED2_05487,LLAVE2_13,SP,ALIM2_229,SET2_38,800,5,2025
RED SUBTERRANEA,SED2_01964,LLAVE2_15,SP,ALIM2_121,SET2_21,400,5,2025
RED SUBTERRANEA,SED2_04012,LLAVE2_21,SP,ALIM2_256,SET2_38,630,5,2025
RED SUBTERRANEA,SED2_08366,LLAVE2_15,SP,ALIM2_298,SET2_26,1030,5,2025
RED SUBTERRANEA,SED2_04999,LLAVE2_19,SP,ALIM2_112,SET2_35,630,5,2025
RED SUBTERRANEA,SED2_04999,LLAVE2_21,SP,ALIM2_112,SET2_35,630,5,2025
RED SUBTERRANEA,SED2_03739,LLAVE2_09,SP,ALIM2_235,SET2_46,400,5,2025
RED SUBTERRANEA,SED2_02566,LLAVE2_14,SP,ALIM2_099,SET2_31,160,5,2025
RED SUBTERRANEA,SED2_08607,LLAVE2_09,SP,ALIM2_474,SET2_02,250,5,2025
RED SUBTERRANEA,SED2_03785,LLAVE2_21,SP,ALIM2_330,SET2_23,640,5,2025
RED SUBTERRANEA,SED2_07848,LLAVE2_21,SP,ALIM2_196,SET2_38,550,5,2025
RED SUBTERRANEA,SED2_01203,LLAVE2_09,SP,ALIM2_184,SET2_41,630,5,2025
RED SUBTERRANEA,SED2_09746,LLAVE2_19,SP,ALIM2_242,SET2_03,400,5,2025
RED SUBTERRANEA,SED2_09746,LLAVE2_09,SP,ALIM2_242,SET2_03,400,5,2025
RED SUBTERRANEA,SED2_06617,LLAVE2_15,SP,ALIM2_334,SET2_22,250,5,2025
RED SUBTERRANEA,SED2_05643,LLAVE2_15,SP,ALIM2_134,SET2_16,320,5,2025
RED SUBTERRANEA,SED2_03550,LLAVE2_02,SP,ALIM2_159,SET2_16,630,5,2025
RED SUBTERRANEA,SED2_09019,LLAVE2_15,SP,ALIM2_295,SET2_23,100,5,2025
RED SUBTERRANEA,SED2_03260,LLAVE2_19,SP,ALIM2_042,SET2_06,250,5,2025
RED SUBTERRANEA,SED2_03222,LLAVE2_14,SP,ALIM2_042,SET2_06,160,5,2025
RED SUBTERRANEA,SED2_02385,LLAVE2_09,SP,ALIM2_341,SET2_35,160,5,2025
RED SUBTERRANEA,SED2_00454,LLAVE2_19,SP,ALIM2_361,SET2_23,250,5,2025
RED SUBTERRANEA,SED2_00817,LLAVE2_14,SP,ALIM2_267,SET2_23,250,5,2025
RED SUBTERRANEA,SED2_06001,LLAVE2_09,SP,ALIM2_246,SET2_21,350,5,2025
RED SUBTERRANEA,SED2_03791,LLAVE2_19,SP,ALIM2_053,SET2_12,160,5,2025
RED AEREA,SED2_06093,LLAVE2_09,SP,ALIM2_219,SET2_10,160,5,2025
RED AEREA,SED2_02417,LLAVE2_09,SP,ALIM2_402,SET2_10,160,5,2025
RED SUBTERRANEA,SED2_04546,LLAVE2_09,SP,ALIM2_201,SET2_41,400,5,2025
RED AEREA,SED2_08869,LLAVE2_14,SP,ALIM2_296,SET2_23,100,5,2025
RED SUBTERRANEA,SED2_05744,LLAVE2_19,SP,ALIM2_463,SET2_36,250,5,2025
RED AEREA,SED2_00020,LLAVE2_09,SP,ALIM2_296,SET2_23,160,5,2025
RED SUBTERRANEA,SED2_09930,LLAVE2_19,SP,ALIM2_219,SET2_10,160,5,2025
RED SUBTERRANEA,SED2_02721,LLAVE2_13,SP,ALIM2_001,SET2_36,630,5,2025
RED SUBTERRANEA,SED2_03613,LLAVE2_19,SP,ALIM2_022,SET2_43,250,5,2025
RED AEREA,SED2_04776,LLAVE2_09,SP,ALIM2_194,SET2_35,100,5,2025
RED AEREA,SED2_02014,LLAVE2_09,SP,ALIM2_093,SET2_21,160,5,2025
RED AEREA,SED2_02883,LLAVE2_19,SP,ALIM2_341,SET2_35,160,5,2025
RED AEREA,SED2_05361,LLAVE2_15,SP,ALIM2_341,SET2_35,160,5,2025
RED AEREA,SED2_07509,LLAVE2_19,SP,ALIM2_170,SET2_25,100,5,2025
RED AEREA,SED2_01806,LLAVE2_09,SP,ALIM2_194,SET2_35,100,5,2025
RED SUBTERRANEA,SED2_04191,LLAVE2_19,SP,ALIM2_333,SET2_09,630,5,2025
RED SUBTERRANEA,SED2_04191,LLAVE2_09,SP,ALIM2_333,SET2_09,630,5,2025
RED SUBTERRANEA,SED2_01786,LLAVE2_09,SP,ALIM2_408,SET2_36,630,5,2025
RED AEREA,SED2_08605,LLAVE2_19,SP,ALIM2_306,SET2_12,630,5,2025
RED AEREA,SED2_01376,LLAVE2_19,SP,ALIM2_053,SET2_12,100,5,2025
RED AEREA,SED2_04037,LLAVE2_19,SP,ALIM2_317,SET2_04,160,5,2025
RED SUBTERRANEA,SED2_04775,LLAVE2_15,SP,ALIM2_382,SET2_13,160,5,2025
RED SUBTERRANEA,SED2_07145,LLAVE2_09,SP,ALIM2_170,SET2_25,160,5,2025
RED AEREA,SED2_02631,LLAVE2_19,SP,ALIM2_316,SET2_23,160,5,2025
RED SUBTERRANEA,SED2_07484,LLAVE2_09,SP,SIN DATA,SIN DATA,SIN DATA,5,2025
RED AEREA,SED2_00507,LLAVE2_15,SP,ALIM2_361,SET2_23,250,5,2025
RED AEREA,SED2_07744,LLAVE2_09,SP,ALIM2_402,SET2_10,100,5,2025
RED SUBTERRANEA,SED2_00806,LLAVE2_19,SP,ALIM2_481,SET2_12,250,5,2025
RED SUBTERRANEA,SED2_07641,LLAVE2_21,SP,ALIM2_127,SET2_16,630,5,2025
RED SUBTERRANEA,SED2_01506,LLAVE2_19,SP,ALIM2_183,SET2_12,400,5,2025
RED AEREA,SED2_02273,LLAVE2_19,SP,ALIM2_306,SET2_12,400,5,2025
RED SUBTERRANEA,SED2_06704,LLAVE2_19,SP,ALIM2_476,SET2_02,160,5,2025
RED AEREA,SED2_01759,LLAVE2_09,SP,ALIM2_481,SET2_12,50,5,2025
RED SUBTERRANEA,SED2_00809,LLAVE2_19,SP,ALIM2_031,SET2_21,250,5,2025
RED AEREA,SED2_02320,LLAVE2_19,SP,ALIM2_374,SET2_13,160,5,2025
RED AEREA,SED2_03935,LLAVE2_15,SP,ALIM2_132,SET2_12,400,5,2025
RED SUBTERRANEA,SED2_03556,LLAVE2_15,SP,ALIM2_077,SET2_40,250,5,2025
RED SUBTERRANEA,SED2_08647,LLAVE2_09,SP,ALIM2_091,SET2_15,400,5,2025
RED AEREA,SED2_02167,LLAVE2_19,SP,ALIM2_219,SET2_10,160,5,2025
RED AEREA,SED2_03121,LLAVE2_19,SP,ALIM2_093,SET2_21,100,5,2025
RED AEREA,SED2_07963,LLAVE2_19,SP,ALIM2_267,SET2_23,160,5,2025
RED AEREA,SED2_00404,LLAVE2_09,SP,ALIM2_055,SET2_35,100,5,2025
RED AEREA,SED2_01620,LLAVE2_19,SP,ALIM2_276,SET2_43,100,5,2025
RED SUBTERRANEA,SED2_03098,LLAVE2_15,SP,ALIM2_238,SET2_36,250,5,2025
RED AEREA,SED2_04329,LLAVE2_19,SP,ALIM2_208,SET2_13,160,5,2025
RED AEREA,SED2_01836,LLAVE2_09,SP,ALIM2_132,SET2_12,100,5,2025
RED AEREA,SED2_04219,LLAVE2_09,SP,ALIM2_227,SET2_45,50,5,2025
RED SUBTERRANEA,SED2_03441,LLAVE2_09,SP,ALIM2_121,SET2_21,100,5,2025
RED SUBTERRANEA,SED2_08902,LLAVE2_19,SP,ALIM2_121,SET2_21,100,5,2025
RED SUBTERRANEA,SED2_03455,LLAVE2_09,SP,ALIM2_296,SET2_23,100,5,2025
RED AEREA,SED2_00097,LLAVE2_19,SP,ALIM2_241,SET2_35,100,5,2025
RED AEREA,SED2_01760,LLAVE2_19,SP,ALIM2_306,SET2_12,100,5,2025
RED AEREA,SED2_05633,LLAVE2_15,SP,ALIM2_046,SET2_23,250,5,2025
RED AEREA,SED2_06293,LLAVE2_19,SP,ALIM2_421,SET2_10,100,5,2025
RED AEREA,SED2_07380,LLAVE2_19,SP,ALIM2_421,SET2_10,100,5,2025
RED AEREA,SED2_00136,LLAVE2_15,SP,ALIM2_421,SET2_10,100,5,2025
RED AEREA,SED2_02028,LLAVE2_19,SP,ALIM2_316,SET2_23,100,5,2025
RED SUBTERRANEA,SED2_02228,LLAVE2_21,SP,ALIM2_193,SET2_31,250,5,2025
RED AEREA,SED2_08724,LLAVE2_09,SP,ALIM2_194,SET2_35,100,5,2025
RED SUBTERRANEA,SED2_05724,LLAVE2_21,SP,ALIM2_318,SET2_33,200,5,2025
RED SUBTERRANEA,SED2_01920,LLAVE2_15,SP,ALIM2_460,SET2_16,160,5,2025
RED SUBTERRANEA,SED2_09872,LLAVE2_09,SP,ALIM2_249,SET2_08,250,5,2025
RED SUBTERRANEA,SED2_09256,LLAVE2_19,SP,ALIM2_263,SET2_31,630,5,2025
RED AEREA,SED2_07367,LLAVE2_19,SP,ALIM2_241,SET2_35,100,5,2025
RED SUBTERRANEA,SED2_06029,LLAVE2_09,SP,ALIM2_323,SET2_40,400,5,2025
RED SUBTERRANEA,SED2_05421,LLAVE2_14,SP,ALIM2_323,SET2_40,250,5,2025
RED SUBTERRANEA,SED2_01147,LLAVE2_09,SP,ALIM2_149,SET2_45,250,5,2025
RED SUBTERRANEA,SED2_08706,LLAVE2_19,SP,ALIM2_227,SET2_45,160,5,2025
RED AEREA,SED2_05395,LLAVE2_09,SP,ALIM2_241,SET2_35,100,5,2025
RED SUBTERRANEA,SED2_00734,LLAVE2_19,SP,ALIM2_237,SET2_33,100,5,2025
RED SUBTERRANEA,SED2_00078,LLAVE2_09,SP,ALIM2_237,SET2_33,100,5,2025
RED SUBTERRANEA,SED2_07247,LLAVE2_14,SP,ALIM2_237,SET2_33,250,5,2025
RED SUBTERRANEA,SED2_05984,LLAVE2_09,SP,ALIM2_334,SET2_22,250,5,2025
RED SUBTERRANEA,SED2_09821,LLAVE2_09,SP,ALIM2_334,SET2_22,160,5,2025
RED SUBTERRANEA,SED2_07785,LLAVE2_09,SP,ALIM2_334,SET2_22,250,5,2025
RED SUBTERRANEA,SED2_01140,LLAVE2_19,SP,ALIM2_237,SET2_33,160,5,2025
RED SUBTERRANEA,SED2_09814,LLAVE2_09,SP,ALIM2_057,SET2_22,160,5,2025
RED SUBTERRANEA,SED2_03393,LLAVE2_15,SP,ALIM2_057,SET2_22,160,5,2025
RED SUBTERRANEA,SED2_01576,LLAVE2_19,SP,ALIM2_057,SET2_22,160,5,2025
RED SUBTERRANEA,SED2_01576,LLAVE2_09,SP,ALIM2_057,SET2_22,160,5,2025
RED SUBTERRANEA,SED2_02996,LLAVE2_09,SP,ALIM2_057,SET2_22,250,5,2025
RED AEREA,SED2_00683,LLAVE2_19,SP,ALIM2_341,SET2_35,100,5,2025
RED AEREA,SED2_01704,LLAVE2_19,SP,ALIM2_089,SET2_35,160,5,2025
RED SUBTERRANEA,SED2_07485,LLAVE2_09,SP,ALIM2_015,SET2_25,160,5,2025
RED SUBTERRANEA,SED2_02112,LLAVE2_21,SP,ALIM2_015,SET2_25,50,5,2025
RED SUBTERRANEA,SED2_05278,LLAVE2_09,SP,SIN DATA,SIN DATA,SIN DATA,5,2025
RED SUBTERRANEA,SED2_05398,LLAVE2_09,SP,ALIM2_263,SET2_31,160,5,2025
RED SUBTERRANEA,SED2_04588,LLAVE2_19,SP,ALIM2_305,SET2_33,160,5,2025
RED SUBTERRANEA,SED2_05823,LLAVE2_15,SP,ALIM2_233,SET2_41,400,5,2025
RED SUBTERRANEA,SED2_07772,LLAVE2_19,SP,ALIM2_463,SET2_36,250,5,2025
RED SUBTERRANEA,SED2_08141,LLAVE2_09,SP,ALIM2_077,SET2_40,160,5,2025
RED SUBTERRANEA,SED2_01948,LLAVE2_19,SP,ALIM2_016,SET2_36,250,5,2025
RED SUBTERRANEA,SED2_05644,LLAVE2_19,SP,ALIM2_128,SET2_28,250,5,2025
RED SUBTERRANEA,SED2_08057,LLAVE2_21,SP,ALIM2_408,SET2_36,400,5,2025
RED SUBTERRANEA,SED2_03630,LLAVE2_09,SP,ALIM2_205,SET2_22,160,5,2025
RED AEREA,SED2_00634,LLAVE2_19,SP,ALIM2_194,SET2_35,100,5,2025
RED SUBTERRANEA,SED2_02969,LLAVE2_19,SP,ALIM2_276,SET2_43,250,5,2025
RED AEREA,SED2_00268,LLAVE2_15,SP,ALIM2_008,SET2_35,160,5,2025
RED SUBTERRANEA,SED2_01980,LLAVE2_09,SP,ALIM2_344,SET2_31,160,5,2025
RED SUBTERRANEA,SED2_03794,LLAVE2_15,SP,ALIM2_255,SET2_21,160,5,2025
RED SUBTERRANEA,SED2_03618,LLAVE2_19,SP,ALIM2_034,SET2_31,160,5,2025
RED SUBTERRANEA,SED2_04764,LLAVE2_09,SP,ALIM2_086,SET2_33,100,5,2025
RED SUBTERRANEA,SED2_00144,LLAVE2_19,SP,ALIM2_097,SET2_33,160,5,2025
RED SUBTERRANEA,SED2_04043,LLAVE2_15,SP,ALIM2_361,SET2_23,250,5,2025
RED SUBTERRANEA,SED2_01678,LLAVE2_09,SP,ALIM2_255,SET2_21,160,5,2025
RED SUBTERRANEA,SED2_00468,LLAVE2_19,SP,ALIM2_231,SET2_43,160,5,2025
RED SUBTERRANEA,SED2_03253,LLAVE2_21,SP,ALIM2_192,SET2_46,400,5,2025
RED SUBTERRANEA,SED2_01820,LLAVE2_15,SP,ALIM2_305,SET2_33,250,5,2025
RED SUBTERRANEA,SED2_08986,LLAVE2_19,SP,ALIM2_265,SET2_33,250,5,2025
RED SUBTERRANEA,SED2_05057,LLAVE2_14,SP,ALIM2_318,SET2_33,160,5,2025
RED SUBTERRANEA,SED2_00955,LLAVE2_19,SP,ALIM2_416,SET2_33,250,5,2025
RED SUBTERRANEA,SED2_09260,LLAVE2_09,SP,ALIM2_416,SET2_33,250,5,2025
RED SUBTERRANEA,SED2_00705,LLAVE2_21,SP,ALIM2_463,SET2_36,250,5,2025
RED AEREA,SED2_07705,LLAVE2_15,SP,ALIM2_132,SET2_12,250,5,2025
RED SUBTERRANEA,SED2_05393,LLAVE2_09,SP,ALIM2_024,SET2_40,160,5,2025
RED SUBTERRANEA,SED2_05309,LLAVE2_15,SP,ALIM2_057,SET2_22,160,5,2025
RED SUBTERRANEA,SED2_02317,LLAVE2_09,SP,ALIM2_233,SET2_41,250,5,2025
RED SUBTERRANEA,SED2_05851,LLAVE2_09,SP,ALIM2_472,SET2_10,250,5,2025
RED AEREA,SED2_07597,LLAVE2_19,SP,ALIM2_481,SET2_12,160,5,2025
RED SUBTERRANEA,SED2_07680,LLAVE2_09,SP,ALIM2_213,SET2_41,250,5,2025
RED SUBTERRANEA,SED2_05170,LLAVE2_09,SP,ALIM2_014,SET2_41,250,5,2025
RED AEREA,SED2_03868,LLAVE2_19,SP,ALIM2_295,SET2_23,50,5,2025
RED SUBTERRANEA,SED2_09294,LLAVE2_19,SP,ALIM2_073,SET2_21,100,5,2025
RED SUBTERRANEA,SED2_03675,LLAVE2_19,SP,ALIM2_073,SET2_21,160,5,2025
RED SUBTERRANEA,SED2_01561,LLAVE2_19,SP,ALIM2_355,SET2_30,100,5,2025
RED SUBTERRANEA,SED2_09454,LLAVE2_15,SP,ALIM2_323,SET2_40,50,5,2025
RED SUBTERRANEA,SED2_02726,LLAVE2_09,SP,ALIM2_020,SET2_46,630,5,2025
RED SUBTERRANEA,SED2_01102,LLAVE2_09,SP,ALIM2_406,SET2_46,630,5,2025
RED SUBTERRANEA,SED2_03777,LLAVE2_09,SP,ALIM2_355,SET2_30,250,5,2025
RED SUBTERRANEA,SED2_08477,LLAVE2_09,SP,ALIM2_355,SET2_30,100,5,2025
RED SUBTERRANEA,SED2_06531,LLAVE2_15,SP,ALIM2_065,SET2_17,250,5,2025
RED SUBTERRANEA,SED2_04527,LLAVE2_19,SP,ALIM2_233,SET2_41,400,5,2025
RED SUBTERRANEA,SED2_07297,LLAVE2_19,SP,ALIM2_445,SET2_46,630,5,2025
FUSIBLE,SED2_00444,LLAVE2_19,SP,ALIM2_291,SET2_09,630,5,2025
RED SUBTERRANEA,SED2_00444,LLAVE2_19,SP,ALIM2_291,SET2_09,630,5,2025
RED SUBTERRANEA,SED2_08252,LLAVE2_09,SP,ALIM2_473,SET2_46,400,5,2025
RED SUBTERRANEA,SED2_05093,LLAVE2_19,SP,ALIM2_332,SET2_08,250,5,2025
RED SUBTERRANEA,SED2_02774,LLAVE2_15,SP,ALIM2_195,SET2_27,630,5,2025
RED SUBTERRANEA,SED2_08408,LLAVE2_15,SP,ALIM2_344,SET2_31,630,5,2025
RED SUBTERRANEA,SED2_08365,LLAVE2_09,SP,ALIM2_426,SET2_46,160,5,2025
RED SUBTERRANEA,SED2_09148,LLAVE2_09,SP,ALIM2_339,SET2_15,250,5,2025
RED SUBTERRANEA,SED2_03948,LLAVE2_09,SP,ALIM2_177,SET2_08,400,5,2025
RED SUBTERRANEA,SED2_03822,LLAVE2_09,SP,ALIM2_303,SET2_38,250,5,2025
RED SUBTERRANEA,SED2_00675,LLAVE2_15,SP,ALIM2_013,SET2_09,160,5,2025
RED SUBTERRANEA,SED2_02942,LLAVE2_09,SP,ALIM2_325,SET2_23,250,5,2025
RED SUBTERRANEA,SED2_01033,LLAVE2_15,SP,ALIM2_177,SET2_08,630,5,2025
RED SUBTERRANEA,SED2_03154,LLAVE2_15,SP,ALIM2_474,SET2_02,100,5,2025
FUSIBLE,SED2_05994,LLAVE2_15,SP,ALIM2_417,SET2_36,400,5,2025
RED SUBTERRANEA,SED2_06225,LLAVE2_19,SP,ALIM2_460,SET2_16,400,5,2025
RED SUBTERRANEA,SED2_02309,LLAVE2_09,SP,ALIM2_295,SET2_23,250,5,2025
RED SUBTERRANEA,SED2_08722,LLAVE2_19,SP,ALIM2_042,SET2_06,160,5,2025
RED SUBTERRANEA,SED2_03447,LLAVE2_15,SP,ALIM2_295,SET2_23,250,5,2025
RED SUBTERRANEA,SED2_06283,LLAVE2_09,SP,ALIM2_189,SET2_09,160,5,2025
RED SUBTERRANEA,SED2_07204,LLAVE2_15,SP,ALIM2_463,SET2_36,160,5,2025
RED SUBTERRANEA,SED2_00946,LLAVE2_09,SP,ALIM2_301,SET2_38,400,5,2025
RED SUBTERRANEA,SED2_09841,LLAVE2_19,SP,ALIM2_309,SET2_30,160,5,2025
RED SUBTERRANEA,SED2_03405,LLAVE2_19,SP,ALIM2_267,SET2_23,101,5,2025
RED SUBTERRANEA,SED2_09363,LLAVE2_09,SP,ALIM2_045,SET2_38,250,5,2025
RED SUBTERRANEA,SED2_08745,LLAVE2_21,SP,ALIM2_263,SET2_31,400,5,2025
RED SUBTERRANEA,SED2_03068,LLAVE2_19,SP,ALIM2_079,SET2_26,400,5,2025
RED SUBTERRANEA,SED2_03068,LLAVE2_09,SP,ALIM2_079,SET2_26,400,5,2025
RED SUBTERRANEA,SED2_02220,LLAVE2_09,SP,ALIM2_296,SET2_23,160,5,2025
RED SUBTERRANEA,SED2_02369,LLAVE2_19,SP,ALIM2_296,SET2_23,100,5,2025
RED SUBTERRANEA,SED2_00641,LLAVE2_19,SP,ALIM2_077,SET2_40,400,5,2025
RED SUBTERRANEA,SED2_04869,LLAVE2_09,SP,ALIM2_312,SET2_09,250,5,2025
RED SUBTERRANEA,SED2_04149,LLAVE2_21,SP,ALIM2_242,SET2_03,400,5,2025
RED SUBTERRANEA,SED2_02104,LLAVE2_19,SP,ALIM2_189,SET2_09,400,5,2025
RED SUBTERRANEA,SED2_03609,LLAVE2_15,SP,ALIM2_427,SET2_06,250,5,2025
RED AEREA,SED2_06858,LLAVE2_09,SP,ALIM2_092,SET2_13,250,5,2025
RED SUBTERRANEA,SED2_04381,LLAVE2_19,SP,ALIM2_140,SET2_21,250,5,2025
RED SUBTERRANEA,SED2_07531,LLAVE2_09,SP,ALIM2_233,SET2_41,250,5,2025
RED SUBTERRANEA,SED2_08551,LLAVE2_21,SP,ALIM2_233,SET2_41,250,5,2025
RED SUBTERRANEA,SED2_05318,LLAVE2_19,SP,ALIM2_221,SET2_36,160,5,2025
RED SUBTERRANEA,SED2_02703,LLAVE2_09,SP,ALIM2_135,SET2_43,250,5,2025
RED AEREA,SED2_01839,LLAVE2_09,SP,ALIM2_355,SET2_30,100,5,2025
RED SUBTERRANEA,SED2_03072,LLAVE2_09,SP,ALIM2_447,SET2_26,160,5,2025
RED SUBTERRANEA,SED2_09781,LLAVE2_09,SP,ALIM2_064,SET2_01,400,5,2025
RED SUBTERRANEA,SED2_06856,LLAVE2_19,SP,ALIM2_255,SET2_21,160,5,2025
RED AEREA,SED2_06441,LLAVE2_09,SP,ALIM2_194,SET2_35,100,5,2025
RED SUBTERRANEA,SED2_08361,LLAVE2_19,SP,ALIM2_233,SET2_41,250,5,2025
RED AEREA,SED2_01331,LLAVE2_09,SP,ALIM2_115,SET2_12,160,5,2025
RED AEREA,SED2_01331,LLAVE2_15,SP,ALIM2_115,SET2_12,160,5,2025
RED AEREA,SED2_03509,LLAVE2_19,SP,ALIM2_115,SET2_12,100,5,2025
RED AEREA,SED2_03509,LLAVE2_09,SP,ALIM2_115,SET2_12,100,5,2025
RED AEREA,SED2_02123,LLAVE2_19,SP,ALIM2_115,SET2_12,100,5,2025
RED AEREA,SED2_03968,LLAVE2_09,SP,ALIM2_066,SET2_10,100,5,2025
RED AEREA,SED2_02222,LLAVE2_19,SP,ALIM2_066,SET2_10,100,5,2025
RED AEREA,SED2_09213,LLAVE2_09,SP,ALIM2_066,SET2_10,100,5,2025
RED AEREA,SED2_01734,LLAVE2_09,SP,ALIM2_066,SET2_10,160,5,2025
RED AEREA,SED2_08445,LLAVE2_09,SP,ALIM2_066,SET2_10,100,5,2025
RED SUBTERRANEA,SED2_04356,LLAVE2_15,SP,ALIM2_175,SET2_30,160,5,2025
RED AEREA,SED2_00419,LLAVE2_19,SP,ALIM2_132,SET2_12,160,5,2025
RED AEREA,SED2_00413,LLAVE2_19,SP,ALIM2_136,SET2_12,160,5,2025
RED AEREA,SED2_08221,LLAVE2_21,SP,ALIM2_391,SET2_10,250,5,2025
RED AEREA,SED2_09794,LLAVE2_15,SP,ALIM2_136,SET2_12,160,5,2025
RED AEREA,SED2_08755,LLAVE2_19,SP,ALIM2_306,SET2_12,160,5,2025
RED AEREA,SED2_08755,LLAVE2_09,SP,ALIM2_306,SET2_12,160,5,2025
RED AEREA,SED2_08755,LLAVE2_15,SP,ALIM2_306,SET2_12,160,5,2025
RED AEREA,SED2_02917,LLAVE2_09,SP,ALIM2_306,SET2_12,100,5,2025
RED AEREA,SED2_07245,LLAVE2_09,SP,ALIM2_306,SET2_12,160,5,2025
RED AEREA,SED2_08142,LLAVE2_21,SP,ALIM2_183,SET2_12,160,5,2025
RED AEREA,SED2_01553,LLAVE2_09,SP,ALIM2_132,SET2_12,100,5,2025
RED AEREA,SED2_03066,LLAVE2_09,SP,ALIM2_136,SET2_12,100,5,2025
RED SUBTERRANEA,SED2_09121,LLAVE2_09,SP,ALIM2_436,SET2_23,100,5,2025
RED AEREA,SED2_06279,LLAVE2_09,SP,ALIM2_161,SET2_04,100,5,2025
RED AEREA,SED2_04234,LLAVE2_19,SP,ALIM2_161,SET2_04,50,5,2025
RED SUBTERRANEA,SED2_09245,LLAVE2_21,SP,ALIM2_279,SET2_17,400,5,2025
RED SUBTERRANEA,SED2_05781,LLAVE2_15,SP,ALIM2_267,SET2_23,100,5,2025
RED SUBTERRANEA,SED2_04942,LLAVE2_09,SP,ALIM2_165,SET2_06,160,5,2025
RED SUBTERRANEA,SED2_02110,LLAVE2_19,SP,ALIM2_267,SET2_23,160,5,2025
RED AEREA,SED2_02024,LLAVE2_19,SP,ALIM2_161,SET2_04,400,5,2025
RED SUBTERRANEA,SED2_04882,LLAVE2_19,SP,ALIM2_332,SET2_08,250,5,2025
RED AEREA,SED2_09628,LLAVE2_09,SP,ALIM2_032,SET2_04,100,5,2025
RED AEREA,SED2_01781,LLAVE2_09,SP,ALIM2_136,SET2_12,100,5,2025
RED SUBTERRANEA,SED2_09534,LLAVE2_09,SP,ALIM2_267,SET2_23,100,5,2025
RED SUBTERRANEA,SED2_06431,LLAVE2_19,SP,ALIM2_436,SET2_23,100,5,2025
RED AEREA,SED2_07864,LLAVE2_21,SP,ALIM2_391,SET2_10,100,5,2025
RED SUBTERRANEA,SED2_00593,LLAVE2_19,SP,ALIM2_231,SET2_43,160,5,2025
RED AEREA,SED2_05895,LLAVE2_19,SP,ALIM2_115,SET2_12,100,5,2025
RED AEREA,SED2_06819,LLAVE2_09,SP,ALIM2_316,SET2_23,160,5,2025
RED SUBTERRANEA,SED2_09918,LLAVE2_19,SP,ALIM2_341,SET2_35,160,5,2025
RED AEREA,SED2_09465,LLAVE2_15,SP,ALIM2_136,SET2_12,160,5,2025
RED SUBTERRANEA,SED2_06474,LLAVE2_15,SP,ALIM2_271,SET2_26,250,5,2025
RED AEREA,SED2_09730,LLAVE2_19,SP,ALIM2_136,SET2_12,100,5,2025
RED AEREA,SED2_09009,LLAVE2_19,SP,ALIM2_032,SET2_04,160,5,2025
RED SUBTERRANEA,SED2_02974,LLAVE2_09,SP,ALIM2_464,SET2_09,160,5,2025
RED AEREA,SED2_08339,LLAVE2_09,SP,ALIM2_136,SET2_12,100,5,2025
RED SUBTERRANEA,SED2_03929,LLAVE2_09,SP,ALIM2_238,SET2_36,250,5,2025
RED AEREA,SED2_06120,LLAVE2_19,SP,ALIM2_100,SET2_12,400,5,2025
RED AEREA,SED2_03890,LLAVE2_09,SP,ALIM2_032,SET2_04,100,5,2025
RED AEREA,SED2_00609,LLAVE2_19,SP,ALIM2_032,SET2_04,160,5,2025
RED AEREA,SED2_02022,LLAVE2_19,SP,ALIM2_136,SET2_12,160,5,2025
RED AEREA,SED2_02022,LLAVE2_15,SP,ALIM2_136,SET2_12,160,5,2025
RED AEREA,SED2_00735,LLAVE2_15,SP,ALIM2_391,SET2_10,160,5,2025
RED AEREA,SED2_04315,LLAVE2_19,SP,ALIM2_132,SET2_12,100,5,2025
RED AEREA,SED2_06447,LLAVE2_09,SP,ALIM2_391,SET2_10,100,5,2025
RED AEREA,SED2_01509,LLAVE2_19,SP,ALIM2_391,SET2_10,160,5,2025
RED AEREA,SED2_06615,LLAVE2_19,SP,ALIM2_217,SET2_35,160,5,2025
RED AEREA,SED2_03437,LLAVE2_09,SP,ALIM2_255,SET2_21,160,5,2025
RED SUBTERRANEA,SED2_03767,LLAVE2_09,SP,ALIM2_473,SET2_46,350,5,2025
RED AEREA,SED2_03687,LLAVE2_15,SP,ALIM2_316,SET2_23,100,5,2025
RED AEREA,SED2_07436,LLAVE2_09,SP,ALIM2_136,SET2_12,100,5,2025
RED SUBTERRANEA,SED2_07794,LLAVE2_09,SP,ALIM2_326,SET2_35,160,5,2025
RED SUBTERRANEA,SED2_08360,LLAVE2_19,SP,ALIM2_129,SET2_02,250,5,2025
RED AEREA,SED2_01978,LLAVE2_15,SP,ALIM2_391,SET2_10,250,5,2025
RED SUBTERRANEA,SED2_00990,LLAVE2_19,SP,ALIM2_276,SET2_43,160,5,2025
RED AEREA,SED2_02448,LLAVE2_19,SP,ALIM2_066,SET2_10,100,5,2025
RED AEREA,SED2_08630,LLAVE2_19,SP,ALIM2_078,SET2_10,100,5,2025
RED AEREA,SED2_07347,LLAVE2_19,SP,ALIM2_306,SET2_12,100,5,2025
RED AEREA,SED2_00712,LLAVE2_09,SP,ALIM2_089,SET2_35,100,5,2025
RED AEREA,SED2_07824,LLAVE2_09,SP,ALIM2_194,SET2_35,100,5,2025
RED AEREA,SED2_04123,LLAVE2_09,SP,ALIM2_316,SET2_23,160,5,2025
RED AEREA,SED2_01311,LLAVE2_19,SP,ALIM2_115,SET2_12,160,5,2025
RED AEREA,SED2_06296,LLAVE2_19,SP,ALIM2_115,SET2_12,100,5,2025
RED AEREA,SED2_09107,LLAVE2_19,SP,ALIM2_115,SET2_12,100,5,2025
RED AEREA,SED2_03494,LLAVE2_09,SP,ALIM2_115,SET2_12,100,5,2025
RED AEREA,SED2_06075,LLAVE2_09,SP,ALIM2_042,SET2_06,50,5,2025
RED AEREA,SED2_03174,LLAVE2_19,SP,ALIM2_093,SET2_21,50,5,2025
RED SUBTERRANEA,SED2_07327,LLAVE2_09,SP,ALIM2_257,SET2_31,160,5,2025
RED AEREA,SED2_00042,LLAVE2_19,SP,ALIM2_446,SET2_22,160,5,2025
RED AEREA,SED2_05787,LLAVE2_19,SP,ALIM2_115,SET2_12,100,5,2025
RED SUBTERRANEA,SED2_07878,LLAVE2_19,SP,ALIM2_008,SET2_35,160,5,2025
RED AEREA,SED2_06756,LLAVE2_19,SP,ALIM2_161,SET2_04,160,5,2025
RED AEREA,SED2_03237,LLAVE2_09,SP,ALIM2_391,SET2_10,100,5,2025
RED SUBTERRANEA,SED2_05150,LLAVE2_19,SP,ALIM2_031,SET2_21,100,5,2025
RED AEREA,SED2_00392,LLAVE2_19,SP,ALIM2_115,SET2_12,160,5,2025
RED SUBTERRANEA,SED2_02512,LLAVE2_19,SP,ALIM2_481,SET2_12,160,5,2025
RED SUBTERRANEA,SED2_06362,LLAVE2_19,SP,ALIM2_008,SET2_35,100,5,2025
RED AEREA,SED2_00030,LLAVE2_09,SP,ALIM2_089,SET2_35,100,5,2025
RED AEREA,SED2_06853,LLAVE2_19,SP,ALIM2_114,SET2_06,160,5,2025
RED AEREA,SED2_04587,LLAVE2_19,SP,ALIM2_053,SET2_12,100,5,2025
RED AEREA,SED2_03589,LLAVE2_19,SP,ALIM2_363,SET2_12,100,5,2025
RED AEREA,SED2_07874,LLAVE2_09,SP,ALIM2_115,SET2_12,160,5,2025
RED AEREA,SED2_09776,LLAVE2_19,SP,ALIM2_136,SET2_12,160,5,2025
RED AEREA,SED2_06094,LLAVE2_19,SP,ALIM2_136,SET2_12,100,5,2025
RED AEREA,SED2_03149,LLAVE2_19,SP,ALIM2_316,SET2_23,100,5,2025
RED AEREA,SED2_05111,LLAVE2_15,SP,ALIM2_252,SET2_22,160,5,2025
RED AEREA,SED2_06365,LLAVE2_19,SP,ALIM2_161,SET2_04,160,5,2025
RED AEREA,SED2_00340,LLAVE2_19,SP,ALIM2_255,SET2_21,100,5,2025
RED AEREA,SED2_05271,LLAVE2_09,SP,ALIM2_115,SET2_12,160,5,2025
RED AEREA,SED2_00871,LLAVE2_19,SP,ALIM2_136,SET2_12,160,5,2025
RED AEREA,SED2_05833,LLAVE2_09,SP,ALIM2_313,SET2_42,100,5,2025
RED SUBTERRANEA,SED2_06550,LLAVE2_19,SP,ALIM2_101,SET2_33,100,5,2025
RED AEREA,SED2_05916,LLAVE2_19,SP,ALIM2_046,SET2_23,160,5,2025
RED AEREA,SED2_05464,LLAVE2_19,SP,ALIM2_089,SET2_35,100,5,2025
RED SUBTERRANEA,SED2_01581,LLAVE2_19,SP,ALIM2_032,SET2_04,160,5,2025
RED SUBTERRANEA,SED2_05946,LLAVE2_19,SP,ALIM2_475,SET2_36,250,5,2025
RED AEREA,SED2_08268,LLAVE2_19,SP,ALIM2_255,SET2_21,100,5,2025
RED SUBTERRANEA,SED2_05391,LLAVE2_09,SP,ALIM2_224,SET2_45,160,5,2025
RED AEREA,SED2_00925,LLAVE2_09,SP,ALIM2_245,SET2_04,250,5,2025
RED AEREA,SED2_00366,LLAVE2_19,SP,ALIM2_472,SET2_10,250,5,2025
RED AEREA,SED2_06065,LLAVE2_09,SP,ALIM2_008,SET2_35,160,5,2025
RED AEREA,SED2_05367,LLAVE2_09,SP,ALIM2_313,SET2_42,100,5,2025
RED AEREA,SED2_06223,LLAVE2_19,SP,ALIM2_361,SET2_23,160,5,2025
FUSIBLE,SED2_08781,LLAVE2_19,SP,ALIM2_010,SET2_42,100,5,2025
RED AEREA,SED2_06197,LLAVE2_09,SP,ALIM2_119,SET2_42,160,5,2025
RED AEREA,SED2_03219,LLAVE2_19,SP,ALIM2_119,SET2_42,50,5,2025
RED AEREA,SED2_07882,LLAVE2_09,SP,SIN DATA,SIN DATA,SIN DATA,5,2025
RED AEREA,SED2_01300,LLAVE2_09,SP,ALIM2_092,SET2_13,100,5,2025
RED AEREA,SED2_06184,LLAVE2_09,SP,ALIM2_092,SET2_13,100,5,2025
RED AEREA,SED2_04371,LLAVE2_09,SP,ALIM2_092,SET2_13,160,5,2025
RED AEREA,SED2_05040,LLAVE2_19,SP,ALIM2_245,SET2_04,25,5,2025
RED AEREA,SED2_04811,LLAVE2_09,SP,ALIM2_119,SET2_42,160,5,2025
RED AEREA,SED2_04513,LLAVE2_09,SP,ALIM2_243,SET2_42,160,5,2025
RED AEREA,SED2_02247,LLAVE2_19,SP,ALIM2_283,SET2_42,100,5,2025
RED SUBTERRANEA,SED2_06285,LLAVE2_09,SP,ALIM2_313,SET2_42,160,5,2025
RED AEREA,SED2_03467,LLAVE2_19,SP,ALIM2_131,SET2_43,100,5,2025
RED SUBTERRANEA,SED2_08670,LLAVE2_15,SP,ALIM2_397,SET2_08,250,5,2025
RED AEREA,SED2_03686,LLAVE2_09,SP,ALIM2_183,SET2_12,100,5,2025
RED AEREA,SED2_08496,LLAVE2_19,SP,ALIM2_306,SET2_12,50,5,2025
RED AEREA,SED2_08163,LLAVE2_19,SP,ALIM2_132,SET2_12,100,5,2025
RED SUBTERRANEA,SED2_08307,LLAVE2_19,SP,ALIM2_016,SET2_36,250,5,2025
RED AEREA,SED2_05154,LLAVE2_19,SP,ALIM2_421,SET2_10,100,5,2025
RED AEREA,SED2_08027,LLAVE2_09,SP,ALIM2_132,SET2_12,100,5,2025
RED AEREA,SED2_09030,LLAVE2_15,SP,ALIM2_306,SET2_12,100,5,2025
RED AEREA,SED2_03200,LLAVE2_15,SP,ALIM2_306,SET2_12,100,5,2025
RED AEREA,SED2_01794,LLAVE2_09,SP,ALIM2_183,SET2_12,50,5,2025
RED AEREA,SED2_07829,LLAVE2_09,SP,ALIM2_112,SET2_35,100,5,2025
RED AEREA,SED2_00065,LLAVE2_09,SP,ALIM2_313,SET2_42,250,5,2025
RED AEREA,SED2_01618,LLAVE2_09,SP,ALIM2_134,SET2_16,250,5,2025
RED AEREA,SED2_05908,LLAVE2_19,SP,ALIM2_255,SET2_21,100,5,2025
RED SUBTERRANEA,SED2_04598,LLAVE2_15,SP,ALIM2_355,SET2_30,250,5,2025
RED AEREA,SED2_02323,LLAVE2_19,SP,ALIM2_119,SET2_42,50,5,2025
RED SUBTERRANEA,SED2_04136,LLAVE2_09,SP,ALIM2_185,SET2_31,160,5,2025
RED AEREA,SED2_06124,LLAVE2_19,SP,ALIM2_117,SET2_10,100,5,2025
RED AEREA,SED2_07511,LLAVE2_09,SP,ALIM2_066,SET2_10,100,5,2025
RED AEREA,SED2_08719,LLAVE2_19,SP,ALIM2_066,SET2_10,100,5,2025
RED AEREA,SED2_08894,LLAVE2_09,SP,ALIM2_066,SET2_10,160,5,2025
RED AEREA,SED2_07769,LLAVE2_19,SP,ALIM2_066,SET2_10,100,5,2025
RED AEREA,SED2_00046,LLAVE2_15,SP,ALIM2_066,SET2_10,100,5,2025
RED AEREA,SED2_09127,LLAVE2_09,SP,ALIM2_066,SET2_10,100,5,2025
RED AEREA,SED2_00354,LLAVE2_19,SP,ALIM2_391,SET2_10,100,5,2025
RED AEREA,SED2_00354,LLAVE2_09,SP,ALIM2_391,SET2_10,100,5,2025
RED SUBTERRANEA,SED2_00844,LLAVE2_09,SP,ALIM2_192,SET2_46,630,5,2025
RED AEREA,SED2_03850,LLAVE2_19,SP,ALIM2_194,SET2_35,160,5,2025
RED SUBTERRANEA,SED2_00337,LLAVE2_19,SP,ALIM2_460,SET2_16,250,5,2025
RED SUBTERRANEA,SED2_09619,LLAVE2_15,SP,ALIM2_163,SET2_31,630,5,2025
RED AEREA,SED2_08617,LLAVE2_09,SP,ALIM2_202,SET2_29,160,5,2025
RED SUBTERRANEA,SED2_02611,LLAVE2_09,SP,ALIM2_296,SET2_23,100,5,2025
RED AEREA,SED2_08443,LLAVE2_19,SP,ALIM2_072,SET2_23,100,5,2025
RED AEREA,SED2_03312,LLAVE2_19,SP,ALIM2_132,SET2_12,100,4,2025
RED AEREA,SED2_09677,LLAVE2_15,SP,ALIM2_115,SET2_12,100,4,2025
RED AEREA,SED2_05609,LLAVE2_19,SP,ALIM2_136,SET2_12,160,4,2025
RED AEREA,SED2_00648,LLAVE2_09,SP,ALIM2_132,SET2_12,100,4,2025
RED AEREA,SED2_00372,LLAVE2_19,SP,ALIM2_481,SET2_12,100,4,2025
RED AEREA,SED2_08023,LLAVE2_19,SP,ALIM2_363,SET2_12,175,4,2025
RED SUBTERRANEA,SED2_02463,LLAVE2_15,SP,ALIM2_253,SET2_46,630,4,2025
RED SUBTERRANEA,SED2_03190,LLAVE2_02,SP,ALIM2_406,SET2_46,1430,4,2025
RED SUBTERRANEA,SED2_03190,LLAVE2_12,SP,ALIM2_406,SET2_46,1430,4,2025
RED SUBTERRANEA,SED2_03418,LLAVE2_09,SP,ALIM2_270,SET2_46,1260,4,2025
RED SUBTERRANEA,SED2_03418,LLAVE2_02,SP,ALIM2_270,SET2_46,1260,4,2025
RED SUBTERRANEA,SED2_08461,LLAVE2_08,SP,ALIM2_285,SET2_46,1260,4,2025
RED SUBTERRANEA,SED2_04452,LLAVE2_19,SP,ALIM2_444,SET2_46,1200,4,2025
RED SUBTERRANEA,SED2_03983,LLAVE2_22,SP,ALIM2_445,SET2_46,1260,4,2025
RED SUBTERRANEA,SED2_04648,LLAVE2_21,SP,ALIM2_020,SET2_46,1030,4,2025
RED SUBTERRANEA,SED2_09551,LLAVE2_09,SP,ALIM2_368,SET2_31,630,4,2025
RED AEREA,SED2_09551,LLAVE2_15,SP,ALIM2_368,SET2_31,630,4,2025
RED SUBTERRANEA,SED2_01694,LLAVE2_15,SP,ALIM2_368,SET2_31,630,4,2025
RED SUBTERRANEA,SED2_06112,LLAVE2_02,SP,ALIM2_047,SET2_31,1260,4,2025
RED SUBTERRANEA,SED2_00264,LLAVE2_09,SP,ALIM2_193,SET2_31,400,4,2025
RED SUBTERRANEA,SED2_06660,LLAVE2_18,SP,ALIM2_195,SET2_27,630,4,2025
RED SUBTERRANEA,SED2_04186,LLAVE2_18,SP,ALIM2_302,SET2_27,1400,4,2025
RED SUBTERRANEA,SED2_01942,LLAVE2_18,SP,ALIM2_006,SET2_08,800,4,2025
RED SUBTERRANEA,SED2_00821,LLAVE2_09,SP,ALIM2_388,SET2_13,250,4,2025
RED SUBTERRANEA,SED2_09571,LLAVE2_15,SP,ALIM2_388,SET2_13,400,4,2025
RED SUBTERRANEA,SED2_09520,LLAVE2_18,SP,ALIM2_382,SET2_13,630,4,2025
RED SUBTERRANEA,SED2_09520,LLAVE2_02,SP,ALIM2_382,SET2_13,630,4,2025
RED SUBTERRANEA,SED2_04413,LLAVE2_02,SP,ALIM2_455,SET2_08,1100,4,2025
RED SUBTERRANEA,SED2_02787,LLAVE2_14,SP,ALIM2_323,SET2_40,150,4,2025
RED SUBTERRANEA,SED2_02148,LLAVE2_13,SP,ALIM2_238,SET2_36,250,4,2025
RED SUBTERRANEA,SED2_01793,LLAVE2_15,SP,ALIM2_260,SET2_13,630,4,2025
RED SUBTERRANEA,SED2_03565,LLAVE2_21,SP,ALIM2_439,SET2_08,630,4,2025
RED SUBTERRANEA,SED2_03565,LLAVE2_13,SP,ALIM2_439,SET2_08,630,4,2025
RED SUBTERRANEA,SED2_03603,LLAVE2_09,SP,ALIM2_177,SET2_08,1180,4,2025
RED SUBTERRANEA,SED2_05754,LLAVE2_13,SP,ALIM2_163,SET2_31,630,4,2025
RED SUBTERRANEA,SED2_01727,LLAVE2_18,SP,ALIM2_412,SET2_08,630,4,2025
RED AEREA,SED2_06194,LLAVE2_19,SP,ALIM2_092,SET2_13,160,4,2025
RED SUBTERRANEA,SED2_01832,LLAVE2_14,SP,ALIM2_424,SET2_36,630,4,2025
RED SUBTERRANEA,SED2_06415,LLAVE2_19,SP,ALIM2_087,SET2_46,1260,4,2025
RED SUBTERRANEA,SED2_00994,LLAVE2_02,SP,ALIM2_270,SET2_46,1260,4,2025
RED SUBTERRANEA,SED2_00994,LLAVE2_12,SP,ALIM2_270,SET2_46,1260,4,2025
RED SUBTERRANEA,SED2_03502,LLAVE2_18,SP,ALIM2_240,SET2_46,400,4,2025
RED SUBTERRANEA,SED2_05646,LLAVE2_02,SP,ALIM2_365,SET2_46,1260,4,2025
RED SUBTERRANEA,SED2_02144,LLAVE2_13,SP,ALIM2_417,SET2_36,630,4,2025
RED SUBTERRANEA,SED2_00885,LLAVE2_23,SP,ALIM2_153,SET2_31,630,4,2025
RED SUBTERRANEA,SED2_00885,LLAVE2_04,SP,ALIM2_153,SET2_31,630,4,2025
RED SUBTERRANEA,SED2_00885,LLAVE2_14,SP,ALIM2_153,SET2_31,630,4,2025
RED SUBTERRANEA,SED2_00885,LLAVE2_18,SP,ALIM2_153,SET2_31,630,4,2025
RED SUBTERRANEA,SED2_00885,LLAVE2_12,SP,ALIM2_153,SET2_31,630,4,2025
RED SUBTERRANEA,SED2_01626,LLAVE2_21,SP,ALIM2_228,SET2_46,630,4,2025
RED SUBTERRANEA,SED2_01626,LLAVE2_18,SP,ALIM2_228,SET2_46,630,4,2025
RED SUBTERRANEA,SED2_04864,LLAVE2_15,SP,ALIM2_322,SET2_13,400,4,2025
RED SUBTERRANEA,SED2_09430,LLAVE2_18,SP,ALIM2_212,SET2_36,630,4,2025
RED SUBTERRANEA,SED2_08783,LLAVE2_19,SP,ALIM2_368,SET2_31,400,4,2025
RED SUBTERRANEA,SED2_03819,LLAVE2_13,SP,ALIM2_206,SET2_46,630,4,2025
RED SUBTERRANEA,SED2_08547,LLAVE2_15,SP,ALIM2_314,SET2_46,630,4,2025
RED SUBTERRANEA,SED2_02850,LLAVE2_21,SP,ALIM2_250,SET2_27,630,4,2025
RED SUBTERRANEA,SED2_02850,LLAVE2_14,SP,ALIM2_250,SET2_27,630,4,2025
RED SUBTERRANEA,SED2_05697,LLAVE2_09,SP,ALIM2_332,SET2_08,630,4,2025
RED SUBTERRANEA,SED2_05697,LLAVE2_15,SP,ALIM2_332,SET2_08,630,4,2025
RED SUBTERRANEA,SED2_03731,LLAVE2_13,SP,ALIM2_332,SET2_08,630,4,2025
RED SUBTERRANEA,SED2_03731,LLAVE2_12,SP,ALIM2_332,SET2_08,630,4,2025
RED SUBTERRANEA,SED2_06291,LLAVE2_09,SP,ALIM2_353,SET2_40,350,4,2025
RED SUBTERRANEA,SED2_06291,LLAVE2_21,SP,ALIM2_353,SET2_40,350,4,2025
RED SUBTERRANEA,SED2_02580,LLAVE2_18,SP,ALIM2_197,SET2_46,630,4,2025
RED SUBTERRANEA,SED2_09000,LLAVE2_18,SP,ALIM2_417,SET2_36,630,4,2025
RED SUBTERRANEA,SED2_02836,LLAVE2_15,SP,ALIM2_123,SET2_38,630,4,2025
RED SUBTERRANEA,SED2_02836,LLAVE2_14,SP,ALIM2_123,SET2_38,630,4,2025
RED SUBTERRANEA,SED2_09517,LLAVE2_19,SP,ALIM2_302,SET2_27,160,4,2025
RED SUBTERRANEA,SED2_02019,LLAVE2_19,SP,ALIM2_475,SET2_36,400,4,2025
RED SUBTERRANEA,SED2_05478,LLAVE2_09,SP,ALIM2_016,SET2_36,400,4,2025
RED SUBTERRANEA,SED2_05478,LLAVE2_15,SP,ALIM2_016,SET2_36,400,4,2025
FUSIBLE,SED2_08212,LLAVE2_15,SP,ALIM2_333,SET2_09,400,4,2025
RED SUBTERRANEA,SED2_00085,LLAVE2_14,SP,ALIM2_286,SET2_36,640,4,2025
RED SUBTERRANEA,SED2_01093,LLAVE2_12,SP,ALIM2_415,SET2_03,630,4,2025
RED SUBTERRANEA,SED2_08834,LLAVE2_15,SP,ALIM2_214,SET2_36,630,4,2025
RED SUBTERRANEA,SED2_02291,LLAVE2_21,SP,ALIM2_342,SET2_10,400,4,2025
RED SUBTERRANEA,SED2_05960,LLAVE2_13,SP,ALIM2_045,SET2_38,1030,4,2025
RED SUBTERRANEA,SED2_09726,LLAVE2_09,SP,ALIM2_477,SET2_31,1260,4,2025
RED SUBTERRANEA,SED2_09726,LLAVE2_02,SP,ALIM2_477,SET2_31,1260,4,2025
RED SUBTERRANEA,SED2_09659,LLAVE2_15,SP,ALIM2_113,SET2_15,400,4,2025
RED SUBTERRANEA,SED2_00642,LLAVE2_14,SP,ALIM2_129,SET2_02,400,4,2025
RED SUBTERRANEA,SED2_03383,LLAVE2_13,SP,ALIM2_301,SET2_38,630,4,2025
RED SUBTERRANEA,SED2_08967,LLAVE2_18,SP,ALIM2_045,SET2_38,640,4,2025
RED SUBTERRANEA,SED2_09660,LLAVE2_15,SP,ALIM2_228,SET2_46,630,4,2025
RED SUBTERRANEA,SED2_09660,LLAVE2_18,SP,ALIM2_228,SET2_46,630,4,2025
RED SUBTERRANEA,SED2_07761,LLAVE2_12,SP,ALIM2_058,SET2_43,1260,4,2025
RED SUBTERRANEA,SED2_05438,LLAVE2_19,SP,ALIM2_131,SET2_43,200,4,2025
RED SUBTERRANEA,SED2_01472,LLAVE2_21,SP,ALIM2_428,SET2_17,400,4,2025
RED SUBTERRANEA,SED2_00059,LLAVE2_02,SP,ALIM2_176,SET2_31,1260,4,2025
RED SUBTERRANEA,SED2_01097,LLAVE2_21,SP,ALIM2_176,SET2_31,1260,4,2025
RED SUBTERRANEA,SED2_01097,LLAVE2_13,SP,ALIM2_176,SET2_31,1260,4,2025
RED SUBTERRANEA,SED2_00386,LLAVE2_15,SP,ALIM2_406,SET2_46,630,4,2025
RED SUBTERRANEA,SED2_02231,LLAVE2_19,SP,ALIM2_420,SET2_21,400,4,2025
RED SUBTERRANEA,SED2_07606,LLAVE2_13,SP,ALIM2_038,SET2_46,630,4,2025
RED SUBTERRANEA,SED2_07606,LLAVE2_02,SP,ALIM2_038,SET2_46,630,4,2025
RED SUBTERRANEA,SED2_05580,LLAVE2_13,SP,ALIM2_298,SET2_26,630,4,2025
RED SUBTERRANEA,SED2_04249,LLAVE2_09,SP,ALIM2_257,SET2_31,630,4,2025
RED SUBTERRANEA,SED2_01326,LLAVE2_09,SP,ALIM2_256,SET2_38,1040,4,2025
RED SUBTERRANEA,SED2_01326,LLAVE2_13,SP,ALIM2_256,SET2_38,1040,4,2025
RED SUBTERRANEA,SED2_05348,LLAVE2_09,SP,ALIM2_175,SET2_30,400,4,2025
RED SUBTERRANEA,SED2_08263,LLAVE2_19,SP,ALIM2_026,SET2_30,400,4,2025
RED SUBTERRANEA,SED2_01275,LLAVE2_09,SP,ALIM2_143,SET2_08,400,4,2025
RED SUBTERRANEA,SED2_05990,LLAVE2_09,SP,ALIM2_463,SET2_36,630,4,2025
RED SUBTERRANEA,SED2_05990,LLAVE2_18,SP,ALIM2_463,SET2_36,630,4,2025
RED SUBTERRANEA,SED2_03178,LLAVE2_17,SP,ALIM2_047,SET2_31,1660,4,2025
RED SUBTERRANEA,SED2_09068,LLAVE2_18,SP,ALIM2_310,SET2_40,400,4,2025
RED SUBTERRANEA,SED2_09544,LLAVE2_09,SP,ALIM2_368,SET2_31,630,4,2025
RED SUBTERRANEA,SED2_02642,LLAVE2_19,SP,ALIM2_279,SET2_17,160,4,2025
RED SUBTERRANEA,SED2_07385,LLAVE2_21,SP,ALIM2_220,SET2_29,220,4,2025
RED SUBTERRANEA,SED2_04609,LLAVE2_09,SP,ALIM2_120,SET2_29,160,4,2025
RED SUBTERRANEA,SED2_08640,LLAVE2_09,SP,ALIM2_240,SET2_46,630,4,2025
RED SUBTERRANEA,SED2_08640,LLAVE2_14,SP,ALIM2_240,SET2_46,630,4,2025
RED SUBTERRANEA,SED2_03391,LLAVE2_21,SP,ALIM2_333,SET2_09,250,4,2025
RED SUBTERRANEA,SED2_03838,LLAVE2_12,SP,ALIM2_013,SET2_09,400,4,2025
RED SUBTERRANEA,SED2_02262,LLAVE2_14,SP,ALIM2_034,SET2_31,630,4,2025
RED SUBTERRANEA,SED2_04741,LLAVE2_21,SP,ALIM2_155,SET2_02,400,4,2025
RED SUBTERRANEA,SED2_00205,LLAVE2_15,SP,ALIM2_302,SET2_27,400,4,2025
RED SUBTERRANEA,SED2_03785,LLAVE2_19,SP,ALIM2_330,SET2_23,640,4,2025
RED SUBTERRANEA,SED2_07587,LLAVE2_19,SP,ALIM2_297,SET2_33,400,4,2025
RED SUBTERRANEA,SED2_01203,LLAVE2_15,SP,ALIM2_184,SET2_41,630,4,2025
RED SUBTERRANEA,SED2_06442,LLAVE2_09,SP,ALIM2_189,SET2_09,250,4,2025
RED SUBTERRANEA,SED2_05881,LLAVE2_09,SP,ALIM2_257,SET2_31,400,4,2025
RED SUBTERRANEA,SED2_07805,LLAVE2_19,SP,ALIM2_086,SET2_33,400,4,2025
RED SUBTERRANEA,SED2_05882,LLAVE2_09,SP,ALIM2_093,SET2_21,400,4,2025
RED SUBTERRANEA,SED2_05882,LLAVE2_21,SP,ALIM2_093,SET2_21,400,4,2025
RED SUBTERRANEA,SED2_02725,LLAVE2_19,SP,ALIM2_261,SET2_38,220,4,2025
RED SUBTERRANEA,SED2_06342,LLAVE2_15,SP,ALIM2_080,SET2_13,400,4,2025
RED SUBTERRANEA,SED2_04171,LLAVE2_13,SP,ALIM2_344,SET2_31,630,4,2025
RED SUBTERRANEA,SED2_03222,LLAVE2_09,SP,ALIM2_042,SET2_06,160,4,2025
RED SUBTERRANEA,SED2_03222,LLAVE2_15,SP,ALIM2_042,SET2_06,160,4,2025
RED SUBTERRANEA,SED2_06701,LLAVE2_09,SP,ALIM2_022,SET2_43,400,4,2025
RED SUBTERRANEA,SED2_03697,LLAVE2_09,SP,ALIM2_482,SET2_02,275,4,2025
RED SUBTERRANEA,SED2_08507,LLAVE2_15,SP,ALIM2_442,SET2_17,400,4,2025
RED SUBTERRANEA,SED2_01611,LLAVE2_09,SP,ALIM2_102,SET2_02,250,4,2025
RED SUBTERRANEA,SED2_03261,LLAVE2_15,SP,ALIM2_141,SET2_06,630,4,2025
RED SUBTERRANEA,SED2_00709,LLAVE2_21,SP,ALIM2_314,SET2_46,800,4,2025
RED SUBTERRANEA,SED2_08502,LLAVE2_19,SP,ALIM2_305,SET2_33,250,4,2025
RED AEREA,SED2_01855,LLAVE2_19,SP,ALIM2_481,SET2_12,50,4,2025
RED AEREA,SED2_09052,LLAVE2_15,SP,ALIM2_263,SET2_31,160,4,2025
RED AEREA,SED2_06093,LLAVE2_19,SP,ALIM2_219,SET2_10,160,4,2025
RED SUBTERRANEA,SED2_08110,LLAVE2_15,SP,ALIM2_298,SET2_26,400,4,2025
RED SUBTERRANEA,SED2_09036,LLAVE2_09,SP,ALIM2_257,SET2_31,160,4,2025
RED AEREA,SED2_08154,LLAVE2_09,SP,ALIM2_219,SET2_10,160,4,2025
RED AEREA,SED2_06435,LLAVE2_19,SP,ALIM2_112,SET2_35,250,4,2025
RED AEREA,SED2_06235,LLAVE2_19,SP,ALIM2_112,SET2_35,160,4,2025
RED AEREA,SED2_06235,LLAVE2_09,SP,ALIM2_112,SET2_35,160,4,2025
RED SUBTERRANEA,SED2_03181,LLAVE2_09,SP,ALIM2_022,SET2_43,250,4,2025
RED SUBTERRANEA,SED2_05301,LLAVE2_09,SP,ALIM2_224,SET2_45,250,4,2025
RED SUBTERRANEA,SED2_02030,LLAVE2_15,SP,ALIM2_224,SET2_45,160,4,2025
RED AEREA,SED2_03304,LLAVE2_09,SP,ALIM2_402,SET2_10,100,4,2025
RED SUBTERRANEA,SED2_08004,LLAVE2_19,SP,ALIM2_130,SET2_45,160,4,2025
RED AEREA,SED2_09930,LLAVE2_21,SP,ALIM2_219,SET2_10,160,4,2025
RED SUBTERRANEA,SED2_02721,LLAVE2_15,SP,ALIM2_001,SET2_36,630,4,2025
RED AEREA,SED2_00437,LLAVE2_19,SP,ALIM2_053,SET2_12,160,4,2025
RED SUBTERRANEA,SED2_00437,LLAVE2_15,SP,ALIM2_053,SET2_12,160,4,2025
RED AEREA,SED2_00195,LLAVE2_09,SP,ALIM2_194,SET2_35,160,4,2025
RED AEREA,SED2_02014,LLAVE2_19,SP,ALIM2_093,SET2_21,160,4,2025
RED AEREA,SED2_05586,LLAVE2_19,SP,ALIM2_341,SET2_35,160,4,2025
RED AEREA,SED2_05361,LLAVE2_21,SP,ALIM2_341,SET2_35,160,4,2025
RED SUBTERRANEA,SED2_07547,LLAVE2_19,SP,ALIM2_464,SET2_09,400,4,2025
RED AEREA,SED2_06738,LLAVE2_19,SP,ALIM2_357,SET2_29,160,4,2025
RED SUBTERRANEA,SED2_06521,LLAVE2_15,SP,ALIM2_167,SET2_35,250,4,2025
RED AEREA,SED2_02401,LLAVE2_09,SP,ALIM2_389,SET2_28,75,4,2025
RED AEREA,SED2_01756,LLAVE2_15,SP,ALIM2_267,SET2_23,160,4,2025
RED AEREA,SED2_08628,LLAVE2_19,SP,ALIM2_167,SET2_35,100,4,2025
RED SUBTERRANEA,SED2_00104,LLAVE2_19,SP,ALIM2_244,SET2_32,250,4,2025
RED AEREA,SED2_06406,LLAVE2_09,SP,ALIM2_194,SET2_35,100,4,2025
RED AEREA,SED2_01351,LLAVE2_09,SP,ALIM2_402,SET2_10,160,4,2025
RED AEREA,SED2_05382,LLAVE2_19,SP,ALIM2_055,SET2_35,160,4,2025
RED AEREA,SED2_05382,LLAVE2_09,SP,ALIM2_055,SET2_35,160,4,2025
RED AEREA,SED2_04514,LLAVE2_09,SP,ALIM2_267,SET2_23,160,4,2025
RED AEREA,SED2_05127,LLAVE2_19,SP,ALIM2_183,SET2_12,100,4,2025
RED AEREA,SED2_02903,LLAVE2_19,SP,ALIM2_053,SET2_12,250,4,2025
RED AEREA,SED2_08981,LLAVE2_19,SP,ALIM2_245,SET2_04,100,4,2025
RED SUBTERRANEA,SED2_06730,LLAVE2_09,SP,ALIM2_442,SET2_17,250,4,2025
RED SUBTERRANEA,SED2_08465,LLAVE2_09,SP,ALIM2_077,SET2_40,400,4,2025
RED SUBTERRANEA,SED2_01533,LLAVE2_19,SP,ALIM2_077,SET2_40,160,4,2025
RED AEREA,SED2_05505,LLAVE2_19,SP,ALIM2_436,SET2_23,100,4,2025
RED AEREA,SED2_03085,LLAVE2_21,SP,ALIM2_361,SET2_23,160,4,2025
RED AEREA,SED2_06286,LLAVE2_09,SP,ALIM2_112,SET2_35,160,4,2025
RED AEREA,SED2_02428,LLAVE2_09,SP,ALIM2_117,SET2_10,100,4,2025
RED AEREA,SED2_06713,LLAVE2_19,SP,ALIM2_359,SET2_45,100,4,2025
RED AEREA,SED2_05616,LLAVE2_09,SP,ALIM2_316,SET2_23,100,4,2025
RED AEREA,SED2_09297,LLAVE2_19,SP,ALIM2_357,SET2_29,100,4,2025
RED AEREA,SED2_09239,LLAVE2_09,SP,ALIM2_024,SET2_40,100,4,2025
RED SUBTERRANEA,SED2_02235,LLAVE2_15,SP,ALIM2_170,SET2_25,250,4,2025
RED SUBTERRANEA,SED2_08241,LLAVE2_19,SP,ALIM2_403,SET2_31,250,4,2025
RED SUBTERRANEA,SED2_07889,LLAVE2_15,SP,ALIM2_183,SET2_12,160,4,2025
RED AEREA,SED2_09097,LLAVE2_19,SP,ALIM2_481,SET2_12,160,4,2025
RED AEREA,SED2_02631,LLAVE2_09,SP,ALIM2_316,SET2_23,160,4,2025
RED SUBTERRANEA,SED2_00338,LLAVE2_15,SP,ALIM2_255,SET2_21,250,4,2025
RED SUBTERRANEA,SED2_05869,LLAVE2_09,SP,ALIM2_453,SET2_43,250,4,2025
RED SUBTERRANEA,SED2_05829,LLAVE2_19,SP,ALIM2_246,SET2_21,250,4,2025
RED SUBTERRANEA,SED2_09005,LLAVE2_09,SP,ALIM2_141,SET2_06,250,4,2025
RED AEREA,SED2_06428,LLAVE2_09,SP,ALIM2_219,SET2_10,100,4,2025
RED SUBTERRANEA,SED2_05206,LLAVE2_19,SP,ALIM2_481,SET2_12,160,4,2025
RED SUBTERRANEA,SED2_05206,LLAVE2_09,SP,ALIM2_481,SET2_12,160,4,2025
RED SUBTERRANEA,SED2_00806,LLAVE2_09,SP,ALIM2_481,SET2_12,250,4,2025
RED AEREA,SED2_04216,LLAVE2_09,SP,ALIM2_312,SET2_09,160,4,2025
RED AEREA,SED2_02612,LLAVE2_19,SP,ALIM2_132,SET2_12,160,4,2025
RED SUBTERRANEA,SED2_05769,LLAVE2_09,SP,ALIM2_022,SET2_43,250,4,2025
RED SUBTERRANEA,SED2_06378,LLAVE2_09,SP,ALIM2_236,SET2_38,400,4,2025
RED AEREA,SED2_04516,LLAVE2_19,SP,ALIM2_472,SET2_10,100,4,2025
RED SUBTERRANEA,SED2_04779,LLAVE2_19,SP,ALIM2_267,SET2_23,160,4,2025
RED AEREA,SED2_05419,LLAVE2_19,SP,ALIM2_083,SET2_23,160,4,2025
RED AEREA,SED2_01035,LLAVE2_09,SP,ALIM2_316,SET2_23,160,4,2025
RED SUBTERRANEA,SED2_00802,LLAVE2_19,SP,ALIM2_046,SET2_23,250,4,2025
RED AEREA,SED2_01036,LLAVE2_15,SP,ALIM2_095,SET2_28,250,4,2025
RED AEREA,SED2_06387,LLAVE2_15,SP,ALIM2_169,SET2_06,250,4,2025
RED AEREA,SED2_03353,LLAVE2_09,SP,ALIM2_359,SET2_45,160,4,2025
RED SUBTERRANEA,SED2_03935,LLAVE2_09,SP,ALIM2_132,SET2_12,400,4,2025
RED AEREA,SED2_01428,LLAVE2_19,SP,ALIM2_330,SET2_23,100,4,2025
RED AEREA,SED2_02077,LLAVE2_09,SP,ALIM2_388,SET2_13,250,4,2025
RED AEREA,SED2_02226,LLAVE2_19,SP,ALIM2_092,SET2_13,100,4,2025
RED AEREA,SED2_09112,LLAVE2_09,SP,ALIM2_459,SET2_13,160,4,2025
RED AEREA,SED2_02779,LLAVE2_19,SP,ALIM2_459,SET2_13,160,4,2025
RED SUBTERRANEA,SED2_06012,LLAVE2_19,SP,ALIM2_037,SET2_23,250,4,2025
RED AEREA,SED2_06913,LLAVE2_09,SP,ALIM2_255,SET2_21,100,4,2025
RED AEREA,SED2_00893,LLAVE2_19,SP,ALIM2_208,SET2_13,100,4,2025
RED AEREA,SED2_02827,LLAVE2_09,SP,ALIM2_103,SET2_21,50,4,2025
RED SUBTERRANEA,SED2_06004,LLAVE2_19,SP,ALIM2_373,SET2_17,250,4,2025
RED AEREA,SED2_06796,LLAVE2_09,SP,ALIM2_402,SET2_10,160,4,2025
RED AEREA,SED2_02129,LLAVE2_19,SP,ALIM2_470,SET2_02,160,4,2025
RED SUBTERRANEA,SED2_03156,LLAVE2_15,SP,ALIM2_131,SET2_43,160,4,2025
RED SUBTERRANEA,SED2_03098,LLAVE2_19,SP,ALIM2_238,SET2_36,250,4,2025
RED SUBTERRANEA,SED2_03098,LLAVE2_21,SP,ALIM2_238,SET2_36,250,4,2025
RED AEREA,SED2_09456,LLAVE2_09,SP,ALIM2_092,SET2_13,100,4,2025
RED AEREA,SED2_00743,LLAVE2_09,SP,ALIM2_161,SET2_04,160,4,2025
RED AEREA,SED2_01836,LLAVE2_19,SP,ALIM2_132,SET2_12,100,4,2025
RED AEREA,SED2_01891,LLAVE2_09,SP,ALIM2_183,SET2_12,50,4,2025
RED AEREA,SED2_06295,LLAVE2_09,SP,ALIM2_055,SET2_35,250,4,2025
RED SUBTERRANEA,SED2_07412,LLAVE2_09,SP,ALIM2_355,SET2_30,40,4,2025
RED SUBTERRANEA,SED2_01047,LLAVE2_09,SP,ALIM2_024,SET2_40,100,4,2025
RED AEREA,SED2_04496,LLAVE2_09,SP,ALIM2_306,SET2_12,250,4,2025
RED AEREA,SED2_03859,LLAVE2_19,SP,ALIM2_121,SET2_21,100,4,2025
RED AEREA,SED2_04430,LLAVE2_19,SP,ALIM2_241,SET2_35,40,4,2025
RED AEREA,SED2_05236,LLAVE2_09,SP,ALIM2_117,SET2_10,100,4,2025
RED AEREA,SED2_00050,LLAVE2_09,SP,ALIM2_057,SET2_22,160,4,2025
RED SUBTERRANEA,SED2_06509,LLAVE2_21,SP,ALIM2_016,SET2_36,400,4,2025
RED AEREA,SED2_05740,LLAVE2_19,SP,ALIM2_089,SET2_35,100,4,2025
RED SUBTERRANEA,SED2_02694,LLAVE2_19,SP,ALIM2_024,SET2_40,15,4,2025
RED SUBTERRANEA,SED2_00229,LLAVE2_09,SP,ALIM2_355,SET2_30,100,4,2025
RED AEREA,SED2_07677,LLAVE2_09,SP,ALIM2_100,SET2_12,400,4,2025
RED SUBTERRANEA,SED2_07346,LLAVE2_21,SP,ALIM2_081,SET2_21,400,4,2025
RED AEREA,SED2_05633,LLAVE2_09,SP,ALIM2_046,SET2_23,250,4,2025
RED AEREA,SED2_00247,LLAVE2_09,SP,ALIM2_306,SET2_12,100,4,2025
RED SUBTERRANEA,SED2_06469,LLAVE2_09,SP,ALIM2_242,SET2_03,400,4,2025
RED SUBTERRANEA,SED2_08254,LLAVE2_19,SP,ALIM2_204,SET2_02,160,4,2025
RED AEREA,SED2_03941,LLAVE2_19,SP,ALIM2_436,SET2_23,100,4,2025
RED SUBTERRANEA,SED2_01373,LLAVE2_21,SP,ALIM2_199,SET2_36,250,4,2025
RED SUBTERRANEA,SED2_04406,LLAVE2_15,SP,ALIM2_073,SET2_21,100,4,2025
RED AEREA,SED2_08641,LLAVE2_19,SP,ALIM2_114,SET2_06,100,4,2025
RED AEREA,SED2_02978,LLAVE2_19,SP,ALIM2_296,SET2_23,160,4,2025
RED SUBTERRANEA,SED2_06381,LLAVE2_15,SP,ALIM2_310,SET2_40,400,4,2025
RED SUBTERRANEA,SED2_06061,LLAVE2_09,SP,ALIM2_025,SET2_13,250,4,2025
RED SUBTERRANEA,SED2_02228,LLAVE2_09,SP,ALIM2_193,SET2_31,250,4,2025
RED SUBTERRANEA,SED2_00667,LLAVE2_19,SP,SIN DATA,SIN DATA,SIN DATA,4,2025
RED SUBTERRANEA,SED2_00667,LLAVE2_09,SP,SIN DATA,SIN DATA,SIN DATA,4,2025
RED AEREA,SED2_01722,LLAVE2_09,SP,ALIM2_318,SET2_33,160,4,2025
RED AEREA,SED2_09416,LLAVE2_09,SP,ALIM2_158,SET2_33,160,4,2025
RED SUBTERRANEA,SED2_08205,LLAVE2_21,SP,ALIM2_014,SET2_41,250,4,2025
RED AEREA,SED2_01685,LLAVE2_09,SP,ALIM2_363,SET2_12,160,4,2025
RED SUBTERRANEA,SED2_01746,LLAVE2_09,SP,ALIM2_411,SET2_17,250,4,2025
RED SUBTERRANEA,SED2_09872,LLAVE2_21,SP,ALIM2_249,SET2_08,250,4,2025
RED SUBTERRANEA,SED2_00339,LLAVE2_09,SP,ALIM2_103,SET2_21,100,4,2025
RED SUBTERRANEA,SED2_09256,LLAVE2_14,SP,ALIM2_263,SET2_31,630,4,2025
RED AEREA,SED2_06029,LLAVE2_19,SP,ALIM2_323,SET2_40,400,4,2025
RED SUBTERRANEA,SED2_03311,LLAVE2_19,SP,ALIM2_323,SET2_40,250,4,2025
RED AEREA,SED2_01357,LLAVE2_19,SP,ALIM2_336,SET2_02,100,4,2025
RED SUBTERRANEA,SED2_01094,LLAVE2_15,SP,ALIM2_242,SET2_03,250,4,2025
RED SUBTERRANEA,SED2_00081,LLAVE2_09,SP,ALIM2_244,SET2_32,160,4,2025
RED SUBTERRANEA,SED2_04485,LLAVE2_09,SP,ALIM2_227,SET2_45,250,4,2025
RED SUBTERRANEA,SED2_07247,LLAVE2_09,SP,ALIM2_237,SET2_33,250,4,2025
RED SUBTERRANEA,SED2_07247,LLAVE2_21,SP,ALIM2_237,SET2_33,250,4,2025
RED SUBTERRANEA,SED2_03344,LLAVE2_09,SP,ALIM2_237,SET2_33,100,4,2025
RED SUBTERRANEA,SED2_04195,LLAVE2_09,SP,SIN DATA,SIN DATA,SIN DATA,4,2025
RED SUBTERRANEA,SED2_08593,LLAVE2_09,SP,ALIM2_334,SET2_22,100,4,2025
RED SUBTERRANEA,SED2_08340,LLAVE2_19,SP,ALIM2_334,SET2_22,100,4,2025
RED SUBTERRANEA,SED2_05705,LLAVE2_19,SP,ALIM2_334,SET2_22,160,4,2025
RED SUBTERRANEA,SED2_01801,LLAVE2_21,SP,ALIM2_057,SET2_22,250,4,2025
RED SUBTERRANEA,SED2_04810,LLAVE2_14,SP,ALIM2_256,SET2_38,400,4,2025
RED SUBTERRANEA,SED2_02306,LLAVE2_09,SP,ALIM2_083,SET2_23,160,4,2025
RED SUBTERRANEA,SED2_00241,LLAVE2_19,SP,ALIM2_015,SET2_25,100,4,2025
RED SUBTERRANEA,SED2_09487,LLAVE2_09,SP,ALIM2_015,SET2_25,100,4,2025
RED SUBTERRANEA,SED2_08506,LLAVE2_15,SP,ALIM2_015,SET2_25,250,4,2025
RED SUBTERRANEA,SED2_01516,LLAVE2_19,SP,ALIM2_242,SET2_03,400,4,2025
RED SUBTERRANEA,SED2_04909,LLAVE2_19,SP,ALIM2_043,SET2_41,100,4,2025
RED SUBTERRANEA,SED2_07693,LLAVE2_19,SP,ALIM2_355,SET2_30,250,4,2025
RED SUBTERRANEA,SED2_01264,LLAVE2_19,SP,ALIM2_263,SET2_31,250,4,2025
RED AEREA,SED2_04819,LLAVE2_09,SP,ALIM2_363,SET2_12,100,4,2025
RED SUBTERRANEA,SED2_03173,LLAVE2_09,SP,ALIM2_296,SET2_23,100,4,2025
RED AEREA,SED2_06330,LLAVE2_19,SP,ALIM2_243,SET2_42,100,4,2025
RED SUBTERRANEA,SED2_08977,LLAVE2_19,SP,ALIM2_214,SET2_36,250,4,2025
RED SUBTERRANEA,SED2_02142,LLAVE2_19,SP,ALIM2_117,SET2_10,250,4,2025
RED SUBTERRANEA,SED2_02981,LLAVE2_09,SP,ALIM2_031,SET2_21,250,4,2025
RED SUBTERRANEA,SED2_05320,LLAVE2_19,SP,ALIM2_464,SET2_09,400,4,2025
RED SUBTERRANEA,SED2_05320,LLAVE2_09,SP,ALIM2_464,SET2_09,400,4,2025
RED SUBTERRANEA,SED2_00163,LLAVE2_19,SP,ALIM2_202,SET2_29,100,4,2025
RED SUBTERRANEA,SED2_00878,LLAVE2_09,SP,ALIM2_219,SET2_10,160,4,2025
RED AEREA,SED2_06792,LLAVE2_09,SP,ALIM2_267,SET2_23,100,4,2025
RED AEREA,SED2_00576,LLAVE2_09,SP,ALIM2_296,SET2_23,100,4,2025
RED SUBTERRANEA,SED2_02964,LLAVE2_09,SP,ALIM2_004,SET2_31,400,4,2025
RED SUBTERRANEA,SED2_01696,LLAVE2_09,SP,ALIM2_058,SET2_43,160,4,2025
RED SUBTERRANEA,SED2_02654,LLAVE2_09,SP,ALIM2_205,SET2_22,250,4,2025
RED SUBTERRANEA,SED2_04208,LLAVE2_09,SP,ALIM2_205,SET2_22,250,4,2025
RED SUBTERRANEA,SED2_04208,LLAVE2_21,SP,ALIM2_205,SET2_22,250,4,2025
RED SUBTERRANEA,SED2_00008,LLAVE2_15,SP,ALIM2_205,SET2_22,160,4,2025
RED SUBTERRANEA,SED2_02874,LLAVE2_19,SP,ALIM2_205,SET2_22,160,4,2025
RED SUBTERRANEA,SED2_05471,LLAVE2_09,SP,ALIM2_416,SET2_33,250,4,2025
RED SUBTERRANEA,SED2_05471,LLAVE2_15,SP,ALIM2_416,SET2_33,250,4,2025
RED SUBTERRANEA,SED2_01795,LLAVE2_09,SP,ALIM2_416,SET2_33,100,4,2025
RED SUBTERRANEA,SED2_01676,LLAVE2_21,SP,ALIM2_463,SET2_36,250,4,2025
RED AEREA,SED2_08530,LLAVE2_09,SP,ALIM2_124,SET2_32,160,4,2025
RED SUBTERRANEA,SED2_03873,LLAVE2_09,SP,ALIM2_129,SET2_02,250,4,2025
RED SUBTERRANEA,SED2_03873,LLAVE2_21,SP,ALIM2_129,SET2_02,250,4,2025
RED SUBTERRANEA,SED2_09756,LLAVE2_15,SP,ALIM2_361,SET2_23,160,4,2025
RED SUBTERRANEA,SED2_03618,LLAVE2_09,SP,ALIM2_034,SET2_31,160,4,2025
RED SUBTERRANEA,SED2_02115,LLAVE2_19,SP,ALIM2_257,SET2_31,160,4,2025
RED SUBTERRANEA,SED2_00690,LLAVE2_19,SP,ALIM2_416,SET2_33,160,4,2025
RED SUBTERRANEA,SED2_08803,LLAVE2_19,SP,ALIM2_416,SET2_33,160,4,2025
RED SUBTERRANEA,SED2_08803,LLAVE2_09,SP,ALIM2_416,SET2_33,160,4,2025
RED SUBTERRANEA,SED2_08510,LLAVE2_15,SP,ALIM2_205,SET2_22,160,4,2025
RED SUBTERRANEA,SED2_04963,LLAVE2_09,SP,ALIM2_081,SET2_21,160,4,2025
RED SUBTERRANEA,SED2_01678,LLAVE2_15,SP,ALIM2_255,SET2_21,160,4,2025
RED AEREA,SED2_02848,LLAVE2_19,SP,ALIM2_097,SET2_33,100,4,2025
RED AEREA,SED2_00468,LLAVE2_09,SP,ALIM2_231,SET2_43,160,4,2025
RED SUBTERRANEA,SED2_00468,LLAVE2_09,SP,ALIM2_231,SET2_43,160,4,2025
RED SUBTERRANEA,SED2_00394,LLAVE2_19,SP,SIN DATA,SIN DATA,SIN DATA,4,2025
RED SUBTERRANEA,SED2_01955,LLAVE2_15,SP,SIN DATA,SIN DATA,SIN DATA,4,2025
RED SUBTERRANEA,SED2_06758,LLAVE2_19,SP,ALIM2_421,SET2_10,100,4,2025
RED AEREA,SED2_01171,LLAVE2_09,SP,ALIM2_053,SET2_12,100,4,2025
RED SUBTERRANEA,SED2_01820,LLAVE2_09,SP,ALIM2_305,SET2_33,250,4,2025
RED AEREA,SED2_07173,LLAVE2_19,SP,ALIM2_402,SET2_10,250,4,2025
RED SUBTERRANEA,SED2_06911,LLAVE2_19,SP,ALIM2_393,SET2_17,250,4,2025
RED SUBTERRANEA,SED2_03032,LLAVE2_19,SP,ALIM2_282,SET2_29,250,4,2025
RED SUBTERRANEA,SED2_08742,LLAVE2_19,SP,ALIM2_265,SET2_33,250,4,2025
RED AEREA,SED2_05866,LLAVE2_19,SP,ALIM2_046,SET2_23,100,4,2025
RED AEREA,SED2_00007,LLAVE2_15,SP,ALIM2_046,SET2_23,100,4,2025
RED AEREA,SED2_06389,LLAVE2_15,SP,ALIM2_093,SET2_21,100,4,2025
RED AEREA,SED2_05335,LLAVE2_19,SP,ALIM2_053,SET2_12,50,4,2025
RED SUBTERRANEA,SED2_08775,LLAVE2_19,SP,ALIM2_310,SET2_40,160,4,2025
RED SUBTERRANEA,SED2_08775,LLAVE2_09,SP,ALIM2_310,SET2_40,160,4,2025
RED SUBTERRANEA,SED2_05057,LLAVE2_15,SP,ALIM2_318,SET2_33,160,4,2025
RED SUBTERRANEA,SED2_00955,LLAVE2_09,SP,ALIM2_416,SET2_33,250,4,2025
RED SUBTERRANEA,SED2_05956,LLAVE2_09,SP,ALIM2_305,SET2_33,250,4,2025
RED SUBTERRANEA,SED2_08915,LLAVE2_19,SP,ALIM2_427,SET2_06,160,4,2025
RED AEREA,SED2_07705,LLAVE2_19,SP,ALIM2_132,SET2_12,250,4,2025
RED SUBTERRANEA,SED2_08957,LLAVE2_15,SP,ALIM2_108,SET2_22,400,4,2025
RED SUBTERRANEA,SED2_00434,LLAVE2_19,SP,ALIM2_108,SET2_22,160,4,2025
RED SUBTERRANEA,SED2_04233,LLAVE2_19,SP,ALIM2_233,SET2_41,250,4,2025
RED SUBTERRANEA,SED2_05443,LLAVE2_09,SP,ALIM2_393,SET2_17,250,4,2025
RED SUBTERRANEA,SED2_00888,LLAVE2_09,SP,ALIM2_077,SET2_40,160,4,2025
RED AEREA,SED2_05718,LLAVE2_19,SP,ALIM2_316,SET2_23,250,4,2025
RED AEREA,SED2_05718,LLAVE2_15,SP,ALIM2_316,SET2_23,250,4,2025
RED SUBTERRANEA,SED2_07906,LLAVE2_15,SP,ALIM2_279,SET2_17,250,4,2025
RED SUBTERRANEA,SED2_05170,LLAVE2_19,SP,ALIM2_014,SET2_41,250,4,2025
RED SUBTERRANEA,SED2_04678,LLAVE2_19,SP,ALIM2_353,SET2_40,400,4,2025
RED SUBTERRANEA,SED2_04792,LLAVE2_09,SP,ALIM2_342,SET2_10,250,4,2025
RED SUBTERRANEA,SED2_06350,LLAVE2_19,SP,SIN DATA,SIN DATA,SIN DATA,4,2025
RED SUBTERRANEA,SED2_05423,LLAVE2_09,SP,ALIM2_058,SET2_43,100,4,2025
RED SUBTERRANEA,SED2_05967,LLAVE2_19,SP,ALIM2_135,SET2_43,250,4,2025
RED SUBTERRANEA,SED2_05770,LLAVE2_09,SP,ALIM2_020,SET2_46,630,4,2025
RED AEREA,SED2_07248,LLAVE2_19,SP,ALIM2_121,SET2_21,250,4,2025
RED SUBTERRANEA,SED2_09405,LLAVE2_09,SP,ALIM2_121,SET2_21,250,4,2025
RED SUBTERRANEA,SED2_09405,LLAVE2_15,SP,ALIM2_121,SET2_21,250,4,2025
RED SUBTERRANEA,SED2_01309,LLAVE2_19,SP,ALIM2_121,SET2_21,160,4,2025
RED SUBTERRANEA,SED2_06358,LLAVE2_19,SP,ALIM2_073,SET2_21,160,4,2025
RED SUBTERRANEA,SED2_07302,LLAVE2_09,SP,ALIM2_073,SET2_21,160,4,2025
RED SUBTERRANEA,SED2_08153,LLAVE2_19,SP,ALIM2_368,SET2_31,250,4,2025
RED SUBTERRANEA,SED2_00738,LLAVE2_15,SP,ALIM2_090,SET2_46,400,4,2025
RED SUBTERRANEA,SED2_08652,LLAVE2_19,SP,ALIM2_323,SET2_40,160,4,2025
RED SUBTERRANEA,SED2_07047,LLAVE2_15,SP,ALIM2_323,SET2_40,160,4,2025
RED SUBTERRANEA,SED2_06006,LLAVE2_15,SP,ALIM2_323,SET2_40,100,4,2025
RED SUBTERRANEA,SED2_03778,LLAVE2_19,SP,ALIM2_323,SET2_40,250,4,2025
RED SUBTERRANEA,SED2_03778,LLAVE2_15,SP,ALIM2_323,SET2_40,250,4,2025
RED SUBTERRANEA,SED2_07261,LLAVE2_15,SP,ALIM2_323,SET2_40,160,4,2025
RED SUBTERRANEA,SED2_01740,LLAVE2_19,SP,ALIM2_035,SET2_09,400,4,2025
RED SUBTERRANEA,SED2_00615,LLAVE2_15,SP,ALIM2_430,SET2_08,400,4,2025
RED SUBTERRANEA,SED2_06192,LLAVE2_15,SP,ALIM2_370,SET2_21,250,4,2025
RED AEREA,SED2_02197,LLAVE2_09,SP,ALIM2_370,SET2_21,250,4,2025
RED AEREA,SED2_05383,LLAVE2_19,SP,ALIM2_248,SET2_21,160,4,2025
RED SUBTERRANEA,SED2_03777,LLAVE2_15,SP,ALIM2_355,SET2_30,250,4,2025
RED SUBTERRANEA,SED2_07057,LLAVE2_15,SP,ALIM2_355,SET2_30,160,4,2025
RED SUBTERRANEA,SED2_06531,LLAVE2_09,SP,ALIM2_065,SET2_17,250,4,2025
RED SUBTERRANEA,SED2_09692,LLAVE2_09,SP,ALIM2_065,SET2_17,160,4,2025
RED SUBTERRANEA,SED2_01534,LLAVE2_19,SP,ALIM2_153,SET2_31,250,4,2025
RED SUBTERRANEA,SED2_02175,LLAVE2_19,SP,ALIM2_070,SET2_16,250,4,2025
RED SUBTERRANEA,SED2_05094,LLAVE2_19,SP,ALIM2_233,SET2_41,400,4,2025
RED SUBTERRANEA,SED2_01380,LLAVE2_15,SP,ALIM2_463,SET2_36,400,4,2025
RED SUBTERRANEA,SED2_00906,LLAVE2_19,SP,ALIM2_463,SET2_36,400,4,2025
RED SUBTERRANEA,SED2_08500,LLAVE2_19,SP,ALIM2_090,SET2_46,630,4,2025
RED SUBTERRANEA,SED2_02615,LLAVE2_21,SP,ALIM2_453,SET2_43,400,4,2025
RED SUBTERRANEA,SED2_01748,LLAVE2_09,SP,ALIM2_152,SET2_40,400,4,2025
RED SUBTERRANEA,SED2_04317,LLAVE2_21,SP,ALIM2_279,SET2_17,315,4,2025
RED SUBTERRANEA,SED2_09739,LLAVE2_15,SP,ALIM2_463,SET2_36,250,4,2025
RED SUBTERRANEA,SED2_00862,LLAVE2_19,SP,ALIM2_020,SET2_46,400,4,2025
RED SUBTERRANEA,SED2_09772,LLAVE2_09,SP,ALIM2_301,SET2_38,400,4,2025
RED SUBTERRANEA,SED2_08699,LLAVE2_09,SP,ALIM2_310,SET2_40,630,4,2025
RED SUBTERRANEA,SED2_05550,LLAVE2_09,SP,ALIM2_196,SET2_38,160,4,2025
RED SUBTERRANEA,SED2_05726,LLAVE2_19,SP,ALIM2_103,SET2_21,160,4,2025
RED SUBTERRANEA,SED2_05284,LLAVE2_15,SP,ALIM2_339,SET2_15,400,4,2025
RED SUBTERRANEA,SED2_01677,LLAVE2_21,SP,ALIM2_248,SET2_21,250,4,2025
RED SUBTERRANEA,SED2_01372,LLAVE2_09,SP,ALIM2_454,SET2_13,400,4,2025
RED SUBTERRANEA,SED2_08121,LLAVE2_15,SP,ALIM2_261,SET2_38,400,4,2025
RED SUBTERRANEA,SED2_04992,LLAVE2_15,SP,ALIM2_298,SET2_26,250,4,2025
RED SUBTERRANEA,SED2_01790,LLAVE2_09,SP,ALIM2_439,SET2_08,250,4,2025
RED SUBTERRANEA,SED2_01382,LLAVE2_09,SP,ALIM2_038,SET2_46,100,4,2025
RED SUBTERRANEA,SED2_01297,LLAVE2_19,SP,ALIM2_279,SET2_17,400,4,2025
RED SUBTERRANEA,SED2_08951,LLAVE2_19,SP,ALIM2_457,SET2_26,160,4,2025
RED SUBTERRANEA,SED2_03326,LLAVE2_19,SP,ALIM2_132,SET2_12,160,4,2025
RED SUBTERRANEA,SED2_03326,LLAVE2_09,SP,ALIM2_132,SET2_12,160,4,2025
RED SUBTERRANEA,SED2_03886,LLAVE2_19,SP,ALIM2_254,SET2_31,630,4,2025
RED SUBTERRANEA,SED2_09528,LLAVE2_15,SP,ALIM2_385,SET2_43,160,4,2025
RED SUBTERRANEA,SED2_07872,LLAVE2_09,SP,ALIM2_435,SET2_38,250,4,2025
RED SUBTERRANEA,SED2_05723,LLAVE2_09,SP,ALIM2_474,SET2_02,160,4,2025
RED SUBTERRANEA,SED2_03154,LLAVE2_19,SP,ALIM2_474,SET2_02,100,4,2025
RED SUBTERRANEA,SED2_08655,LLAVE2_09,SP,ALIM2_474,SET2_02,250,4,2025
RED SUBTERRANEA,SED2_08655,LLAVE2_15,SP,ALIM2_474,SET2_02,250,4,2025
RED AEREA,SED2_01879,LLAVE2_09,SP,ALIM2_189,SET2_09,160,4,2025
RED SUBTERRANEA,SED2_07016,LLAVE2_15,SP,ALIM2_155,SET2_02,160,4,2025
RED SUBTERRANEA,SED2_09160,LLAVE2_09,SP,ALIM2_436,SET2_23,75,4,2025
RED SUBTERRANEA,SED2_02309,LLAVE2_15,SP,ALIM2_295,SET2_23,250,4,2025
RED SUBTERRANEA,SED2_09103,LLAVE2_19,SP,ALIM2_295,SET2_23,100,4,2025
RED SUBTERRANEA,SED2_09103,LLAVE2_09,SP,ALIM2_295,SET2_23,100,4,2025
RED SUBTERRANEA,SED2_03520,LLAVE2_09,SP,ALIM2_042,SET2_06,160,4,2025
RED SUBTERRANEA,SED2_05504,LLAVE2_21,SP,ALIM2_428,SET2_17,630,4,2025
RED SUBTERRANEA,SED2_00718,LLAVE2_09,SP,ALIM2_180,SET2_17,250,4,2025
RED SUBTERRANEA,SED2_03447,LLAVE2_09,SP,ALIM2_295,SET2_23,250,4,2025
RED SUBTERRANEA,SED2_06258,LLAVE2_09,SP,ALIM2_189,SET2_09,160,4,2025
RED SUBTERRANEA,SED2_06258,LLAVE2_15,SP,ALIM2_189,SET2_09,160,4,2025
RED SUBTERRANEA,SED2_08818,LLAVE2_21,SP,ALIM2_189,SET2_09,100,4,2025
RED SUBTERRANEA,SED2_03398,LLAVE2_19,SP,ALIM2_480,SET2_03,400,4,2025
RED SUBTERRANEA,SED2_07674,LLAVE2_14,SP,ALIM2_272,SET2_08,630,4,2025
RED SUBTERRANEA,SED2_02901,LLAVE2_15,SP,ALIM2_059,SET2_46,400,4,2025
RED SUBTERRANEA,SED2_09128,LLAVE2_09,SP,ALIM2_309,SET2_30,160,4,2025
RED SUBTERRANEA,SED2_06319,LLAVE2_19,SP,ALIM2_267,SET2_23,160,4,2025
RED SUBTERRANEA,SED2_04484,LLAVE2_09,SP,ALIM2_361,SET2_23,100,4,2025
RED SUBTERRANEA,SED2_09825,LLAVE2_09,SP,ALIM2_072,SET2_23,250,4,2025
RED SUBTERRANEA,SED2_03319,LLAVE2_19,SP,ALIM2_072,SET2_23,100,4,2025
RED SUBTERRANEA,SED2_02788,LLAVE2_19,SP,ALIM2_316,SET2_23,250,4,2025
RED SUBTERRANEA,SED2_02788,LLAVE2_15,SP,ALIM2_316,SET2_23,250,4,2025
RED SUBTERRANEA,SED2_01869,LLAVE2_09,SP,ALIM2_316,SET2_23,250,4,2025
RED SUBTERRANEA,SED2_01658,LLAVE2_19,SP,ALIM2_267,SET2_23,50,4,2025
RED SUBTERRANEA,SED2_03405,LLAVE2_15,SP,ALIM2_267,SET2_23,101,4,2025
RED SUBTERRANEA,SED2_04990,LLAVE2_15,SP,ALIM2_370,SET2_21,400,4,2025
RED SUBTERRANEA,SED2_09724,LLAVE2_09,SP,ALIM2_179,SET2_38,160,4,2025
RED SUBTERRANEA,SED2_05380,LLAVE2_19,SP,ALIM2_011,SET2_17,160,4,2025
RED SUBTERRANEA,SED2_00808,LLAVE2_19,SP,ALIM2_257,SET2_31,250,4,2025
RED SUBTERRANEA,SED2_08745,LLAVE2_19,SP,ALIM2_263,SET2_31,400,4,2025
RED SUBTERRANEA,SED2_03976,LLAVE2_21,SP,ALIM2_356,SET2_31,630,4,2025
RED SUBTERRANEA,SED2_01501,LLAVE2_21,SP,ALIM2_356,SET2_31,630,4,2025
RED SUBTERRANEA,SED2_01726,LLAVE2_19,SP,ALIM2_065,SET2_17,160,4,2025
RED SUBTERRANEA,SED2_02868,LLAVE2_19,SP,ALIM2_065,SET2_17,160,4,2025
RED SUBTERRANEA,SED2_02868,LLAVE2_09,SP,ALIM2_065,SET2_17,160,4,2025
RED SUBTERRANEA,SED2_01613,LLAVE2_19,SP,ALIM2_475,SET2_36,160,4,2025
RED SUBTERRANEA,SED2_06312,LLAVE2_19,SP,ALIM2_210,SET2_40,160,4,2025
RED SUBTERRANEA,SED2_06312,LLAVE2_15,SP,ALIM2_210,SET2_40,160,4,2025
RED SUBTERRANEA,SED2_02299,LLAVE2_15,SP,ALIM2_248,SET2_21,400,4,2025
RED SUBTERRANEA,SED2_05406,LLAVE2_19,SP,ALIM2_165,SET2_06,300,4,2025
RED SUBTERRANEA,SED2_09650,LLAVE2_19,SP,SIN DATA,SIN DATA,SIN DATA,4,2025
RED SUBTERRANEA,SED2_05135,LLAVE2_09,SP,ALIM2_296,SET2_23,160,4,2025
RED SUBTERRANEA,SED2_01258,LLAVE2_19,SP,ALIM2_296,SET2_23,160,4,2025
RED SUBTERRANEA,SED2_09077,LLAVE2_19,SP,ALIM2_436,SET2_23,250,4,2025
RED SUBTERRANEA,SED2_06711,LLAVE2_09,SP,ALIM2_436,SET2_23,250,4,2025
RED SUBTERRANEA,SED2_00128,LLAVE2_15,SP,ALIM2_295,SET2_23,160,4,2025
RED SUBTERRANEA,SED2_04711,LLAVE2_21,SP,ALIM2_131,SET2_43,250,4,2025
RED SUBTERRANEA,SED2_03050,LLAVE2_19,SP,ALIM2_230,SET2_08,400,4,2025
RED SUBTERRANEA,SED2_04631,LLAVE2_09,SP,ALIM2_047,SET2_31,630,4,2025
RED SUBTERRANEA,SED2_04631,LLAVE2_15,SP,ALIM2_047,SET2_31,630,4,2025
RED SUBTERRANEA,SED2_00753,LLAVE2_15,SP,ALIM2_312,SET2_09,250,4,2025
RED SUBTERRANEA,SED2_05838,LLAVE2_21,SP,ALIM2_390,SET2_09,400,4,2025
RED SUBTERRANEA,SED2_05875,LLAVE2_09,SP,ALIM2_427,SET2_06,250,4,2025
RED SUBTERRANEA,SED2_08460,LLAVE2_15,SP,ALIM2_027,SET2_41,160,4,2025
RED SUBTERRANEA,SED2_07691,LLAVE2_19,SP,ALIM2_067,SET2_35,250,4,2025
RED AEREA,SED2_03667,LLAVE2_15,SP,ALIM2_076,SET2_13,250,4,2025
RED SUBTERRANEA,SED2_06858,LLAVE2_09,SP,ALIM2_092,SET2_13,250,4,2025
RED SUBTERRANEA,SED2_02939,LLAVE2_15,SP,ALIM2_476,SET2_02,250,4,2025
RED SUBTERRANEA,SED2_04638,LLAVE2_09,SP,ALIM2_476,SET2_02,250,4,2025
RED SUBTERRANEA,SED2_00329,LLAVE2_09,SP,ALIM2_296,SET2_23,100,4,2025
RED SUBTERRANEA,SED2_06629,LLAVE2_09,SP,ALIM2_026,SET2_30,160,4,2025
RED SUBTERRANEA,SED2_00812,LLAVE2_19,SP,ALIM2_213,SET2_41,250,4,2025
RED SUBTERRANEA,SED2_06840,LLAVE2_09,SP,ALIM2_233,SET2_41,400,4,2025
RED SUBTERRANEA,SED2_03700,LLAVE2_09,SP,ALIM2_221,SET2_36,250,4,2025
RED SUBTERRANEA,SED2_05940,LLAVE2_09,SP,ALIM2_469,SET2_41,250,4,2025
RED SUBTERRANEA,SED2_08022,LLAVE2_15,SP,ALIM2_026,SET2_30,400,4,2025
RED SUBTERRANEA,SED2_08022,LLAVE2_21,SP,ALIM2_026,SET2_30,400,4,2025
RED SUBTERRANEA,SED2_03072,LLAVE2_15,SP,ALIM2_447,SET2_26,160,4,2025
RED SUBTERRANEA,SED2_04378,LLAVE2_09,SP,ALIM2_430,SET2_08,630,4,2025
RED SUBTERRANEA,SED2_08109,LLAVE2_09,SP,ALIM2_077,SET2_40,250,4,2025
RED SUBTERRANEA,SED2_07624,LLAVE2_15,SP,ALIM2_117,SET2_10,160,4,2025
RED SUBTERRANEA,SED2_00017,LLAVE2_19,SP,ALIM2_447,SET2_26,250,4,2025
RED SUBTERRANEA,SED2_02819,LLAVE2_09,SP,ALIM2_393,SET2_17,630,4,2025
RED AEREA,SED2_03089,LLAVE2_19,SP,ALIM2_183,SET2_12,25,4,2025
RED AEREA,SED2_08122,LLAVE2_19,SP,ALIM2_112,SET2_35,100,4,2025
RED AEREA,SED2_05432,LLAVE2_19,SP,SIN DATA,SIN DATA,SIN DATA,4,2025
RED AEREA,SED2_00832,LLAVE2_19,SP,ALIM2_100,SET2_12,100,4,2025
RED AEREA,SED2_06441,LLAVE2_19,SP,ALIM2_194,SET2_35,100,4,2025
RED SUBTERRANEA,SED2_07492,LLAVE2_09,SP,ALIM2_380,SET2_08,400,4,2025
RED AEREA,SED2_02059,LLAVE2_19,SP,ALIM2_072,SET2_23,250,4,2025
RED AEREA,SED2_01081,LLAVE2_09,SP,ALIM2_115,SET2_12,160,4,2025
RED AEREA,SED2_01283,LLAVE2_09,SP,ALIM2_115,SET2_12,100,4,2025
RED AEREA,SED2_08093,LLAVE2_19,SP,ALIM2_115,SET2_12,100,4,2025
RED AEREA,SED2_09908,LLAVE2_09,SP,ALIM2_115,SET2_12,100,4,2025
RED AEREA,SED2_09894,LLAVE2_09,SP,ALIM2_115,SET2_12,100,4,2025
RED AEREA,SED2_00431,LLAVE2_09,SP,ALIM2_115,SET2_12,100,4,2025
RED AEREA,SED2_08185,LLAVE2_19,SP,ALIM2_115,SET2_12,100,4,2025
RED AEREA,SED2_01014,LLAVE2_19,SP,ALIM2_115,SET2_12,100,4,2025
RED AEREA,SED2_07642,LLAVE2_19,SP,ALIM2_066,SET2_10,400,4,2025
RED AEREA,SED2_05474,LLAVE2_19,SP,ALIM2_066,SET2_10,100,4,2025
RED AEREA,SED2_00493,LLAVE2_19,SP,ALIM2_066,SET2_10,100,4,2025
RED SUBTERRANEA,SED2_07218,LLAVE2_19,SP,ALIM2_154,SET2_15,250,4,2025
RED SUBTERRANEA,SED2_05753,LLAVE2_21,SP,ALIM2_412,SET2_08,400,4,2025
RED AEREA,SED2_02026,LLAVE2_19,SP,ALIM2_086,SET2_33,100,4,2025
RED AEREA,SED2_01064,LLAVE2_09,SP,ALIM2_072,SET2_23,100,4,2025
RED SUBTERRANEA,SED2_09720,LLAVE2_19,SP,ALIM2_042,SET2_06,100,4,2025
RED AEREA,SED2_03916,LLAVE2_19,SP,ALIM2_472,SET2_10,100,4,2025
RED SUBTERRANEA,SED2_00787,LLAVE2_19,SP,ALIM2_180,SET2_17,400,4,2025
RED AEREA,SED2_09537,LLAVE2_19,SP,ALIM2_481,SET2_12,160,4,2025
RED AEREA,SED2_05476,LLAVE2_19,SP,ALIM2_136,SET2_12,100,4,2025
RED AEREA,SED2_00402,LLAVE2_19,SP,ALIM2_217,SET2_35,50,4,2025
RED AEREA,SED2_09794,LLAVE2_09,SP,ALIM2_136,SET2_12,160,4,2025
RED AEREA,SED2_03477,LLAVE2_19,SP,ALIM2_245,SET2_04,100,4,2025
RED AEREA,SED2_05663,LLAVE2_19,SP,ALIM2_136,SET2_12,100,4,2025
RED AEREA,SED2_04702,LLAVE2_09,SP,ALIM2_136,SET2_12,160,4,2025
RED AEREA,SED2_09153,LLAVE2_19,SP,ALIM2_255,SET2_21,160,4,2025
RED AEREA,SED2_09153,LLAVE2_09,SP,ALIM2_255,SET2_21,160,4,2025
RED AEREA,SED2_03539,LLAVE2_19,SP,ALIM2_161,SET2_04,100,4,2025
RED SUBTERRANEA,SED2_08750,LLAVE2_19,SP,ALIM2_233,SET2_41,160,4,2025
RED AEREA,SED2_07728,LLAVE2_19,SP,ALIM2_359,SET2_45,100,4,2025
RED SUBTERRANEA,SED2_09121,LLAVE2_19,SP,ALIM2_436,SET2_23,100,4,2025
RED AEREA,SED2_07076,LLAVE2_09,SP,ALIM2_089,SET2_35,250,4,2025
RED AEREA,SED2_03860,LLAVE2_19,SP,ALIM2_161,SET2_04,100,4,2025
RED SUBTERRANEA,SED2_01809,LLAVE2_19,SP,ALIM2_233,SET2_41,250,4,2025
RED AEREA,SED2_08880,LLAVE2_09,SP,ALIM2_313,SET2_42,100,4,2025
RED SUBTERRANEA,SED2_05827,LLAVE2_19,SP,ALIM2_428,SET2_17,160,4,2025
RED SUBTERRANEA,SED2_05827,LLAVE2_09,SP,ALIM2_428,SET2_17,160,4,2025
RED SUBTERRANEA,SED2_00331,LLAVE2_09,SP,ALIM2_026,SET2_30,250,4,2025
RED SUBTERRANEA,SED2_02249,LLAVE2_09,SP,ALIM2_242,SET2_03,250,4,2025
RED AEREA,SED2_02343,LLAVE2_19,SP,ALIM2_132,SET2_12,100,4,2025
RED SUBTERRANEA,SED2_07522,LLAVE2_21,SP,ALIM2_332,SET2_08,250,4,2025
RED AEREA,SED2_03131,LLAVE2_09,SP,ALIM2_032,SET2_04,100,4,2025
RED AEREA,SED2_09347,LLAVE2_09,SP,ALIM2_032,SET2_04,100,4,2025
RED AEREA,SED2_07399,LLAVE2_19,SP,ALIM2_032,SET2_04,100,4,2025
RED SUBTERRANEA,SED2_01923,LLAVE2_19,SP,ALIM2_204,SET2_02,400,4,2025
RED AEREA,SED2_01776,LLAVE2_19,SP,ALIM2_402,SET2_10,160,4,2025
RED AEREA,SED2_08231,LLAVE2_19,SP,ALIM2_402,SET2_10,100,4,2025
RED AEREA,SED2_04827,LLAVE2_19,SP,ALIM2_391,SET2_10,100,4,2025
RED AEREA,SED2_01575,LLAVE2_21,SP,ALIM2_391,SET2_10,100,4,2025
RED SUBTERRANEA,SED2_09750,LLAVE2_19,SP,ALIM2_472,SET2_10,160,4,2025
RED AEREA,SED2_05895,LLAVE2_09,SP,ALIM2_115,SET2_12,100,4,2025
RED AEREA,SED2_09598,LLAVE2_19,SP,ALIM2_115,SET2_12,100,4,2025
RED AEREA,SED2_04669,LLAVE2_09,SP,ALIM2_306,SET2_12,160,4,2025
RED AEREA,SED2_07879,LLAVE2_09,SP,ALIM2_042,SET2_06,400,4,2025
RED SUBTERRANEA,SED2_07990,LLAVE2_19,SP,ALIM2_470,SET2_02,630,4,2025
RED SUBTERRANEA,SED2_02559,LLAVE2_19,SP,ALIM2_129,SET2_02,250,4,2025
RED AEREA,SED2_01698,LLAVE2_19,SP,ALIM2_055,SET2_35,400,4,2025
RED AEREA,SED2_02089,LLAVE2_09,SP,ALIM2_481,SET2_12,100,4,2025
RED AEREA,SED2_06144,LLAVE2_19,SP,ALIM2_136,SET2_12,100,4,2025
RED AEREA,SED2_08314,LLAVE2_19,SP,ALIM2_391,SET2_10,250,4,2025
RED SUBTERRANEA,SED2_02592,LLAVE2_19,SP,ALIM2_299,SET2_21,400,4,2025
RED AEREA,SED2_01954,LLAVE2_19,SP,ALIM2_100,SET2_12,50,4,2025
RED SUBTERRANEA,SED2_05131,LLAVE2_09,SP,ALIM2_408,SET2_36,250,4,2025
RED AEREA,SED2_06163,LLAVE2_09,SP,ALIM2_136,SET2_12,100,4,2025
RED AEREA,SED2_04894,LLAVE2_19,SP,ALIM2_391,SET2_10,160,4,2025
RED AEREA,SED2_04894,LLAVE2_15,SP,ALIM2_391,SET2_10,160,4,2025
RED AEREA,SED2_00735,LLAVE2_21,SP,ALIM2_391,SET2_10,160,4,2025
RED AEREA,SED2_09897,LLAVE2_19,SP,ALIM2_391,SET2_10,100,4,2025
RED AEREA,SED2_08253,LLAVE2_19,SP,ALIM2_245,SET2_04,100,4,2025
RED AEREA,SED2_02658,LLAVE2_19,SP,ALIM2_066,SET2_10,160,4,2025
RED SUBTERRANEA,SED2_07120,LLAVE2_19,SP,ALIM2_333,SET2_09,160,4,2025
RED SUBTERRANEA,SED2_03814,LLAVE2_09,SP,ALIM2_381,SET2_45,160,4,2025
RED AEREA,SED2_03078,LLAVE2_09,SP,ALIM2_161,SET2_04,100,4,2025
RED AEREA,SED2_04840,LLAVE2_21,SP,ALIM2_328,SET2_23,400,4,2025
RED SUBTERRANEA,SED2_07794,LLAVE2_15,SP,ALIM2_326,SET2_35,160,4,2025
RED AEREA,SED2_08660,LLAVE2_09,SP,ALIM2_335,SET2_11,160,4,2025
RED SUBTERRANEA,SED2_08360,LLAVE2_09,SP,ALIM2_129,SET2_02,250,4,2025
RED AEREA,SED2_06175,LLAVE2_09,SP,ALIM2_072,SET2_23,100,4,2025
RED AEREA,SED2_01978,LLAVE2_19,SP,ALIM2_391,SET2_10,250,4,2025
RED SUBTERRANEA,SED2_09939,LLAVE2_19,SP,ALIM2_167,SET2_35,160,4,2025
RED SUBTERRANEA,SED2_03840,LLAVE2_09,SP,ALIM2_068,SET2_32,160,4,2025
RED AEREA,SED2_01099,LLAVE2_09,SP,ALIM2_341,SET2_35,100,4,2025
RED AEREA,SED2_03577,LLAVE2_19,SP,ALIM2_245,SET2_04,100,4,2025
RED AEREA,SED2_04860,LLAVE2_21,SP,ALIM2_072,SET2_23,160,4,2025
RED AEREA,SED2_08343,LLAVE2_09,SP,ALIM2_072,SET2_23,100,4,2025
RED AEREA,SED2_05401,LLAVE2_19,SP,ALIM2_313,SET2_42,50,4,2025
RED AEREA,SED2_09577,LLAVE2_19,SP,ALIM2_478,SET2_44,250,4,2025
RED AEREA,SED2_04901,LLAVE2_09,SP,ALIM2_115,SET2_12,160,4,2025
RED AEREA,SED2_01455,LLAVE2_19,SP,ALIM2_048,SET2_29,100,4,2025
RED AEREA,SED2_08202,LLAVE2_19,SP,ALIM2_326,SET2_35,160,4,2025
RED AEREA,SED2_01812,LLAVE2_19,SP,ALIM2_481,SET2_12,50,4,2025
RED AEREA,SED2_03925,LLAVE2_09,SP,ALIM2_316,SET2_23,100,4,2025
RED AEREA,SED2_03368,LLAVE2_19,SP,ALIM2_443,SET2_14,100,4,2025
RED AEREA,SED2_04717,LLAVE2_09,SP,ALIM2_404,SET2_22,250,4,2025
RED AEREA,SED2_04366,LLAVE2_19,SP,ALIM2_115,SET2_12,100,4,2025
RED AEREA,SED2_09218,LLAVE2_09,SP,ALIM2_161,SET2_04,100,4,2025
RED AEREA,SED2_01460,LLAVE2_19,SP,ALIM2_169,SET2_06,100,4,2025
RED AEREA,SED2_03237,LLAVE2_19,SP,ALIM2_391,SET2_10,100,4,2025
RED AEREA,SED2_00315,LLAVE2_09,SP,ALIM2_008,SET2_35,160,4,2025
RED SUBTERRANEA,SED2_09176,LLAVE2_09,SP,ALIM2_227,SET2_45,160,4,2025
RED AEREA,SED2_07440,LLAVE2_19,SP,ALIM2_369,SET2_28,100,4,2025
RED AEREA,SED2_09235,LLAVE2_19,SP,ALIM2_115,SET2_12,100,4,2025
RED AEREA,SED2_09235,LLAVE2_09,SP,ALIM2_115,SET2_12,100,4,2025
RED AEREA,SED2_03064,LLAVE2_19,SP,ALIM2_267,SET2_23,100,4,2025
RED AEREA,SED2_04164,LLAVE2_09,SP,ALIM2_317,SET2_04,100,4,2025
RED AEREA,SED2_03158,LLAVE2_19,SP,ALIM2_119,SET2_42,160,4,2025
RED AEREA,SED2_00392,LLAVE2_15,SP,ALIM2_115,SET2_12,160,4,2025
RED AEREA,SED2_02989,LLAVE2_19,SP,ALIM2_088,SET2_06,250,4,2025
RED AEREA,SED2_02512,LLAVE2_19,SP,ALIM2_481,SET2_12,160,4,2025
RED SUBTERRANEA,SED2_01690,LLAVE2_15,SP,ALIM2_008,SET2_35,160,4,2025
RED AEREA,SED2_07699,LLAVE2_09,SP,ALIM2_095,SET2_28,100,4,2025
RED AEREA,SED2_03680,LLAVE2_19,SP,ALIM2_375,SET2_22,100,4,2025
RED AEREA,SED2_02128,LLAVE2_09,SP,ALIM2_089,SET2_35,100,4,2025
RED AEREA,SED2_04587,LLAVE2_09,SP,ALIM2_053,SET2_12,100,4,2025
RED SUBTERRANEA,SED2_05454,LLAVE2_15,SP,ALIM2_443,SET2_14,100,4,2025
RED AEREA,SED2_01221,LLAVE2_09,SP,ALIM2_243,SET2_42,100,4,2025
RED AEREA,SED2_01074,LLAVE2_09,SP,ALIM2_117,SET2_10,160,4,2025
RED AEREA,SED2_07874,LLAVE2_19,SP,ALIM2_115,SET2_12,160,4,2025
RED AEREA,SED2_09120,LLAVE2_19,SP,ALIM2_135,SET2_43,100,4,2025
RED AEREA,SED2_08456,LLAVE2_19,SP,SIN DATA,SIN DATA,SIN DATA,4,2025
RED AEREA,SED2_09266,LLAVE2_09,SP,ALIM2_342,SET2_10,100,4,2025
RED SUBTERRANEA,SED2_03710,LLAVE2_09,SP,ALIM2_252,SET2_22,100,4,2025
FUSIBLE,SED2_02825,LLAVE2_09,SP,ALIM2_357,SET2_29,250,4,2025
RED SUBTERRANEA,SED2_07175,LLAVE2_15,SP,SIN DATA,SIN DATA,SIN DATA,4,2025
RED AEREA,SED2_05271,LLAVE2_19,SP,ALIM2_115,SET2_12,160,4,2025
RED AEREA,SED2_07344,LLAVE2_19,SP,ALIM2_117,SET2_10,160,4,2025
RED AEREA,SED2_07344,LLAVE2_09,SP,ALIM2_117,SET2_10,160,4,2025
RED AEREA,SED2_06157,LLAVE2_19,SP,ALIM2_436,SET2_23,160,4,2025
RED SUBTERRANEA,SED2_06157,LLAVE2_19,SP,ALIM2_436,SET2_23,160,4,2025
RED AEREA,SED2_00871,LLAVE2_15,SP,ALIM2_136,SET2_12,160,4,2025
RED SUBTERRANEA,SED2_00912,LLAVE2_09,SP,ALIM2_102,SET2_02,160,4,2025
RED AEREA,SED2_02195,LLAVE2_09,SP,ALIM2_183,SET2_12,50,4,2025
RED SUBTERRANEA,SED2_06491,LLAVE2_19,SP,ALIM2_381,SET2_45,100,4,2025
RED AEREA,SED2_00481,LLAVE2_19,SP,ALIM2_053,SET2_12,400,4,2025
RED SUBTERRANEA,SED2_02546,LLAVE2_19,SP,ALIM2_032,SET2_04,160,4,2025
RED AEREA,SED2_08923,LLAVE2_09,SP,ALIM2_481,SET2_12,50,4,2025
RED AEREA,SED2_07819,LLAVE2_19,SP,ALIM2_194,SET2_35,100,4,2025
RED AEREA,SED2_01475,LLAVE2_19,SP,ALIM2_115,SET2_12,160,4,2025
RED AEREA,SED2_09419,LLAVE2_19,SP,ALIM2_194,SET2_35,250,4,2025
RED AEREA,SED2_05470,LLAVE2_19,SP,ALIM2_313,SET2_42,50,4,2025
RED AEREA,SED2_05470,LLAVE2_09,SP,ALIM2_313,SET2_42,50,4,2025
RED AEREA,SED2_06941,LLAVE2_19,SP,ALIM2_341,SET2_35,160,4,2025
RED AEREA,SED2_08475,LLAVE2_09,SP,ALIM2_132,SET2_12,250,4,2025
RED SUBTERRANEA,SED2_08435,LLAVE2_19,SP,ALIM2_305,SET2_33,160,4,2025
RED AEREA,SED2_01921,LLAVE2_09,SP,ALIM2_055,SET2_35,160,4,2025
RED AEREA,SED2_05000,LLAVE2_19,SP,ALIM2_026,SET2_30,160,4,2025
RED AEREA,SED2_09938,LLAVE2_19,SP,ALIM2_008,SET2_35,160,4,2025
RED AEREA,SED2_06533,LLAVE2_19,SP,ALIM2_194,SET2_35,160,4,2025
RED AEREA,SED2_01876,LLAVE2_21,SP,ALIM2_296,SET2_23,160,4,2025
RED AEREA,SED2_05367,LLAVE2_19,SP,ALIM2_313,SET2_42,100,4,2025
RED SUBTERRANEA,SED2_09521,LLAVE2_09,SP,ALIM2_416,SET2_33,160,4,2025
FUSIBLE,SED2_06781,LLAVE2_19,SP,ALIM2_187,SET2_18,100,4,2025
RED SUBTERRANEA,SED2_09522,LLAVE2_19,SP,ALIM2_131,SET2_43,100,4,2025
RED AEREA,SED2_00863,LLAVE2_09,SP,ALIM2_094,SET2_42,160,4,2025
RED SUBTERRANEA,SED2_05797,LLAVE2_09,SP,ALIM2_204,SET2_02,250,4,2025
RED SUBTERRANEA,SED2_04675,LLAVE2_09,SP,SIN DATA,SIN DATA,SIN DATA,4,2025
RED AEREA,SED2_02720,LLAVE2_19,SP,ALIM2_025,SET2_13,160,4,2025
RED AEREA,SED2_01536,LLAVE2_19,SP,ALIM2_208,SET2_13,160,4,2025
RED AEREA,SED2_02815,LLAVE2_09,SP,ALIM2_413,SET2_13,100,4,2025
RED AEREA,SED2_05414,LLAVE2_09,SP,ALIM2_481,SET2_12,50,4,2025
RED AEREA,SED2_07365,LLAVE2_15,SP,ALIM2_132,SET2_12,100,4,2025
RED AEREA,SED2_05491,LLAVE2_19,SP,ALIM2_363,SET2_12,250,4,2025
RED AEREA,SED2_00308,LLAVE2_15,SP,ALIM2_183,SET2_12,100,4,2025
RED AEREA,SED2_04091,LLAVE2_19,SP,ALIM2_243,SET2_42,100,4,2025
RED AEREA,SED2_00450,LLAVE2_19,SP,ALIM2_462,SET2_37,100,4,2025
RED AEREA,SED2_09566,LLAVE2_19,SP,ALIM2_462,SET2_37,100,4,2025
RED AEREA,SED2_09435,LLAVE2_19,SP,ALIM2_405,SET2_37,100,4,2025
RED AEREA,SED2_04162,LLAVE2_09,SP,ALIM2_071,SET2_18,100,4,2025
RED AEREA,SED2_08331,LLAVE2_19,SP,ALIM2_478,SET2_44,50,4,2025
RED SUBTERRANEA,SED2_06161,LLAVE2_15,SP,ALIM2_214,SET2_36,250,4,2025
RED SUBTERRANEA,SED2_06161,LLAVE2_21,SP,ALIM2_214,SET2_36,250,4,2025
RED SUBTERRANEA,SED2_01542,LLAVE2_21,SP,ALIM2_408,SET2_36,250,4,2025
RED AEREA,SED2_08843,LLAVE2_09,SP,ALIM2_363,SET2_12,250,4,2025
RED AEREA,SED2_03469,LLAVE2_09,SP,ALIM2_481,SET2_12,100,4,2025
RED AEREA,SED2_05952,LLAVE2_09,SP,ALIM2_132,SET2_12,100,4,2025
RED AEREA,SED2_05900,LLAVE2_19,SP,ALIM2_306,SET2_12,100,4,2025
RED AEREA,SED2_00944,LLAVE2_15,SP,ALIM2_306,SET2_12,100,4,2025
RED AEREA,SED2_01324,LLAVE2_19,SP,ALIM2_306,SET2_12,100,4,2025
RED AEREA,SED2_06953,LLAVE2_09,SP,ALIM2_306,SET2_12,160,4,2025
RED AEREA,SED2_07611,LLAVE2_19,SP,ALIM2_306,SET2_12,160,4,2025
RED SUBTERRANEA,SED2_00094,LLAVE2_15,SP,SIN DATA,SIN DATA,SIN DATA,4,2025
RED AEREA,SED2_09871,LLAVE2_09,SP,ALIM2_132,SET2_12,100,4,2025
RED AEREA,SED2_09187,LLAVE2_09,SP,ALIM2_136,SET2_12,100,4,2025
RED AEREA,SED2_09030,LLAVE2_19,SP,ALIM2_306,SET2_12,100,4,2025
RED AEREA,SED2_03200,LLAVE2_19,SP,ALIM2_306,SET2_12,100,4,2025
RED AEREA,SED2_03200,LLAVE2_09,SP,ALIM2_306,SET2_12,100,4,2025
RED SUBTERRANEA,SED2_02397,LLAVE2_19,SP,ALIM2_189,SET2_09,160,4,2025
RED SUBTERRANEA,SED2_02327,LLAVE2_21,SP,ALIM2_373,SET2_17,400,4,2025
RED AEREA,SED2_06149,LLAVE2_09,SP,ALIM2_316,SET2_23,100,4,2025
RED AEREA,SED2_06149,LLAVE2_15,SP,ALIM2_316,SET2_23,100,4,2025
RED AEREA,SED2_00161,LLAVE2_09,SP,ALIM2_108,SET2_22,160,4,2025
RED SUBTERRANEA,SED2_03557,LLAVE2_09,SP,ALIM2_112,SET2_35,250,4,2025
RED AEREA,SED2_00065,LLAVE2_19,SP,ALIM2_313,SET2_42,250,4,2025
RED AEREA,SED2_00065,LLAVE2_15,SP,ALIM2_313,SET2_42,250,4,2025
FUSIBLE,SED2_05213,LLAVE2_19,SP,ALIM2_040,SET2_40,400,4,2025
RED AEREA,SED2_06978,LLAVE2_15,SP,ALIM2_124,SET2_32,160,4,2025
RED AEREA,SED2_09477,LLAVE2_19,SP,ALIM2_112,SET2_35,100,4,2025
RED AEREA,SED2_07124,LLAVE2_19,SP,ALIM2_097,SET2_33,160,4,2025
RED AEREA,SED2_01914,LLAVE2_19,SP,ALIM2_245,SET2_04,50,4,2025
RED SUBTERRANEA,SED2_04598,LLAVE2_09,SP,ALIM2_355,SET2_30,250,4,2025
RED SUBTERRANEA,SED2_04598,LLAVE2_21,SP,ALIM2_355,SET2_30,250,4,2025
RED SUBTERRANEA,SED2_09902,LLAVE2_09,SP,ALIM2_238,SET2_36,250,4,2025
RED AEREA,SED2_06019,LLAVE2_19,SP,ALIM2_467,SET2_24,100,4,2025
RED SUBTERRANEA,SED2_08615,LLAVE2_15,SP,ALIM2_185,SET2_31,100,4,2025
RED SUBTERRANEA,SED2_03960,LLAVE2_15,SP,ALIM2_117,SET2_10,630,4,2025
RED AEREA,SED2_09620,LLAVE2_19,SP,ALIM2_066,SET2_10,100,4,2025
RED AEREA,SED2_02441,LLAVE2_09,SP,ALIM2_391,SET2_10,160,4,2025
RED AEREA,SED2_00046,LLAVE2_19,SP,ALIM2_066,SET2_10,100,4,2025
RED AEREA,SED2_05053,LLAVE2_15,SP,ALIM2_066,SET2_10,100,4,2025
RED AEREA,SED2_01784,LLAVE2_19,SP,ALIM2_194,SET2_35,100,4,2025
RED SUBTERRANEA,SED2_00382,LLAVE2_19,SP,ALIM2_120,SET2_29,100,4,2025
RED AEREA,SED2_04510,LLAVE2_19,SP,ALIM2_282,SET2_29,100,4,2025
FUSIBLE,SED2_02712,LLAVE2_09,SP,ALIM2_357,SET2_29,100,4,2025
RED SUBTERRANEA,SED2_02905,LLAVE2_09,SP,ALIM2_016,SET2_36,400,4,2025
RED SUBTERRANEA,SED2_02426,LLAVE2_15,SP,ALIM2_246,SET2_21,160,4,2025
RED SUBTERRANEA,SED2_04210,LLAVE2_19,SP,ALIM2_149,SET2_45,250,4,2025
RED SUBTERRANEA,SED2_00272,LLAVE2_09,SP,ALIM2_436,SET2_23,250,4,2025
RED AEREA,SED2_07916,LLAVE2_09,SP,ALIM2_267,SET2_23,100,4,2025
RED AEREA,SED2_04194,LLAVE2_19,SP,ALIM2_316,SET2_23,50,4,2025
RED SUBTERRANEA,SED2_05363,LLAVE2_15,SP,ALIM2_011,SET2_17,160,4,2025
RED AEREA,SED2_05228,LLAVE2_09,SP,ALIM2_306,SET2_12,100,3,2025
RED SUBTERRANEA,SED2_03312,LLAVE2_09,SP,ALIM2_132,SET2_12,100,3,2025
RED AEREA,SED2_02423,LLAVE2_09,SP,ALIM2_115,SET2_12,100,3,2025
RED AEREA,SED2_06755,LLAVE2_19,SP,ALIM2_136,SET2_12,100,3,2025
RED AEREA,SED2_04518,LLAVE2_15,SP,ALIM2_136,SET2_12,100,3,2025
RED AEREA,SED2_09848,LLAVE2_19,SP,ALIM2_136,SET2_12,160,3,2025
RED AEREA,SED2_09848,LLAVE2_21,SP,ALIM2_136,SET2_12,160,3,2025
RED AEREA,SED2_07228,LLAVE2_19,SP,ALIM2_136,SET2_12,100,3,2025
RED SUBTERRANEA,SED2_02463,LLAVE2_09,SP,ALIM2_253,SET2_46,630,3,2025
RED SUBTERRANEA,SED2_01360,LLAVE2_18,SP,ALIM2_038,SET2_46,630,3,2025
RED SUBTERRANEA,SED2_03190,LLAVE2_04,SP,ALIM2_406,SET2_46,1430,3,2025
RED SUBTERRANEA,SED2_03190,LLAVE2_21,SP,ALIM2_406,SET2_46,1430,3,2025
RED SUBTERRANEA,SED2_03190,LLAVE2_13,SP,ALIM2_406,SET2_46,1430,3,2025
RED SUBTERRANEA,SED2_04324,LLAVE2_23,SP,ALIM2_366,SET2_27,630,3,2025
RED SUBTERRANEA,SED2_09840,LLAVE2_20,SP,ALIM2_302,SET2_27,1030,3,2025
RED SUBTERRANEA,SED2_05376,LLAVE2_21,SP,ALIM2_087,SET2_46,630,3,2025
RED SUBTERRANEA,SED2_08921,LLAVE2_09,SP,ALIM2_047,SET2_31,630,3,2025
RED SUBTERRANEA,SED2_08921,LLAVE2_13,SP,ALIM2_047,SET2_31,630,3,2025
RED SUBTERRANEA,SED2_04452,LLAVE2_18,SP,ALIM2_444,SET2_46,1200,3,2025
RED SUBTERRANEA,SED2_04452,LLAVE2_12,SP,ALIM2_444,SET2_46,1200,3,2025
FUSIBLE,SED2_03983,LLAVE2_06,SP,ALIM2_445,SET2_46,1260,3,2025
FUSIBLE,SED2_01694,LLAVE2_09,SP,ALIM2_368,SET2_31,630,3,2025
RED SUBTERRANEA,SED2_01694,LLAVE2_21,SP,ALIM2_368,SET2_31,630,3,2025
RED SUBTERRANEA,SED2_08601,LLAVE2_15,SP,ALIM2_153,SET2_31,630,3,2025
RED SUBTERRANEA,SED2_08601,LLAVE2_13,SP,ALIM2_153,SET2_31,630,3,2025
FUSIBLE,SED2_01512,LLAVE2_19,SP,ALIM2_153,SET2_31,630,3,2025
RED SUBTERRANEA,SED2_04687,LLAVE2_21,SP,ALIM2_153,SET2_31,400,3,2025
RED SUBTERRANEA,SED2_00264,LLAVE2_19,SP,ALIM2_193,SET2_31,400,3,2025
RED SUBTERRANEA,SED2_00960,LLAVE2_20,SP,ALIM2_090,SET2_46,1030,3,2025
RED SUBTERRANEA,SED2_00960,LLAVE2_13,SP,ALIM2_090,SET2_46,1030,3,2025
RED SUBTERRANEA,SED2_02919,LLAVE2_02,SP,ALIM2_319,SET2_36,630,3,2025
RED SUBTERRANEA,SED2_02919,LLAVE2_12,SP,ALIM2_319,SET2_36,630,3,2025
RED SUBTERRANEA,SED2_06263,LLAVE2_18,SP,ALIM2_192,SET2_46,400,3,2025
RED SUBTERRANEA,SED2_06660,LLAVE2_15,SP,ALIM2_195,SET2_27,630,3,2025
RED AEREA,SED2_04154,LLAVE2_09,SP,ALIM2_443,SET2_14,100,3,2025
RED SUBTERRANEA,SED2_04549,LLAVE2_12,SP,ALIM2_177,SET2_08,630,3,2025
RED SUBTERRANEA,SED2_04500,LLAVE2_15,SP,ALIM2_382,SET2_13,400,3,2025
RED SUBTERRANEA,SED2_09520,LLAVE2_19,SP,ALIM2_382,SET2_13,630,3,2025
RED SUBTERRANEA,SED2_09520,LLAVE2_15,SP,ALIM2_382,SET2_13,630,3,2025
RED SUBTERRANEA,SED2_04413,LLAVE2_13,SP,ALIM2_455,SET2_08,1100,3,2025
RED SUBTERRANEA,SED2_03574,LLAVE2_09,SP,ALIM2_222,SET2_16,250,3,2025
RED SUBTERRANEA,SED2_06991,LLAVE2_20,SP,ALIM2_270,SET2_46,630,3,2025
RED SUBTERRANEA,SED2_06991,LLAVE2_02,SP,ALIM2_270,SET2_46,630,3,2025
RED SUBTERRANEA,SED2_08771,LLAVE2_21,SP,ALIM2_173,SET2_16,350,3,2025
RED SUBTERRANEA,SED2_07679,LLAVE2_04,SP,ALIM2_087,SET2_46,630,3,2025
RED SUBTERRANEA,SED2_07679,LLAVE2_12,SP,ALIM2_087,SET2_46,630,3,2025
RED SUBTERRANEA,SED2_02773,LLAVE2_19,SP,ALIM2_250,SET2_27,800,3,2025
RED SUBTERRANEA,SED2_02773,LLAVE2_09,SP,ALIM2_250,SET2_27,800,3,2025
RED SUBTERRANEA,SED2_02773,LLAVE2_14,SP,ALIM2_250,SET2_27,800,3,2025
RED SUBTERRANEA,SED2_02773,LLAVE2_12,SP,ALIM2_250,SET2_27,800,3,2025
RED SUBTERRANEA,SED2_06159,LLAVE2_21,SP,ALIM2_479,SET2_31,400,3,2025
RED SUBTERRANEA,SED2_07917,LLAVE2_13,SP,ALIM2_332,SET2_08,400,3,2025
RED SUBTERRANEA,SED2_05554,LLAVE2_15,SP,ALIM2_197,SET2_46,800,3,2025
RED SUBTERRANEA,SED2_05754,LLAVE2_02,SP,ALIM2_163,SET2_31,630,3,2025
RED SUBTERRANEA,SED2_05754,LLAVE2_12,SP,ALIM2_163,SET2_31,630,3,2025
RED SUBTERRANEA,SED2_08184,LLAVE2_09,SP,ALIM2_206,SET2_46,1260,3,2025
FUSIBLE,SED2_09146,LLAVE2_14,SP,ALIM2_006,SET2_08,630,3,2025
RED SUBTERRANEA,SED2_09146,LLAVE2_14,SP,ALIM2_006,SET2_08,630,3,2025
RED SUBTERRANEA,SED2_09067,LLAVE2_14,SP,ALIM2_302,SET2_27,630,3,2025
RED SUBTERRANEA,SED2_09067,LLAVE2_18,SP,ALIM2_302,SET2_27,630,3,2025
RED SUBTERRANEA,SED2_01727,LLAVE2_15,SP,ALIM2_412,SET2_08,630,3,2025
RED SUBTERRANEA,SED2_04555,LLAVE2_20,SP,ALIM2_383,SET2_08,600,3,2025
RED AEREA,SED2_03225,LLAVE2_12,SP,ALIM2_092,SET2_13,630,3,2025
FUSIBLE,SED2_01832,LLAVE2_18,SP,ALIM2_424,SET2_36,630,3,2025
RED SUBTERRANEA,SED2_06415,LLAVE2_21,SP,ALIM2_087,SET2_46,1260,3,2025
RED SUBTERRANEA,SED2_06415,LLAVE2_02,SP,ALIM2_087,SET2_46,1260,3,2025
RED SUBTERRANEA,SED2_02985,LLAVE2_19,SP,ALIM2_087,SET2_46,630,3,2025
FUSIBLE,SED2_07740,LLAVE2_09,SP,ALIM2_365,SET2_46,630,3,2025
RED SUBTERRANEA,SED2_00994,LLAVE2_23,SP,ALIM2_270,SET2_46,1260,3,2025
RED SUBTERRANEA,SED2_00994,LLAVE2_14,SP,ALIM2_270,SET2_46,1260,3,2025
FUSIBLE,SED2_00994,LLAVE2_02,SP,ALIM2_270,SET2_46,1260,3,2025
RED SUBTERRANEA,SED2_03502,LLAVE2_09,SP,ALIM2_240,SET2_46,400,3,2025
RED SUBTERRANEA,SED2_05646,LLAVE2_13,SP,ALIM2_365,SET2_46,1260,3,2025
RED SUBTERRANEA,SED2_00885,LLAVE2_21,SP,ALIM2_153,SET2_31,630,3,2025
RED SUBTERRANEA,SED2_05955,LLAVE2_13,SP,ALIM2_040,SET2_40,400,3,2025
RED SUBTERRANEA,SED2_01267,LLAVE2_12,SP,ALIM2_439,SET2_08,1040,3,2025
RED SUBTERRANEA,SED2_01640,LLAVE2_20,SP,ALIM2_181,SET2_40,630,3,2025
RED SUBTERRANEA,SED2_08125,LLAVE2_09,SP,ALIM2_319,SET2_36,800,3,2025
RED SUBTERRANEA,SED2_08783,LLAVE2_21,SP,ALIM2_368,SET2_31,400,3,2025
RED SUBTERRANEA,SED2_02624,LLAVE2_02,SP,ALIM2_020,SET2_46,1430,3,2025
RED SUBTERRANEA,SED2_04645,LLAVE2_12,SP,ALIM2_468,SET2_27,400,3,2025
RED SUBTERRANEA,SED2_03819,LLAVE2_04,SP,ALIM2_206,SET2_46,630,3,2025
RED SUBTERRANEA,SED2_04508,LLAVE2_12,SP,ALIM2_239,SET2_08,400,3,2025
RED SUBTERRANEA,SED2_03795,LLAVE2_15,SP,ALIM2_423,SET2_27,630,3,2025
RED SUBTERRANEA,SED2_03628,LLAVE2_09,SP,ALIM2_181,SET2_40,630,3,2025
RED SUBTERRANEA,SED2_05932,LLAVE2_09,SP,ALIM2_230,SET2_08,630,3,2025
RED SUBTERRANEA,SED2_05932,LLAVE2_21,SP,ALIM2_230,SET2_08,630,3,2025
RED SUBTERRANEA,SED2_00174,LLAVE2_19,SP,ALIM2_263,SET2_31,400,3,2025
RED SUBTERRANEA,SED2_00174,LLAVE2_21,SP,ALIM2_263,SET2_31,400,3,2025
RED SUBTERRANEA,SED2_03897,LLAVE2_13,SP,ALIM2_262,SET2_01,630,3,2025
RED SUBTERRANEA,SED2_00456,LLAVE2_21,SP,ALIM2_454,SET2_13,1040,3,2025
RED SUBTERRANEA,SED2_03488,LLAVE2_04,SP,ALIM2_077,SET2_40,630,3,2025
RED SUBTERRANEA,SED2_03488,LLAVE2_09,SP,ALIM2_077,SET2_40,630,3,2025
RED SUBTERRANEA,SED2_03488,LLAVE2_14,SP,ALIM2_077,SET2_40,630,3,2025
RED SUBTERRANEA,SED2_01080,LLAVE2_15,SP,ALIM2_271,SET2_26,630,3,2025
RED SUBTERRANEA,SED2_02019,LLAVE2_09,SP,ALIM2_475,SET2_36,400,3,2025
RED SUBTERRANEA,SED2_02899,LLAVE2_19,SP,ALIM2_152,SET2_40,630,3,2025
RED AEREA,SED2_03045,LLAVE2_19,SP,ALIM2_110,SET2_42,100,3,2025
RED SUBTERRANEA,SED2_06943,LLAVE2_09,SP,ALIM2_353,SET2_40,630,3,2025
RED SUBTERRANEA,SED2_03238,LLAVE2_15,SP,ALIM2_460,SET2_16,400,3,2025
RED SUBTERRANEA,SED2_07439,LLAVE2_04,SP,ALIM2_365,SET2_46,400,3,2025
RED SUBTERRANEA,SED2_08905,LLAVE2_20,SP,ALIM2_164,SET2_16,630,3,2025
RED SUBTERRANEA,SED2_08554,LLAVE2_21,SP,ALIM2_105,SET2_09,400,3,2025
RED SUBTERRANEA,SED2_03316,LLAVE2_19,SP,ALIM2_382,SET2_13,250,3,2025
RED SUBTERRANEA,SED2_00658,LLAVE2_15,SP,ALIM2_239,SET2_08,630,3,2025
RED SUBTERRANEA,SED2_06644,LLAVE2_13,SP,ALIM2_342,SET2_10,350,3,2025
RED SUBTERRANEA,SED2_09726,LLAVE2_14,SP,ALIM2_477,SET2_31,1260,3,2025
RED SUBTERRANEA,SED2_00429,LLAVE2_23,SP,ALIM2_286,SET2_36,1270,3,2025
RED SUBTERRANEA,SED2_00429,LLAVE2_09,SP,ALIM2_286,SET2_36,1270,3,2025
RED SUBTERRANEA,SED2_09834,LLAVE2_09,SP,ALIM2_155,SET2_02,400,3,2025
RED SUBTERRANEA,SED2_06807,LLAVE2_09,SP,ALIM2_286,SET2_36,630,3,2025
RED SUBTERRANEA,SED2_09660,LLAVE2_09,SP,ALIM2_228,SET2_46,630,3,2025
RED SUBTERRANEA,SED2_09660,LLAVE2_21,SP,ALIM2_228,SET2_46,630,3,2025
RED SUBTERRANEA,SED2_09660,LLAVE2_14,SP,ALIM2_228,SET2_46,630,3,2025
RED SUBTERRANEA,SED2_06099,LLAVE2_09,SP,ALIM2_140,SET2_21,400,3,2025
RED SUBTERRANEA,SED2_09476,LLAVE2_09,SP,ALIM2_345,SET2_17,400,3,2025
RED SUBTERRANEA,SED2_09476,LLAVE2_15,SP,ALIM2_345,SET2_17,400,3,2025
RED SUBTERRANEA,SED2_09476,LLAVE2_21,SP,ALIM2_345,SET2_17,400,3,2025
RED SUBTERRANEA,SED2_00014,LLAVE2_15,SP,ALIM2_180,SET2_17,400,3,2025
RED SUBTERRANEA,SED2_02431,LLAVE2_02,SP,ALIM2_073,SET2_21,630,3,2025
RED SUBTERRANEA,SED2_00059,LLAVE2_19,SP,ALIM2_176,SET2_31,1260,3,2025
RED SUBTERRANEA,SED2_01491,LLAVE2_09,SP,ALIM2_105,SET2_09,800,3,2025
RED SUBTERRANEA,SED2_01491,LLAVE2_14,SP,ALIM2_105,SET2_09,800,3,2025
RED SUBTERRANEA,SED2_01491,LLAVE2_13,SP,ALIM2_105,SET2_09,800,3,2025
RED SUBTERRANEA,SED2_05158,LLAVE2_19,SP,ALIM2_435,SET2_38,1030,3,2025
RED SUBTERRANEA,SED2_05487,LLAVE2_15,SP,ALIM2_229,SET2_38,800,3,2025
RED SUBTERRANEA,SED2_05487,LLAVE2_21,SP,ALIM2_229,SET2_38,800,3,2025
RED SUBTERRANEA,SED2_02245,LLAVE2_23,SP,ALIM2_001,SET2_36,800,3,2025
RED SUBTERRANEA,SED2_09289,LLAVE2_14,SP,ALIM2_109,SET2_17,630,3,2025
RED SUBTERRANEA,SED2_05580,LLAVE2_18,SP,ALIM2_298,SET2_26,630,3,2025
RED SUBTERRANEA,SED2_04249,LLAVE2_19,SP,ALIM2_257,SET2_31,630,3,2025
RED SUBTERRANEA,SED2_04249,LLAVE2_15,SP,ALIM2_257,SET2_31,630,3,2025
RED SUBTERRANEA,SED2_02100,LLAVE2_15,SP,ALIM2_257,SET2_31,630,3,2025
RED SUBTERRANEA,SED2_01326,LLAVE2_02,SP,ALIM2_256,SET2_38,1040,3,2025
RED SUBTERRANEA,SED2_08614,LLAVE2_04,SP,ALIM2_431,SET2_36,400,3,2025
RED SUBTERRANEA,SED2_08614,LLAVE2_10,SP,ALIM2_431,SET2_36,400,3,2025
RED SUBTERRANEA,SED2_08068,LLAVE2_15,SP,ALIM2_233,SET2_41,630,3,2025
RED SUBTERRANEA,SED2_05348,LLAVE2_15,SP,ALIM2_175,SET2_30,400,3,2025
RED SUBTERRANEA,SED2_04012,LLAVE2_09,SP,ALIM2_256,SET2_38,630,3,2025
RED SUBTERRANEA,SED2_07110,LLAVE2_14,SP,ALIM2_210,SET2_40,550,3,2025
RED SUBTERRANEA,SED2_07110,LLAVE2_13,SP,ALIM2_210,SET2_40,550,3,2025
RED SUBTERRANEA,SED2_01275,LLAVE2_14,SP,ALIM2_143,SET2_08,400,3,2025
RED SUBTERRANEA,SED2_08366,LLAVE2_18,SP,ALIM2_298,SET2_26,1030,3,2025
RED SUBTERRANEA,SED2_08366,LLAVE2_02,SP,ALIM2_298,SET2_26,1030,3,2025
RED SUBTERRANEA,SED2_08151,LLAVE2_14,SP,ALIM2_366,SET2_27,630,3,2025
RED SUBTERRANEA,SED2_09068,LLAVE2_20,SP,ALIM2_310,SET2_40,400,3,2025
RED SUBTERRANEA,SED2_09068,LLAVE2_15,SP,ALIM2_310,SET2_40,400,3,2025
RED SUBTERRANEA,SED2_06199,LLAVE2_15,SP,ALIM2_474,SET2_02,160,3,2025
RED SUBTERRANEA,SED2_03739,LLAVE2_14,SP,ALIM2_235,SET2_46,400,3,2025
RED SUBTERRANEA,SED2_09837,LLAVE2_15,SP,ALIM2_185,SET2_31,250,3,2025
RED SUBTERRANEA,SED2_09649,LLAVE2_19,SP,ALIM2_285,SET2_46,630,3,2025
RED SUBTERRANEA,SED2_04501,LLAVE2_13,SP,ALIM2_220,SET2_29,160,3,2025
RED SUBTERRANEA,SED2_06421,LLAVE2_15,SP,ALIM2_220,SET2_29,250,3,2025
RED SUBTERRANEA,SED2_03838,LLAVE2_02,SP,ALIM2_013,SET2_09,400,3,2025
RED SUBTERRANEA,SED2_08099,LLAVE2_19,SP,ALIM2_436,SET2_23,400,3,2025
RED SUBTERRANEA,SED2_02796,LLAVE2_19,SP,ALIM2_420,SET2_21,400,3,2025
RED SUBTERRANEA,SED2_00550,LLAVE2_19,SP,ALIM2_042,SET2_06,400,3,2025
RED SUBTERRANEA,SED2_02262,LLAVE2_13,SP,ALIM2_034,SET2_31,630,3,2025
RED SUBTERRANEA,SED2_09269,LLAVE2_09,SP,ALIM2_212,SET2_36,630,3,2025
RED SUBTERRANEA,SED2_01005,LLAVE2_14,SP,ALIM2_286,SET2_36,1260,3,2025
RED SUBTERRANEA,SED2_03037,LLAVE2_19,SP,ALIM2_112,SET2_35,250,3,2025
RED SUBTERRANEA,SED2_01841,LLAVE2_09,SP,ALIM2_373,SET2_17,630,3,2025
RED SUBTERRANEA,SED2_01938,LLAVE2_19,SP,ALIM2_184,SET2_41,630,3,2025
RED SUBTERRANEA,SED2_01203,LLAVE2_19,SP,ALIM2_184,SET2_41,630,3,2025
RED SUBTERRANEA,SED2_09746,LLAVE2_21,SP,ALIM2_242,SET2_03,400,3,2025
RED SUBTERRANEA,SED2_09055,LLAVE2_18,SP,ALIM2_279,SET2_17,400,3,2025
RED SUBTERRANEA,SED2_07080,LLAVE2_21,SP,ALIM2_298,SET2_26,200,3,2025
RED SUBTERRANEA,SED2_06160,LLAVE2_12,SP,ALIM2_457,SET2_26,630,3,2025
RED SUBTERRANEA,SED2_05881,LLAVE2_21,SP,ALIM2_257,SET2_31,400,3,2025
RED SUBTERRANEA,SED2_09371,LLAVE2_14,SP,ALIM2_196,SET2_38,400,3,2025
RED SUBTERRANEA,SED2_00693,LLAVE2_19,SP,ALIM2_246,SET2_21,100,3,2025
RED SUBTERRANEA,SED2_02725,LLAVE2_09,SP,ALIM2_261,SET2_38,220,3,2025
RED SUBTERRANEA,SED2_04987,LLAVE2_15,SP,ALIM2_043,SET2_41,250,3,2025
RED SUBTERRANEA,SED2_03963,LLAVE2_09,SP,ALIM2_159,SET2_16,630,3,2025
RED SUBTERRANEA,SED2_08064,LLAVE2_19,SP,ALIM2_388,SET2_13,250,3,2025
RED SUBTERRANEA,SED2_02872,LLAVE2_19,SP,ALIM2_253,SET2_46,250,3,2025
RED SUBTERRANEA,SED2_02872,LLAVE2_15,SP,ALIM2_253,SET2_46,250,3,2025
RED SUBTERRANEA,SED2_05817,LLAVE2_09,SP,ALIM2_286,SET2_36,320,3,2025
RED SUBTERRANEA,SED2_01930,LLAVE2_15,SP,ALIM2_456,SET2_13,400,3,2025
RED AEREA,SED2_02193,LLAVE2_09,SP,ALIM2_217,SET2_35,160,3,2025
RED SUBTERRANEA,SED2_05513,LLAVE2_15,SP,ALIM2_182,SET2_09,400,3,2025
RED SUBTERRANEA,SED2_03514,LLAVE2_13,SP,ALIM2_291,SET2_09,400,3,2025
RED SUBTERRANEA,SED2_05516,LLAVE2_09,SP,ALIM2_217,SET2_35,400,3,2025
RED SUBTERRANEA,SED2_02334,LLAVE2_14,SP,ALIM2_370,SET2_21,400,3,2025
RED SUBTERRANEA,SED2_09267,LLAVE2_09,SP,ALIM2_201,SET2_41,250,3,2025
RED SUBTERRANEA,SED2_06096,LLAVE2_15,SP,ALIM2_276,SET2_43,400,3,2025
RED SUBTERRANEA,SED2_02056,LLAVE2_14,SP,ALIM2_081,SET2_21,320,3,2025
RED SUBTERRANEA,SED2_03234,LLAVE2_09,SP,ALIM2_304,SET2_02,400,3,2025
RED SUBTERRANEA,SED2_06898,LLAVE2_19,SP,ALIM2_128,SET2_28,400,3,2025
RED SUBTERRANEA,SED2_06898,LLAVE2_15,SP,ALIM2_128,SET2_28,400,3,2025
RED SUBTERRANEA,SED2_03955,LLAVE2_15,SP,ALIM2_111,SET2_36,400,3,2025
RED SUBTERRANEA,SED2_03955,LLAVE2_21,SP,ALIM2_111,SET2_36,400,3,2025
RED AEREA,SED2_08399,LLAVE2_15,SP,ALIM2_363,SET2_12,160,3,2025
RED AEREA,SED2_03791,LLAVE2_15,SP,ALIM2_053,SET2_12,160,3,2025
RED SUBTERRANEA,SED2_09300,LLAVE2_23,SP,ALIM2_206,SET2_46,630,3,2025
RED SUBTERRANEA,SED2_01257,LLAVE2_19,SP,ALIM2_465,SET2_28,400,3,2025
RED AEREA,SED2_09728,LLAVE2_14,SP,ALIM2_004,SET2_31,400,3,2025
RED SUBTERRANEA,SED2_08502,LLAVE2_09,SP,ALIM2_305,SET2_33,250,3,2025
RED SUBTERRANEA,SED2_06863,LLAVE2_19,SP,ALIM2_330,SET2_23,160,3,2025
RED SUBTERRANEA,SED2_02608,LLAVE2_15,SP,ALIM2_102,SET2_02,400,3,2025
RED SUBTERRANEA,SED2_02608,LLAVE2_14,SP,ALIM2_102,SET2_02,400,3,2025
RED SUBTERRANEA,SED2_01214,LLAVE2_09,SP,ALIM2_481,SET2_12,75,3,2025
RED AEREA,SED2_03394,LLAVE2_09,SP,ALIM2_095,SET2_28,100,3,2025
RED SUBTERRANEA,SED2_09036,LLAVE2_15,SP,ALIM2_257,SET2_31,160,3,2025
RED AEREA,SED2_08848,LLAVE2_19,SP,ALIM2_421,SET2_10,160,3,2025
RED AEREA,SED2_00300,LLAVE2_09,SP,ALIM2_472,SET2_10,160,3,2025
RED AEREA,SED2_07290,LLAVE2_19,SP,ALIM2_472,SET2_10,100,3,2025
RED AEREA,SED2_06801,LLAVE2_09,SP,ALIM2_472,SET2_10,100,3,2025
RED SUBTERRANEA,SED2_05841,LLAVE2_19,SP,ALIM2_140,SET2_21,160,3,2025
RED AEREA,SED2_01702,LLAVE2_19,SP,ALIM2_389,SET2_28,160,3,2025
RED AEREA,SED2_01702,LLAVE2_15,SP,ALIM2_389,SET2_28,160,3,2025
RED AEREA,SED2_01981,LLAVE2_21,SP,ALIM2_078,SET2_10,100,3,2025
RED SUBTERRANEA,SED2_03181,LLAVE2_15,SP,ALIM2_022,SET2_43,250,3,2025
RED AEREA,SED2_06467,LLAVE2_19,SP,ALIM2_316,SET2_23,160,3,2025
RED AEREA,SED2_04813,LLAVE2_09,SP,ALIM2_402,SET2_10,250,3,2025
RED SUBTERRANEA,SED2_05301,LLAVE2_15,SP,ALIM2_224,SET2_45,250,3,2025
RED SUBTERRANEA,SED2_02179,LLAVE2_19,SP,ALIM2_224,SET2_45,100,3,2025
RED SUBTERRANEA,SED2_02179,LLAVE2_09,SP,ALIM2_224,SET2_45,100,3,2025
RED SUBTERRANEA,SED2_05535,LLAVE2_21,SP,ALIM2_279,SET2_17,250,3,2025
RED AEREA,SED2_00349,LLAVE2_19,SP,ALIM2_402,SET2_10,100,3,2025
RED SUBTERRANEA,SED2_08352,LLAVE2_19,SP,ALIM2_017,SET2_03,250,3,2025
RED SUBTERRANEA,SED2_08352,LLAVE2_09,SP,ALIM2_017,SET2_03,250,3,2025
RED AEREA,SED2_02417,LLAVE2_19,SP,ALIM2_402,SET2_10,160,3,2025
RED AEREA,SED2_02172,LLAVE2_19,SP,ALIM2_161,SET2_04,160,3,2025
RED AEREA,SED2_06262,LLAVE2_19,SP,ALIM2_161,SET2_04,50,3,2025
RED SUBTERRANEA,SED2_06236,LLAVE2_09,SP,ALIM2_227,SET2_45,160,3,2025
RED AEREA,SED2_00260,LLAVE2_19,SP,ALIM2_117,SET2_10,100,3,2025
RED AEREA,SED2_06655,LLAVE2_09,SP,ALIM2_474,SET2_02,100,3,2025
RED AEREA,SED2_05696,LLAVE2_19,SP,ALIM2_100,SET2_12,250,3,2025
RED SUBTERRANEA,SED2_02494,LLAVE2_09,SP,ALIM2_263,SET2_31,250,3,2025
RED SUBTERRANEA,SED2_03613,LLAVE2_09,SP,ALIM2_022,SET2_43,250,3,2025
RED AEREA,SED2_00195,LLAVE2_21,SP,ALIM2_194,SET2_35,160,3,2025
RED SUBTERRANEA,SED2_01248,LLAVE2_19,SP,ALIM2_431,SET2_36,250,3,2025
RED SUBTERRANEA,SED2_01248,LLAVE2_21,SP,ALIM2_431,SET2_36,250,3,2025
RED AEREA,SED2_07089,LLAVE2_15,SP,ALIM2_244,SET2_32,250,3,2025
RED SUBTERRANEA,SED2_02932,LLAVE2_19,SP,ALIM2_001,SET2_36,250,3,2025
RED SUBTERRANEA,SED2_06250,LLAVE2_19,SP,ALIM2_129,SET2_02,400,3,2025
RED SUBTERRANEA,SED2_06579,LLAVE2_15,SP,ALIM2_006,SET2_08,250,3,2025
RED SUBTERRANEA,SED2_07547,LLAVE2_09,SP,ALIM2_464,SET2_09,400,3,2025
RED AEREA,SED2_03022,LLAVE2_21,SP,ALIM2_472,SET2_10,160,3,2025
RED SUBTERRANEA,SED2_05894,LLAVE2_15,SP,ALIM2_075,SET2_36,250,3,2025
RED AEREA,SED2_02583,LLAVE2_19,SP,ALIM2_328,SET2_23,250,3,2025
RED SUBTERRANEA,SED2_02816,LLAVE2_19,SP,ALIM2_387,SET2_26,400,3,2025
RED SUBTERRANEA,SED2_03529,LLAVE2_19,SP,ALIM2_244,SET2_32,250,3,2025
RED SUBTERRANEA,SED2_03529,LLAVE2_15,SP,ALIM2_244,SET2_32,250,3,2025
RED SUBTERRANEA,SED2_05717,LLAVE2_15,SP,ALIM2_233,SET2_41,320,3,2025
RED SUBTERRANEA,SED2_02686,LLAVE2_09,SP,ALIM2_333,SET2_09,400,3,2025
RED AEREA,SED2_03184,LLAVE2_19,SP,ALIM2_328,SET2_23,160,3,2025
RED AEREA,SED2_03720,LLAVE2_19,SP,ALIM2_117,SET2_10,100,3,2025
RED AEREA,SED2_06406,LLAVE2_15,SP,ALIM2_194,SET2_35,100,3,2025
RED AEREA,SED2_02252,LLAVE2_09,SP,ALIM2_267,SET2_23,100,3,2025
RED SUBTERRANEA,SED2_08962,LLAVE2_19,SP,ALIM2_193,SET2_31,160,3,2025
RED AEREA,SED2_05613,LLAVE2_19,SP,ALIM2_053,SET2_12,160,3,2025
RED AEREA,SED2_00998,LLAVE2_09,SP,ALIM2_416,SET2_33,160,3,2025
RED SUBTERRANEA,SED2_09181,LLAVE2_09,SP,ALIM2_310,SET2_40,160,3,2025
RED AEREA,SED2_09164,LLAVE2_09,SP,ALIM2_330,SET2_23,100,3,2025
FUSIBLE,SED2_06730,LLAVE2_09,SP,ALIM2_442,SET2_17,250,3,2025
RED SUBTERRANEA,SED2_08465,LLAVE2_15,SP,ALIM2_077,SET2_40,400,3,2025
RED SUBTERRANEA,SED2_08465,LLAVE2_21,SP,ALIM2_077,SET2_40,400,3,2025
RED SUBTERRANEA,SED2_07938,LLAVE2_15,SP,ALIM2_022,SET2_43,400,3,2025
RED AEREA,SED2_04203,LLAVE2_09,SP,ALIM2_055,SET2_35,100,3,2025
RED AEREA,SED2_05459,LLAVE2_21,SP,ALIM2_356,SET2_31,160,3,2025
RED AEREA,SED2_02511,LLAVE2_19,SP,ALIM2_263,SET2_31,250,3,2025
RED AEREA,SED2_08728,LLAVE2_09,SP,ALIM2_359,SET2_45,160,3,2025
RED AEREA,SED2_06713,LLAVE2_09,SP,ALIM2_359,SET2_45,100,3,2025
RED AEREA,SED2_06717,LLAVE2_19,SP,ALIM2_459,SET2_13,100,3,2025
RED AEREA,SED2_03135,LLAVE2_15,SP,ALIM2_241,SET2_35,160,3,2025
RED AEREA,SED2_01721,LLAVE2_09,SP,ALIM2_341,SET2_35,160,3,2025
RED SUBTERRANEA,SED2_06567,LLAVE2_09,SP,ALIM2_073,SET2_21,100,3,2025
RED AEREA,SED2_03151,LLAVE2_19,SP,ALIM2_237,SET2_33,160,3,2025
RED AEREA,SED2_03151,LLAVE2_09,SP,ALIM2_237,SET2_33,160,3,2025
RED SUBTERRANEA,SED2_04775,LLAVE2_19,SP,ALIM2_382,SET2_13,160,3,2025
RED SUBTERRANEA,SED2_02235,LLAVE2_19,SP,ALIM2_170,SET2_25,250,3,2025
RED AEREA,SED2_05248,LLAVE2_19,SP,ALIM2_042,SET2_06,100,3,2025
RED SUBTERRANEA,SED2_04204,LLAVE2_09,SP,ALIM2_255,SET2_21,160,3,2025
RED SUBTERRANEA,SED2_09224,LLAVE2_19,SP,ALIM2_061,SET2_41,250,3,2025
RED SUBTERRANEA,SED2_07335,LLAVE2_09,SP,ALIM2_031,SET2_21,250,3,2025
RED SUBTERRANEA,SED2_00026,LLAVE2_14,SP,ALIM2_312,SET2_09,250,3,2025
RED SUBTERRANEA,SED2_05829,LLAVE2_09,SP,ALIM2_246,SET2_21,250,3,2025
RED AEREA,SED2_09605,LLAVE2_19,SP,ALIM2_100,SET2_12,160,3,2025
RED AEREA,SED2_09310,LLAVE2_09,SP,ALIM2_312,SET2_09,250,3,2025
RED SUBTERRANEA,SED2_05769,LLAVE2_19,SP,ALIM2_022,SET2_43,250,3,2025
RED SUBTERRANEA,SED2_06704,LLAVE2_09,SP,ALIM2_476,SET2_02,160,3,2025
RED SUBTERRANEA,SED2_05018,LLAVE2_19,SP,ALIM2_238,SET2_36,160,3,2025
RED AEREA,SED2_07494,LLAVE2_19,SP,ALIM2_481,SET2_12,100,3,2025
RED AEREA,SED2_07494,LLAVE2_09,SP,ALIM2_481,SET2_12,100,3,2025
RED AEREA,SED2_04779,LLAVE2_15,SP,ALIM2_267,SET2_23,160,3,2025
RED AEREA,SED2_07532,LLAVE2_19,SP,ALIM2_389,SET2_28,160,3,2025
RED AEREA,SED2_01572,LLAVE2_09,SP,ALIM2_389,SET2_28,160,3,2025
RED AEREA,SED2_09893,LLAVE2_19,SP,ALIM2_389,SET2_28,250,3,2025
RED AEREA,SED2_09893,LLAVE2_09,SP,ALIM2_389,SET2_28,250,3,2025
RED AEREA,SED2_07558,LLAVE2_19,SP,ALIM2_083,SET2_23,100,3,2025
RED AEREA,SED2_07558,LLAVE2_09,SP,ALIM2_083,SET2_23,100,3,2025
RED AEREA,SED2_02352,LLAVE2_19,SP,SIN DATA,SIN DATA,SIN DATA,3,2025
RED AEREA,SED2_06391,LLAVE2_09,SP,SIN DATA,SIN DATA,SIN DATA,3,2025
RED AEREA,SED2_02582,LLAVE2_09,SP,ALIM2_328,SET2_23,100,3,2025
RED AEREA,SED2_02320,LLAVE2_09,SP,ALIM2_374,SET2_13,160,3,2025
RED AEREA,SED2_09718,LLAVE2_19,SP,ALIM2_374,SET2_13,100,3,2025
RED AEREA,SED2_05117,LLAVE2_19,SP,ALIM2_204,SET2_02,100,3,2025
RED AEREA,SED2_07432,LLAVE2_09,SP,ALIM2_160,SET2_33,50,3,2025
RED SUBTERRANEA,SED2_01933,LLAVE2_09,SP,ALIM2_360,SET2_06,250,3,2025
RED SUBTERRANEA,SED2_07008,LLAVE2_09,SP,ALIM2_169,SET2_06,250,3,2025
RED SUBTERRANEA,SED2_00574,LLAVE2_19,SP,ALIM2_183,SET2_12,160,3,2025
RED AEREA,SED2_00574,LLAVE2_15,SP,ALIM2_183,SET2_12,160,3,2025
RED SUBTERRANEA,SED2_09066,LLAVE2_19,SP,ALIM2_132,SET2_12,100,3,2025
RED SUBTERRANEA,SED2_03935,LLAVE2_19,SP,ALIM2_132,SET2_12,400,3,2025
RED AEREA,SED2_03935,LLAVE2_09,SP,ALIM2_132,SET2_12,400,3,2025
RED AEREA,SED2_08639,LLAVE2_15,SP,ALIM2_324,SET2_13,250,3,2025
RED AEREA,SED2_00101,LLAVE2_19,SP,ALIM2_324,SET2_13,160,3,2025
RED SUBTERRANEA,SED2_04969,LLAVE2_15,SP,ALIM2_037,SET2_23,250,3,2025
RED AEREA,SED2_06913,LLAVE2_19,SP,ALIM2_255,SET2_21,100,3,2025
RED AEREA,SED2_03121,LLAVE2_21,SP,ALIM2_093,SET2_21,100,3,2025
RED AEREA,SED2_03716,LLAVE2_09,SP,ALIM2_093,SET2_21,100,3,2025
RED AEREA,SED2_06429,LLAVE2_19,SP,ALIM2_208,SET2_13,100,3,2025
RED AEREA,SED2_06429,LLAVE2_09,SP,ALIM2_208,SET2_13,100,3,2025
RED AEREA,SED2_04930,LLAVE2_09,SP,ALIM2_208,SET2_13,160,3,2025
RED AEREA,SED2_06088,LLAVE2_19,SP,ALIM2_124,SET2_32,160,3,2025
RED AEREA,SED2_00404,LLAVE2_19,SP,ALIM2_055,SET2_35,100,3,2025
RED AEREA,SED2_00559,LLAVE2_09,SP,ALIM2_317,SET2_04,160,3,2025
LLAVE,SED2_01127,LLAVE2_19,SP,ALIM2_100,SET2_12,250,3,2025
RED AEREA,SED2_01127,LLAVE2_19,SP,ALIM2_100,SET2_12,250,3,2025
RED AEREA,SED2_00759,LLAVE2_19,SP,ALIM2_100,SET2_12,400,3,2025
RED AEREA,SED2_00759,LLAVE2_09,SP,ALIM2_100,SET2_12,400,3,2025
RED AEREA,SED2_07306,LLAVE2_09,SP,ALIM2_330,SET2_23,250,3,2025
RED AEREA,SED2_02129,LLAVE2_09,SP,ALIM2_470,SET2_02,160,3,2025
RED AEREA,SED2_09276,LLAVE2_19,SP,ALIM2_083,SET2_23,160,3,2025
RED SUBTERRANEA,SED2_08868,LLAVE2_19,SP,ALIM2_382,SET2_13,250,3,2025
RED AEREA,SED2_00743,LLAVE2_19,SP,ALIM2_161,SET2_04,160,3,2025
RED SUBTERRANEA,SED2_01847,LLAVE2_19,SP,ALIM2_042,SET2_06,100,3,2025
RED SUBTERRANEA,SED2_03489,LLAVE2_09,SP,ALIM2_296,SET2_23,75,3,2025
RED AEREA,SED2_07847,LLAVE2_19,SP,ALIM2_323,SET2_40,40,3,2025
RED SUBTERRANEA,SED2_06612,LLAVE2_15,SP,ALIM2_263,SET2_31,100,3,2025
RED SUBTERRANEA,SED2_08038,LLAVE2_19,SP,ALIM2_355,SET2_30,100,3,2025
RED AEREA,SED2_00836,LLAVE2_09,SP,ALIM2_160,SET2_33,160,3,2025
RED AEREA,SED2_07133,LLAVE2_19,SP,ALIM2_060,SET2_32,100,3,2025
RED AEREA,SED2_07181,LLAVE2_09,SP,ALIM2_121,SET2_21,100,3,2025
RED SUBTERRANEA,SED2_01047,LLAVE2_19,SP,ALIM2_024,SET2_40,100,3,2025
RED AEREA,SED2_01047,LLAVE2_15,SP,ALIM2_024,SET2_40,100,3,2025
RED SUBTERRANEA,SED2_01047,LLAVE2_15,SP,ALIM2_024,SET2_40,100,3,2025
RED AEREA,SED2_04496,LLAVE2_19,SP,ALIM2_306,SET2_12,250,3,2025
RED AEREA,SED2_01338,LLAVE2_19,SP,ALIM2_008,SET2_35,160,3,2025
RED SUBTERRANEA,SED2_05119,LLAVE2_19,SP,ALIM2_296,SET2_23,50,3,2025
RED AEREA,SED2_08287,LLAVE2_19,AP,ALIM2_296,SET2_23,75,3,2025
RED SUBTERRANEA,SED2_08646,LLAVE2_19,SP,ALIM2_155,SET2_02,400,3,2025
RED AEREA,SED2_04215,LLAVE2_19,SP,ALIM2_241,SET2_35,100,3,2025
RED AEREA,SED2_09676,LLAVE2_09,SP,ALIM2_101,SET2_33,160,3,2025
RED SUBTERRANEA,SED2_03479,LLAVE2_19,SP,ALIM2_482,SET2_02,160,3,2025
RED SUBTERRANEA,SED2_03479,LLAVE2_09,SP,ALIM2_482,SET2_02,160,3,2025
RED AEREA,SED2_00625,LLAVE2_09,SP,ALIM2_241,SET2_35,100,3,2025
RED SUBTERRANEA,SED2_09417,LLAVE2_19,SP,ALIM2_093,SET2_21,160,3,2025
RED SUBTERRANEA,SED2_08087,LLAVE2_15,SP,ALIM2_353,SET2_40,400,3,2025
RED AEREA,SED2_05756,LLAVE2_19,SP,ALIM2_481,SET2_12,50,3,2025
RED SUBTERRANEA,SED2_01826,LLAVE2_19,SP,ALIM2_263,SET2_31,400,3,2025
RED AEREA,SED2_01826,LLAVE2_09,SP,ALIM2_263,SET2_31,400,3,2025
RED AEREA,SED2_02845,LLAVE2_19,SP,ALIM2_257,SET2_31,100,3,2025
RED AEREA,SED2_09274,LLAVE2_09,SP,ALIM2_316,SET2_23,160,3,2025
RED AEREA,SED2_03974,LLAVE2_19,SP,ALIM2_402,SET2_10,50,3,2025
RED AEREA,SED2_07096,LLAVE2_19,SP,ALIM2_296,SET2_23,160,3,2025
RED AEREA,SED2_07096,LLAVE2_09,SP,ALIM2_296,SET2_23,160,3,2025
RED AEREA,SED2_06693,LLAVE2_09,SP,ALIM2_183,SET2_12,100,3,2025
RED AEREA,SED2_01760,LLAVE2_09,SP,ALIM2_306,SET2_12,100,3,2025
RED SUBTERRANEA,SED2_06572,LLAVE2_19,SP,ALIM2_204,SET2_02,160,3,2025
RED AEREA,SED2_03941,LLAVE2_19,AP,ALIM2_436,SET2_23,100,3,2025
RED AEREA,SED2_03202,LLAVE2_19,SP,ALIM2_472,SET2_10,50,3,2025
RED AEREA,SED2_02322,LLAVE2_15,SP,ALIM2_328,SET2_23,100,3,2025
RED AEREA,SED2_00186,LLAVE2_19,SP,ALIM2_037,SET2_23,160,3,2025
RED SUBTERRANEA,SED2_06089,LLAVE2_09,SP,ALIM2_208,SET2_13,160,3,2025
RED AEREA,SED2_05450,LLAVE2_09,SP,ALIM2_301,SET2_38,250,3,2025
RED AEREA,SED2_01598,LLAVE2_09,SP,ALIM2_296,SET2_23,160,3,2025
RED AEREA,SED2_04658,LLAVE2_09,SP,ALIM2_194,SET2_35,400,3,2025
RED AEREA,SED2_05605,LLAVE2_09,SP,ALIM2_161,SET2_04,50,3,2025
RED AEREA,SED2_09226,LLAVE2_09,SP,ALIM2_013,SET2_09,630,3,2025
RED SUBTERRANEA,SED2_03826,LLAVE2_15,SP,ALIM2_435,SET2_38,250,3,2025
RED AEREA,SED2_03082,LLAVE2_09,SP,ALIM2_472,SET2_10,160,3,2025
RED AEREA,SED2_07398,LLAVE2_15,SP,ALIM2_317,SET2_04,100,3,2025
RED AEREA,SED2_04047,LLAVE2_19,SP,ALIM2_421,SET2_10,100,3,2025
RED AEREA,SED2_07628,LLAVE2_19,SP,ALIM2_093,SET2_21,100,3,2025
RED SUBTERRANEA,SED2_06817,LLAVE2_19,SP,ALIM2_356,SET2_31,160,3,2025
RED AEREA,SED2_06506,LLAVE2_19,SP,ALIM2_255,SET2_21,50,3,2025
RED SUBTERRANEA,SED2_06381,LLAVE2_19,SP,ALIM2_310,SET2_40,400,3,2025
RED SUBTERRANEA,SED2_06661,LLAVE2_09,SP,ALIM2_238,SET2_36,160,3,2025
RED SUBTERRANEA,SED2_02589,LLAVE2_09,SP,ALIM2_121,SET2_21,160,3,2025
RED AEREA,SED2_06058,LLAVE2_19,SP,ALIM2_363,SET2_12,100,3,2025
RED SUBTERRANEA,SED2_07809,LLAVE2_15,SP,ALIM2_262,SET2_01,160,3,2025
RED SUBTERRANEA,SED2_00667,LLAVE2_15,SP,SIN DATA,SIN DATA,SIN DATA,3,2025
RED AEREA,SED2_06718,LLAVE2_09,SP,ALIM2_101,SET2_33,160,3,2025
RED SUBTERRANEA,SED2_03471,LLAVE2_19,SP,ALIM2_318,SET2_33,100,3,2025
RED SUBTERRANEA,SED2_05724,LLAVE2_09,SP,ALIM2_318,SET2_33,200,3,2025
RED SUBTERRANEA,SED2_02876,LLAVE2_09,SP,ALIM2_254,SET2_31,160,3,2025
RED SUBTERRANEA,SED2_03737,LLAVE2_19,SP,ALIM2_373,SET2_17,250,3,2025
RED SUBTERRANEA,SED2_01920,LLAVE2_09,SP,ALIM2_460,SET2_16,160,3,2025
RED AEREA,SED2_04207,LLAVE2_19,SP,ALIM2_055,SET2_35,160,3,2025
RED SUBTERRANEA,SED2_08020,LLAVE2_15,SP,ALIM2_128,SET2_28,400,3,2025
RED AEREA,SED2_00719,LLAVE2_09,SP,ALIM2_055,SET2_35,100,3,2025
RED SUBTERRANEA,SED2_09256,LLAVE2_21,SP,ALIM2_263,SET2_31,630,3,2025
RED AEREA,SED2_06958,LLAVE2_19,SP,ALIM2_053,SET2_12,100,3,2025
RED AEREA,SED2_06958,LLAVE2_09,SP,ALIM2_053,SET2_12,100,3,2025
RED AEREA,SED2_03508,LLAVE2_19,SP,ALIM2_241,SET2_35,100,3,2025
RED AEREA,SED2_07367,LLAVE2_09,SP,ALIM2_241,SET2_35,100,3,2025
RED AEREA,SED2_05389,LLAVE2_15,SP,ALIM2_336,SET2_02,250,3,2025
RED SUBTERRANEA,SED2_05421,LLAVE2_19,SP,ALIM2_323,SET2_40,250,3,2025
RED SUBTERRANEA,SED2_05421,LLAVE2_09,SP,ALIM2_323,SET2_40,250,3,2025
RED SUBTERRANEA,SED2_05421,LLAVE2_15,SP,ALIM2_323,SET2_40,250,3,2025
RED AEREA,SED2_00598,LLAVE2_19,SP,ALIM2_194,SET2_35,100,3,2025
RED AEREA,SED2_07208,LLAVE2_09,SP,ALIM2_202,SET2_29,160,3,2025
RED SUBTERRANEA,SED2_02238,LLAVE2_15,SP,ALIM2_455,SET2_08,400,3,2025
RED SUBTERRANEA,SED2_04054,LLAVE2_19,SP,ALIM2_031,SET2_21,250,3,2025
RED SUBTERRANEA,SED2_04054,LLAVE2_09,SP,ALIM2_031,SET2_21,250,3,2025
RED SUBTERRANEA,SED2_04868,LLAVE2_09,SP,ALIM2_455,SET2_08,400,3,2025
RED AEREA,SED2_07184,LLAVE2_09,SP,ALIM2_012,SET2_13,160,3,2025
RED AEREA,SED2_09780,LLAVE2_19,SP,ALIM2_012,SET2_13,50,3,2025
RED AEREA,SED2_05593,LLAVE2_19,SP,ALIM2_363,SET2_12,100,3,2025
RED AEREA,SED2_05593,LLAVE2_09,SP,ALIM2_363,SET2_12,100,3,2025
RED AEREA,SED2_02808,LLAVE2_15,SP,ALIM2_255,SET2_21,160,3,2025
RED AEREA,SED2_00526,LLAVE2_19,SP,ALIM2_055,SET2_35,250,3,2025
RED SUBTERRANEA,SED2_03341,LLAVE2_09,SP,ALIM2_227,SET2_45,250,3,2025
RED SUBTERRANEA,SED2_04485,LLAVE2_19,SP,ALIM2_227,SET2_45,250,3,2025
RED SUBTERRANEA,SED2_04485,LLAVE2_15,SP,ALIM2_227,SET2_45,250,3,2025
RED AEREA,SED2_06751,LLAVE2_19,SP,ALIM2_363,SET2_12,100,3,2025
RED AEREA,SED2_01485,LLAVE2_09,SP,ALIM2_022,SET2_43,250,3,2025
RED SUBTERRANEA,SED2_00804,LLAVE2_19,SP,ALIM2_237,SET2_33,160,3,2025
RED AEREA,SED2_08379,LLAVE2_09,SP,ALIM2_265,SET2_33,250,3,2025
RED SUBTERRANEA,SED2_00734,LLAVE2_09,SP,ALIM2_237,SET2_33,100,3,2025
RED SUBTERRANEA,SED2_07685,LLAVE2_19,SP,ALIM2_237,SET2_33,125,3,2025
RED SUBTERRANEA,SED2_07685,LLAVE2_09,SP,ALIM2_237,SET2_33,125,3,2025
RED SUBTERRANEA,SED2_08401,LLAVE2_19,SP,ALIM2_086,SET2_33,160,3,2025
RED SUBTERRANEA,SED2_06910,LLAVE2_09,SP,ALIM2_086,SET2_33,400,3,2025
RED SUBTERRANEA,SED2_00861,LLAVE2_09,SP,ALIM2_334,SET2_22,160,3,2025
RED SUBTERRANEA,SED2_01340,LLAVE2_19,SP,SIN DATA,SIN DATA,SIN DATA,3,2025
RED SUBTERRANEA,SED2_05472,LLAVE2_19,SP,SIN DATA,SIN DATA,SIN DATA,3,2025
RED SUBTERRANEA,SED2_05472,LLAVE2_09,SP,SIN DATA,SIN DATA,SIN DATA,3,2025
RED SUBTERRANEA,SED2_04195,LLAVE2_19,SP,SIN DATA,SIN DATA,SIN DATA,3,2025
RED SUBTERRANEA,SED2_08040,LLAVE2_09,SP,ALIM2_334,SET2_22,400,3,2025
RED SUBTERRANEA,SED2_02996,LLAVE2_19,SP,ALIM2_057,SET2_22,250,3,2025
RED SUBTERRANEA,SED2_01801,LLAVE2_19,SP,ALIM2_057,SET2_22,250,3,2025
RED AEREA,SED2_05293,LLAVE2_19,SP,ALIM2_245,SET2_04,100,3,2025
RED SUBTERRANEA,SED2_04285,LLAVE2_19,SP,ALIM2_082,SET2_03,250,3,2025
RED SUBTERRANEA,SED2_02438,LLAVE2_15,SP,ALIM2_015,SET2_25,100,3,2025
RED SUBTERRANEA,SED2_07334,LLAVE2_19,SP,ALIM2_015,SET2_25,100,3,2025
RED SUBTERRANEA,SED2_09891,LLAVE2_19,SP,ALIM2_176,SET2_31,250,3,2025
RED SUBTERRANEA,SED2_00154,LLAVE2_09,SP,ALIM2_176,SET2_31,100,3,2025
RED AEREA,SED2_09861,LLAVE2_09,SP,ALIM2_155,SET2_02,250,3,2025
RED SUBTERRANEA,SED2_07693,LLAVE2_09,SP,ALIM2_355,SET2_30,250,3,2025
RED SUBTERRANEA,SED2_01264,LLAVE2_09,SP,ALIM2_263,SET2_31,250,3,2025
RED AEREA,SED2_05584,LLAVE2_09,SP,ALIM2_062,SET2_06,100,3,2025
RED AEREA,SED2_06405,LLAVE2_09,SP,ALIM2_322,SET2_13,160,3,2025
RED SUBTERRANEA,SED2_07858,LLAVE2_19,SP,ALIM2_474,SET2_02,250,3,2025
RED SUBTERRANEA,SED2_02981,LLAVE2_21,SP,ALIM2_031,SET2_21,250,3,2025
RED SUBTERRANEA,SED2_05320,LLAVE2_21,SP,ALIM2_464,SET2_09,400,3,2025
RED SUBTERRANEA,SED2_01927,LLAVE2_19,SP,ALIM2_428,SET2_17,250,3,2025
RED SUBTERRANEA,SED2_03666,LLAVE2_09,SP,ALIM2_037,SET2_23,400,3,2025
FUSIBLE,SED2_03666,LLAVE2_15,SP,ALIM2_037,SET2_23,400,3,2025
RED SUBTERRANEA,SED2_06306,LLAVE2_09,SP,ALIM2_026,SET2_30,250,3,2025
RED SUBTERRANEA,SED2_08677,LLAVE2_09,SP,ALIM2_219,SET2_10,400,3,2025
RED SUBTERRANEA,SED2_05007,LLAVE2_19,SP,ALIM2_415,SET2_03,160,3,2025
RED SUBTERRANEA,SED2_05007,LLAVE2_09,SP,ALIM2_415,SET2_03,160,3,2025
RED SUBTERRANEA,SED2_04588,LLAVE2_15,SP,ALIM2_305,SET2_33,160,3,2025
RED SUBTERRANEA,SED2_00823,LLAVE2_09,SP,ALIM2_305,SET2_33,250,3,2025
RED SUBTERRANEA,SED2_08141,LLAVE2_19,SP,ALIM2_077,SET2_40,160,3,2025
RED SUBTERRANEA,SED2_09752,LLAVE2_19,SP,ALIM2_268,SET2_21,250,3,2025
RED AEREA,SED2_03307,LLAVE2_09,SP,ALIM2_194,SET2_35,100,3,2025
RED SUBTERRANEA,SED2_00511,LLAVE2_09,SP,ALIM2_475,SET2_36,250,3,2025
RED AEREA,SED2_02319,LLAVE2_19,SP,ALIM2_280,SET2_24,37,3,2025
RED SUBTERRANEA,SED2_08999,LLAVE2_15,SP,ALIM2_201,SET2_41,250,3,2025
RED AEREA,SED2_06675,LLAVE2_09,SP,ALIM2_093,SET2_21,160,3,2025
RED SUBTERRANEA,SED2_00581,LLAVE2_21,SP,ALIM2_279,SET2_17,250,3,2025
RED SUBTERRANEA,SED2_05644,LLAVE2_15,SP,ALIM2_128,SET2_28,250,3,2025
RED SUBTERRANEA,SED2_08057,LLAVE2_19,SP,ALIM2_408,SET2_36,400,3,2025
RED SUBTERRANEA,SED2_03170,LLAVE2_15,SP,ALIM2_482,SET2_02,400,3,2025
RED AEREA,SED2_07756,LLAVE2_19,SP,ALIM2_136,SET2_12,100,3,2025
RED SUBTERRANEA,SED2_01711,LLAVE2_19,SP,ALIM2_373,SET2_17,250,3,2025
RED SUBTERRANEA,SED2_01711,LLAVE2_15,SP,ALIM2_373,SET2_17,250,3,2025
RED SUBTERRANEA,SED2_06966,LLAVE2_14,SP,ALIM2_158,SET2_33,50,3,2025
RED SUBTERRANEA,SED2_02424,LLAVE2_19,SP,ALIM2_158,SET2_33,400,3,2025
RED SUBTERRANEA,SED2_08010,LLAVE2_09,SP,ALIM2_158,SET2_33,100,3,2025
RED SUBTERRANEA,SED2_07520,LLAVE2_19,SP,ALIM2_160,SET2_33,160,3,2025
RED SUBTERRANEA,SED2_00296,LLAVE2_09,SP,ALIM2_431,SET2_36,400,3,2025
RED AEREA,SED2_02588,LLAVE2_09,SP,ALIM2_404,SET2_22,250,3,2025
RED SUBTERRANEA,SED2_02874,LLAVE2_15,SP,ALIM2_205,SET2_22,160,3,2025
RED AEREA,SED2_00634,LLAVE2_09,SP,ALIM2_194,SET2_35,100,3,2025
RED AEREA,SED2_04082,LLAVE2_09,SP,ALIM2_194,SET2_35,50,3,2025
RED SUBTERRANEA,SED2_08118,LLAVE2_15,SP,ALIM2_014,SET2_41,400,3,2025
RED SUBTERRANEA,SED2_01388,LLAVE2_19,SP,ALIM2_233,SET2_41,100,3,2025
RED AEREA,SED2_09874,LLAVE2_09,SP,ALIM2_117,SET2_10,50,3,2025
RED SUBTERRANEA,SED2_04552,LLAVE2_19,SP,ALIM2_255,SET2_21,250,3,2025
RED SUBTERRANEA,SED2_04552,LLAVE2_09,SP,ALIM2_255,SET2_21,250,3,2025
RED SUBTERRANEA,SED2_03794,LLAVE2_09,SP,ALIM2_255,SET2_21,160,3,2025
RED SUBTERRANEA,SED2_02115,LLAVE2_09,SP,ALIM2_257,SET2_31,160,3,2025
RED SUBTERRANEA,SED2_04920,LLAVE2_09,SP,ALIM2_062,SET2_06,400,3,2025
RED AEREA,SED2_03216,LLAVE2_09,SP,ALIM2_114,SET2_06,160,3,2025
RED SUBTERRANEA,SED2_01678,LLAVE2_21,SP,ALIM2_255,SET2_21,160,3,2025
RED SUBTERRANEA,SED2_01392,LLAVE2_09,SP,ALIM2_042,SET2_06,100,3,2025
RED SUBTERRANEA,SED2_08130,LLAVE2_09,SP,ALIM2_097,SET2_33,250,3,2025
RED SUBTERRANEA,SED2_05341,LLAVE2_19,SP,ALIM2_108,SET2_22,250,3,2025
RED SUBTERRANEA,SED2_05258,LLAVE2_09,SP,ALIM2_421,SET2_10,250,3,2025
RED AEREA,SED2_04387,LLAVE2_19,SP,ALIM2_194,SET2_35,160,3,2025
RED AEREA,SED2_09859,LLAVE2_19,SP,ALIM2_241,SET2_35,250,3,2025
RED AEREA,SED2_01171,LLAVE2_15,SP,ALIM2_053,SET2_12,100,3,2025
FUSIBLE,SED2_02979,LLAVE2_09,SP,SIN DATA,SIN DATA,SIN DATA,3,2025
RED SUBTERRANEA,SED2_07006,LLAVE2_19,SP,ALIM2_024,SET2_40,250,3,2025
RED SUBTERRANEA,SED2_04442,LLAVE2_19,SP,ALIM2_155,SET2_02,400,3,2025
RED SUBTERRANEA,SED2_09634,LLAVE2_09,SP,ALIM2_472,SET2_10,160,3,2025
RED SUBTERRANEA,SED2_03077,LLAVE2_09,SP,ALIM2_472,SET2_10,160,3,2025
RED SUBTERRANEA,SED2_03077,LLAVE2_15,SP,ALIM2_472,SET2_10,160,3,2025
RED SUBTERRANEA,SED2_07173,LLAVE2_09,SP,ALIM2_402,SET2_10,250,3,2025
RED SUBTERRANEA,SED2_01976,LLAVE2_15,SP,ALIM2_242,SET2_03,400,3,2025
RED SUBTERRANEA,SED2_08742,LLAVE2_09,SP,ALIM2_265,SET2_33,250,3,2025
RED SUBTERRANEA,SED2_08986,LLAVE2_09,SP,ALIM2_265,SET2_33,250,3,2025
RED SUBTERRANEA,SED2_04754,LLAVE2_09,SP,ALIM2_265,SET2_33,160,3,2025
RED AEREA,SED2_09710,LLAVE2_09,SP,ALIM2_112,SET2_35,100,3,2025
RED AEREA,SED2_00007,LLAVE2_19,SP,ALIM2_046,SET2_23,100,3,2025
RED AEREA,SED2_00954,LLAVE2_15,SP,ALIM2_413,SET2_13,160,3,2025
RED SUBTERRANEA,SED2_04108,LLAVE2_15,SP,ALIM2_093,SET2_21,100,3,2025
RED SUBTERRANEA,SED2_01233,LLAVE2_19,SP,ALIM2_282,SET2_29,250,3,2025
RED SUBTERRANEA,SED2_09260,LLAVE2_15,SP,ALIM2_416,SET2_33,250,3,2025
RED SUBTERRANEA,SED2_00881,LLAVE2_09,SP,ALIM2_305,SET2_33,160,3,2025
RED SUBTERRANEA,SED2_08915,LLAVE2_09,SP,ALIM2_427,SET2_06,160,3,2025
RED SUBTERRANEA,SED2_05050,LLAVE2_19,SP,ALIM2_390,SET2_09,160,3,2025
RED AEREA,SED2_07705,LLAVE2_09,SP,ALIM2_132,SET2_12,250,3,2025
RED AEREA,SED2_05393,LLAVE2_09,SP,ALIM2_024,SET2_40,160,3,2025
RED AEREA,SED2_06795,LLAVE2_19,SP,ALIM2_132,SET2_12,100,3,2025
RED SUBTERRANEA,SED2_04898,LLAVE2_09,SP,ALIM2_093,SET2_21,250,3,2025
RED AEREA,SED2_05189,LLAVE2_09,SP,ALIM2_481,SET2_12,160,3,2025
RED SUBTERRANEA,SED2_06142,LLAVE2_19,SP,ALIM2_108,SET2_22,250,3,2025
RED SUBTERRANEA,SED2_07992,LLAVE2_09,SP,ALIM2_108,SET2_22,160,3,2025
RED SUBTERRANEA,SED2_02854,LLAVE2_19,SP,ALIM2_470,SET2_02,160,3,2025
RED AEREA,SED2_02414,LLAVE2_19,SP,ALIM2_255,SET2_21,160,3,2025
RED SUBTERRANEA,SED2_02458,LLAVE2_19,SP,ALIM2_475,SET2_36,250,3,2025
RED SUBTERRANEA,SED2_00888,LLAVE2_19,SP,ALIM2_077,SET2_40,160,3,2025
RED SUBTERRANEA,SED2_08802,LLAVE2_19,SP,ALIM2_248,SET2_21,160,3,2025
RED AEREA,SED2_04700,LLAVE2_19,SP,ALIM2_194,SET2_35,160,3,2025
RED AEREA,SED2_07597,LLAVE2_09,SP,ALIM2_481,SET2_12,160,3,2025
RED SUBTERRANEA,SED2_07635,LLAVE2_09,SP,ALIM2_183,SET2_12,160,3,2025
RED SUBTERRANEA,SED2_05170,LLAVE2_15,SP,ALIM2_014,SET2_41,250,3,2025
FUSIBLE,SED2_00425,LLAVE2_09,SP,ALIM2_455,SET2_08,630,3,2025
RED SUBTERRANEA,SED2_07448,LLAVE2_15,SP,ALIM2_305,SET2_33,250,3,2025
RED SUBTERRANEA,SED2_07458,LLAVE2_15,SP,ALIM2_233,SET2_41,250,3,2025
RED AEREA,SED2_02669,LLAVE2_19,SP,ALIM2_202,SET2_29,100,3,2025
RED SUBTERRANEA,SED2_01764,LLAVE2_21,SP,ALIM2_254,SET2_31,400,3,2025
RED AEREA,SED2_00124,LLAVE2_19,SP,ALIM2_474,SET2_02,250,3,2025
RED SUBTERRANEA,SED2_01406,LLAVE2_09,SP,ALIM2_061,SET2_41,250,3,2025
RED AEREA,SED2_04792,LLAVE2_15,SP,ALIM2_342,SET2_10,250,3,2025
RED SUBTERRANEA,SED2_02708,LLAVE2_15,SP,ALIM2_342,SET2_10,250,3,2025
RED SUBTERRANEA,SED2_01128,LLAVE2_15,SP,ALIM2_131,SET2_43,160,3,2025
RED SUBTERRANEA,SED2_08047,LLAVE2_19,SP,ALIM2_420,SET2_21,100,3,2025
RED SUBTERRANEA,SED2_09604,LLAVE2_19,SP,ALIM2_058,SET2_43,250,3,2025
RED SUBTERRANEA,SED2_05980,LLAVE2_19,SP,ALIM2_135,SET2_43,100,3,2025
RED SUBTERRANEA,SED2_08534,LLAVE2_09,SP,ALIM2_135,SET2_43,160,3,2025
RED SUBTERRANEA,SED2_04611,LLAVE2_19,SP,ALIM2_131,SET2_43,100,3,2025
RED SUBTERRANEA,SED2_03960,LLAVE2_09,SP,ALIM2_117,SET2_10,630,3,2025
RED SUBTERRANEA,SED2_02080,LLAVE2_09,SP,ALIM2_309,SET2_30,100,3,2025
RED SUBTERRANEA,SED2_07651,LLAVE2_19,SP,ALIM2_355,SET2_30,160,3,2025
RED SUBTERRANEA,SED2_09352,LLAVE2_09,SP,ALIM2_185,SET2_31,100,3,2025
RED SUBTERRANEA,SED2_05627,LLAVE2_15,SP,ALIM2_323,SET2_40,100,3,2025
RED SUBTERRANEA,SED2_06272,LLAVE2_21,SP,ALIM2_221,SET2_36,250,3,2025
RED SUBTERRANEA,SED2_02976,LLAVE2_19,SP,ALIM2_302,SET2_27,630,3,2025
RED SUBTERRANEA,SED2_06702,LLAVE2_19,SP,ALIM2_406,SET2_46,630,3,2025
RED SUBTERRANEA,SED2_06702,LLAVE2_09,SP,ALIM2_406,SET2_46,630,3,2025
RED SUBTERRANEA,SED2_06702,LLAVE2_21,SP,ALIM2_406,SET2_46,630,3,2025
RED SUBTERRANEA,SED2_02726,LLAVE2_15,SP,ALIM2_020,SET2_46,630,3,2025
RED SUBTERRANEA,SED2_06146,LLAVE2_21,SP,ALIM2_164,SET2_16,400,3,2025
RED AEREA,SED2_04634,LLAVE2_19,SP,ALIM2_370,SET2_21,250,3,2025
RED SUBTERRANEA,SED2_04048,LLAVE2_15,SP,ALIM2_046,SET2_23,630,3,2025
RED SUBTERRANEA,SED2_03777,LLAVE2_19,SP,ALIM2_355,SET2_30,250,3,2025
RED SUBTERRANEA,SED2_05098,LLAVE2_19,SP,ALIM2_355,SET2_30,100,3,2025
RED SUBTERRANEA,SED2_08477,LLAVE2_15,SP,ALIM2_355,SET2_30,100,3,2025
RED SUBTERRANEA,SED2_07568,LLAVE2_19,SP,ALIM2_065,SET2_17,160,3,2025
RED SUBTERRANEA,SED2_09333,LLAVE2_15,SP,ALIM2_065,SET2_17,250,3,2025
RED SUBTERRANEA,SED2_08564,LLAVE2_15,SP,ALIM2_011,SET2_17,250,3,2025
RED SUBTERRANEA,SED2_02175,LLAVE2_09,SP,ALIM2_070,SET2_16,250,3,2025
RED SUBTERRANEA,SED2_07748,LLAVE2_09,SP,ALIM2_143,SET2_08,250,3,2025
RED SUBTERRANEA,SED2_07748,LLAVE2_15,SP,ALIM2_143,SET2_08,250,3,2025
RED SUBTERRANEA,SED2_02584,LLAVE2_09,SP,ALIM2_233,SET2_41,250,3,2025
RED SUBTERRANEA,SED2_04527,LLAVE2_21,SP,ALIM2_233,SET2_41,400,3,2025
RED SUBTERRANEA,SED2_05094,LLAVE2_09,SP,ALIM2_233,SET2_41,400,3,2025
RED SUBTERRANEA,SED2_08952,LLAVE2_19,SP,ALIM2_143,SET2_08,250,3,2025
RED SUBTERRANEA,SED2_08805,LLAVE2_19,SP,ALIM2_463,SET2_36,400,3,2025
RED SUBTERRANEA,SED2_01380,LLAVE2_09,SP,ALIM2_463,SET2_36,400,3,2025
RED SUBTERRANEA,SED2_02603,LLAVE2_19,SP,ALIM2_387,SET2_26,250,3,2025
RED SUBTERRANEA,SED2_04261,LLAVE2_09,SP,ALIM2_431,SET2_36,300,3,2025
RED SUBTERRANEA,SED2_01674,LLAVE2_19,SP,ALIM2_235,SET2_46,250,3,2025
RED SUBTERRANEA,SED2_08149,LLAVE2_19,SP,ALIM2_164,SET2_16,630,3,2025
RED SUBTERRANEA,SED2_08978,LLAVE2_21,SP,ALIM2_435,SET2_38,630,3,2025
RED SUBTERRANEA,SED2_08611,LLAVE2_19,SP,ALIM2_240,SET2_46,400,3,2025
RED SUBTERRANEA,SED2_01653,LLAVE2_19,SP,ALIM2_118,SET2_08,400,3,2025
RED SUBTERRANEA,SED2_03781,LLAVE2_09,SP,ALIM2_352,SET2_27,250,3,2025
RED SUBTERRANEA,SED2_00344,LLAVE2_21,SP,ALIM2_366,SET2_27,400,3,2025
RED SUBTERRANEA,SED2_07935,LLAVE2_09,SP,ALIM2_020,SET2_46,400,3,2025
RED SUBTERRANEA,SED2_09288,LLAVE2_09,SP,ALIM2_193,SET2_31,160,3,2025
RED SUBTERRANEA,SED2_01748,LLAVE2_15,SP,ALIM2_152,SET2_40,400,3,2025
RED SUBTERRANEA,SED2_09864,LLAVE2_09,SP,ALIM2_417,SET2_36,200,3,2025
RED SUBTERRANEA,SED2_06976,LLAVE2_19,SP,ALIM2_272,SET2_08,400,3,2025
RED SUBTERRANEA,SED2_00529,LLAVE2_19,SP,ALIM2_435,SET2_38,630,3,2025
RED SUBTERRANEA,SED2_09348,LLAVE2_09,SP,ALIM2_222,SET2_16,250,3,2025
RED SUBTERRANEA,SED2_01419,LLAVE2_09,SP,ALIM2_064,SET2_01,250,3,2025
RED SUBTERRANEA,SED2_09739,LLAVE2_09,SP,ALIM2_463,SET2_36,250,3,2025
RED SUBTERRANEA,SED2_09025,LLAVE2_15,SP,ALIM2_020,SET2_46,400,3,2025
RED SUBTERRANEA,SED2_05552,LLAVE2_19,SP,ALIM2_020,SET2_46,630,3,2025
RED SUBTERRANEA,SED2_05552,LLAVE2_21,SP,ALIM2_020,SET2_46,630,3,2025
RED SUBTERRANEA,SED2_06993,LLAVE2_09,SP,ALIM2_236,SET2_38,400,3,2025
RED SUBTERRANEA,SED2_06993,LLAVE2_15,SP,ALIM2_236,SET2_38,400,3,2025
RED SUBTERRANEA,SED2_06423,LLAVE2_19,SP,ALIM2_302,SET2_27,400,3,2025
RED SUBTERRANEA,SED2_02130,LLAVE2_14,SP,ALIM2_006,SET2_08,400,3,2025
RED SUBTERRANEA,SED2_06882,LLAVE2_09,SP,ALIM2_244,SET2_32,250,3,2025
RED SUBTERRANEA,SED2_05266,LLAVE2_19,SP,ALIM2_016,SET2_36,250,3,2025
RED SUBTERRANEA,SED2_05266,LLAVE2_15,SP,ALIM2_016,SET2_36,250,3,2025
RED SUBTERRANEA,SED2_04763,LLAVE2_19,SP,ALIM2_474,SET2_02,160,3,2025
RED SUBTERRANEA,SED2_02902,LLAVE2_15,SP,ALIM2_257,SET2_31,200,3,2025
RED SUBTERRANEA,SED2_02259,LLAVE2_09,SP,ALIM2_189,SET2_09,250,3,2025
RED SUBTERRANEA,SED2_02152,LLAVE2_19,SP,ALIM2_476,SET2_02,250,3,2025
RED SUBTERRANEA,SED2_06280,LLAVE2_15,SP,ALIM2_439,SET2_08,400,3,2025
RED SUBTERRANEA,SED2_09690,LLAVE2_15,SP,ALIM2_477,SET2_31,250,3,2025
RED SUBTERRANEA,SED2_04211,LLAVE2_19,SP,ALIM2_177,SET2_08,400,3,2025
RED SUBTERRANEA,SED2_05093,LLAVE2_09,SP,ALIM2_332,SET2_08,250,3,2025
RED SUBTERRANEA,SED2_08645,LLAVE2_09,SP,ALIM2_272,SET2_08,630,3,2025
RED SUBTERRANEA,SED2_00773,LLAVE2_19,SP,ALIM2_373,SET2_17,250,3,2025
RED SUBTERRANEA,SED2_08210,LLAVE2_09,SP,ALIM2_202,SET2_29,75,3,2025
RED SUBTERRANEA,SED2_08408,LLAVE2_19,SP,ALIM2_344,SET2_31,630,3,2025
RED SUBTERRANEA,SED2_08408,LLAVE2_09,SP,ALIM2_344,SET2_31,630,3,2025
RED SUBTERRANEA,SED2_01803,LLAVE2_09,SP,ALIM2_262,SET2_01,160,3,2025
RED SUBTERRANEA,SED2_03685,LLAVE2_09,SP,ALIM2_196,SET2_38,160,3,2025
RED SUBTERRANEA,SED2_02676,LLAVE2_09,SP,ALIM2_196,SET2_38,250,3,2025
RED AEREA,SED2_00015,LLAVE2_19,SP,ALIM2_303,SET2_38,400,3,2025
RED SUBTERRANEA,SED2_06454,LLAVE2_15,SP,ALIM2_303,SET2_38,250,3,2025
RED SUBTERRANEA,SED2_07287,LLAVE2_15,SP,ALIM2_303,SET2_38,160,3,2025
RED SUBTERRANEA,SED2_00675,LLAVE2_19,SP,ALIM2_013,SET2_09,160,3,2025
RED AEREA,SED2_08557,LLAVE2_19,SP,ALIM2_465,SET2_28,250,3,2025
RED SUBTERRANEA,SED2_01382,LLAVE2_15,SP,ALIM2_038,SET2_46,100,3,2025
RED SUBTERRANEA,SED2_07452,LLAVE2_09,SP,ALIM2_038,SET2_46,101,3,2025
RED SUBTERRANEA,SED2_04786,LLAVE2_15,SP,ALIM2_180,SET2_17,400,3,2025
RED SUBTERRANEA,SED2_01297,LLAVE2_09,SP,ALIM2_279,SET2_17,400,3,2025
RED SUBTERRANEA,SED2_07550,LLAVE2_09,SP,ALIM2_279,SET2_17,200,3,2025
RED SUBTERRANEA,SED2_07922,LLAVE2_19,SP,ALIM2_167,SET2_35,160,3,2025
RED SUBTERRANEA,SED2_06876,LLAVE2_09,SP,ALIM2_192,SET2_46,400,3,2025
RED SUBTERRANEA,SED2_06876,LLAVE2_15,SP,ALIM2_192,SET2_46,400,3,2025
RED AEREA,SED2_01439,LLAVE2_09,SP,ALIM2_192,SET2_46,100,3,2025
RED SUBTERRANEA,SED2_09386,LLAVE2_19,SP,ALIM2_310,SET2_40,400,3,2025
RED SUBTERRANEA,SED2_09386,LLAVE2_15,SP,ALIM2_310,SET2_40,400,3,2025
RED AEREA,SED2_01490,LLAVE2_09,SP,ALIM2_135,SET2_43,400,3,2025
RED SUBTERRANEA,SED2_01490,LLAVE2_09,SP,ALIM2_135,SET2_43,400,3,2025
RED SUBTERRANEA,SED2_07853,LLAVE2_15,SP,ALIM2_103,SET2_21,630,3,2025
RED SUBTERRANEA,SED2_05480,LLAVE2_09,SP,ALIM2_370,SET2_21,250,3,2025
RED AEREA,SED2_06630,LLAVE2_09,SP,ALIM2_188,SET2_43,250,3,2025
RED SUBTERRANEA,SED2_07616,LLAVE2_19,SP,ALIM2_310,SET2_40,630,3,2025
RED SUBTERRANEA,SED2_01002,LLAVE2_09,SP,ALIM2_427,SET2_06,250,3,2025
RED SUBTERRANEA,SED2_06439,LLAVE2_09,SP,ALIM2_022,SET2_43,400,3,2025
RED SUBTERRANEA,SED2_06439,LLAVE2_21,SP,ALIM2_022,SET2_43,400,3,2025
RED SUBTERRANEA,SED2_09696,LLAVE2_19,SP,ALIM2_196,SET2_38,160,3,2025
RED SUBTERRANEA,SED2_06621,LLAVE2_09,SP,ALIM2_276,SET2_43,250,3,2025
RED SUBTERRANEA,SED2_00852,LLAVE2_19,SP,ALIM2_105,SET2_09,250,3,2025
RED SUBTERRANEA,SED2_04737,LLAVE2_19,SP,ALIM2_102,SET2_02,250,3,2025
RED SUBTERRANEA,SED2_07092,LLAVE2_15,SP,ALIM2_476,SET2_02,250,3,2025
RED SUBTERRANEA,SED2_09889,LLAVE2_09,SP,ALIM2_080,SET2_13,160,3,2025
RED SUBTERRANEA,SED2_05180,LLAVE2_19,SP,ALIM2_474,SET2_02,250,3,2025
RED SUBTERRANEA,SED2_05180,LLAVE2_09,SP,ALIM2_474,SET2_02,250,3,2025
RED SUBTERRANEA,SED2_03154,LLAVE2_09,SP,ALIM2_474,SET2_02,100,3,2025
RED SUBTERRANEA,SED2_03703,LLAVE2_09,SP,ALIM2_214,SET2_36,200,3,2025
RED SUBTERRANEA,SED2_00378,LLAVE2_09,SP,ALIM2_214,SET2_36,160,3,2025
RED SUBTERRANEA,SED2_05113,LLAVE2_15,SP,ALIM2_070,SET2_16,400,3,2025
RED SUBTERRANEA,SED2_04112,LLAVE2_09,SP,ALIM2_155,SET2_02,250,3,2025
RED SUBTERRANEA,SED2_04783,LLAVE2_19,SP,ALIM2_155,SET2_02,160,3,2025
RED SUBTERRANEA,SED2_08096,LLAVE2_09,SP,ALIM2_332,SET2_08,250,3,2025
RED SUBTERRANEA,SED2_05994,LLAVE2_15,SP,ALIM2_417,SET2_36,400,3,2025
FUSIBLE,SED2_06225,LLAVE2_19,SP,ALIM2_460,SET2_16,400,3,2025
FUSIBLE,SED2_06225,LLAVE2_15,SP,ALIM2_460,SET2_16,400,3,2025
RED SUBTERRANEA,SED2_06225,LLAVE2_21,SP,ALIM2_460,SET2_16,400,3,2025
RED SUBTERRANEA,SED2_07419,LLAVE2_09,SP,ALIM2_250,SET2_27,250,3,2025
RED SUBTERRANEA,SED2_07419,LLAVE2_15,SP,ALIM2_250,SET2_27,250,3,2025
RED SUBTERRANEA,SED2_04337,LLAVE2_09,SP,ALIM2_208,SET2_13,250,3,2025
RED SUBTERRANEA,SED2_09160,LLAVE2_19,SP,ALIM2_436,SET2_23,75,3,2025
RED SUBTERRANEA,SED2_08920,LLAVE2_19,SP,ALIM2_436,SET2_23,160,3,2025
RED SUBTERRANEA,SED2_06100,LLAVE2_19,SP,ALIM2_295,SET2_23,100,3,2025
RED SUBTERRANEA,SED2_06100,LLAVE2_09,SP,ALIM2_295,SET2_23,100,3,2025
RED SUBTERRANEA,SED2_07090,LLAVE2_19,SP,ALIM2_177,SET2_08,630,3,2025
RED SUBTERRANEA,SED2_03141,LLAVE2_15,SP,ALIM2_295,SET2_23,200,3,2025
RED SUBTERRANEA,SED2_08722,LLAVE2_09,SP,ALIM2_042,SET2_06,160,3,2025
RED SUBTERRANEA,SED2_02813,LLAVE2_09,SP,ALIM2_042,SET2_06,100,3,2025
RED SUBTERRANEA,SED2_00305,LLAVE2_09,SP,ALIM2_295,SET2_23,160,3,2025
RED SUBTERRANEA,SED2_09337,LLAVE2_19,SP,ALIM2_428,SET2_17,200,3,2025
RED SUBTERRANEA,SED2_08818,LLAVE2_09,SP,ALIM2_189,SET2_09,100,3,2025
RED SUBTERRANEA,SED2_00259,LLAVE2_19,SP,ALIM2_135,SET2_43,75,3,2025
RED SUBTERRANEA,SED2_00259,LLAVE2_09,SP,ALIM2_135,SET2_43,75,3,2025
RED SUBTERRANEA,SED2_07131,LLAVE2_15,SP,ALIM2_261,SET2_38,400,3,2025
RED SUBTERRANEA,SED2_08430,LLAVE2_19,SP,ALIM2_210,SET2_40,250,3,2025
RED AEREA,SED2_09323,LLAVE2_19,SP,ALIM2_235,SET2_46,160,3,2025
RED SUBTERRANEA,SED2_00440,LLAVE2_09,SP,ALIM2_475,SET2_36,250,3,2025
RED SUBTERRANEA,SED2_09368,LLAVE2_19,SP,ALIM2_332,SET2_08,400,3,2025
RED SUBTERRANEA,SED2_09368,LLAVE2_09,SP,ALIM2_332,SET2_08,400,3,2025
RED SUBTERRANEA,SED2_07964,LLAVE2_19,SP,ALIM2_159,SET2_16,250,3,2025
RED SUBTERRANEA,SED2_03060,LLAVE2_19,SP,ALIM2_150,SET2_16,400,3,2025
RED SUBTERRANEA,SED2_03689,LLAVE2_09,SP,ALIM2_267,SET2_23,160,3,2025
RED SUBTERRANEA,SED2_07325,LLAVE2_15,SP,ALIM2_267,SET2_23,100,3,2025
RED SUBTERRANEA,SED2_04109,LLAVE2_09,SP,ALIM2_361,SET2_23,160,3,2025
RED SUBTERRANEA,SED2_04109,LLAVE2_15,SP,ALIM2_361,SET2_23,160,3,2025
RED AEREA,SED2_06269,LLAVE2_15,SP,ALIM2_072,SET2_23,160,3,2025
RED SUBTERRANEA,SED2_04809,LLAVE2_19,SP,ALIM2_361,SET2_23,100,3,2025
RED SUBTERRANEA,SED2_04809,LLAVE2_09,SP,ALIM2_361,SET2_23,100,3,2025
RED SUBTERRANEA,SED2_01217,LLAVE2_09,SP,ALIM2_083,SET2_23,150,3,2025
RED SUBTERRANEA,SED2_07459,LLAVE2_19,SP,ALIM2_267,SET2_23,250,3,2025
RED SUBTERRANEA,SED2_09113,LLAVE2_15,SP,ALIM2_001,SET2_36,160,3,2025
FUSIBLE,SED2_01436,LLAVE2_15,SP,ALIM2_370,SET2_21,400,3,2025
RED SUBTERRANEA,SED2_04745,LLAVE2_21,SP,ALIM2_453,SET2_43,400,3,2025
RED SUBTERRANEA,SED2_00870,LLAVE2_19,SP,ALIM2_045,SET2_38,250,3,2025
RED SUBTERRANEA,SED2_00781,LLAVE2_09,SP,ALIM2_358,SET2_38,400,3,2025
RED SUBTERRANEA,SED2_09312,LLAVE2_09,SP,ALIM2_077,SET2_40,250,3,2025
RED SUBTERRANEA,SED2_08452,LLAVE2_19,SP,ALIM2_447,SET2_26,160,3,2025
FUSIBLE,SED2_08567,LLAVE2_15,SP,ALIM2_397,SET2_08,250,3,2025
RED SUBTERRANEA,SED2_00808,LLAVE2_09,SP,ALIM2_257,SET2_31,250,3,2025
RED SUBTERRANEA,SED2_08745,LLAVE2_15,SP,ALIM2_263,SET2_31,400,3,2025
RED SUBTERRANEA,SED2_09014,LLAVE2_15,SP,ALIM2_254,SET2_31,400,3,2025
RED SUBTERRANEA,SED2_06108,LLAVE2_15,SP,ALIM2_248,SET2_21,400,3,2025
RED SUBTERRANEA,SED2_01071,LLAVE2_21,SP,ALIM2_193,SET2_31,250,3,2025
RED SUBTERRANEA,SED2_00534,LLAVE2_09,SP,ALIM2_193,SET2_31,250,3,2025
RED SUBTERRANEA,SED2_07862,LLAVE2_19,SP,ALIM2_475,SET2_36,100,3,2025
RED SUBTERRANEA,SED2_04781,LLAVE2_09,SP,ALIM2_475,SET2_36,160,3,2025
RED SUBTERRANEA,SED2_06066,LLAVE2_09,SP,ALIM2_480,SET2_03,160,3,2025
RED SUBTERRANEA,SED2_02807,LLAVE2_09,SP,ALIM2_004,SET2_31,250,3,2025
RED SUBTERRANEA,SED2_01633,LLAVE2_09,SP,ALIM2_046,SET2_23,400,3,2025
RED SUBTERRANEA,SED2_01633,LLAVE2_15,SP,ALIM2_046,SET2_23,400,3,2025
RED SUBTERRANEA,SED2_05592,LLAVE2_19,SP,ALIM2_046,SET2_23,400,3,2025
RED SUBTERRANEA,SED2_05592,LLAVE2_09,SP,ALIM2_046,SET2_23,400,3,2025
RED SUBTERRANEA,SED2_02299,LLAVE2_09,SP,ALIM2_248,SET2_21,400,3,2025
RED SUBTERRANEA,SED2_05406,LLAVE2_09,SP,ALIM2_165,SET2_06,300,3,2025
RED SUBTERRANEA,SED2_04304,LLAVE2_21,SP,ALIM2_016,SET2_36,400,3,2025
RED SUBTERRANEA,SED2_09509,LLAVE2_09,SP,ALIM2_075,SET2_36,315,3,2025
RED SUBTERRANEA,SED2_05135,LLAVE2_19,SP,ALIM2_296,SET2_23,160,3,2025
RED AEREA,SED2_08351,LLAVE2_19,SP,ALIM2_117,SET2_10,160,3,2025
RED SUBTERRANEA,SED2_01166,LLAVE2_19,SP,ALIM2_436,SET2_23,50,3,2025
RED SUBTERRANEA,SED2_01166,LLAVE2_15,SP,ALIM2_436,SET2_23,50,3,2025
RED SUBTERRANEA,SED2_00641,LLAVE2_09,SP,ALIM2_077,SET2_40,400,3,2025
RED SUBTERRANEA,SED2_03924,LLAVE2_09,SP,ALIM2_090,SET2_46,630,3,2025
FUSIBLE,SED2_03924,LLAVE2_15,SP,ALIM2_090,SET2_46,630,3,2025
RED SUBTERRANEA,SED2_03924,LLAVE2_15,SP,ALIM2_090,SET2_46,630,3,2025
RED SUBTERRANEA,SED2_03924,LLAVE2_21,SP,ALIM2_090,SET2_46,630,3,2025
RED SUBTERRANEA,SED2_01176,LLAVE2_15,SP,ALIM2_276,SET2_43,630,3,2025
RED AEREA,SED2_00083,LLAVE2_15,SP,ALIM2_330,SET2_23,250,3,2025
RED SUBTERRANEA,SED2_08320,LLAVE2_09,SP,ALIM2_302,SET2_27,400,3,2025
FUSIBLE,SED2_00494,LLAVE2_21,SP,SIN DATA,SIN DATA,SIN DATA,3,2025
RED SUBTERRANEA,SED2_04631,LLAVE2_21,SP,ALIM2_047,SET2_31,630,3,2025
RED SUBTERRANEA,SED2_04869,LLAVE2_19,SP,ALIM2_312,SET2_09,250,3,2025
RED SUBTERRANEA,SED2_07691,LLAVE2_15,SP,ALIM2_067,SET2_35,250,3,2025
RED SUBTERRANEA,SED2_03824,LLAVE2_19,SP,ALIM2_473,SET2_46,250,3,2025
RED SUBTERRANEA,SED2_03667,LLAVE2_21,SP,ALIM2_076,SET2_13,250,3,2025
RED SUBTERRANEA,SED2_06975,LLAVE2_09,SP,ALIM2_447,SET2_26,100,3,2025
RED SUBTERRANEA,SED2_04697,LLAVE2_15,SP,ALIM2_447,SET2_26,160,3,2025
RED SUBTERRANEA,SED2_04679,LLAVE2_19,SP,ALIM2_175,SET2_30,160,3,2025
RED SUBTERRANEA,SED2_04679,LLAVE2_09,SP,ALIM2_175,SET2_30,160,3,2025
RED SUBTERRANEA,SED2_03462,LLAVE2_19,SP,ALIM2_455,SET2_08,315,3,2025
RED SUBTERRANEA,SED2_03462,LLAVE2_09,SP,ALIM2_455,SET2_08,315,3,2025
RED SUBTERRANEA,SED2_09708,LLAVE2_09,SP,ALIM2_260,SET2_13,100,3,2025
RED SUBTERRANEA,SED2_01607,LLAVE2_15,SP,ALIM2_026,SET2_30,250,3,2025
RED SUBTERRANEA,SED2_01513,LLAVE2_19,SP,ALIM2_240,SET2_46,400,3,2025
RED SUBTERRANEA,SED2_07430,LLAVE2_19,SP,ALIM2_339,SET2_15,160,3,2025
RED SUBTERRANEA,SED2_07727,LLAVE2_15,SP,ALIM2_339,SET2_15,160,3,2025
RED SUBTERRANEA,SED2_08631,LLAVE2_09,SP,ALIM2_260,SET2_13,250,3,2025
RED SUBTERRANEA,SED2_04369,LLAVE2_09,SP,ALIM2_296,SET2_23,100,3,2025
RED SUBTERRANEA,SED2_00329,LLAVE2_21,SP,ALIM2_296,SET2_23,100,3,2025
RED SUBTERRANEA,SED2_01972,LLAVE2_09,SP,ALIM2_296,SET2_23,100,3,2025
RED SUBTERRANEA,SED2_03292,LLAVE2_09,SP,ALIM2_420,SET2_21,250,3,2025
RED SUBTERRANEA,SED2_03692,LLAVE2_19,SP,ALIM2_202,SET2_29,160,3,2025
RED SUBTERRANEA,SED2_05614,LLAVE2_09,SP,ALIM2_233,SET2_41,250,3,2025
RED SUBTERRANEA,SED2_06840,LLAVE2_19,SP,ALIM2_233,SET2_41,400,3,2025
RED SUBTERRANEA,SED2_03700,LLAVE2_19,SP,ALIM2_221,SET2_36,250,3,2025
RED SUBTERRANEA,SED2_06036,LLAVE2_15,SP,ALIM2_279,SET2_17,400,3,2025
RED SUBTERRANEA,SED2_01110,LLAVE2_09,SP,ALIM2_316,SET2_23,100,3,2025
RED SUBTERRANEA,SED2_09298,LLAVE2_15,SP,ALIM2_096,SET2_03,250,3,2025
RED SUBTERRANEA,SED2_02703,LLAVE2_19,SP,ALIM2_135,SET2_43,250,3,2025
RED SUBTERRANEA,SED2_06517,LLAVE2_09,SP,ALIM2_081,SET2_21,160,3,2025
RED SUBTERRANEA,SED2_02121,LLAVE2_21,SP,ALIM2_081,SET2_21,250,3,2025
RED SUBTERRANEA,SED2_02286,LLAVE2_09,SP,ALIM2_177,SET2_08,400,3,2025
RED AEREA,SED2_04947,LLAVE2_19,SP,ALIM2_355,SET2_30,50,3,2025
RED SUBTERRANEA,SED2_04947,LLAVE2_09,SP,ALIM2_355,SET2_30,50,3,2025
RED SUBTERRANEA,SED2_06561,LLAVE2_19,SP,ALIM2_371,SET2_02,250,3,2025
RED SUBTERRANEA,SED2_02279,LLAVE2_15,SP,ALIM2_126,SET2_02,250,3,2025
RED SUBTERRANEA,SED2_09464,LLAVE2_19,SP,ALIM2_011,SET2_17,630,3,2025
RED SUBTERRANEA,SED2_08109,LLAVE2_19,SP,ALIM2_077,SET2_40,250,3,2025
RED SUBTERRANEA,SED2_02776,LLAVE2_21,SP,ALIM2_417,SET2_36,400,3,2025
RED SUBTERRANEA,SED2_03453,LLAVE2_09,SP,ALIM2_234,SET2_09,250,3,2025
RED SUBTERRANEA,SED2_07624,LLAVE2_19,SP,ALIM2_117,SET2_10,160,3,2025
RED SUBTERRANEA,SED2_03758,LLAVE2_09,SP,ALIM2_117,SET2_10,250,3,2025
RED SUBTERRANEA,SED2_00017,LLAVE2_09,SP,ALIM2_447,SET2_26,250,3,2025
RED SUBTERRANEA,SED2_04090,LLAVE2_19,SP,ALIM2_257,SET2_31,160,3,2025
RED SUBTERRANEA,SED2_09161,LLAVE2_21,SP,ALIM2_430,SET2_08,400,3,2025
RED SUBTERRANEA,SED2_03456,LLAVE2_19,SP,ALIM2_143,SET2_08,400,3,2025
RED SUBTERRANEA,SED2_06666,LLAVE2_15,SP,ALIM2_006,SET2_08,400,3,2025
RED SUBTERRANEA,SED2_04301,LLAVE2_19,SP,ALIM2_042,SET2_06,160,3,2025
RED SUBTERRANEA,SED2_02233,LLAVE2_09,SP,ALIM2_022,SET2_43,160,3,2025
RED SUBTERRANEA,SED2_02233,LLAVE2_15,SP,ALIM2_022,SET2_43,160,3,2025
RED SUBTERRANEA,SED2_09935,LLAVE2_21,SP,ALIM2_034,SET2_31,160,3,2025
RED AEREA,SED2_00616,LLAVE2_09,SP,ALIM2_245,SET2_04,100,3,2025
RED AEREA,SED2_00557,LLAVE2_09,SP,ALIM2_167,SET2_35,100,3,2025
RED AEREA,SED2_08396,LLAVE2_19,SP,ALIM2_459,SET2_13,100,3,2025
RED AEREA,SED2_02822,LLAVE2_19,SP,ALIM2_459,SET2_13,40,3,2025
RED AEREA,SED2_06568,LLAVE2_19,SP,ALIM2_217,SET2_35,25,3,2025
RED AEREA,SED2_08323,LLAVE2_19,SP,ALIM2_183,SET2_12,37,3,2025
RED AEREA,SED2_02926,LLAVE2_09,SP,ALIM2_183,SET2_12,100,3,2025
RED AEREA,SED2_03407,LLAVE2_19,SP,ALIM2_112,SET2_35,100,3,2025
RED AEREA,SED2_00046,LLAVE2_09,SP,ALIM2_066,SET2_10,100,3,2025
RED AEREA,SED2_09251,LLAVE2_09,SP,ALIM2_245,SET2_04,100,3,2025
RED AEREA,SED2_07267,LLAVE2_09,SP,ALIM2_267,SET2_23,160,3,2025
RED SUBTERRANEA,SED2_09575,LLAVE2_21,SP,ALIM2_366,SET2_27,630,3,2025
RED AEREA,SED2_09420,LLAVE2_19,SP,ALIM2_280,SET2_24,100,3,2025
RED AEREA,SED2_09420,LLAVE2_09,SP,ALIM2_280,SET2_24,100,3,2025
RED AEREA,SED2_02597,LLAVE2_09,SP,ALIM2_161,SET2_04,160,3,2025
RED AEREA,SED2_06127,LLAVE2_09,SP,ALIM2_194,SET2_35,160,3,2025
RED AEREA,SED2_04719,LLAVE2_19,SP,ALIM2_115,SET2_12,100,3,2025
RED AEREA,SED2_01729,LLAVE2_09,SP,ALIM2_115,SET2_12,160,3,2025
RED AEREA,SED2_08877,LLAVE2_09,SP,ALIM2_115,SET2_12,100,3,2025
RED AEREA,SED2_09894,LLAVE2_19,SP,ALIM2_115,SET2_12,100,3,2025
RED AEREA,SED2_09010,LLAVE2_19,SP,ALIM2_115,SET2_12,100,3,2025
RED AEREA,SED2_04958,LLAVE2_09,SP,ALIM2_115,SET2_12,100,3,2025
RED AEREA,SED2_07566,LLAVE2_19,SP,ALIM2_115,SET2_12,100,3,2025
RED AEREA,SED2_03968,LLAVE2_19,SP,ALIM2_066,SET2_10,100,3,2025
RED AEREA,SED2_07764,LLAVE2_19,SP,ALIM2_066,SET2_10,100,3,2025
RED AEREA,SED2_02039,LLAVE2_09,SP,ALIM2_066,SET2_10,100,3,2025
RED AEREA,SED2_07051,LLAVE2_09,SP,ALIM2_066,SET2_10,100,3,2025
RED AEREA,SED2_07371,LLAVE2_09,SP,ALIM2_066,SET2_10,100,3,2025
RED SUBTERRANEA,SED2_04350,LLAVE2_15,SP,ALIM2_263,SET2_31,250,3,2025
RED SUBTERRANEA,SED2_04356,LLAVE2_19,SP,ALIM2_175,SET2_30,160,3,2025
RED AEREA,SED2_01226,LLAVE2_19,SP,ALIM2_204,SET2_02,160,3,2025
FUSIBLE,SED2_04469,LLAVE2_19,SP,ALIM2_319,SET2_36,250,3,2025
RED AEREA,SED2_09764,LLAVE2_19,SP,ALIM2_136,SET2_12,100,3,2025
RED AEREA,SED2_05890,LLAVE2_19,SP,ALIM2_136,SET2_12,160,3,2025
RED SUBTERRANEA,SED2_09720,LLAVE2_15,SP,ALIM2_042,SET2_06,100,3,2025
RED AEREA,SED2_09466,LLAVE2_19,SP,ALIM2_472,SET2_10,50,3,2025
RED AEREA,SED2_02257,LLAVE2_09,SP,ALIM2_160,SET2_33,250,3,2025
RED SUBTERRANEA,SED2_03624,LLAVE2_09,SP,ALIM2_046,SET2_23,250,3,2025
RED SUBTERRANEA,SED2_01482,LLAVE2_09,SP,ALIM2_185,SET2_31,250,3,2025
RED AEREA,SED2_06659,LLAVE2_19,SP,ALIM2_416,SET2_33,100,3,2025
RED AEREA,SED2_02917,LLAVE2_19,SP,ALIM2_306,SET2_12,100,3,2025
RED AEREA,SED2_08164,LLAVE2_19,SP,ALIM2_306,SET2_12,250,3,2025
RED SUBTERRANEA,SED2_01579,LLAVE2_19,SP,ALIM2_173,SET2_16,630,3,2025
RED AEREA,SED2_03069,LLAVE2_19,SP,ALIM2_472,SET2_10,100,3,2025
RED SUBTERRANEA,SED2_09686,LLAVE2_15,SP,ALIM2_464,SET2_09,250,3,2025
RED AEREA,SED2_08933,LLAVE2_09,SP,ALIM2_066,SET2_10,100,3,2025
RED AEREA,SED2_07169,LLAVE2_09,SP,ALIM2_136,SET2_12,100,3,2025
RED AEREA,SED2_06725,LLAVE2_19,SP,ALIM2_132,SET2_12,160,3,2025
RED AEREA,SED2_04385,LLAVE2_19,SP,ALIM2_037,SET2_23,160,3,2025
RED AEREA,SED2_04421,LLAVE2_09,SP,ALIM2_282,SET2_29,100,3,2025
RED AEREA,SED2_08168,LLAVE2_09,SP,ALIM2_219,SET2_10,100,3,2025
RED SUBTERRANEA,SED2_02372,LLAVE2_15,SP,ALIM2_099,SET2_31,250,3,2025
RED SUBTERRANEA,SED2_00833,LLAVE2_15,SP,ALIM2_263,SET2_31,250,3,2025
RED SUBTERRANEA,SED2_02784,LLAVE2_19,SP,ALIM2_407,SET2_30,400,3,2025
RED AEREA,SED2_04234,LLAVE2_09,SP,ALIM2_161,SET2_04,50,3,2025
RED AEREA,SED2_04522,LLAVE2_14,SP,ALIM2_217,SET2_35,400,3,2025
RED SUBTERRANEA,SED2_05781,LLAVE2_19,SP,ALIM2_267,SET2_23,100,3,2025
RED SUBTERRANEA,SED2_09481,LLAVE2_09,SP,ALIM2_309,SET2_30,160,3,2025
RED SUBTERRANEA,SED2_02404,LLAVE2_19,SP,ALIM2_469,SET2_41,160,3,2025
RED SUBTERRANEA,SED2_01202,LLAVE2_09,SP,ALIM2_286,SET2_36,250,3,2025
RED SUBTERRANEA,SED2_08697,LLAVE2_19,SP,ALIM2_129,SET2_02,250,3,2025
RED SUBTERRANEA,SED2_06820,LLAVE2_15,SP,ALIM2_195,SET2_27,630,3,2025
RED AEREA,SED2_01449,LLAVE2_19,SP,ALIM2_202,SET2_29,100,3,2025
RED SUBTERRANEA,SED2_06929,LLAVE2_21,SP,ALIM2_310,SET2_40,250,3,2025
RED SUBTERRANEA,SED2_00331,LLAVE2_19,SP,ALIM2_026,SET2_30,250,3,2025
RED SUBTERRANEA,SED2_02249,LLAVE2_21,SP,ALIM2_242,SET2_03,250,3,2025
RED AEREA,SED2_03370,LLAVE2_09,SP,ALIM2_078,SET2_10,100,3,2025
RED AEREA,SED2_08297,LLAVE2_09,SP,ALIM2_032,SET2_04,400,3,2025
RED AEREA,SED2_01507,LLAVE2_09,SP,ALIM2_032,SET2_04,100,3,2025
RED AEREA,SED2_02016,LLAVE2_09,SP,ALIM2_265,SET2_33,100,3,2025
RED SUBTERRANEA,SED2_08325,LLAVE2_19,SP,ALIM2_276,SET2_43,160,3,2025
RED SUBTERRANEA,SED2_03169,LLAVE2_19,SP,ALIM2_108,SET2_22,160,3,2025
RED SUBTERRANEA,SED2_01923,LLAVE2_15,SP,ALIM2_204,SET2_02,400,3,2025
FUSIBLE,SED2_01923,LLAVE2_21,SP,ALIM2_204,SET2_02,400,3,2025
RED SUBTERRANEA,SED2_09534,LLAVE2_19,SP,ALIM2_267,SET2_23,100,3,2025
RED SUBTERRANEA,SED2_03528,LLAVE2_19,SP,ALIM2_037,SET2_23,250,3,2025
RED AEREA,SED2_04172,LLAVE2_15,SP,ALIM2_370,SET2_21,250,3,2025
RED SUBTERRANEA,SED2_06119,LLAVE2_19,SP,ALIM2_045,SET2_38,400,3,2025
RED SUBTERRANEA,SED2_00287,LLAVE2_09,SP,ALIM2_466,SET2_31,400,3,2025
RED SUBTERRANEA,SED2_00452,LLAVE2_09,SP,ALIM2_164,SET2_16,250,3,2025
RED SUBTERRANEA,SED2_06431,LLAVE2_09,SP,ALIM2_436,SET2_23,100,3,2025
RED SUBTERRANEA,SED2_04355,LLAVE2_09,SP,ALIM2_022,SET2_43,250,3,2025
RED SUBTERRANEA,SED2_09689,LLAVE2_19,SP,ALIM2_068,SET2_32,250,3,2025
RED AEREA,SED2_04852,LLAVE2_19,SP,ALIM2_267,SET2_23,100,3,2025
RED SUBTERRANEA,SED2_06872,LLAVE2_09,SP,ALIM2_176,SET2_31,250,3,2025
RED SUBTERRANEA,SED2_06872,LLAVE2_15,SP,ALIM2_176,SET2_31,250,3,2025
RED SUBTERRANEA,SED2_00916,LLAVE2_19,SP,ALIM2_104,SET2_17,250,3,2025
RED SUBTERRANEA,SED2_07475,LLAVE2_19,SP,ALIM2_319,SET2_36,250,3,2025
RED AEREA,SED2_01144,LLAVE2_19,SP,ALIM2_136,SET2_12,250,3,2025
RED AEREA,SED2_00067,LLAVE2_15,SP,ALIM2_391,SET2_10,100,3,2025
RED AEREA,SED2_07864,LLAVE2_15,SP,ALIM2_391,SET2_10,100,3,2025
RED AEREA,SED2_02085,LLAVE2_15,SP,ALIM2_391,SET2_10,100,3,2025
RED SUBTERRANEA,SED2_08484,LLAVE2_09,SP,ALIM2_026,SET2_30,100,3,2025
RED SUBTERRANEA,SED2_03510,LLAVE2_09,SP,ALIM2_477,SET2_31,400,3,2025
RED SUBTERRANEA,SED2_03510,LLAVE2_21,SP,ALIM2_477,SET2_31,400,3,2025
RED AEREA,SED2_03415,LLAVE2_15,SP,ALIM2_316,SET2_23,100,3,2025
FUSIBLE,SED2_00292,LLAVE2_19,SP,ALIM2_396,SET2_11,160,3,2025
RED SUBTERRANEA,SED2_02741,LLAVE2_19,SP,ALIM2_150,SET2_16,250,3,2025
RED SUBTERRANEA,SED2_09858,LLAVE2_09,SP,ALIM2_195,SET2_27,400,3,2025
RED AEREA,SED2_09750,LLAVE2_19,SP,ALIM2_472,SET2_10,160,3,2025
RED SUBTERRANEA,SED2_09903,LLAVE2_19,SP,ALIM2_017,SET2_03,160,3,2025
RED SUBTERRANEA,SED2_09903,LLAVE2_09,SP,ALIM2_017,SET2_03,160,3,2025
RED AEREA,SED2_08521,LLAVE2_09,SP,ALIM2_114,SET2_06,100,3,2025
RED SUBTERRANEA,SED2_09568,LLAVE2_09,SP,ALIM2_105,SET2_09,160,3,2025
RED SUBTERRANEA,SED2_03336,LLAVE2_09,SP,ALIM2_135,SET2_43,160,3,2025
RED SUBTERRANEA,SED2_00939,LLAVE2_19,SP,ALIM2_233,SET2_41,160,3,2025
RED SUBTERRANEA,SED2_00907,LLAVE2_19,SP,ALIM2_312,SET2_09,250,3,2025
RED SUBTERRANEA,SED2_07639,LLAVE2_19,SP,ALIM2_481,SET2_12,100,3,2025
RED AEREA,SED2_09918,LLAVE2_15,SP,ALIM2_341,SET2_35,160,3,2025
RED AEREA,SED2_09109,LLAVE2_09,SP,ALIM2_120,SET2_29,100,3,2025
RED AEREA,SED2_07879,LLAVE2_19,SP,ALIM2_042,SET2_06,400,3,2025
RED SUBTERRANEA,SED2_05707,LLAVE2_09,SP,ALIM2_140,SET2_21,250,3,2025
RED AEREA,SED2_00492,LLAVE2_09,SP,ALIM2_066,SET2_10,100,3,2025
RED AEREA,SED2_09506,LLAVE2_19,SP,ALIM2_066,SET2_10,100,3,2025
RED AEREA,SED2_03585,LLAVE2_15,SP,ALIM2_066,SET2_10,100,3,2025
RED AEREA,SED2_09465,LLAVE2_19,SP,ALIM2_136,SET2_12,160,3,2025
RED AEREA,SED2_06750,LLAVE2_15,SP,ALIM2_293,SET2_06,400,3,2025
RED AEREA,SED2_03003,LLAVE2_19,SP,ALIM2_089,SET2_35,160,3,2025
RED AEREA,SED2_03003,LLAVE2_09,SP,ALIM2_089,SET2_35,160,3,2025
RED AEREA,SED2_01698,LLAVE2_09,SP,ALIM2_055,SET2_35,400,3,2025
RED SUBTERRANEA,SED2_03132,LLAVE2_09,SP,ALIM2_458,SET2_43,250,3,2025
RED AEREA,SED2_02890,LLAVE2_09,SP,ALIM2_114,SET2_06,160,3,2025
RED AEREA,SED2_00996,LLAVE2_19,SP,ALIM2_078,SET2_10,100,3,2025
RED AEREA,SED2_05209,LLAVE2_19,SP,ALIM2_363,SET2_12,100,3,2025
RED AEREA,SED2_05209,LLAVE2_09,SP,ALIM2_363,SET2_12,100,3,2025
RED SUBTERRANEA,SED2_06414,LLAVE2_19,SP,ALIM2_188,SET2_43,250,3,2025
RED AEREA,SED2_01210,LLAVE2_09,SP,ALIM2_161,SET2_04,100,3,2025
RED AEREA,SED2_08339,LLAVE2_19,SP,ALIM2_136,SET2_12,100,3,2025
RED AEREA,SED2_00044,LLAVE2_15,SP,ALIM2_255,SET2_21,400,3,2025
RED AEREA,SED2_00044,LLAVE2_21,SP,ALIM2_255,SET2_21,400,3,2025
RED AEREA,SED2_05489,LLAVE2_09,SP,ALIM2_219,SET2_10,100,3,2025
RED AEREA,SED2_08950,LLAVE2_15,SP,ALIM2_063,SET2_19,250,3,2025
RED AEREA,SED2_03189,LLAVE2_19,SP,ALIM2_136,SET2_12,160,3,2025
RED AEREA,SED2_07610,LLAVE2_19,SP,ALIM2_136,SET2_12,100,3,2025
RED AEREA,SED2_06855,LLAVE2_15,SP,ALIM2_404,SET2_22,250,3,2025
RED AEREA,SED2_06855,LLAVE2_21,SP,ALIM2_404,SET2_22,250,3,2025
RED AEREA,SED2_07461,LLAVE2_09,SP,ALIM2_066,SET2_10,100,3,2025
RED AEREA,SED2_08146,LLAVE2_15,SP,ALIM2_136,SET2_12,160,3,2025
RED SUBTERRANEA,SED2_02782,LLAVE2_19,SP,ALIM2_013,SET2_09,100,3,2025
LLAVE,SED2_06120,LLAVE2_19,SP,ALIM2_100,SET2_12,400,3,2025
RED SUBTERRANEA,SED2_00465,LLAVE2_19,SP,ALIM2_344,SET2_31,160,3,2025
RED AEREA,SED2_00600,LLAVE2_19,SP,ALIM2_245,SET2_04,100,3,2025
RED SUBTERRANEA,SED2_09007,LLAVE2_19,SP,ALIM2_274,SET2_21,400,3,2025
RED AEREA,SED2_03915,LLAVE2_09,SP,ALIM2_341,SET2_35,100,3,2025
RED AEREA,SED2_08756,LLAVE2_19,SP,ALIM2_115,SET2_12,160,3,2025
RED AEREA,SED2_05437,LLAVE2_09,SP,ALIM2_391,SET2_10,160,3,2025
RED AEREA,SED2_06687,LLAVE2_09,SP,ALIM2_072,SET2_23,100,3,2025
RED AEREA,SED2_00003,LLAVE2_19,SP,ALIM2_042,SET2_06,160,3,2025
RED SUBTERRANEA,SED2_00003,LLAVE2_09,SP,ALIM2_042,SET2_06,160,3,2025
RED AEREA,SED2_01213,LLAVE2_19,SP,ALIM2_136,SET2_12,250,3,2025
RED AEREA,SED2_04894,LLAVE2_09,SP,ALIM2_391,SET2_10,160,3,2025
RED SUBTERRANEA,SED2_08437,LLAVE2_19,SP,ALIM2_460,SET2_16,250,3,2025
RED AEREA,SED2_04077,LLAVE2_09,SP,ALIM2_341,SET2_35,160,3,2025
RED AEREA,SED2_00727,LLAVE2_19,SP,ALIM2_481,SET2_12,160,3,2025
RED AEREA,SED2_00727,LLAVE2_09,SP,ALIM2_481,SET2_12,160,3,2025
RED AEREA,SED2_08269,LLAVE2_19,SP,ALIM2_131,SET2_43,50,3,2025
RED AEREA,SED2_08269,LLAVE2_09,SP,ALIM2_131,SET2_43,50,3,2025
RED AEREA,SED2_04962,LLAVE2_19,SP,ALIM2_293,SET2_06,250,3,2025
RED AEREA,SED2_06018,LLAVE2_19,SP,ALIM2_093,SET2_21,100,3,2025
RED AEREA,SED2_08344,LLAVE2_09,SP,ALIM2_363,SET2_12,160,3,2025
RED AEREA,SED2_03078,LLAVE2_19,SP,ALIM2_161,SET2_04,100,3,2025
RED SUBTERRANEA,SED2_08308,LLAVE2_19,SP,ALIM2_092,SET2_13,160,3,2025
RED AEREA,SED2_08659,LLAVE2_09,SP,ALIM2_238,SET2_36,160,3,2025
RED AEREA,SED2_00242,LLAVE2_15,SP,ALIM2_072,SET2_23,100,3,2025
RED SUBTERRANEA,SED2_04342,LLAVE2_09,SP,ALIM2_017,SET2_03,250,3,2025
RED AEREA,SED2_02722,LLAVE2_09,SP,ALIM2_232,SET2_28,160,3,2025
RED AEREA,SED2_06079,LLAVE2_19,SP,ALIM2_369,SET2_28,400,3,2025
RED AEREA,SED2_01978,LLAVE2_09,SP,ALIM2_391,SET2_10,250,3,2025
RED AEREA,SED2_03183,LLAVE2_19,SP,ALIM2_161,SET2_04,160,3,2025
RED AEREA,SED2_03183,LLAVE2_09,SP,ALIM2_161,SET2_04,160,3,2025
RED AEREA,SED2_03040,LLAVE2_19,SP,ALIM2_296,SET2_23,160,3,2025
RED AEREA,SED2_09299,LLAVE2_19,SP,ALIM2_078,SET2_10,100,3,2025
RED AEREA,SED2_07347,LLAVE2_09,SP,ALIM2_306,SET2_12,100,3,2025
RED AEREA,SED2_02225,LLAVE2_09,SP,ALIM2_072,SET2_23,100,3,2025
RED AEREA,SED2_09552,LLAVE2_19,SP,ALIM2_194,SET2_35,100,3,2025
RED AEREA,SED2_09552,LLAVE2_09,SP,ALIM2_194,SET2_35,100,3,2025
FUSIBLE,SED2_01065,LLAVE2_09,SP,ALIM2_194,SET2_35,400,3,2025
RED SUBTERRANEA,SED2_00687,LLAVE2_19,SP,ALIM2_296,SET2_23,160,3,2025
RED AEREA,SED2_00687,LLAVE2_09,SP,ALIM2_296,SET2_23,160,3,2025
RED AEREA,SED2_02970,LLAVE2_19,SP,ALIM2_248,SET2_21,100,3,2025
RED AEREA,SED2_07726,LLAVE2_19,SP,ALIM2_313,SET2_42,100,3,2025
RED AEREA,SED2_07634,LLAVE2_09,SP,ALIM2_316,SET2_23,100,3,2025
RED AEREA,SED2_00825,LLAVE2_09,SP,ALIM2_265,SET2_33,160,3,2025
RED AEREA,SED2_01072,LLAVE2_09,SP,ALIM2_326,SET2_35,100,3,2025
RED AEREA,SED2_09641,LLAVE2_19,SP,ALIM2_341,SET2_35,100,3,2025
RED SUBTERRANEA,SED2_01901,LLAVE2_21,SP,ALIM2_157,SET2_09,160,3,2025
RED SUBTERRANEA,SED2_04667,LLAVE2_09,SP,ALIM2_140,SET2_21,160,3,2025
RED AEREA,SED2_07034,LLAVE2_09,SP,ALIM2_148,SET2_21,400,3,2025
RED SUBTERRANEA,SED2_00716,LLAVE2_19,SP,ALIM2_031,SET2_21,160,3,2025
RED SUBTERRANEA,SED2_00716,LLAVE2_09,SP,ALIM2_031,SET2_21,160,3,2025
RED AEREA,SED2_03743,LLAVE2_19,SP,ALIM2_053,SET2_12,160,3,2025
RED AEREA,SED2_01159,LLAVE2_19,SP,ALIM2_416,SET2_33,100,3,2025
RED SUBTERRANEA,SED2_09760,LLAVE2_09,SP,ALIM2_436,SET2_23,160,3,2025
RED AEREA,SED2_06296,LLAVE2_09,SP,ALIM2_115,SET2_12,100,3,2025
RED AEREA,SED2_01621,LLAVE2_19,SP,ALIM2_015,SET2_25,250,3,2025
RED SUBTERRANEA,SED2_07033,LLAVE2_15,SP,ALIM2_363,SET2_12,160,3,2025
RED AEREA,SED2_06576,LLAVE2_19,SP,ALIM2_055,SET2_35,100,3,2025
RED AEREA,SED2_04937,LLAVE2_09,SP,ALIM2_120,SET2_29,100,3,2025
RED AEREA,SED2_05353,LLAVE2_19,SP,ALIM2_100,SET2_12,100,3,2025
RED SUBTERRANEA,SED2_07487,LLAVE2_09,SP,ALIM2_065,SET2_17,250,3,2025
RED AEREA,SED2_06024,LLAVE2_19,SP,ALIM2_361,SET2_23,100,3,2025
RED AEREA,SED2_03925,LLAVE2_19,SP,ALIM2_316,SET2_23,100,3,2025
RED AEREA,SED2_08584,LLAVE2_19,SP,ALIM2_305,SET2_33,100,3,2025
RED AEREA,SED2_09500,LLAVE2_09,SP,ALIM2_108,SET2_22,100,3,2025
RED AEREA,SED2_07074,LLAVE2_09,SP,ALIM2_421,SET2_10,100,3,2025
RED AEREA,SED2_09699,LLAVE2_19,SP,ALIM2_391,SET2_10,100,3,2025
RED AEREA,SED2_09475,LLAVE2_09,SP,ALIM2_341,SET2_35,100,3,2025
RED AEREA,SED2_07553,LLAVE2_19,SP,ALIM2_464,SET2_09,100,3,2025
RED SUBTERRANEA,SED2_07553,LLAVE2_19,SP,ALIM2_464,SET2_09,100,3,2025
RED AEREA,SED2_07420,LLAVE2_09,SP,ALIM2_048,SET2_29,160,3,2025
FUSIBLE,SED2_09525,LLAVE2_15,SP,ALIM2_161,SET2_04,400,3,2025
RED AEREA,SED2_09218,LLAVE2_19,SP,ALIM2_161,SET2_04,100,3,2025
RED AEREA,SED2_04018,LLAVE2_09,SP,ALIM2_246,SET2_21,400,3,2025
RED AEREA,SED2_04624,LLAVE2_19,SP,ALIM2_194,SET2_35,100,3,2025
RED AEREA,SED2_00079,LLAVE2_19,SP,ALIM2_100,SET2_12,400,3,2025
FUSIBLE,SED2_01445,LLAVE2_09,SP,ALIM2_375,SET2_22,160,3,2025
RED AEREA,SED2_01445,LLAVE2_09,SP,ALIM2_375,SET2_22,160,3,2025
RED AEREA,SED2_03694,LLAVE2_19,SP,ALIM2_341,SET2_35,100,3,2025
RED AEREA,SED2_05292,LLAVE2_09,SP,ALIM2_446,SET2_22,100,3,2025
RED AEREA,SED2_08857,LLAVE2_09,SP,ALIM2_073,SET2_21,100,3,2025
RED AEREA,SED2_09102,LLAVE2_09,SP,ALIM2_295,SET2_23,100,3,2025
RED AEREA,SED2_02687,LLAVE2_19,SP,ALIM2_269,SET2_24,100,3,2025
RED AEREA,SED2_03288,LLAVE2_09,SP,ALIM2_194,SET2_35,160,3,2025
RED AEREA,SED2_02041,LLAVE2_19,SP,ALIM2_391,SET2_10,100,3,2025
RED AEREA,SED2_05202,LLAVE2_19,SP,ALIM2_066,SET2_10,160,3,2025
RED AEREA,SED2_05202,LLAVE2_15,SP,ALIM2_066,SET2_10,160,3,2025
RED AEREA,SED2_07942,LLAVE2_19,SP,ALIM2_115,SET2_12,100,3,2025
RED AEREA,SED2_03404,LLAVE2_09,SP,ALIM2_194,SET2_35,100,3,2025
RED AEREA,SED2_09443,LLAVE2_09,SP,ALIM2_410,SET2_23,50,3,2025
RED AEREA,SED2_08106,LLAVE2_09,SP,ALIM2_410,SET2_23,50,3,2025
RED AEREA,SED2_00039,LLAVE2_09,SP,ALIM2_410,SET2_23,50,3,2025
RED AEREA,SED2_02625,LLAVE2_09,SP,ALIM2_410,SET2_23,50,3,2025
RED AEREA,SED2_08604,LLAVE2_19,SP,ALIM2_481,SET2_12,250,3,2025
RED AEREA,SED2_06556,LLAVE2_19,SP,ALIM2_391,SET2_10,100,3,2025
RED AEREA,SED2_07073,LLAVE2_19,SP,ALIM2_308,SET2_29,100,3,2025
RED AEREA,SED2_08907,LLAVE2_09,SP,ALIM2_391,SET2_10,100,3,2025
RED AEREA,SED2_08907,LLAVE2_15,SP,ALIM2_391,SET2_10,100,3,2025
RED AEREA,SED2_00439,LLAVE2_19,SP,ALIM2_115,SET2_12,100,3,2025
RED AEREA,SED2_08627,LLAVE2_19,SP,ALIM2_363,SET2_12,100,3,2025
RED SUBTERRANEA,SED2_04846,LLAVE2_21,SP,ALIM2_292,SET2_43,400,3,2025
RED AEREA,SED2_05636,LLAVE2_19,SP,ALIM2_391,SET2_10,50,3,2025
RED AEREA,SED2_05636,LLAVE2_09,SP,ALIM2_391,SET2_10,50,3,2025
RED AEREA,SED2_08859,LLAVE2_09,SP,ALIM2_243,SET2_42,100,3,2025
RED SUBTERRANEA,SED2_09384,LLAVE2_15,SP,ALIM2_443,SET2_14,100,3,2025
RED AEREA,SED2_05745,LLAVE2_09,SP,ALIM2_183,SET2_12,100,3,2025
RED AEREA,SED2_03801,LLAVE2_19,SP,ALIM2_327,SET2_18,50,3,2025
RED AEREA,SED2_04674,LLAVE2_19,SP,ALIM2_316,SET2_23,100,3,2025
RED AEREA,SED2_05810,LLAVE2_09,SP,ALIM2_194,SET2_35,160,3,2025
RED AEREA,SED2_01939,LLAVE2_09,SP,ALIM2_467,SET2_24,100,3,2025
RED AEREA,SED2_07301,LLAVE2_19,SP,ALIM2_391,SET2_10,100,3,2025
RED SUBTERRANEA,SED2_01028,LLAVE2_19,SP,ALIM2_481,SET2_12,100,3,2025
RED AEREA,SED2_03650,LLAVE2_21,SP,ALIM2_252,SET2_22,100,3,2025
RED AEREA,SED2_03240,LLAVE2_09,SP,SIN DATA,SIN DATA,SIN DATA,3,2025
RED AEREA,SED2_06922,LLAVE2_14,SP,ALIM2_252,SET2_22,160,3,2025
RED SUBTERRANEA,SED2_04877,LLAVE2_09,SP,ALIM2_464,SET2_09,100,3,2025
RED AEREA,SED2_06788,LLAVE2_19,SP,ALIM2_114,SET2_06,100,3,2025
RED AEREA,SED2_05457,LLAVE2_09,SP,ALIM2_194,SET2_35,160,3,2025
FUSIBLE,SED2_00291,LLAVE2_19,SP,ALIM2_357,SET2_29,400,3,2025
FUSIBLE,SED2_01989,LLAVE2_09,SP,ALIM2_357,SET2_29,250,3,2025
FUSIBLE,SED2_04524,LLAVE2_15,SP,ALIM2_357,SET2_29,400,3,2025
RED AEREA,SED2_07311,LLAVE2_15,SP,ALIM2_136,SET2_12,160,3,2025
RED AEREA,SED2_07361,LLAVE2_15,SP,ALIM2_100,SET2_12,400,3,2025
RED AEREA,SED2_02513,LLAVE2_19,SP,ALIM2_317,SET2_04,100,3,2025
RED SUBTERRANEA,SED2_05986,LLAVE2_09,SP,ALIM2_443,SET2_14,160,3,2025
RED AEREA,SED2_08863,LLAVE2_19,SP,ALIM2_363,SET2_12,250,3,2025
RED AEREA,SED2_03015,LLAVE2_09,SP,ALIM2_267,SET2_23,160,3,2025
RED SUBTERRANEA,SED2_09621,LLAVE2_19,SP,ALIM2_267,SET2_23,160,3,2025
RED AEREA,SED2_02525,LLAVE2_19,SP,SIN DATA,SIN DATA,SIN DATA,3,2025
RED AEREA,SED2_06710,LLAVE2_19,SP,ALIM2_008,SET2_35,160,3,2025
RED SUBTERRANEA,SED2_07706,LLAVE2_15,SP,ALIM2_355,SET2_30,160,3,2025
RED SUBTERRANEA,SED2_08416,LLAVE2_19,SP,ALIM2_105,SET2_09,100,3,2025
RED AEREA,SED2_04874,LLAVE2_09,SP,ALIM2_010,SET2_42,100,3,2025
RED SUBTERRANEA,SED2_05623,LLAVE2_19,SP,ALIM2_318,SET2_33,160,3,2025
RED AEREA,SED2_06767,LLAVE2_19,SP,ALIM2_472,SET2_10,100,3,2025
RED SUBTERRANEA,SED2_08235,LLAVE2_19,SP,ALIM2_333,SET2_09,250,3,2025
RED AEREA,SED2_02195,LLAVE2_19,SP,ALIM2_183,SET2_12,50,3,2025
RED AEREA,SED2_05833,LLAVE2_19,SP,ALIM2_313,SET2_42,100,3,2025
RED AEREA,SED2_01671,LLAVE2_19,SP,ALIM2_131,SET2_43,100,3,2025
RED SUBTERRANEA,SED2_06339,LLAVE2_21,SP,ALIM2_182,SET2_09,250,3,2025
RED AEREA,SED2_06752,LLAVE2_19,SP,ALIM2_391,SET2_10,100,3,2025
RED SUBTERRANEA,SED2_05767,LLAVE2_09,SP,ALIM2_245,SET2_04,160,3,2025
RED SUBTERRANEA,SED2_07357,LLAVE2_15,SP,ALIM2_053,SET2_12,160,3,2025
RED SUBTERRANEA,SED2_04681,LLAVE2_09,SP,ALIM2_359,SET2_45,250,3,2025
RED AEREA,SED2_02629,LLAVE2_09,SP,ALIM2_183,SET2_12,100,3,2025
RED SUBTERRANEA,SED2_01609,LLAVE2_19,SP,ALIM2_245,SET2_04,160,3,2025
FUSIBLE,SED2_03275,LLAVE2_19,SP,ALIM2_169,SET2_06,160,3,2025
RED AEREA,SED2_06959,LLAVE2_09,SP,ALIM2_194,SET2_35,100,3,2025
RED AEREA,SED2_05982,LLAVE2_09,SP,ALIM2_363,SET2_12,100,3,2025
RED AEREA,SED2_07955,LLAVE2_19,SP,ALIM2_161,SET2_04,160,3,2025
RED AEREA,SED2_02528,LLAVE2_19,SP,ALIM2_359,SET2_45,400,3,2025
RED AEREA,SED2_00624,LLAVE2_09,SP,ALIM2_363,SET2_12,160,3,2025
RED AEREA,SED2_00922,LLAVE2_19,SP,ALIM2_183,SET2_12,160,3,2025
RED SUBTERRANEA,SED2_08397,LLAVE2_15,SP,ALIM2_108,SET2_22,400,3,2025
RED AEREA,SED2_01693,LLAVE2_09,SP,ALIM2_089,SET2_35,100,3,2025
RED AEREA,SED2_06685,LLAVE2_19,SP,ALIM2_114,SET2_06,400,3,2025
RED AEREA,SED2_08623,LLAVE2_09,SP,ALIM2_470,SET2_02,400,3,2025
RED AEREA,SED2_00141,LLAVE2_15,SP,ALIM2_324,SET2_13,160,3,2025
RED AEREA,SED2_06989,LLAVE2_19,SP,ALIM2_410,SET2_23,160,3,2025
RED SUBTERRANEA,SED2_04964,LLAVE2_09,SP,ALIM2_024,SET2_40,160,3,2025
RED AEREA,SED2_02473,LLAVE2_19,SP,ALIM2_194,SET2_35,100,3,2025
RED AEREA,SED2_04581,LLAVE2_19,SP,ALIM2_341,SET2_35,160,3,2025
RED AEREA,SED2_01244,LLAVE2_09,SP,ALIM2_161,SET2_04,160,3,2025
RED AEREA,SED2_03002,LLAVE2_19,SP,ALIM2_481,SET2_12,400,3,2025
RED SUBTERRANEA,SED2_05126,LLAVE2_09,SP,ALIM2_084,SET2_35,400,3,2025
RED AEREA,SED2_07078,LLAVE2_19,SP,ALIM2_112,SET2_35,100,3,2025
RED AEREA,SED2_06368,LLAVE2_19,SP,ALIM2_121,SET2_21,50,3,2025
RED AEREA,SED2_06727,LLAVE2_15,SP,ALIM2_361,SET2_23,160,3,2025
RED AEREA,SED2_02386,LLAVE2_19,SP,ALIM2_217,SET2_35,100,3,2025
RED AEREA,SED2_02386,LLAVE2_09,SP,ALIM2_217,SET2_35,100,3,2025
RED AEREA,SED2_03300,LLAVE2_09,SP,ALIM2_481,SET2_12,100,3,2025
RED AEREA,SED2_02061,LLAVE2_09,SP,ALIM2_481,SET2_12,160,3,2025
RED AEREA,SED2_08552,LLAVE2_19,SP,ALIM2_094,SET2_42,160,3,2025
RED AEREA,SED2_06197,LLAVE2_19,SP,ALIM2_119,SET2_42,160,3,2025
RED SUBTERRANEA,SED2_08267,LLAVE2_15,SP,ALIM2_036,SET2_36,400,3,2025
RED AEREA,SED2_05177,LLAVE2_09,SP,ALIM2_208,SET2_13,100,3,2025
RED AEREA,SED2_08932,LLAVE2_19,SP,ALIM2_243,SET2_42,100,3,2025
RED AEREA,SED2_08444,LLAVE2_09,SP,ALIM2_094,SET2_42,160,3,2025
RED SUBTERRANEA,SED2_07907,LLAVE2_15,SP,ALIM2_459,SET2_13,250,3,2025
RED AEREA,SED2_06265,LLAVE2_19,SP,ALIM2_481,SET2_12,50,3,2025
RED AEREA,SED2_05176,LLAVE2_19,SP,ALIM2_142,SET2_42,160,3,2025
RED AEREA,SED2_00849,LLAVE2_09,SP,ALIM2_208,SET2_13,160,3,2025
RED AEREA,SED2_01536,LLAVE2_09,SP,ALIM2_208,SET2_13,160,3,2025
RED AEREA,SED2_07463,LLAVE2_19,SP,ALIM2_208,SET2_13,100,3,2025
RED AEREA,SED2_07463,LLAVE2_09,SP,ALIM2_208,SET2_13,100,3,2025
RED AEREA,SED2_05414,LLAVE2_19,SP,ALIM2_481,SET2_12,50,3,2025
RED AEREA,SED2_01098,LLAVE2_09,SP,ALIM2_481,SET2_12,160,3,2025
RED AEREA,SED2_03818,LLAVE2_09,SP,ALIM2_481,SET2_12,160,3,2025
RED AEREA,SED2_02265,LLAVE2_19,SP,ALIM2_481,SET2_12,160,3,2025
FUSIBLE,SED2_06658,LLAVE2_19,SP,ALIM2_071,SET2_18,50,3,2025
RED SUBTERRANEA,SED2_02541,LLAVE2_02,SP,ALIM2_412,SET2_08,630,3,2025
RED SUBTERRANEA,SED2_07951,LLAVE2_19,SP,ALIM2_430,SET2_08,400,3,2025
RED AEREA,SED2_05171,LLAVE2_15,SP,ALIM2_055,SET2_35,160,3,2025
RED SUBTERRANEA,SED2_09410,LLAVE2_09,SP,ALIM2_215,SET2_46,100,3,2025
RED AEREA,SED2_00308,LLAVE2_09,SP,ALIM2_183,SET2_12,100,3,2025
RED AEREA,SED2_09292,LLAVE2_19,SP,ALIM2_119,SET2_42,150,3,2025
RED AEREA,SED2_00021,LLAVE2_09,SP,ALIM2_243,SET2_42,100,3,2025
RED AEREA,SED2_00800,LLAVE2_09,SP,ALIM2_010,SET2_42,250,3,2025
RED AEREA,SED2_06678,LLAVE2_09,SP,ALIM2_243,SET2_42,160,3,2025
RED AEREA,SED2_04513,LLAVE2_19,SP,ALIM2_243,SET2_42,160,3,2025
RED AEREA,SED2_06553,LLAVE2_09,SP,ALIM2_450,SET2_42,100,3,2025
RED AEREA,SED2_09514,LLAVE2_09,SP,ALIM2_467,SET2_24,100,3,2025
RED AEREA,SED2_09489,LLAVE2_19,SP,ALIM2_467,SET2_24,160,3,2025
RED AEREA,SED2_04989,LLAVE2_09,SP,ALIM2_467,SET2_24,100,3,2025
RED AEREA,SED2_07481,LLAVE2_19,SP,ALIM2_443,SET2_14,15,3,2025
RED SUBTERRANEA,SED2_01306,LLAVE2_19,SP,ALIM2_443,SET2_14,160,3,2025
RED SUBTERRANEA,SED2_04953,LLAVE2_19,SP,ALIM2_300,SET2_37,160,3,2025
RED SUBTERRANEA,SED2_06715,LLAVE2_09,SP,ALIM2_175,SET2_30,160,3,2025
RED AEREA,SED2_01526,LLAVE2_09,SP,ALIM2_093,SET2_21,100,3,2025
RED AEREA,SED2_07103,LLAVE2_15,SP,ALIM2_093,SET2_21,100,3,2025
RED SUBTERRANEA,SED2_04088,LLAVE2_09,SP,ALIM2_177,SET2_08,250,3,2025
RED AEREA,SED2_09823,LLAVE2_19,SP,ALIM2_160,SET2_33,160,3,2025
RED SUBTERRANEA,SED2_01542,LLAVE2_15,SP,ALIM2_408,SET2_36,250,3,2025
RED SUBTERRANEA,SED2_08670,LLAVE2_09,SP,ALIM2_397,SET2_08,250,3,2025
RED SUBTERRANEA,SED2_00245,LLAVE2_19,SP,ALIM2_342,SET2_10,100,3,2025
RED AEREA,SED2_08844,LLAVE2_09,SP,ALIM2_078,SET2_10,160,3,2025
RED SUBTERRANEA,SED2_02033,LLAVE2_09,SP,ALIM2_458,SET2_43,250,3,2025
RED SUBTERRANEA,SED2_01015,LLAVE2_09,SP,ALIM2_041,SET2_30,250,3,2025
RED SUBTERRANEA,SED2_00974,LLAVE2_19,SP,ALIM2_256,SET2_38,160,3,2025
RED AEREA,SED2_07128,LLAVE2_09,SP,ALIM2_037,SET2_23,100,3,2025
RED AEREA,SED2_04416,LLAVE2_19,SP,ALIM2_037,SET2_23,100,3,2025
RED AEREA,SED2_08723,LLAVE2_19,SP,ALIM2_055,SET2_35,160,3,2025
RED AEREA,SED2_04756,LLAVE2_09,SP,ALIM2_361,SET2_23,50,3,2025
RED AEREA,SED2_09394,LLAVE2_19,AP,ALIM2_481,SET2_12,250,3,2025
RED AEREA,SED2_04798,LLAVE2_09,SP,ALIM2_481,SET2_12,160,3,2025
RED AEREA,SED2_04568,LLAVE2_09,SP,ALIM2_316,SET2_23,160,3,2025
RED SUBTERRANEA,SED2_00306,LLAVE2_09,SP,ALIM2_183,SET2_12,160,3,2025
RED AEREA,SED2_00688,LLAVE2_09,SP,ALIM2_481,SET2_12,50,3,2025
RED AEREA,SED2_07873,LLAVE2_19,SP,ALIM2_072,SET2_23,100,3,2025
RED AEREA,SED2_04788,LLAVE2_19,SP,ALIM2_072,SET2_23,100,3,2025
RED AEREA,SED2_03481,LLAVE2_19,AP,ALIM2_167,SET2_35,100,3,2025
RED AEREA,SED2_09682,LLAVE2_19,SP,ALIM2_306,SET2_12,100,3,2025
RED SUBTERRANEA,SED2_05768,LLAVE2_19,SP,ALIM2_034,SET2_31,250,3,2025
RED AEREA,SED2_08251,LLAVE2_09,SP,ALIM2_267,SET2_23,100,3,2025
RED AEREA,SED2_02568,LLAVE2_09,SP,ALIM2_160,SET2_33,160,3,2025
RED AEREA,SED2_09871,LLAVE2_19,SP,ALIM2_132,SET2_12,100,3,2025
RED SUBTERRANEA,SED2_05145,LLAVE2_21,SP,ALIM2_333,SET2_09,400,3,2025
RED SUBTERRANEA,SED2_02327,LLAVE2_19,SP,ALIM2_373,SET2_17,400,3,2025
RED AEREA,SED2_03359,LLAVE2_19,SP,ALIM2_436,SET2_23,50,3,2025
RED AEREA,SED2_02481,LLAVE2_09,SP,ALIM2_316,SET2_23,100,3,2025
RED AEREA,SED2_04656,LLAVE2_19,SP,ALIM2_108,SET2_22,100,3,2025
RED SUBTERRANEA,SED2_01342,LLAVE2_09,SP,ALIM2_414,SET2_18,100,3,2025
RED SUBTERRANEA,SED2_02354,LLAVE2_15,SP,ALIM2_086,SET2_33,400,3,2025
RED SUBTERRANEA,SED2_08419,LLAVE2_21,SP,ALIM2_177,SET2_08,250,3,2025
RED AEREA,SED2_06731,LLAVE2_09,SP,ALIM2_325,SET2_23,100,3,2025
RED AEREA,SED2_03600,LLAVE2_19,SP,ALIM2_245,SET2_04,250,3,2025
RED AEREA,SED2_02168,LLAVE2_19,SP,ALIM2_117,SET2_10,160,3,2025
RED SUBTERRANEA,SED2_00582,LLAVE2_09,SP,ALIM2_040,SET2_40,100,3,2025
RED SUBTERRANEA,SED2_02851,LLAVE2_09,SP,ALIM2_388,SET2_13,250,3,2025
RED AEREA,SED2_05694,LLAVE2_15,SP,ALIM2_132,SET2_12,160,3,2025
RED AEREA,SED2_09015,LLAVE2_19,SP,ALIM2_132,SET2_12,160,3,2025
RED AEREA,SED2_09015,LLAVE2_15,SP,ALIM2_132,SET2_12,160,3,2025
RED AEREA,SED2_07124,LLAVE2_09,SP,ALIM2_097,SET2_33,160,3,2025
RED AEREA,SED2_06030,LLAVE2_09,SP,ALIM2_134,SET2_16,250,3,2025
RED AEREA,SED2_05908,LLAVE2_15,SP,ALIM2_255,SET2_21,100,3,2025
RED SUBTERRANEA,SED2_07516,LLAVE2_19,SP,ALIM2_232,SET2_28,160,3,2025
RED AEREA,SED2_06242,LLAVE2_15,SP,ALIM2_462,SET2_37,160,3,2025
RED SUBTERRANEA,SED2_01438,LLAVE2_19,SP,ALIM2_355,SET2_30,400,3,2025
RED SUBTERRANEA,SED2_01873,LLAVE2_19,SP,ALIM2_129,SET2_02,250,3,2025
RED SUBTERRANEA,SED2_01873,LLAVE2_15,SP,ALIM2_129,SET2_02,250,3,2025
RED SUBTERRANEA,SED2_01952,LLAVE2_19,SP,ALIM2_279,SET2_17,160,3,2025
RED SUBTERRANEA,SED2_02224,LLAVE2_19,SP,ALIM2_222,SET2_16,400,3,2025
RED SUBTERRANEA,SED2_08556,LLAVE2_19,SP,ALIM2_185,SET2_31,100,3,2025
RED SUBTERRANEA,SED2_06849,LLAVE2_19,SP,ALIM2_185,SET2_31,100,3,2025
RED SUBTERRANEA,SED2_06849,LLAVE2_15,SP,ALIM2_185,SET2_31,100,3,2025
RED AEREA,SED2_01988,LLAVE2_09,SP,ALIM2_108,SET2_22,160,3,2025
RED SUBTERRANEA,SED2_02407,LLAVE2_15,SP,ALIM2_362,SET2_46,160,3,2025
RED AEREA,SED2_09167,LLAVE2_19,SP,ALIM2_194,SET2_35,160,3,2025
RED AEREA,SED2_08242,LLAVE2_19,SP,ALIM2_341,SET2_35,100,3,2025
RED AEREA,SED2_09747,LLAVE2_19,SP,ALIM2_055,SET2_35,250,3,2025
RED AEREA,SED2_04128,LLAVE2_19,SP,ALIM2_245,SET2_04,100,3,2025
RED SUBTERRANEA,SED2_04652,LLAVE2_19,SP,ALIM2_209,SET2_43,160,3,2025
RED AEREA,SED2_00108,LLAVE2_09,SP,ALIM2_453,SET2_43,250,3,2025
RED AEREA,SED2_06033,LLAVE2_15,SP,ALIM2_282,SET2_29,160,3,2025
RED AEREA,SED2_06747,LLAVE2_09,SP,ALIM2_120,SET2_29,100,3,2025
RED AEREA,SED2_00418,LLAVE2_15,SP,ALIM2_202,SET2_29,160,3,2025
FUSIBLE,SED2_07607,LLAVE2_09,SP,ALIM2_357,SET2_29,100,3,2025
RED SUBTERRANEA,SED2_05281,LLAVE2_15,SP,ALIM2_408,SET2_36,630,3,2025
RED SUBTERRANEA,SED2_05072,LLAVE2_09,SP,ALIM2_140,SET2_21,400,3,2025
RED AEREA,SED2_07456,LLAVE2_19,SP,ALIM2_073,SET2_21,50,3,2025
RED SUBTERRANEA,SED2_01227,LLAVE2_09,SP,ALIM2_093,SET2_21,250,3,2025
RED SUBTERRANEA,SED2_08246,LLAVE2_09,SP,ALIM2_121,SET2_21,160,3,2025
RED AEREA,SED2_09651,LLAVE2_09,SP,ALIM2_073,SET2_21,100,3,2025
RED AEREA,SED2_06836,LLAVE2_19,SP,ALIM2_370,SET2_21,250,3,2025
RED SUBTERRANEA,SED2_07841,LLAVE2_09,SP,ALIM2_149,SET2_45,400,3,2025
RED SUBTERRANEA,SED2_09671,LLAVE2_15,SP,ALIM2_388,SET2_13,250,3,2025
RED SUBTERRANEA,SED2_00272,LLAVE2_19,SP,ALIM2_436,SET2_23,250,3,2025
RED AEREA,SED2_07200,LLAVE2_19,SP,ALIM2_361,SET2_23,100,3,2025
RED AEREA,SED2_04377,LLAVE2_09,SP,ALIM2_316,SET2_23,100,3,2025
RED SUBTERRANEA,SED2_07916,LLAVE2_09,SP,ALIM2_267,SET2_23,100,3,2025
RED SUBTERRANEA,SED2_00794,LLAVE2_09,SP,ALIM2_062,SET2_06,250,3,2025
RED AEREA,SED2_03563,LLAVE2_19,SP,ALIM2_169,SET2_06,400,3,2025
RED SUBTERRANEA,SED2_03563,LLAVE2_19,SP,ALIM2_169,SET2_06,400,3,2025
RED SUBTERRANEA,SED2_01814,LLAVE2_21,SP,ALIM2_464,SET2_09,250,2,2025
RED AEREA,SED2_04579,LLAVE2_19,SP,ALIM2_100,SET2_12,160,2,2025
RED AEREA,SED2_01029,LLAVE2_19,SP,ALIM2_306,SET2_12,100,2,2025
RED AEREA,SED2_01029,LLAVE2_09,SP,ALIM2_306,SET2_12,100,2,2025
RED AEREA,SED2_04180,LLAVE2_09,SP,ALIM2_053,SET2_12,50,2,2025
RED AEREA,SED2_05228,LLAVE2_19,SP,ALIM2_306,SET2_12,100,2,2025
RED AEREA,SED2_04314,LLAVE2_15,SP,ALIM2_481,SET2_12,400,2,2025
RED AEREA,SED2_05518,LLAVE2_09,SP,ALIM2_136,SET2_12,100,2,2025
RED AEREA,SED2_04032,LLAVE2_19,SP,ALIM2_136,SET2_12,100,2,2025
RED AEREA,SED2_04032,LLAVE2_09,SP,ALIM2_136,SET2_12,100,2,2025
RED AEREA,SED2_04032,LLAVE2_21,SP,ALIM2_136,SET2_12,100,2,2025
RED AEREA,SED2_09848,LLAVE2_15,SP,ALIM2_136,SET2_12,160,2,2025
RED SUBTERRANEA,SED2_03938,LLAVE2_19,SP,ALIM2_132,SET2_12,100,2,2025
RED AEREA,SED2_05160,LLAVE2_19,SP,ALIM2_183,SET2_12,50,2,2025
RED AEREA,SED2_04753,LLAVE2_19,SP,ALIM2_115,SET2_12,100,2,2025
FUSIBLE,SED2_00372,LLAVE2_19,SP,ALIM2_481,SET2_12,100,2,2025
RED AEREA,SED2_03083,LLAVE2_19,SP,ALIM2_100,SET2_12,100,2,2025
RED AEREA,SED2_08023,LLAVE2_15,SP,ALIM2_363,SET2_12,175,2,2025
RED AEREA,SED2_09721,LLAVE2_19,SP,ALIM2_183,SET2_12,100,2,2025
RED SUBTERRANEA,SED2_03960,LLAVE2_21,SP,ALIM2_117,SET2_10,630,2,2025
RED SUBTERRANEA,SED2_04747,LLAVE2_19,SP,ALIM2_002,SET2_10,250,2,2025
RED SUBTERRANEA,SED2_04747,LLAVE2_09,SP,ALIM2_002,SET2_10,250,2,2025
RED AEREA,SED2_02244,LLAVE2_19,SP,ALIM2_066,SET2_10,160,2,2025
RED AEREA,SED2_07656,LLAVE2_09,SP,ALIM2_472,SET2_10,100,2,2025
RED AEREA,SED2_02441,LLAVE2_19,SP,ALIM2_391,SET2_10,160,2,2025
RED AEREA,SED2_02441,LLAVE2_15,SP,ALIM2_391,SET2_10,160,2,2025
RED AEREA,SED2_02210,LLAVE2_09,SP,ALIM2_066,SET2_10,100,2,2025
RED AEREA,SED2_02210,LLAVE2_15,SP,ALIM2_066,SET2_10,100,2,2025
RED AEREA,SED2_07075,LLAVE2_15,SP,ALIM2_078,SET2_10,250,2,2025
RED SUBTERRANEA,SED2_06077,LLAVE2_14,SP,ALIM2_235,SET2_46,630,2,2025
RED SUBTERRANEA,SED2_03190,LLAVE2_18,SP,ALIM2_406,SET2_46,1430,2,2025
RED SUBTERRANEA,SED2_04324,LLAVE2_18,SP,ALIM2_366,SET2_27,630,2,2025
RED SUBTERRANEA,SED2_09840,LLAVE2_21,SP,ALIM2_302,SET2_27,1030,2,2025
RED SUBTERRANEA,SED2_05376,LLAVE2_19,SP,ALIM2_087,SET2_46,630,2,2025
RED SUBTERRANEA,SED2_03418,LLAVE2_10,SP,ALIM2_270,SET2_46,1260,2,2025
RED SUBTERRANEA,SED2_03418,LLAVE2_15,SP,ALIM2_270,SET2_46,1260,2,2025
RED SUBTERRANEA,SED2_03418,LLAVE2_14,SP,ALIM2_270,SET2_46,1260,2,2025
RED SUBTERRANEA,SED2_03418,LLAVE2_13,SP,ALIM2_270,SET2_46,1260,2,2025
RED SUBTERRANEA,SED2_08461,LLAVE2_14,SP,ALIM2_285,SET2_46,1260,2,2025
RED SUBTERRANEA,SED2_04183,LLAVE2_05,SP,ALIM2_090,SET2_46,630,2,2025
RED SUBTERRANEA,SED2_04183,LLAVE2_16,SP,ALIM2_090,SET2_46,630,2,2025
RED SUBTERRANEA,SED2_04452,LLAVE2_02,SP,ALIM2_444,SET2_46,1200,2,2025
RED SUBTERRANEA,SED2_03983,LLAVE2_06,SP,ALIM2_445,SET2_46,1260,2,2025
FUSIBLE,SED2_03983,LLAVE2_22,SP,ALIM2_445,SET2_46,1260,2,2025
RED SUBTERRANEA,SED2_03983,LLAVE2_13,SP,ALIM2_445,SET2_46,1260,2,2025
RED SUBTERRANEA,SED2_03983,LLAVE2_02,SP,ALIM2_445,SET2_46,1260,2,2025
RED SUBTERRANEA,SED2_00013,LLAVE2_09,SP,ALIM2_302,SET2_27,800,2,2025
RED SUBTERRANEA,SED2_02055,LLAVE2_13,SP,ALIM2_173,SET2_16,630,2,2025
RED SUBTERRANEA,SED2_02055,LLAVE2_12,SP,ALIM2_173,SET2_16,630,2,2025
FUSIBLE,SED2_09551,LLAVE2_15,SP,ALIM2_368,SET2_31,630,2,2025
RED SUBTERRANEA,SED2_06112,LLAVE2_12,SP,ALIM2_047,SET2_31,1260,2,2025
RED SUBTERRANEA,SED2_04687,LLAVE2_15,SP,ALIM2_153,SET2_31,400,2,2025
RED SUBTERRANEA,SED2_08383,LLAVE2_18,SP,ALIM2_479,SET2_31,630,2,2025
RED SUBTERRANEA,SED2_08383,LLAVE2_02,SP,ALIM2_479,SET2_31,630,2,2025
RED SUBTERRANEA,SED2_03306,LLAVE2_16,SP,ALIM2_285,SET2_46,1260,2,2025
RED SUBTERRANEA,SED2_02919,LLAVE2_09,SP,ALIM2_319,SET2_36,630,2,2025
RED SUBTERRANEA,SED2_02919,LLAVE2_21,SP,ALIM2_319,SET2_36,630,2,2025
RED SUBTERRANEA,SED2_02919,LLAVE2_13,SP,ALIM2_319,SET2_36,630,2,2025
RED SUBTERRANEA,SED2_06263,LLAVE2_15,SP,ALIM2_192,SET2_46,400,2,2025
RED AEREA,SED2_06263,LLAVE2_14,SP,ALIM2_192,SET2_46,400,2,2025
RED AEREA,SED2_06263,LLAVE2_18,SP,ALIM2_192,SET2_46,400,2,2025
RED SUBTERRANEA,SED2_04186,LLAVE2_20,SP,ALIM2_302,SET2_27,1400,2,2025
RED SUBTERRANEA,SED2_04186,LLAVE2_10,SP,ALIM2_302,SET2_27,1400,2,2025
RED SUBTERRANEA,SED2_04186,LLAVE2_13,SP,ALIM2_302,SET2_27,1400,2,2025
RED SUBTERRANEA,SED2_01942,LLAVE2_21,SP,ALIM2_006,SET2_08,800,2,2025
RED SUBTERRANEA,SED2_03273,LLAVE2_09,SP,ALIM2_302,SET2_27,980,2,2025
RED SUBTERRANEA,SED2_04549,LLAVE2_15,SP,ALIM2_177,SET2_08,630,2,2025
RED SUBTERRANEA,SED2_04133,LLAVE2_13,SP,ALIM2_315,SET2_08,800,2,2025
RED SUBTERRANEA,SED2_04133,LLAVE2_02,SP,ALIM2_315,SET2_08,800,2,2025
RED SUBTERRANEA,SED2_05832,LLAVE2_23,SP,ALIM2_064,SET2_01,630,2,2025
RED SUBTERRANEA,SED2_05832,LLAVE2_13,SP,ALIM2_064,SET2_01,630,2,2025
RED SUBTERRANEA,SED2_01889,LLAVE2_18,SP,ALIM2_412,SET2_08,250,2,2025
RED SUBTERRANEA,SED2_08332,LLAVE2_09,SP,ALIM2_272,SET2_08,630,2,2025
RED SUBTERRANEA,SED2_01410,LLAVE2_19,SP,ALIM2_123,SET2_38,400,2,2025
RED SUBTERRANEA,SED2_02221,LLAVE2_09,SP,ALIM2_006,SET2_08,1030,2,2025
RED SUBTERRANEA,SED2_02221,LLAVE2_15,SP,ALIM2_006,SET2_08,1030,2,2025
RED SUBTERRANEA,SED2_00821,LLAVE2_19,SP,ALIM2_388,SET2_13,250,2,2025
RED SUBTERRANEA,SED2_01894,LLAVE2_15,SP,ALIM2_025,SET2_13,630,2,2025
RED SUBTERRANEA,SED2_04500,LLAVE2_09,SP,ALIM2_382,SET2_13,400,2,2025
RED SUBTERRANEA,SED2_09571,LLAVE2_19,SP,ALIM2_388,SET2_13,400,2,2025
RED SUBTERRANEA,SED2_09571,LLAVE2_09,SP,ALIM2_388,SET2_13,400,2,2025
RED SUBTERRANEA,SED2_05081,LLAVE2_20,SP,ALIM2_324,SET2_13,320,2,2025
FUSIBLE,SED2_04413,LLAVE2_02,SP,ALIM2_455,SET2_08,1100,2,2025
RED SUBTERRANEA,SED2_03574,LLAVE2_19,SP,ALIM2_222,SET2_16,250,2,2025
RED SUBTERRANEA,SED2_08771,LLAVE2_15,SP,ALIM2_173,SET2_16,350,2,2025
RED SUBTERRANEA,SED2_04567,LLAVE2_15,SP,ALIM2_070,SET2_16,630,2,2025
RED SUBTERRANEA,SED2_07679,LLAVE2_20,SP,ALIM2_087,SET2_46,630,2,2025
RED SUBTERRANEA,SED2_07679,LLAVE2_17,SP,ALIM2_087,SET2_46,630,2,2025
RED SUBTERRANEA,SED2_02614,LLAVE2_09,SP,ALIM2_397,SET2_08,630,2,2025
RED AEREA,SED2_02614,LLAVE2_14,SP,ALIM2_397,SET2_08,630,2,2025
RED SUBTERRANEA,SED2_02148,LLAVE2_21,SP,ALIM2_238,SET2_36,250,2,2025
RED SUBTERRANEA,SED2_02773,LLAVE2_23,SP,ALIM2_250,SET2_27,800,2,2025
RED SUBTERRANEA,SED2_02773,LLAVE2_21,SP,ALIM2_250,SET2_27,800,2,2025
RED SUBTERRANEA,SED2_05328,LLAVE2_15,SP,ALIM2_143,SET2_08,1260,2,2025
RED SUBTERRANEA,SED2_00463,LLAVE2_09,SP,ALIM2_307,SET2_17,800,2,2025
RED SUBTERRANEA,SED2_03513,LLAVE2_23,SP,ALIM2_352,SET2_27,630,2,2025
RED SUBTERRANEA,SED2_03565,LLAVE2_09,SP,ALIM2_439,SET2_08,630,2,2025
RED SUBTERRANEA,SED2_03565,LLAVE2_14,SP,ALIM2_439,SET2_08,630,2,2025
RED SUBTERRANEA,SED2_03603,LLAVE2_15,SP,ALIM2_177,SET2_08,1180,2,2025
RED SUBTERRANEA,SED2_03603,LLAVE2_12,SP,ALIM2_177,SET2_08,1180,2,2025
RED SUBTERRANEA,SED2_05554,LLAVE2_21,SP,ALIM2_197,SET2_46,800,2,2025
RED SUBTERRANEA,SED2_05554,LLAVE2_02,SP,ALIM2_197,SET2_46,800,2,2025
RED SUBTERRANEA,SED2_02853,LLAVE2_13,SP,ALIM2_197,SET2_46,630,2,2025
RED SUBTERRANEA,SED2_02853,LLAVE2_02,SP,ALIM2_197,SET2_46,630,2,2025
RED SUBTERRANEA,SED2_05872,LLAVE2_12,SP,ALIM2_186,SET2_08,800,2,2025
FUSIBLE,SED2_01573,LLAVE2_19,SP,ALIM2_186,SET2_08,1030,2,2025
RED SUBTERRANEA,SED2_09286,LLAVE2_09,SP,ALIM2_445,SET2_46,1260,2,2025
RED SUBTERRANEA,SED2_09286,LLAVE2_15,SP,ALIM2_445,SET2_46,1260,2,2025
RED SUBTERRANEA,SED2_05754,LLAVE2_21,SP,ALIM2_163,SET2_31,630,2,2025
FUSIBLE,SED2_08184,LLAVE2_21,SP,ALIM2_206,SET2_46,1260,2,2025
RED SUBTERRANEA,SED2_03622,LLAVE2_19,SP,ALIM2_412,SET2_08,700,2,2025
RED SUBTERRANEA,SED2_03622,LLAVE2_02,SP,ALIM2_412,SET2_08,700,2,2025
RED SUBTERRANEA,SED2_02029,LLAVE2_15,SP,ALIM2_173,SET2_16,630,2,2025
RED SUBTERRANEA,SED2_01597,LLAVE2_14,SP,ALIM2_250,SET2_27,630,2,2025
RED SUBTERRANEA,SED2_00267,LLAVE2_21,SP,ALIM2_332,SET2_08,630,2,2025
RED SUBTERRANEA,SED2_01727,LLAVE2_14,SP,ALIM2_412,SET2_08,630,2,2025
RED SUBTERRANEA,SED2_07500,LLAVE2_04,SP,ALIM2_230,SET2_08,630,2,2025
RED SUBTERRANEA,SED2_03225,LLAVE2_18,SP,ALIM2_092,SET2_13,630,2,2025
RED SUBTERRANEA,SED2_03225,LLAVE2_02,SP,ALIM2_092,SET2_13,630,2,2025
FUSIBLE,SED2_06415,LLAVE2_19,SP,ALIM2_087,SET2_46,1260,2,2025
FUSIBLE,SED2_06415,LLAVE2_02,SP,ALIM2_087,SET2_46,1260,2,2025
RED SUBTERRANEA,SED2_03239,LLAVE2_15,SP,ALIM2_222,SET2_16,630,2,2025
RED SUBTERRANEA,SED2_05843,LLAVE2_14,SP,ALIM2_285,SET2_46,1260,2,2025
RED SUBTERRANEA,SED2_07053,LLAVE2_20,SP,ALIM2_020,SET2_46,1730,2,2025
RED SUBTERRANEA,SED2_07053,LLAVE2_10,SP,ALIM2_020,SET2_46,1730,2,2025
RED SUBTERRANEA,SED2_07053,LLAVE2_15,SP,ALIM2_020,SET2_46,1730,2,2025
RED SUBTERRANEA,SED2_07053,LLAVE2_02,SP,ALIM2_020,SET2_46,1730,2,2025
RED SUBTERRANEA,SED2_07053,LLAVE2_12,SP,ALIM2_020,SET2_46,1730,2,2025
RED SUBTERRANEA,SED2_09829,LLAVE2_21,SP,ALIM2_332,SET2_08,630,2,2025
RED SUBTERRANEA,SED2_07740,LLAVE2_18,SP,ALIM2_365,SET2_46,630,2,2025
RED SUBTERRANEA,SED2_00994,LLAVE2_20,SP,ALIM2_270,SET2_46,1260,2,2025
RED SUBTERRANEA,SED2_00994,LLAVE2_09,SP,ALIM2_270,SET2_46,1260,2,2025
RED SUBTERRANEA,SED2_00994,LLAVE2_15,SP,ALIM2_270,SET2_46,1260,2,2025
FUSIBLE,SED2_00994,LLAVE2_14,SP,ALIM2_270,SET2_46,1260,2,2025
RED SUBTERRANEA,SED2_00994,LLAVE2_13,SP,ALIM2_270,SET2_46,1260,2,2025
RED SUBTERRANEA,SED2_03502,LLAVE2_14,SP,ALIM2_240,SET2_46,400,2,2025
RED SUBTERRANEA,SED2_03502,LLAVE2_13,SP,ALIM2_240,SET2_46,400,2,2025
RED SUBTERRANEA,SED2_02730,LLAVE2_09,SP,ALIM2_250,SET2_27,400,2,2025
RED SUBTERRANEA,SED2_05646,LLAVE2_04,SP,ALIM2_365,SET2_46,1260,2,2025
RED SUBTERRANEA,SED2_08595,LLAVE2_02,SP,ALIM2_250,SET2_27,800,2,2025
FUSIBLE,SED2_02144,LLAVE2_13,SP,ALIM2_417,SET2_36,630,2,2025
RED SUBTERRANEA,SED2_00885,LLAVE2_02,SP,ALIM2_153,SET2_31,630,2,2025
RED SUBTERRANEA,SED2_00749,LLAVE2_15,SP,ALIM2_289,SET2_16,400,2,2025
RED SUBTERRANEA,SED2_01121,LLAVE2_19,SP,ALIM2_156,SET2_15,400,2,2025
RED SUBTERRANEA,SED2_06154,LLAVE2_19,SP,ALIM2_423,SET2_27,800,2,2025
RED SUBTERRANEA,SED2_00405,LLAVE2_20,SP,ALIM2_164,SET2_16,400,2,2025
RED SUBTERRANEA,SED2_01219,LLAVE2_21,SP,ALIM2_075,SET2_36,630,2,2025
RED SUBTERRANEA,SED2_01664,LLAVE2_15,SP,ALIM2_366,SET2_27,630,2,2025
RED SUBTERRANEA,SED2_01626,LLAVE2_14,SP,ALIM2_228,SET2_46,630,2,2025
RED SUBTERRANEA,SED2_05159,LLAVE2_21,SP,ALIM2_430,SET2_08,800,2,2025
RED SUBTERRANEA,SED2_02585,LLAVE2_09,SP,ALIM2_348,SET2_46,630,2,2025
RED SUBTERRANEA,SED2_05955,LLAVE2_19,SP,ALIM2_040,SET2_40,400,2,2025
RED SUBTERRANEA,SED2_05955,LLAVE2_21,SP,ALIM2_040,SET2_40,400,2,2025
RED SUBTERRANEA,SED2_00783,LLAVE2_19,SP,ALIM2_475,SET2_36,630,2,2025
RED SUBTERRANEA,SED2_01267,LLAVE2_23,SP,ALIM2_439,SET2_08,1040,2,2025
RED SUBTERRANEA,SED2_02841,LLAVE2_14,SP,ALIM2_087,SET2_46,220,2,2025
RED SUBTERRANEA,SED2_04939,LLAVE2_14,SP,ALIM2_240,SET2_46,630,2,2025
RED SUBTERRANEA,SED2_06806,LLAVE2_21,SP,ALIM2_147,SET2_46,630,2,2025
RED SUBTERRANEA,SED2_03841,LLAVE2_20,SP,ALIM2_272,SET2_08,630,2,2025
RED SUBTERRANEA,SED2_03841,LLAVE2_21,SP,ALIM2_272,SET2_08,630,2,2025
RED AEREA,SED2_08783,LLAVE2_19,SP,ALIM2_368,SET2_31,400,2,2025
RED SUBTERRANEA,SED2_05497,LLAVE2_18,SP,ALIM2_087,SET2_46,800,2,2025
RED SUBTERRANEA,SED2_00564,LLAVE2_15,SP,ALIM2_430,SET2_08,630,2,2025
RED SUBTERRANEA,SED2_02549,LLAVE2_09,SP,ALIM2_023,SET2_16,400,2,2025
RED SUBTERRANEA,SED2_01522,LLAVE2_19,SP,ALIM2_177,SET2_08,550,2,2025
RED SUBTERRANEA,SED2_01522,LLAVE2_09,SP,ALIM2_177,SET2_08,550,2,2025
RED AEREA,SED2_02997,LLAVE2_15,SP,ALIM2_363,SET2_12,50,2,2025
RED SUBTERRANEA,SED2_03819,LLAVE2_15,SP,ALIM2_206,SET2_46,630,2,2025
RED SUBTERRANEA,SED2_03819,LLAVE2_21,SP,ALIM2_206,SET2_46,630,2,2025
RED SUBTERRANEA,SED2_03819,LLAVE2_18,SP,ALIM2_206,SET2_46,630,2,2025
RED SUBTERRANEA,SED2_02258,LLAVE2_19,SP,ALIM2_073,SET2_21,160,2,2025
RED SUBTERRANEA,SED2_00543,LLAVE2_19,SP,ALIM2_319,SET2_36,250,2,2025
RED SUBTERRANEA,SED2_02850,LLAVE2_15,SP,ALIM2_250,SET2_27,630,2,2025
FUSIBLE,SED2_04508,LLAVE2_12,SP,ALIM2_239,SET2_08,400,2,2025
RED SUBTERRANEA,SED2_06893,LLAVE2_14,SP,ALIM2_239,SET2_08,800,2,2025
RED SUBTERRANEA,SED2_02580,LLAVE2_19,SP,ALIM2_197,SET2_46,630,2,2025
RED SUBTERRANEA,SED2_03628,LLAVE2_15,SP,ALIM2_181,SET2_40,630,2,2025
RED SUBTERRANEA,SED2_05349,LLAVE2_09,SP,ALIM2_315,SET2_08,640,2,2025
RED SUBTERRANEA,SED2_05349,LLAVE2_21,SP,ALIM2_315,SET2_08,640,2,2025
RED SUBTERRANEA,SED2_05349,LLAVE2_14,SP,ALIM2_315,SET2_08,640,2,2025
RED SUBTERRANEA,SED2_07620,LLAVE2_18,SP,ALIM2_376,SET2_15,160,2,2025
RED SUBTERRANEA,SED2_00844,LLAVE2_15,SP,ALIM2_192,SET2_46,630,2,2025
RED SUBTERRANEA,SED2_09000,LLAVE2_21,SP,ALIM2_417,SET2_36,630,2,2025
RED SUBTERRANEA,SED2_09000,LLAVE2_14,SP,ALIM2_417,SET2_36,630,2,2025
RED SUBTERRANEA,SED2_05932,LLAVE2_13,SP,ALIM2_230,SET2_08,630,2,2025
RED SUBTERRANEA,SED2_05932,LLAVE2_18,SP,ALIM2_230,SET2_08,630,2,2025
RED SUBTERRANEA,SED2_08077,LLAVE2_15,SP,ALIM2_406,SET2_46,800,2,2025
RED SUBTERRANEA,SED2_08077,LLAVE2_21,SP,ALIM2_406,SET2_46,800,2,2025
RED SUBTERRANEA,SED2_00174,LLAVE2_15,SP,ALIM2_263,SET2_31,400,2,2025
RED SUBTERRANEA,SED2_00174,LLAVE2_14,SP,ALIM2_263,SET2_31,400,2,2025
RED SUBTERRANEA,SED2_06372,LLAVE2_21,SP,ALIM2_163,SET2_31,630,2,2025
RED SUBTERRANEA,SED2_00456,LLAVE2_19,SP,ALIM2_454,SET2_13,1040,2,2025
RED SUBTERRANEA,SED2_07203,LLAVE2_13,SP,ALIM2_259,SET2_15,630,2,2025
RED SUBTERRANEA,SED2_03488,LLAVE2_23,SP,ALIM2_077,SET2_40,630,2,2025
RED SUBTERRANEA,SED2_03488,LLAVE2_15,SP,ALIM2_077,SET2_40,630,2,2025
RED SUBTERRANEA,SED2_03488,LLAVE2_13,SP,ALIM2_077,SET2_40,630,2,2025
RED SUBTERRANEA,SED2_03488,LLAVE2_18,SP,ALIM2_077,SET2_40,630,2,2025
RED SUBTERRANEA,SED2_07646,LLAVE2_04,SP,ALIM2_417,SET2_36,650,2,2025
RED SUBTERRANEA,SED2_07646,LLAVE2_14,SP,ALIM2_417,SET2_36,650,2,2025
RED SUBTERRANEA,SED2_02724,LLAVE2_21,SP,ALIM2_382,SET2_13,250,2,2025
RED SUBTERRANEA,SED2_09325,LLAVE2_14,SP,ALIM2_397,SET2_08,630,2,2025
RED SUBTERRANEA,SED2_03206,LLAVE2_13,SP,ALIM2_271,SET2_26,630,2,2025
RED SUBTERRANEA,SED2_03206,LLAVE2_18,SP,ALIM2_271,SET2_26,630,2,2025
RED SUBTERRANEA,SED2_01437,LLAVE2_19,SP,ALIM2_040,SET2_40,400,2,2025
RED SUBTERRANEA,SED2_01437,LLAVE2_21,SP,ALIM2_040,SET2_40,400,2,2025
RED SUBTERRANEA,SED2_01156,LLAVE2_15,SP,ALIM2_230,SET2_08,630,2,2025
RED SUBTERRANEA,SED2_01156,LLAVE2_21,SP,ALIM2_230,SET2_08,630,2,2025
RED SUBTERRANEA,SED2_01926,LLAVE2_18,SP,ALIM2_147,SET2_46,630,2,2025
RED SUBTERRANEA,SED2_00140,LLAVE2_15,SP,ALIM2_249,SET2_08,400,2,2025
RED SUBTERRANEA,SED2_00085,LLAVE2_18,SP,ALIM2_286,SET2_36,640,2,2025
RED SUBTERRANEA,SED2_03238,LLAVE2_09,SP,ALIM2_460,SET2_16,400,2,2025
RED SUBTERRANEA,SED2_00901,LLAVE2_09,SP,ALIM2_419,SET2_26,400,2,2025
RED SUBTERRANEA,SED2_07212,LLAVE2_14,SP,ALIM2_059,SET2_46,400,2,2025
RED SUBTERRANEA,SED2_01623,LLAVE2_21,SP,ALIM2_107,SET2_17,400,2,2025
FUSIBLE,SED2_05788,LLAVE2_19,SP,ALIM2_197,SET2_46,400,2,2025
RED SUBTERRANEA,SED2_05351,LLAVE2_13,SP,ALIM2_260,SET2_13,630,2,2025
RED SUBTERRANEA,SED2_08905,LLAVE2_21,SP,ALIM2_164,SET2_16,630,2,2025
RED AEREA,SED2_06986,LLAVE2_09,SP,ALIM2_374,SET2_13,100,2,2025
RED SUBTERRANEA,SED2_00663,LLAVE2_21,SP,ALIM2_441,SET2_31,160,2,2025
RED SUBTERRANEA,SED2_01093,LLAVE2_15,SP,ALIM2_415,SET2_03,630,2,2025
RED SUBTERRANEA,SED2_01093,LLAVE2_18,SP,ALIM2_415,SET2_03,630,2,2025
RED SUBTERRANEA,SED2_01093,LLAVE2_02,SP,ALIM2_415,SET2_03,630,2,2025
RED SUBTERRANEA,SED2_06369,LLAVE2_19,SP,ALIM2_207,SET2_36,400,2,2025
RED SUBTERRANEA,SED2_08798,LLAVE2_09,SP,ALIM2_468,SET2_27,250,2,2025
RED SUBTERRANEA,SED2_00697,LLAVE2_15,SP,ALIM2_238,SET2_36,630,2,2025
RED SUBTERRANEA,SED2_02823,LLAVE2_02,SP,ALIM2_214,SET2_36,890,2,2025
RED SUBTERRANEA,SED2_08834,LLAVE2_09,SP,ALIM2_214,SET2_36,630,2,2025
RED SUBTERRANEA,SED2_08834,LLAVE2_13,SP,ALIM2_214,SET2_36,630,2,2025
RED AEREA,SED2_06667,LLAVE2_09,SP,ALIM2_076,SET2_13,400,2,2025
RED SUBTERRANEA,SED2_05788,LLAVE2_19,SP,ALIM2_197,SET2_46,400,2,2025
RED SUBTERRANEA,SED2_06644,LLAVE2_09,SP,ALIM2_342,SET2_10,350,2,2025
RED SUBTERRANEA,SED2_02291,LLAVE2_15,SP,ALIM2_342,SET2_10,400,2,2025
RED SUBTERRANEA,SED2_06259,LLAVE2_09,SP,ALIM2_117,SET2_10,400,2,2025
RED SUBTERRANEA,SED2_05960,LLAVE2_14,SP,ALIM2_045,SET2_38,1030,2,2025
RED SUBTERRANEA,SED2_09726,LLAVE2_18,SP,ALIM2_477,SET2_31,1260,2,2025
RED SUBTERRANEA,SED2_02116,LLAVE2_09,SP,ALIM2_477,SET2_31,400,2,2025
RED SUBTERRANEA,SED2_02116,LLAVE2_15,SP,ALIM2_477,SET2_31,400,2,2025
RED SUBTERRANEA,SED2_02116,LLAVE2_12,SP,ALIM2_477,SET2_31,400,2,2025
RED SUBTERRANEA,SED2_00429,LLAVE2_18,SP,ALIM2_286,SET2_36,1270,2,2025
RED SUBTERRANEA,SED2_09659,LLAVE2_09,SP,ALIM2_113,SET2_15,400,2,2025
RED SUBTERRANEA,SED2_09834,LLAVE2_02,SP,ALIM2_155,SET2_02,400,2,2025
RED SUBTERRANEA,SED2_00642,LLAVE2_13,SP,ALIM2_129,SET2_02,400,2,2025
RED SUBTERRANEA,SED2_02586,LLAVE2_21,SP,ALIM2_394,SET2_15,250,2,2025
RED SUBTERRANEA,SED2_06807,LLAVE2_15,SP,ALIM2_286,SET2_36,630,2,2025
RED SUBTERRANEA,SED2_06413,LLAVE2_09,SP,ALIM2_403,SET2_31,250,2,2025
RED SUBTERRANEA,SED2_07761,LLAVE2_21,SP,ALIM2_058,SET2_43,1260,2,2025
RED SUBTERRANEA,SED2_07761,LLAVE2_13,SP,ALIM2_058,SET2_43,1260,2,2025
RED SUBTERRANEA,SED2_02101,LLAVE2_09,SP,ALIM2_131,SET2_43,250,2,2025
RED SUBTERRANEA,SED2_02101,LLAVE2_21,SP,ALIM2_131,SET2_43,250,2,2025
RED SUBTERRANEA,SED2_05553,LLAVE2_19,SP,ALIM2_131,SET2_43,220,2,2025
RED SUBTERRANEA,SED2_05553,LLAVE2_09,SP,ALIM2_131,SET2_43,220,2,2025
RED SUBTERRANEA,SED2_05438,LLAVE2_15,SP,ALIM2_131,SET2_43,200,2,2025
RED SUBTERRANEA,SED2_06099,LLAVE2_15,SP,ALIM2_140,SET2_21,400,2,2025
RED SUBTERRANEA,SED2_09476,LLAVE2_18,SP,ALIM2_345,SET2_17,400,2,2025
RED SUBTERRANEA,SED2_00014,LLAVE2_09,SP,ALIM2_180,SET2_17,400,2,2025
RED SUBTERRANEA,SED2_02431,LLAVE2_18,SP,ALIM2_073,SET2_21,630,2,2025
RED SUBTERRANEA,SED2_07001,LLAVE2_15,SP,ALIM2_238,SET2_36,630,2,2025
RED SUBTERRANEA,SED2_07001,LLAVE2_21,SP,ALIM2_238,SET2_36,630,2,2025
RED SUBTERRANEA,SED2_05451,LLAVE2_15,SP,ALIM2_289,SET2_16,350,2,2025
RED SUBTERRANEA,SED2_01201,LLAVE2_19,SP,ALIM2_188,SET2_43,630,2,2025
RED SUBTERRANEA,SED2_01097,LLAVE2_02,SP,ALIM2_176,SET2_31,1260,2,2025
RED SUBTERRANEA,SED2_01491,LLAVE2_15,SP,ALIM2_105,SET2_09,800,2,2025
RED SUBTERRANEA,SED2_01491,LLAVE2_21,SP,ALIM2_105,SET2_09,800,2,2025
RED SUBTERRANEA,SED2_00386,LLAVE2_09,SP,ALIM2_406,SET2_46,630,2,2025
RED SUBTERRANEA,SED2_00386,LLAVE2_13,SP,ALIM2_406,SET2_46,630,2,2025
RED SUBTERRANEA,SED2_00386,LLAVE2_02,SP,ALIM2_406,SET2_46,630,2,2025
RED SUBTERRANEA,SED2_05487,LLAVE2_02,SP,ALIM2_229,SET2_38,800,2,2025
RED SUBTERRANEA,SED2_02245,LLAVE2_09,SP,ALIM2_001,SET2_36,800,2,2025
RED SUBTERRANEA,SED2_07606,LLAVE2_21,SP,ALIM2_038,SET2_46,630,2,2025
RED SUBTERRANEA,SED2_09289,LLAVE2_09,SP,ALIM2_109,SET2_17,630,2,2025
RED SUBTERRANEA,SED2_06732,LLAVE2_09,SP,ALIM2_431,SET2_36,630,2,2025
RED SUBTERRANEA,SED2_05580,LLAVE2_09,SP,ALIM2_298,SET2_26,630,2,2025
RED SUBTERRANEA,SED2_05580,LLAVE2_15,SP,ALIM2_298,SET2_26,630,2,2025
RED SUBTERRANEA,SED2_05580,LLAVE2_21,SP,ALIM2_298,SET2_26,630,2,2025
RED SUBTERRANEA,SED2_08402,LLAVE2_19,SP,ALIM2_366,SET2_27,400,2,2025
RED SUBTERRANEA,SED2_02100,LLAVE2_09,SP,ALIM2_257,SET2_31,630,2,2025
RED SUBTERRANEA,SED2_09381,LLAVE2_19,SP,ALIM2_257,SET2_31,630,2,2025
RED SUBTERRANEA,SED2_06040,LLAVE2_13,SP,ALIM2_236,SET2_38,640,2,2025
RED SUBTERRANEA,SED2_07009,LLAVE2_09,SP,ALIM2_431,SET2_36,630,2,2025
RED SUBTERRANEA,SED2_08068,LLAVE2_21,SP,ALIM2_233,SET2_41,630,2,2025
RED SUBTERRANEA,SED2_01356,LLAVE2_09,SP,ALIM2_233,SET2_41,630,2,2025
RED SUBTERRANEA,SED2_01356,LLAVE2_14,SP,ALIM2_233,SET2_41,630,2,2025
RED SUBTERRANEA,SED2_08263,LLAVE2_15,SP,ALIM2_026,SET2_30,400,2,2025
RED SUBTERRANEA,SED2_00393,LLAVE2_09,SP,ALIM2_026,SET2_30,800,2,2025
RED SUBTERRANEA,SED2_00393,LLAVE2_15,SP,ALIM2_026,SET2_30,800,2,2025
RED SUBTERRANEA,SED2_00393,LLAVE2_13,SP,ALIM2_026,SET2_30,800,2,2025
RED SUBTERRANEA,SED2_00393,LLAVE2_18,SP,ALIM2_026,SET2_30,800,2,2025
RED SUBTERRANEA,SED2_09574,LLAVE2_09,SP,ALIM2_026,SET2_30,400,2,2025
RED SUBTERRANEA,SED2_09574,LLAVE2_15,SP,ALIM2_026,SET2_30,400,2,2025
RED SUBTERRANEA,SED2_07668,LLAVE2_23,SP,ALIM2_256,SET2_38,400,2,2025
RED SUBTERRANEA,SED2_07668,LLAVE2_04,SP,ALIM2_256,SET2_38,400,2,2025
RED SUBTERRANEA,SED2_07668,LLAVE2_09,SP,ALIM2_256,SET2_38,400,2,2025
RED SUBTERRANEA,SED2_06745,LLAVE2_14,SP,ALIM2_412,SET2_08,400,2,2025
RED SUBTERRANEA,SED2_09926,LLAVE2_21,SP,ALIM2_152,SET2_40,400,2,2025
RED SUBTERRANEA,SED2_09926,LLAVE2_14,SP,ALIM2_152,SET2_40,400,2,2025
RED SUBTERRANEA,SED2_07110,LLAVE2_15,SP,ALIM2_210,SET2_40,550,2,2025
RED SUBTERRANEA,SED2_07110,LLAVE2_21,SP,ALIM2_210,SET2_40,550,2,2025
RED SUBTERRANEA,SED2_01275,LLAVE2_15,SP,ALIM2_143,SET2_08,400,2,2025
RED SUBTERRANEA,SED2_01275,LLAVE2_13,SP,ALIM2_143,SET2_08,400,2,2025
RED SUBTERRANEA,SED2_00464,LLAVE2_09,SP,ALIM2_382,SET2_13,400,2,2025
RED SUBTERRANEA,SED2_05074,LLAVE2_21,SP,ALIM2_377,SET2_27,400,2,2025
RED SUBTERRANEA,SED2_05074,LLAVE2_12,SP,ALIM2_377,SET2_27,400,2,2025
RED SUBTERRANEA,SED2_05990,LLAVE2_15,SP,ALIM2_463,SET2_36,630,2,2025
RED SUBTERRANEA,SED2_05990,LLAVE2_13,SP,ALIM2_463,SET2_36,630,2,2025
RED SUBTERRANEA,SED2_08366,LLAVE2_09,SP,ALIM2_298,SET2_26,1030,2,2025
RED SUBTERRANEA,SED2_07523,LLAVE2_21,SP,ALIM2_033,SET2_40,640,2,2025
RED SUBTERRANEA,SED2_07523,LLAVE2_14,SP,ALIM2_033,SET2_40,640,2,2025
RED AEREA,SED2_04999,LLAVE2_19,SP,ALIM2_112,SET2_35,630,2,2025
RED SUBTERRANEA,SED2_02594,LLAVE2_15,SP,ALIM2_144,SET2_43,400,2,2025
RED SUBTERRANEA,SED2_02594,LLAVE2_14,SP,ALIM2_144,SET2_43,400,2,2025
RED SUBTERRANEA,SED2_02594,LLAVE2_13,SP,ALIM2_144,SET2_43,400,2,2025
RED SUBTERRANEA,SED2_08369,LLAVE2_13,SP,ALIM2_009,SET2_08,630,2,2025
RED SUBTERRANEA,SED2_08369,LLAVE2_02,SP,ALIM2_009,SET2_08,630,2,2025
RED SUBTERRANEA,SED2_06841,LLAVE2_06,SP,ALIM2_009,SET2_08,400,2,2025
RED SUBTERRANEA,SED2_02530,LLAVE2_19,SP,ALIM2_389,SET2_28,160,2,2025
RED SUBTERRANEA,SED2_09068,LLAVE2_02,SP,ALIM2_310,SET2_40,400,2,2025
RED SUBTERRANEA,SED2_08422,LLAVE2_15,SP,ALIM2_173,SET2_16,400,2,2025
RED SUBTERRANEA,SED2_03739,LLAVE2_21,SP,ALIM2_235,SET2_46,400,2,2025
RED SUBTERRANEA,SED2_02232,LLAVE2_15,SP,ALIM2_204,SET2_02,160,2,2025
RED SUBTERRANEA,SED2_09837,LLAVE2_09,SP,ALIM2_185,SET2_31,250,2,2025
FUSIBLE,SED2_09544,LLAVE2_09,SP,ALIM2_368,SET2_31,630,2,2025
RED SUBTERRANEA,SED2_01985,LLAVE2_09,SP,ALIM2_309,SET2_30,630,2,2025
RED SUBTERRANEA,SED2_09649,LLAVE2_21,SP,ALIM2_285,SET2_46,630,2,2025
RED SUBTERRANEA,SED2_04626,LLAVE2_09,SP,ALIM2_323,SET2_40,400,2,2025
RED SUBTERRANEA,SED2_04501,LLAVE2_09,SP,ALIM2_220,SET2_29,160,2,2025
RED SUBTERRANEA,SED2_09042,LLAVE2_19,SP,ALIM2_202,SET2_29,250,2,2025
RED SUBTERRANEA,SED2_09042,LLAVE2_15,SP,ALIM2_202,SET2_29,250,2,2025
RED SUBTERRANEA,SED2_07298,LLAVE2_09,SP,ALIM2_120,SET2_29,100,2,2025
RED SUBTERRANEA,SED2_06232,LLAVE2_09,SP,ALIM2_120,SET2_29,100,2,2025
RED SUBTERRANEA,SED2_08640,LLAVE2_19,SP,ALIM2_240,SET2_46,630,2,2025
RED SUBTERRANEA,SED2_04072,LLAVE2_09,SP,ALIM2_167,SET2_35,160,2,2025
RED SUBTERRANEA,SED2_04096,LLAVE2_19,SP,ALIM2_351,SET2_10,100,2,2025
RED SUBTERRANEA,SED2_07478,LLAVE2_21,SP,ALIM2_144,SET2_43,160,2,2025
RED AEREA,SED2_01395,LLAVE2_19,SP,ALIM2_263,SET2_31,250,2,2025
RED SUBTERRANEA,SED2_01395,LLAVE2_09,SP,ALIM2_263,SET2_31,250,2,2025
RED SUBTERRANEA,SED2_01395,LLAVE2_21,SP,ALIM2_263,SET2_31,250,2,2025
RED SUBTERRANEA,SED2_02698,LLAVE2_09,SP,ALIM2_065,SET2_17,630,2,2025
RED SUBTERRANEA,SED2_04981,LLAVE2_09,SP,ALIM2_447,SET2_26,400,2,2025
RED SUBTERRANEA,SED2_04981,LLAVE2_14,SP,ALIM2_447,SET2_26,400,2,2025
RED SUBTERRANEA,SED2_03838,LLAVE2_20,SP,ALIM2_013,SET2_09,400,2,2025
RED SUBTERRANEA,SED2_03838,LLAVE2_13,SP,ALIM2_013,SET2_09,400,2,2025
RED SUBTERRANEA,SED2_09629,LLAVE2_09,SP,ALIM2_439,SET2_08,400,2,2025
RED SUBTERRANEA,SED2_02796,LLAVE2_09,SP,ALIM2_420,SET2_21,400,2,2025
RED SUBTERRANEA,SED2_02796,LLAVE2_14,SP,ALIM2_420,SET2_21,400,2,2025
RED SUBTERRANEA,SED2_03511,LLAVE2_14,SP,ALIM2_138,SET2_15,400,2,2025
RED SUBTERRANEA,SED2_00550,LLAVE2_15,SP,ALIM2_042,SET2_06,400,2,2025
RED SUBTERRANEA,SED2_02262,LLAVE2_21,SP,ALIM2_034,SET2_31,630,2,2025
RED SUBTERRANEA,SED2_03519,LLAVE2_15,SP,ALIM2_029,SET2_26,550,2,2025
RED SUBTERRANEA,SED2_07929,LLAVE2_15,SP,ALIM2_077,SET2_40,400,2,2025
RED SUBTERRANEA,SED2_04741,LLAVE2_15,SP,ALIM2_155,SET2_02,400,2,2025
RED SUBTERRANEA,SED2_06518,LLAVE2_19,SP,ALIM2_393,SET2_17,400,2,2025
RED SUBTERRANEA,SED2_06518,LLAVE2_09,SP,ALIM2_393,SET2_17,400,2,2025
RED SUBTERRANEA,SED2_06518,LLAVE2_15,SP,ALIM2_393,SET2_17,400,2,2025
RED SUBTERRANEA,SED2_01334,LLAVE2_09,SP,ALIM2_133,SET2_09,160,2,2025
RED SUBTERRANEA,SED2_05446,LLAVE2_14,SP,ALIM2_179,SET2_38,630,2,2025
RED SUBTERRANEA,SED2_01005,LLAVE2_13,SP,ALIM2_286,SET2_36,1260,2,2025
RED SUBTERRANEA,SED2_03403,LLAVE2_15,SP,ALIM2_131,SET2_43,320,2,2025
RED SUBTERRANEA,SED2_00205,LLAVE2_19,SP,ALIM2_302,SET2_27,400,2,2025
RED SUBTERRANEA,SED2_07374,LLAVE2_09,SP,ALIM2_025,SET2_13,400,2,2025
RED SUBTERRANEA,SED2_07694,LLAVE2_21,SP,ALIM2_368,SET2_31,800,2,2025
RED SUBTERRANEA,SED2_07848,LLAVE2_09,SP,ALIM2_196,SET2_38,550,2,2025
RED AEREA,SED2_07848,LLAVE2_15,SP,ALIM2_196,SET2_38,550,2,2025
RED AEREA,SED2_07848,LLAVE2_21,SP,ALIM2_196,SET2_38,550,2,2025
RED SUBTERRANEA,SED2_07848,LLAVE2_02,SP,ALIM2_196,SET2_38,550,2,2025
RED SUBTERRANEA,SED2_02754,LLAVE2_18,SP,ALIM2_368,SET2_31,800,2,2025
RED SUBTERRANEA,SED2_07587,LLAVE2_09,SP,ALIM2_297,SET2_33,400,2,2025
RED AEREA,SED2_06064,LLAVE2_21,SP,ALIM2_073,SET2_21,220,2,2025
RED SUBTERRANEA,SED2_06064,LLAVE2_21,SP,ALIM2_073,SET2_21,220,2,2025
RED SUBTERRANEA,SED2_01938,LLAVE2_09,SP,ALIM2_184,SET2_41,630,2,2025
RED SUBTERRANEA,SED2_06160,LLAVE2_09,SP,ALIM2_457,SET2_26,630,2,2025
RED SUBTERRANEA,SED2_06160,LLAVE2_15,SP,ALIM2_457,SET2_26,630,2,2025
RED SUBTERRANEA,SED2_06160,LLAVE2_14,SP,ALIM2_457,SET2_26,630,2,2025
RED SUBTERRANEA,SED2_04623,LLAVE2_21,SP,ALIM2_034,SET2_31,250,2,2025
RED SUBTERRANEA,SED2_04476,LLAVE2_09,SP,ALIM2_378,SET2_31,400,2,2025
RED SUBTERRANEA,SED2_09371,LLAVE2_09,SP,ALIM2_196,SET2_38,400,2,2025
RED SUBTERRANEA,SED2_02734,LLAVE2_09,SP,ALIM2_303,SET2_38,250,2,2025
RED SUBTERRANEA,SED2_06342,LLAVE2_09,SP,ALIM2_080,SET2_13,400,2,2025
RED SUBTERRANEA,SED2_09916,LLAVE2_09,SP,ALIM2_330,SET2_23,400,2,2025
RED SUBTERRANEA,SED2_04987,LLAVE2_09,SP,ALIM2_043,SET2_41,250,2,2025
RED SUBTERRANEA,SED2_03963,LLAVE2_21,SP,ALIM2_159,SET2_16,630,2,2025
RED SUBTERRANEA,SED2_01218,LLAVE2_12,SP,ALIM2_134,SET2_16,630,2,2025
RED SUBTERRANEA,SED2_04171,LLAVE2_15,SP,ALIM2_344,SET2_31,630,2,2025
RED SUBTERRANEA,SED2_04171,LLAVE2_21,SP,ALIM2_344,SET2_31,630,2,2025
RED SUBTERRANEA,SED2_04171,LLAVE2_02,SP,ALIM2_344,SET2_31,630,2,2025
RED SUBTERRANEA,SED2_07561,LLAVE2_15,SP,ALIM2_397,SET2_08,630,2,2025
RED SUBTERRANEA,SED2_03323,LLAVE2_15,SP,ALIM2_302,SET2_27,630,2,2025
RED SUBTERRANEA,SED2_07422,LLAVE2_15,SP,ALIM2_134,SET2_16,400,2,2025
RED SUBTERRANEA,SED2_02872,LLAVE2_09,SP,ALIM2_253,SET2_46,250,2,2025
RED SUBTERRANEA,SED2_03872,LLAVE2_14,SP,ALIM2_220,SET2_29,160,2,2025
RED SUBTERRANEA,SED2_05666,LLAVE2_18,SP,ALIM2_013,SET2_09,400,2,2025
RED SUBTERRANEA,SED2_03550,LLAVE2_14,SP,ALIM2_159,SET2_16,630,2,2025
RED SUBTERRANEA,SED2_03550,LLAVE2_12,SP,ALIM2_159,SET2_16,630,2,2025
RED SUBTERRANEA,SED2_05513,LLAVE2_18,SP,ALIM2_182,SET2_09,400,2,2025
RED SUBTERRANEA,SED2_06464,LLAVE2_19,SP,ALIM2_209,SET2_43,630,2,2025
RED SUBTERRANEA,SED2_06464,LLAVE2_09,SP,ALIM2_209,SET2_43,630,2,2025
RED SUBTERRANEA,SED2_09929,LLAVE2_09,SP,ALIM2_008,SET2_35,160,2,2025
RED SUBTERRANEA,SED2_03590,LLAVE2_09,SP,ALIM2_081,SET2_21,250,2,2025
RED SUBTERRANEA,SED2_07750,LLAVE2_18,SP,ALIM2_476,SET2_02,400,2,2025
RED SUBTERRANEA,SED2_03514,LLAVE2_21,SP,ALIM2_291,SET2_09,400,2,2025
RED SUBTERRANEA,SED2_09019,LLAVE2_09,SP,ALIM2_295,SET2_23,100,2,2025
RED SUBTERRANEA,SED2_03260,LLAVE2_09,SP,ALIM2_042,SET2_06,250,2,2025
RED SUBTERRANEA,SED2_07205,LLAVE2_19,SP,ALIM2_447,SET2_26,250,2,2025
RED SUBTERRANEA,SED2_05516,LLAVE2_19,SP,ALIM2_217,SET2_35,400,2,2025
RED SUBTERRANEA,SED2_08134,LLAVE2_13,SP,ALIM2_001,SET2_36,160,2,2025
RED SUBTERRANEA,SED2_01330,LLAVE2_19,SP,ALIM2_349,SET2_21,400,2,2025
RED SUBTERRANEA,SED2_03697,LLAVE2_19,SP,ALIM2_482,SET2_02,275,2,2025
RED SUBTERRANEA,SED2_08522,LLAVE2_09,SP,ALIM2_296,SET2_23,250,2,2025
RED SUBTERRANEA,SED2_08991,LLAVE2_13,SP,ALIM2_127,SET2_16,630,2,2025
RED SUBTERRANEA,SED2_01611,LLAVE2_15,SP,ALIM2_102,SET2_02,250,2,2025
RED AEREA,SED2_00817,LLAVE2_09,SP,ALIM2_267,SET2_23,250,2,2025
RED SUBTERRANEA,SED2_00817,LLAVE2_15,SP,ALIM2_267,SET2_23,250,2,2025
RED SUBTERRANEA,SED2_03234,LLAVE2_15,SP,ALIM2_304,SET2_02,400,2,2025
RED SUBTERRANEA,SED2_07747,LLAVE2_13,SP,ALIM2_466,SET2_31,630,2,2025
RED SUBTERRANEA,SED2_03751,LLAVE2_14,SP,ALIM2_074,SET2_28,400,2,2025
RED AEREA,SED2_02656,LLAVE2_19,SP,ALIM2_241,SET2_35,250,2,2025
RED SUBTERRANEA,SED2_02656,LLAVE2_19,SP,ALIM2_241,SET2_35,250,2,2025
RED SUBTERRANEA,SED2_02656,LLAVE2_09,SP,ALIM2_241,SET2_35,250,2,2025
RED SUBTERRANEA,SED2_02656,LLAVE2_15,SP,ALIM2_241,SET2_35,250,2,2025
RED SUBTERRANEA,SED2_05373,LLAVE2_15,SP,ALIM2_431,SET2_36,400,2,2025
RED SUBTERRANEA,SED2_09300,LLAVE2_18,SP,ALIM2_206,SET2_46,630,2,2025
RED SUBTERRANEA,SED2_03926,LLAVE2_15,SP,ALIM2_058,SET2_43,630,2,2025
RED SUBTERRANEA,SED2_07099,LLAVE2_09,SP,ALIM2_105,SET2_09,250,2,2025
RED SUBTERRANEA,SED2_01257,LLAVE2_15,SP,ALIM2_465,SET2_28,400,2,2025
RED SUBTERRANEA,SED2_02503,LLAVE2_15,SP,ALIM2_178,SET2_21,275,2,2025
RED SUBTERRANEA,SED2_00709,LLAVE2_16,SP,ALIM2_314,SET2_46,800,2,2025
RED SUBTERRANEA,SED2_00709,LLAVE2_15,SP,ALIM2_314,SET2_46,800,2,2025
RED SUBTERRANEA,SED2_00709,LLAVE2_13,SP,ALIM2_314,SET2_46,800,2,2025
RED SUBTERRANEA,SED2_01427,LLAVE2_09,SP,ALIM2_031,SET2_21,400,2,2025
RED SUBTERRANEA,SED2_01427,LLAVE2_15,SP,ALIM2_031,SET2_21,400,2,2025
RED SUBTERRANEA,SED2_01427,LLAVE2_21,SP,ALIM2_031,SET2_21,400,2,2025
RED SUBTERRANEA,SED2_03709,LLAVE2_19,SP,ALIM2_260,SET2_13,250,2,2025
RED SUBTERRANEA,SED2_08502,LLAVE2_15,SP,ALIM2_305,SET2_33,250,2,2025
RED SUBTERRANEA,SED2_06525,LLAVE2_09,SP,ALIM2_251,SET2_40,350,2,2025
RED SUBTERRANEA,SED2_06525,LLAVE2_14,SP,ALIM2_251,SET2_40,350,2,2025
RED SUBTERRANEA,SED2_07732,LLAVE2_21,SP,ALIM2_304,SET2_02,250,2,2025
RED SUBTERRANEA,SED2_02608,LLAVE2_09,SP,ALIM2_102,SET2_02,400,2,2025
RED SUBTERRANEA,SED2_01162,LLAVE2_15,SP,ALIM2_468,SET2_27,630,2,2025
RED AEREA,SED2_01285,LLAVE2_19,SP,ALIM2_363,SET2_12,100,2,2025
FUSIBLE,SED2_01145,LLAVE2_09,SP,ALIM2_472,SET2_10,250,2,2025
RED SUBTERRANEA,SED2_01145,LLAVE2_09,SP,ALIM2_472,SET2_10,250,2,2025
RED SUBTERRANEA,SED2_06605,LLAVE2_09,SP,ALIM2_371,SET2_02,400,2,2025
RED SUBTERRANEA,SED2_08110,LLAVE2_09,SP,ALIM2_298,SET2_26,400,2,2025
RED SUBTERRANEA,SED2_09036,LLAVE2_19,SP,ALIM2_257,SET2_31,160,2,2025
RED AEREA,SED2_08848,LLAVE2_09,SP,ALIM2_421,SET2_10,160,2,2025
RED AEREA,SED2_05449,LLAVE2_09,SP,ALIM2_105,SET2_09,250,2,2025
RED AEREA,SED2_02606,LLAVE2_19,SP,ALIM2_095,SET2_28,250,2,2025
RED AEREA,SED2_02606,LLAVE2_09,SP,ALIM2_095,SET2_28,250,2,2025
RED AEREA,SED2_06435,LLAVE2_09,SP,ALIM2_112,SET2_35,250,2,2025
RED SUBTERRANEA,SED2_00390,LLAVE2_21,SP,ALIM2_390,SET2_09,630,2,2025
RED AEREA,SED2_07290,LLAVE2_15,SP,ALIM2_472,SET2_10,100,2,2025
RED SUBTERRANEA,SED2_03181,LLAVE2_19,SP,ALIM2_022,SET2_43,250,2,2025
RED SUBTERRANEA,SED2_02030,LLAVE2_09,SP,ALIM2_224,SET2_45,160,2,2025
RED SUBTERRANEA,SED2_05803,LLAVE2_09,SP,ALIM2_124,SET2_32,250,2,2025
RED SUBTERRANEA,SED2_09842,LLAVE2_19,SP,ALIM2_130,SET2_45,160,2,2025
RED AEREA,SED2_06866,LLAVE2_09,SP,ALIM2_464,SET2_09,50,2,2025
RED AEREA,SED2_03671,LLAVE2_19,SP,ALIM2_464,SET2_09,100,2,2025
RED AEREA,SED2_01096,LLAVE2_09,SP,ALIM2_101,SET2_33,100,2,2025
RED AEREA,SED2_00957,LLAVE2_19,SP,ALIM2_232,SET2_28,160,2,2025
RED AEREA,SED2_06538,LLAVE2_19,SP,ALIM2_267,SET2_23,160,2,2025
RED SUBTERRANEA,SED2_00293,LLAVE2_15,SP,ALIM2_030,SET2_41,100,2,2025
RED SUBTERRANEA,SED2_03823,LLAVE2_15,SP,ALIM2_161,SET2_04,160,2,2025
RED SUBTERRANEA,SED2_03562,LLAVE2_09,SP,ALIM2_183,SET2_12,250,2,2025
RED SUBTERRANEA,SED2_03562,LLAVE2_21,SP,ALIM2_183,SET2_12,250,2,2025
RED AEREA,SED2_06301,LLAVE2_19,SP,ALIM2_108,SET2_22,100,2,2025
RED AEREA,SED2_06301,LLAVE2_09,SP,ALIM2_108,SET2_22,100,2,2025
RED SUBTERRANEA,SED2_03669,LLAVE2_19,SP,ALIM2_244,SET2_32,250,2,2025
RED AEREA,SED2_00020,LLAVE2_19,SP,ALIM2_296,SET2_23,160,2,2025
RED AEREA,SED2_09654,LLAVE2_19,SP,ALIM2_202,SET2_29,100,2,2025
RED AEREA,SED2_09654,LLAVE2_09,SP,ALIM2_202,SET2_29,100,2,2025
RED AEREA,SED2_08286,LLAVE2_19,SP,ALIM2_381,SET2_45,160,2,2025
RED SUBTERRANEA,SED2_05134,LLAVE2_09,SP,ALIM2_022,SET2_43,400,2,2025
RED SUBTERRANEA,SED2_05134,LLAVE2_15,SP,ALIM2_022,SET2_43,400,2,2025
RED SUBTERRANEA,SED2_02672,LLAVE2_09,SP,ALIM2_279,SET2_17,400,2,2025
RED SUBTERRANEA,SED2_02494,LLAVE2_19,SP,ALIM2_263,SET2_31,250,2,2025
RED SUBTERRANEA,SED2_02494,LLAVE2_15,SP,ALIM2_263,SET2_31,250,2,2025
RED AEREA,SED2_07972,LLAVE2_19,SP,ALIM2_100,SET2_12,160,2,2025
RED AEREA,SED2_07972,LLAVE2_09,SP,ALIM2_100,SET2_12,160,2,2025
RED SUBTERRANEA,SED2_03613,LLAVE2_21,SP,ALIM2_022,SET2_43,250,2,2025
RED SUBTERRANEA,SED2_02164,LLAVE2_09,SP,SIN DATA,SIN DATA,SIN DATA,2,2025
RED SUBTERRANEA,SED2_00777,LLAVE2_19,SP,ALIM2_241,SET2_35,100,2,2025
RED AEREA,SED2_05966,LLAVE2_09,SP,ALIM2_021,SET2_32,100,2,2025
RED AEREA,SED2_05361,LLAVE2_09,SP,ALIM2_341,SET2_35,160,2,2025
RED SUBTERRANEA,SED2_05885,LLAVE2_09,SP,ALIM2_353,SET2_40,250,2,2025
RED SUBTERRANEA,SED2_08575,LLAVE2_09,SP,ALIM2_464,SET2_09,250,2,2025
RED AEREA,SED2_08767,LLAVE2_19,SP,ALIM2_470,SET2_02,100,2,2025
RED AEREA,SED2_05835,LLAVE2_15,SP,ALIM2_105,SET2_09,250,2,2025
RED AEREA,SED2_09695,LLAVE2_09,SP,ALIM2_369,SET2_28,160,2,2025
RED SUBTERRANEA,SED2_08190,LLAVE2_09,SP,ALIM2_230,SET2_08,630,2,2025
RED SUBTERRANEA,SED2_09472,LLAVE2_09,SP,ALIM2_233,SET2_41,250,2,2025
RED AEREA,SED2_08302,LLAVE2_09,SP,ALIM2_306,SET2_12,100,2,2025
RED SUBTERRANEA,SED2_05894,LLAVE2_09,SP,ALIM2_075,SET2_36,250,2,2025
RED SUBTERRANEA,SED2_05140,LLAVE2_19,SP,ALIM2_202,SET2_29,160,2,2025
RED AEREA,SED2_00075,LLAVE2_19,SP,ALIM2_351,SET2_10,50,2,2025
RED AEREA,SED2_02401,LLAVE2_19,SP,ALIM2_389,SET2_28,75,2,2025
RED SUBTERRANEA,SED2_04692,LLAVE2_19,SP,ALIM2_310,SET2_40,400,2,2025
RED SUBTERRANEA,SED2_04692,LLAVE2_02,SP,ALIM2_310,SET2_40,400,2,2025
RED SUBTERRANEA,SED2_01753,LLAVE2_15,SP,ALIM2_129,SET2_02,400,2,2025
RED AEREA,SED2_08994,LLAVE2_19,SP,ALIM2_037,SET2_23,160,2,2025
RED SUBTERRANEA,SED2_02365,LLAVE2_19,SP,ALIM2_037,SET2_23,100,2,2025
RED SUBTERRANEA,SED2_06448,LLAVE2_19,SP,ALIM2_310,SET2_40,250,2,2025
RED AEREA,SED2_03184,LLAVE2_09,SP,ALIM2_328,SET2_23,160,2,2025
RED SUBTERRANEA,SED2_03272,LLAVE2_09,SP,ALIM2_164,SET2_16,160,2,2025
RED AEREA,SED2_01205,LLAVE2_19,SP,ALIM2_219,SET2_10,100,2,2025
RED SUBTERRANEA,SED2_06246,LLAVE2_09,SP,ALIM2_366,SET2_27,160,2,2025
RED AEREA,SED2_09681,LLAVE2_19,SP,ALIM2_341,SET2_35,100,2,2025
RED AEREA,SED2_09681,LLAVE2_09,SP,ALIM2_341,SET2_35,100,2,2025
RED AEREA,SED2_09681,LLAVE2_15,SP,ALIM2_341,SET2_35,100,2,2025
RED AEREA,SED2_03720,LLAVE2_09,SP,ALIM2_117,SET2_10,100,2,2025
RED SUBTERRANEA,SED2_09576,LLAVE2_19,SP,ALIM2_308,SET2_29,160,2,2025
RED AEREA,SED2_01556,LLAVE2_09,SP,ALIM2_194,SET2_35,100,2,2025
RED SUBTERRANEA,SED2_07665,LLAVE2_15,SP,ALIM2_031,SET2_21,160,2,2025
RED AEREA,SED2_07717,LLAVE2_09,SP,ALIM2_183,SET2_12,100,2,2025
RED AEREA,SED2_07717,LLAVE2_15,SP,ALIM2_183,SET2_12,100,2,2025
RED AEREA,SED2_02903,LLAVE2_09,SP,ALIM2_053,SET2_12,250,2,2025
RED SUBTERRANEA,SED2_07396,LLAVE2_19,SP,ALIM2_310,SET2_40,160,2,2025
RED SUBTERRANEA,SED2_03097,LLAVE2_19,SP,ALIM2_077,SET2_40,250,2,2025
RED SUBTERRANEA,SED2_08465,LLAVE2_19,SP,ALIM2_077,SET2_40,400,2,2025
RED SUBTERRANEA,SED2_01533,LLAVE2_09,SP,ALIM2_077,SET2_40,160,2,2025
RED AEREA,SED2_01186,LLAVE2_09,SP,ALIM2_083,SET2_23,160,2,2025
RED AEREA,SED2_04203,LLAVE2_19,SP,ALIM2_055,SET2_35,100,2,2025
RED AEREA,SED2_08674,LLAVE2_19,SP,ALIM2_076,SET2_13,100,2,2025
RED AEREA,SED2_09241,LLAVE2_21,SP,ALIM2_263,SET2_31,250,2,2025
FUSIBLE,SED2_02511,LLAVE2_09,SP,ALIM2_263,SET2_31,250,2,2025
RED AEREA,SED2_05388,LLAVE2_09,SP,ALIM2_341,SET2_35,160,2,2025
RED AEREA,SED2_05326,LLAVE2_15,SP,ALIM2_055,SET2_35,250,2,2025
RED AEREA,SED2_02999,LLAVE2_19,SP,ALIM2_055,SET2_35,100,2,2025
RED AEREA,SED2_03135,LLAVE2_19,SP,ALIM2_241,SET2_35,160,2,2025
RED SUBTERRANEA,SED2_08143,LLAVE2_09,SP,ALIM2_259,SET2_15,250,2,2025
RED AEREA,SED2_03783,LLAVE2_19,SP,ALIM2_251,SET2_40,160,2,2025
RED AEREA,SED2_03783,LLAVE2_15,SP,ALIM2_251,SET2_40,160,2,2025
RED SUBTERRANEA,SED2_01366,LLAVE2_19,SP,ALIM2_224,SET2_45,250,2,2025
RED AEREA,SED2_06567,LLAVE2_09,SP,ALIM2_073,SET2_21,100,2,2025
RED AEREA,SED2_09239,LLAVE2_19,SP,ALIM2_024,SET2_40,100,2,2025
RED SUBTERRANEA,SED2_04185,LLAVE2_19,SP,ALIM2_332,SET2_08,250,2,2025
RED SUBTERRANEA,SED2_04185,LLAVE2_09,SP,ALIM2_332,SET2_08,250,2,2025
RED AEREA,SED2_08418,LLAVE2_19,SP,ALIM2_086,SET2_33,100,2,2025
RED SUBTERRANEA,SED2_08241,LLAVE2_09,SP,ALIM2_403,SET2_31,250,2,2025
RED AEREA,SED2_07889,LLAVE2_19,SP,ALIM2_183,SET2_12,160,2,2025
RED AEREA,SED2_03918,LLAVE2_19,SP,ALIM2_472,SET2_10,100,2,2025
RED AEREA,SED2_07219,LLAVE2_19,SP,ALIM2_316,SET2_23,100,2,2025
RED SUBTERRANEA,SED2_02581,LLAVE2_09,SP,ALIM2_255,SET2_21,250,2,2025
RED SUBTERRANEA,SED2_03406,LLAVE2_19,SP,ALIM2_031,SET2_21,160,2,2025
RED SUBTERRANEA,SED2_04521,LLAVE2_09,SP,ALIM2_031,SET2_21,160,2,2025
RED AEREA,SED2_05729,LLAVE2_09,SP,ALIM2_022,SET2_43,50,2,2025
RED AEREA,SED2_00507,LLAVE2_19,SP,ALIM2_361,SET2_23,250,2,2025
RED AEREA,SED2_00507,LLAVE2_09,SP,ALIM2_361,SET2_23,250,2,2025
RED SUBTERRANEA,SED2_09224,LLAVE2_15,SP,ALIM2_061,SET2_41,250,2,2025
FUSIBLE,SED2_08688,LLAVE2_21,SP,ALIM2_333,SET2_09,400,2,2025
RED SUBTERRANEA,SED2_07335,LLAVE2_15,SP,ALIM2_031,SET2_21,250,2,2025
RED AEREA,SED2_08489,LLAVE2_09,SP,ALIM2_481,SET2_12,250,2,2025
RED SUBTERRANEA,SED2_09562,LLAVE2_19,SP,ALIM2_131,SET2_43,160,2,2025
RED AEREA,SED2_09562,LLAVE2_15,SP,ALIM2_131,SET2_43,160,2,2025
RED SUBTERRANEA,SED2_09005,LLAVE2_19,SP,ALIM2_141,SET2_06,250,2,2025
RED AEREA,SED2_08030,LLAVE2_09,SP,ALIM2_135,SET2_43,100,2,2025
RED AEREA,SED2_06770,LLAVE2_09,SP,ALIM2_472,SET2_10,100,2,2025
RED SUBTERRANEA,SED2_05206,LLAVE2_15,SP,ALIM2_481,SET2_12,160,2,2025
RED SUBTERRANEA,SED2_01362,LLAVE2_19,SP,ALIM2_373,SET2_17,250,2,2025
RED SUBTERRANEA,SED2_01362,LLAVE2_09,SP,ALIM2_373,SET2_17,250,2,2025
RED SUBTERRANEA,SED2_00806,LLAVE2_15,SP,ALIM2_481,SET2_12,250,2,2025
RED SUBTERRANEA,SED2_01688,LLAVE2_09,SP,ALIM2_254,SET2_31,160,2,2025
RED SUBTERRANEA,SED2_07641,LLAVE2_15,SP,ALIM2_127,SET2_16,630,2,2025
RED AEREA,SED2_01853,LLAVE2_19,SP,ALIM2_217,SET2_35,100,2,2025
RED AEREA,SED2_01853,LLAVE2_21,SP,ALIM2_217,SET2_35,100,2,2025
RED SUBTERRANEA,SED2_01298,LLAVE2_09,SP,ALIM2_217,SET2_35,160,2,2025
RED AEREA,SED2_04489,LLAVE2_19,SP,ALIM2_031,SET2_21,400,2,2025
RED SUBTERRANEA,SED2_03863,LLAVE2_19,SP,ALIM2_031,SET2_21,160,2,2025
RED SUBTERRANEA,SED2_02187,LLAVE2_09,SP,ALIM2_037,SET2_23,250,2,2025
RED AEREA,SED2_01506,LLAVE2_19,SP,ALIM2_183,SET2_12,400,2,2025
RED SUBTERRANEA,SED2_02612,LLAVE2_09,SP,ALIM2_132,SET2_12,160,2,2025
RED AEREA,SED2_04959,LLAVE2_19,SP,ALIM2_055,SET2_35,250,2,2025
RED AEREA,SED2_04959,LLAVE2_09,SP,ALIM2_055,SET2_35,250,2,2025
RED AEREA,SED2_08810,LLAVE2_09,SP,ALIM2_474,SET2_02,50,2,2025
RED SUBTERRANEA,SED2_08230,LLAVE2_09,SP,ALIM2_304,SET2_02,250,2,2025
RED SUBTERRANEA,SED2_08230,LLAVE2_15,SP,ALIM2_304,SET2_02,250,2,2025
RED AEREA,SED2_03397,LLAVE2_19,SP,ALIM2_114,SET2_06,160,2,2025
RED SUBTERRANEA,SED2_01044,LLAVE2_09,SP,ALIM2_304,SET2_02,250,2,2025
FUSIBLE,SED2_06378,LLAVE2_09,SP,ALIM2_236,SET2_38,400,2,2025
RED AEREA,SED2_05204,LLAVE2_19,SP,ALIM2_254,SET2_31,160,2,2025
RED AEREA,SED2_05204,LLAVE2_15,SP,ALIM2_254,SET2_31,160,2,2025
RED AEREA,SED2_07494,LLAVE2_15,SP,ALIM2_481,SET2_12,100,2,2025
RED AEREA,SED2_01572,LLAVE2_19,AP,ALIM2_389,SET2_28,160,2,2025
RED AEREA,SED2_04434,LLAVE2_15,SP,ALIM2_389,SET2_28,400,2,2025
RED AEREA,SED2_03375,LLAVE2_09,SP,ALIM2_097,SET2_33,100,2,2025
RED AEREA,SED2_06231,LLAVE2_19,SP,ALIM2_097,SET2_33,160,2,2025
RED AEREA,SED2_08919,LLAVE2_09,SP,ALIM2_403,SET2_31,250,2,2025
RED AEREA,SED2_03215,LLAVE2_19,SP,ALIM2_108,SET2_22,160,2,2025
RED AEREA,SED2_03215,LLAVE2_09,SP,ALIM2_108,SET2_22,160,2,2025
RED SUBTERRANEA,SED2_00138,LLAVE2_15,SP,ALIM2_096,SET2_03,250,2,2025
RED SUBTERRANEA,SED2_00138,LLAVE2_14,SP,ALIM2_096,SET2_03,250,2,2025
RED AEREA,SED2_04876,LLAVE2_19,SP,ALIM2_316,SET2_23,160,2,2025
RED AEREA,SED2_02352,LLAVE2_09,SP,SIN DATA,SIN DATA,SIN DATA,2,2025
RED AEREA,SED2_06391,LLAVE2_19,SP,SIN DATA,SIN DATA,SIN DATA,2,2025
RED AEREA,SED2_02582,LLAVE2_19,SP,ALIM2_328,SET2_23,100,2,2025
RED AEREA,SED2_01665,LLAVE2_19,SP,ALIM2_388,SET2_13,160,2,2025
RED AEREA,SED2_01665,LLAVE2_09,SP,ALIM2_388,SET2_13,160,2,2025
RED AEREA,SED2_05920,LLAVE2_19,SP,ALIM2_374,SET2_13,100,2,2025
RED AEREA,SED2_05920,LLAVE2_09,SP,ALIM2_374,SET2_13,100,2,2025
RED AEREA,SED2_02320,LLAVE2_15,SP,ALIM2_374,SET2_13,160,2,2025
RED AEREA,SED2_09718,LLAVE2_09,SP,ALIM2_374,SET2_13,100,2,2025
RED AEREA,SED2_09546,LLAVE2_09,SP,ALIM2_046,SET2_23,100,2,2025
RED AEREA,SED2_01544,LLAVE2_19,SP,ALIM2_046,SET2_23,100,2,2025
RED AEREA,SED2_01544,LLAVE2_09,SP,ALIM2_046,SET2_23,100,2,2025
RED SUBTERRANEA,SED2_01933,LLAVE2_19,SP,ALIM2_360,SET2_06,250,2,2025
RED SUBTERRANEA,SED2_00150,LLAVE2_15,SP,ALIM2_169,SET2_06,160,2,2025
RED AEREA,SED2_07058,LLAVE2_09,SP,ALIM2_360,SET2_06,250,2,2025
RED SUBTERRANEA,SED2_08892,LLAVE2_19,SP,ALIM2_183,SET2_12,160,2,2025
RED SUBTERRANEA,SED2_08892,LLAVE2_15,SP,ALIM2_183,SET2_12,160,2,2025
RED AEREA,SED2_08097,LLAVE2_19,SP,ALIM2_132,SET2_12,100,2,2025
RED SUBTERRANEA,SED2_08097,LLAVE2_15,SP,ALIM2_132,SET2_12,100,2,2025
RED AEREA,SED2_09630,LLAVE2_19,SP,ALIM2_025,SET2_13,100,2,2025
RED AEREA,SED2_09630,LLAVE2_09,SP,ALIM2_025,SET2_13,100,2,2025
RED AEREA,SED2_06463,LLAVE2_15,SP,ALIM2_055,SET2_35,100,2,2025
RED AEREA,SED2_07234,LLAVE2_09,SP,ALIM2_140,SET2_21,75,2,2025
RED AEREA,SED2_06526,LLAVE2_19,SP,ALIM2_046,SET2_23,100,2,2025
RED AEREA,SED2_01428,LLAVE2_09,SP,ALIM2_330,SET2_23,100,2,2025
RED AEREA,SED2_05381,LLAVE2_09,SP,ALIM2_388,SET2_13,100,2,2025
RED AEREA,SED2_08043,LLAVE2_15,SP,ALIM2_025,SET2_13,100,2,2025
RED SUBTERRANEA,SED2_03485,LLAVE2_19,SP,ALIM2_025,SET2_13,160,2,2025
RED AEREA,SED2_02563,LLAVE2_09,SP,ALIM2_025,SET2_13,100,2,2025
RED AEREA,SED2_06956,LLAVE2_09,SP,SIN DATA,SIN DATA,SIN DATA,2,2025
RED AEREA,SED2_06041,LLAVE2_09,SP,ALIM2_092,SET2_13,250,2,2025
RED SUBTERRANEA,SED2_02342,LLAVE2_15,SP,ALIM2_196,SET2_38,160,2,2025
RED AEREA,SED2_08639,LLAVE2_09,SP,ALIM2_324,SET2_13,250,2,2025
RED AEREA,SED2_01906,LLAVE2_15,SP,ALIM2_459,SET2_13,100,2,2025
RED AEREA,SED2_01887,LLAVE2_09,SP,ALIM2_202,SET2_29,100,2,2025
RED AEREA,SED2_03121,LLAVE2_09,SP,ALIM2_093,SET2_21,100,2,2025
RED AEREA,SED2_02830,LLAVE2_09,SP,ALIM2_093,SET2_21,50,2,2025
RED AEREA,SED2_09635,LLAVE2_09,SP,ALIM2_470,SET2_02,100,2,2025
RED AEREA,SED2_09151,LLAVE2_15,SP,ALIM2_026,SET2_30,100,2,2025
RED AEREA,SED2_03800,LLAVE2_19,SP,ALIM2_114,SET2_06,100,2,2025
RED AEREA,SED2_05196,LLAVE2_19,SP,ALIM2_208,SET2_13,100,2,2025
RED AEREA,SED2_05658,LLAVE2_09,SP,ALIM2_089,SET2_35,50,2,2025
RED AEREA,SED2_04228,LLAVE2_09,SP,ALIM2_013,SET2_09,160,2,2025
RED SUBTERRANEA,SED2_06088,LLAVE2_19,SP,ALIM2_124,SET2_32,160,2,2025
RED AEREA,SED2_06088,LLAVE2_09,SP,ALIM2_124,SET2_32,160,2,2025
RED AEREA,SED2_00228,LLAVE2_19,SP,ALIM2_097,SET2_33,160,2,2025
RED AEREA,SED2_00228,LLAVE2_21,SP,ALIM2_097,SET2_33,160,2,2025
RED AEREA,SED2_04470,LLAVE2_19,SP,ALIM2_317,SET2_04,160,2,2025
RED AEREA,SED2_04470,LLAVE2_09,SP,ALIM2_317,SET2_04,160,2,2025
RED AEREA,SED2_01127,LLAVE2_21,SP,ALIM2_100,SET2_12,250,2,2025
RED AEREA,SED2_00987,LLAVE2_19,SP,ALIM2_328,SET2_23,400,2,2025
RED AEREA,SED2_01884,LLAVE2_19,SP,ALIM2_088,SET2_06,160,2,2025
RED AEREA,SED2_00715,LLAVE2_15,SP,ALIM2_233,SET2_41,160,2,2025
RED AEREA,SED2_04332,LLAVE2_19,SP,ALIM2_333,SET2_09,100,2,2025
RED AEREA,SED2_04471,LLAVE2_09,SP,ALIM2_042,SET2_06,50,2,2025
RED AEREA,SED2_06340,LLAVE2_15,SP,ALIM2_042,SET2_06,160,2,2025
RED AEREA,SED2_06698,LLAVE2_19,SP,ALIM2_160,SET2_33,160,2,2025
RED AEREA,SED2_06698,LLAVE2_09,SP,ALIM2_160,SET2_33,160,2,2025
RED SUBTERRANEA,SED2_05963,LLAVE2_19,SP,ALIM2_355,SET2_30,100,2,2025
RED AEREA,SED2_07102,LLAVE2_19,SP,ALIM2_208,SET2_13,100,2,2025
RED AEREA,SED2_09276,LLAVE2_15,SP,ALIM2_083,SET2_23,160,2,2025
RED AEREA,SED2_04865,LLAVE2_19,SP,ALIM2_208,SET2_13,250,2,2025
RED AEREA,SED2_06204,LLAVE2_09,SP,ALIM2_092,SET2_13,100,2,2025
RED AEREA,SED2_07349,LLAVE2_09,SP,ALIM2_208,SET2_13,160,2,2025
RED AEREA,SED2_05647,LLAVE2_19,SP,ALIM2_208,SET2_13,100,2,2025
RED AEREA,SED2_04148,LLAVE2_19,SP,ALIM2_208,SET2_13,100,2,2025
RED SUBTERRANEA,SED2_08868,LLAVE2_15,SP,ALIM2_382,SET2_13,250,2,2025
RED SUBTERRANEA,SED2_01847,LLAVE2_15,SP,ALIM2_042,SET2_06,100,2,2025
RED SUBTERRANEA,SED2_00025,LLAVE2_19,SP,ALIM2_042,SET2_06,40,2,2025
RED SUBTERRANEA,SED2_04686,LLAVE2_19,SP,ALIM2_042,SET2_06,100,2,2025
RED SUBTERRANEA,SED2_00527,LLAVE2_15,SP,ALIM2_068,SET2_32,250,2,2025
RED AEREA,SED2_07578,LLAVE2_19,SP,ALIM2_037,SET2_23,100,2,2025
RED AEREA,SED2_07578,LLAVE2_09,SP,ALIM2_037,SET2_23,100,2,2025
RED AEREA,SED2_07578,LLAVE2_15,SP,ALIM2_037,SET2_23,100,2,2025
RED AEREA,SED2_04456,LLAVE2_09,SP,ALIM2_158,SET2_33,160,2,2025
RED AEREA,SED2_04456,LLAVE2_15,SP,ALIM2_158,SET2_33,160,2,2025
RED AEREA,SED2_02489,LLAVE2_15,SP,ALIM2_237,SET2_33,100,2,2025
RED AEREA,SED2_05583,LLAVE2_19,SP,ALIM2_183,SET2_12,100,2,2025
RED AEREA,SED2_02519,LLAVE2_15,SP,ALIM2_344,SET2_31,250,2,2025
RED AEREA,SED2_00836,LLAVE2_19,SP,ALIM2_160,SET2_33,160,2,2025
RED AEREA,SED2_04450,LLAVE2_19,SP,ALIM2_210,SET2_40,100,2,2025
RED AEREA,SED2_07447,LLAVE2_19,SP,ALIM2_053,SET2_12,50,2,2025
RED SUBTERRANEA,SED2_07350,LLAVE2_15,SP,ALIM2_230,SET2_08,250,2,2025
RED AEREA,SED2_01588,LLAVE2_19,SP,ALIM2_306,SET2_12,100,2,2025
RED AEREA,SED2_01588,LLAVE2_09,SP,ALIM2_306,SET2_12,100,2,2025
RED SUBTERRANEA,SED2_03441,LLAVE2_19,SP,ALIM2_121,SET2_21,100,2,2025
RED SUBTERRANEA,SED2_05119,LLAVE2_09,SP,ALIM2_296,SET2_23,50,2,2025
RED AEREA,SED2_08287,LLAVE2_19,SP,ALIM2_296,SET2_23,75,2,2025
RED AEREA,SED2_08287,LLAVE2_15,SP,ALIM2_296,SET2_23,75,2,2025
RED SUBTERRANEA,SED2_09421,LLAVE2_21,SP,ALIM2_296,SET2_23,100,2,2025
RED SUBTERRANEA,SED2_03455,LLAVE2_19,SP,ALIM2_296,SET2_23,100,2,2025
RED SUBTERRANEA,SED2_03455,LLAVE2_15,SP,ALIM2_296,SET2_23,100,2,2025
RED SUBTERRANEA,SED2_04850,LLAVE2_21,SP,ALIM2_058,SET2_43,100,2,2025
RED AEREA,SED2_00097,LLAVE2_09,SP,ALIM2_241,SET2_35,100,2,2025
RED AEREA,SED2_02293,LLAVE2_09,SP,ALIM2_241,SET2_35,50,2,2025
RED AEREA,SED2_05409,LLAVE2_21,SP,ALIM2_097,SET2_33,630,2,2025
RED AEREA,SED2_09676,LLAVE2_19,SP,ALIM2_101,SET2_33,160,2,2025
RED SUBTERRANEA,SED2_04585,LLAVE2_15,SP,ALIM2_482,SET2_02,160,2,2025
RED AEREA,SED2_03479,LLAVE2_19,SP,ALIM2_482,SET2_02,160,2,2025
RED AEREA,SED2_03479,LLAVE2_09,SP,ALIM2_482,SET2_02,160,2,2025
RED AEREA,SED2_00625,LLAVE2_19,SP,ALIM2_241,SET2_35,100,2,2025
RED SUBTERRANEA,SED2_09247,LLAVE2_21,SP,SIN DATA,SIN DATA,SIN DATA,2,2025
RED SUBTERRANEA,SED2_03702,LLAVE2_09,SP,ALIM2_069,SET2_41,250,2,2025
RED AEREA,SED2_05949,LLAVE2_09,SP,ALIM2_403,SET2_31,100,2,2025
RED AEREA,SED2_08179,LLAVE2_09,SP,ALIM2_464,SET2_09,100,2,2025
RED SUBTERRANEA,SED2_00050,LLAVE2_15,SP,ALIM2_057,SET2_22,160,2,2025
RED SUBTERRANEA,SED2_02640,LLAVE2_19,SP,ALIM2_016,SET2_36,250,2,2025
RED SUBTERRANEA,SED2_06803,LLAVE2_19,SP,ALIM2_463,SET2_36,250,2,2025
RED SUBTERRANEA,SED2_06803,LLAVE2_09,SP,ALIM2_463,SET2_36,250,2,2025
RED SUBTERRANEA,SED2_07994,LLAVE2_19,SP,ALIM2_475,SET2_36,100,2,2025
RED SUBTERRANEA,SED2_07994,LLAVE2_15,SP,ALIM2_475,SET2_36,100,2,2025
RED AEREA,SED2_04009,LLAVE2_19,SP,ALIM2_093,SET2_21,100,2,2025
RED AEREA,SED2_08995,LLAVE2_19,SP,ALIM2_093,SET2_21,100,2,2025
RED SUBTERRANEA,SED2_06835,LLAVE2_09,SP,ALIM2_011,SET2_17,400,2,2025
RED SUBTERRANEA,SED2_02318,LLAVE2_19,SP,ALIM2_131,SET2_43,100,2,2025
RED SUBTERRANEA,SED2_02318,LLAVE2_09,SP,ALIM2_131,SET2_43,100,2,2025
RED AEREA,SED2_08685,LLAVE2_09,SP,ALIM2_132,SET2_12,160,2,2025
RED AEREA,SED2_06693,LLAVE2_19,SP,ALIM2_183,SET2_12,100,2,2025
RED SUBTERRANEA,SED2_04190,LLAVE2_09,SP,ALIM2_180,SET2_17,100,2,2025
RED SUBTERRANEA,SED2_01550,LLAVE2_21,SP,ALIM2_053,SET2_12,100,2,2025
RED SUBTERRANEA,SED2_07346,LLAVE2_19,SP,ALIM2_081,SET2_21,400,2,2025
RED SUBTERRANEA,SED2_02332,LLAVE2_21,SP,ALIM2_121,SET2_21,160,2,2025
RED AEREA,SED2_03349,LLAVE2_19,SP,ALIM2_245,SET2_04,100,2,2025
RED AEREA,SED2_05633,LLAVE2_19,SP,ALIM2_046,SET2_23,250,2,2025
RED AEREA,SED2_07931,LLAVE2_19,SP,ALIM2_128,SET2_28,250,2,2025
RED AEREA,SED2_01288,LLAVE2_19,SP,ALIM2_481,SET2_12,250,2,2025
RED SUBTERRANEA,SED2_09056,LLAVE2_19,SP,ALIM2_204,SET2_02,160,2,2025
RED SUBTERRANEA,SED2_01741,LLAVE2_19,SP,ALIM2_204,SET2_02,160,2,2025
RED SUBTERRANEA,SED2_01741,LLAVE2_09,SP,ALIM2_204,SET2_02,160,2,2025
RED SUBTERRANEA,SED2_08254,LLAVE2_15,SP,ALIM2_204,SET2_02,160,2,2025
RED SUBTERRANEA,SED2_06117,LLAVE2_09,SP,ALIM2_458,SET2_43,160,2,2025
RED AEREA,SED2_03849,LLAVE2_09,SP,ALIM2_472,SET2_10,100,2,2025
RED AEREA,SED2_08076,LLAVE2_19,SP,ALIM2_053,SET2_12,50,2,2025
RED AEREA,SED2_07380,LLAVE2_09,SP,ALIM2_421,SET2_10,100,2,2025
RED AEREA,SED2_03365,LLAVE2_09,SP,ALIM2_328,SET2_23,100,2,2025
RED SUBTERRANEA,SED2_05151,LLAVE2_09,SP,ALIM2_065,SET2_17,100,2,2025
RED AEREA,SED2_09139,LLAVE2_09,SP,ALIM2_037,SET2_23,160,2,2025
RED AEREA,SED2_00186,LLAVE2_09,SP,ALIM2_037,SET2_23,160,2,2025
RED SUBTERRANEA,SED2_07886,LLAVE2_21,SP,ALIM2_439,SET2_08,250,2,2025
RED AEREA,SED2_07411,LLAVE2_19,SP,ALIM2_194,SET2_35,50,2,2025
RED SUBTERRANEA,SED2_01412,LLAVE2_15,SP,ALIM2_481,SET2_12,160,2,2025
RED SUBTERRANEA,SED2_04406,LLAVE2_09,SP,ALIM2_073,SET2_21,100,2,2025
RED AEREA,SED2_00539,LLAVE2_19,SP,ALIM2_183,SET2_12,40,2,2025
RED AEREA,SED2_00170,LLAVE2_15,SP,ALIM2_205,SET2_22,160,2,2025
RED AEREA,SED2_01349,LLAVE2_19,SP,ALIM2_194,SET2_35,100,2,2025
RED AEREA,SED2_01349,LLAVE2_09,SP,ALIM2_194,SET2_35,100,2,2025
RED AEREA,SED2_09749,LLAVE2_19,SP,ALIM2_160,SET2_33,250,2,2025
RED AEREA,SED2_09749,LLAVE2_15,SP,ALIM2_160,SET2_33,250,2,2025
RED AEREA,SED2_04047,LLAVE2_09,SP,ALIM2_421,SET2_10,100,2,2025
RED AEREA,SED2_04644,LLAVE2_19,SP,ALIM2_093,SET2_21,100,2,2025
RED AEREA,SED2_04174,LLAVE2_19,SP,ALIM2_241,SET2_35,100,2,2025
RED AEREA,SED2_00937,LLAVE2_09,SP,ALIM2_241,SET2_35,250,2,2025
RED SUBTERRANEA,SED2_07704,LLAVE2_21,SP,ALIM2_260,SET2_13,250,2,2025
RED AEREA,SED2_02498,LLAVE2_09,SP,ALIM2_204,SET2_02,100,2,2025
RED AEREA,SED2_05560,LLAVE2_19,SP,ALIM2_318,SET2_33,50,2,2025
RED SUBTERRANEA,SED2_01235,LLAVE2_09,SP,ALIM2_356,SET2_31,250,2,2025
RED AEREA,SED2_02978,LLAVE2_09,SP,ALIM2_296,SET2_23,160,2,2025
RED SUBTERRANEA,SED2_02978,LLAVE2_09,SP,ALIM2_296,SET2_23,160,2,2025
RED AEREA,SED2_04995,LLAVE2_19,SP,ALIM2_363,SET2_12,40,2,2025
RED AEREA,SED2_00652,LLAVE2_09,SP,ALIM2_482,SET2_02,160,2,2025
RED SUBTERRANEA,SED2_07719,LLAVE2_19,SP,ALIM2_312,SET2_09,250,2,2025
RED SUBTERRANEA,SED2_02589,LLAVE2_15,SP,ALIM2_121,SET2_21,160,2,2025
RED SUBTERRANEA,SED2_09001,LLAVE2_19,SP,ALIM2_076,SET2_13,160,2,2025
RED AEREA,SED2_02028,LLAVE2_09,SP,ALIM2_316,SET2_23,100,2,2025
RED AEREA,SED2_08052,LLAVE2_09,SP,ALIM2_318,SET2_33,100,2,2025
RED AEREA,SED2_01722,LLAVE2_19,SP,ALIM2_318,SET2_33,160,2,2025
RED AEREA,SED2_06023,LLAVE2_19,SP,ALIM2_093,SET2_21,160,2,2025
RED AEREA,SED2_01518,LLAVE2_09,SP,ALIM2_101,SET2_33,160,2,2025
RED AEREA,SED2_09268,LLAVE2_09,SP,ALIM2_158,SET2_33,160,2,2025
RED AEREA,SED2_02270,LLAVE2_19,SP,ALIM2_340,SET2_02,100,2,2025
RED AEREA,SED2_09608,LLAVE2_19,SP,ALIM2_097,SET2_33,160,2,2025
RED AEREA,SED2_08668,LLAVE2_19,SP,ALIM2_097,SET2_33,100,2,2025
RED SUBTERRANEA,SED2_08668,LLAVE2_15,SP,ALIM2_097,SET2_33,100,2,2025
RED AEREA,SED2_06547,LLAVE2_21,SP,ALIM2_204,SET2_02,400,2,2025
RED AEREA,SED2_05724,LLAVE2_09,SP,ALIM2_318,SET2_33,200,2,2025
RED AEREA,SED2_09145,LLAVE2_19,SP,ALIM2_318,SET2_33,160,2,2025
RED SUBTERRANEA,SED2_02876,LLAVE2_19,SP,ALIM2_254,SET2_31,160,2,2025
RED SUBTERRANEA,SED2_06749,LLAVE2_15,SP,ALIM2_232,SET2_28,250,2,2025
RED SUBTERRANEA,SED2_06749,LLAVE2_21,SP,ALIM2_232,SET2_28,250,2,2025
RED SUBTERRANEA,SED2_01920,LLAVE2_19,SP,ALIM2_460,SET2_16,160,2,2025
RED SUBTERRANEA,SED2_01746,LLAVE2_19,SP,ALIM2_411,SET2_17,250,2,2025
RED AEREA,SED2_07902,LLAVE2_19,SP,ALIM2_194,SET2_35,400,2,2025
RED AEREA,SED2_07902,LLAVE2_21,SP,ALIM2_194,SET2_35,400,2,2025
FUSIBLE,SED2_08020,LLAVE2_15,SP,ALIM2_128,SET2_28,400,2,2025
RED AEREA,SED2_09872,LLAVE2_09,SP,ALIM2_249,SET2_08,250,2,2025
RED SUBTERRANEA,SED2_09541,LLAVE2_09,SP,ALIM2_367,SET2_26,400,2,2025
RED SUBTERRANEA,SED2_09810,LLAVE2_15,SP,ALIM2_075,SET2_36,160,2,2025
RED SUBTERRANEA,SED2_00339,LLAVE2_15,SP,ALIM2_103,SET2_21,100,2,2025
RED SUBTERRANEA,SED2_06445,LLAVE2_19,SP,ALIM2_233,SET2_41,400,2,2025
RED SUBTERRANEA,SED2_06445,LLAVE2_09,SP,ALIM2_233,SET2_41,400,2,2025
RED SUBTERRANEA,SED2_09256,LLAVE2_15,SP,ALIM2_263,SET2_31,630,2,2025
RED SUBTERRANEA,SED2_03571,LLAVE2_21,SP,ALIM2_196,SET2_38,275,2,2025
RED SUBTERRANEA,SED2_05389,LLAVE2_09,SP,ALIM2_336,SET2_02,250,2,2025
RED AEREA,SED2_01863,LLAVE2_09,SP,ALIM2_323,SET2_40,100,2,2025
RED SUBTERRANEA,SED2_01863,LLAVE2_09,SP,ALIM2_323,SET2_40,100,2,2025
RED SUBTERRANEA,SED2_01863,LLAVE2_15,SP,ALIM2_323,SET2_40,100,2,2025
RED SUBTERRANEA,SED2_03311,LLAVE2_09,SP,ALIM2_323,SET2_40,250,2,2025
RED AEREA,SED2_05421,LLAVE2_19,SP,ALIM2_323,SET2_40,250,2,2025
RED SUBTERRANEA,SED2_00579,LLAVE2_21,SP,ALIM2_387,SET2_26,160,2,2025
RED SUBTERRANEA,SED2_09017,LLAVE2_09,SP,ALIM2_031,SET2_21,250,2,2025
RED AEREA,SED2_09359,LLAVE2_09,SP,ALIM2_363,SET2_12,25,2,2025
RED AEREA,SED2_07925,LLAVE2_09,SP,ALIM2_076,SET2_13,160,2,2025
RED AEREA,SED2_03936,LLAVE2_15,SP,ALIM2_095,SET2_28,160,2,2025
RED SUBTERRANEA,SED2_03145,LLAVE2_15,SP,ALIM2_227,SET2_45,100,2,2025
RED SUBTERRANEA,SED2_02852,LLAVE2_09,SP,ALIM2_129,SET2_02,250,2,2025
RED SUBTERRANEA,SED2_02023,LLAVE2_09,SP,ALIM2_129,SET2_02,250,2,2025
RED SUBTERRANEA,SED2_01595,LLAVE2_15,SP,ALIM2_267,SET2_23,160,2,2025
RED SUBTERRANEA,SED2_07652,LLAVE2_19,SP,ALIM2_332,SET2_08,250,2,2025
RED SUBTERRANEA,SED2_01524,LLAVE2_19,SP,ALIM2_297,SET2_33,250,2,2025
RED AEREA,SED2_03533,LLAVE2_19,SP,ALIM2_241,SET2_35,250,2,2025
RED AEREA,SED2_03533,LLAVE2_15,SP,ALIM2_241,SET2_35,250,2,2025
RED AEREA,SED2_05395,LLAVE2_19,SP,ALIM2_241,SET2_35,100,2,2025
RED SUBTERRANEA,SED2_06140,LLAVE2_19,SP,ALIM2_237,SET2_33,160,2,2025
RED SUBTERRANEA,SED2_06140,LLAVE2_09,SP,ALIM2_237,SET2_33,160,2,2025
RED SUBTERRANEA,SED2_08401,LLAVE2_09,SP,ALIM2_086,SET2_33,160,2,2025
RED SUBTERRANEA,SED2_08401,LLAVE2_15,SP,ALIM2_086,SET2_33,160,2,2025
RED SUBTERRANEA,SED2_05233,LLAVE2_09,SP,ALIM2_334,SET2_22,160,2,2025
RED SUBTERRANEA,SED2_08333,LLAVE2_09,SP,ALIM2_237,SET2_33,160,2,2025
RED SUBTERRANEA,SED2_05137,LLAVE2_19,SP,ALIM2_158,SET2_33,100,2,2025
RED SUBTERRANEA,SED2_00861,LLAVE2_19,SP,ALIM2_334,SET2_22,160,2,2025
RED SUBTERRANEA,SED2_05705,LLAVE2_09,SP,ALIM2_334,SET2_22,160,2,2025
RED SUBTERRANEA,SED2_02177,LLAVE2_19,SP,ALIM2_057,SET2_22,160,2,2025
RED SUBTERRANEA,SED2_02177,LLAVE2_09,SP,ALIM2_057,SET2_22,160,2,2025
RED SUBTERRANEA,SED2_08040,LLAVE2_19,SP,ALIM2_334,SET2_22,400,2,2025
RED SUBTERRANEA,SED2_03393,LLAVE2_19,SP,ALIM2_057,SET2_22,160,2,2025
RED SUBTERRANEA,SED2_01733,LLAVE2_19,SP,ALIM2_057,SET2_22,160,2,2025
RED SUBTERRANEA,SED2_02909,LLAVE2_15,SP,ALIM2_057,SET2_22,160,2,2025
RED SUBTERRANEA,SED2_00520,LLAVE2_19,SP,ALIM2_057,SET2_22,100,2,2025
RED AEREA,SED2_02846,LLAVE2_19,SP,ALIM2_266,SET2_26,100,2,2025
RED AEREA,SED2_07137,LLAVE2_15,SP,ALIM2_160,SET2_33,160,2,2025
RED AEREA,SED2_00133,LLAVE2_09,SP,ALIM2_266,SET2_26,100,2,2025
RED SUBTERRANEA,SED2_06818,LLAVE2_19,SP,ALIM2_083,SET2_23,250,2,2025
RED SUBTERRANEA,SED2_04084,LLAVE2_19,SP,ALIM2_480,SET2_03,250,2,2025
RED SUBTERRANEA,SED2_04084,LLAVE2_15,SP,ALIM2_480,SET2_03,250,2,2025
RED SUBTERRANEA,SED2_07183,LLAVE2_15,SP,ALIM2_371,SET2_02,250,2,2025
RED SUBTERRANEA,SED2_09627,LLAVE2_19,SP,ALIM2_015,SET2_25,250,2,2025
RED SUBTERRANEA,SED2_08787,LLAVE2_19,SP,ALIM2_015,SET2_25,50,2,2025
RED SUBTERRANEA,SED2_07334,LLAVE2_09,SP,ALIM2_015,SET2_25,100,2,2025
RED SUBTERRANEA,SED2_07969,LLAVE2_09,SP,ALIM2_015,SET2_25,160,2,2025
RED SUBTERRANEA,SED2_02112,LLAVE2_15,SP,ALIM2_015,SET2_25,50,2,2025
RED SUBTERRANEA,SED2_09891,LLAVE2_09,SP,ALIM2_176,SET2_31,250,2,2025
RED SUBTERRANEA,SED2_09891,LLAVE2_15,SP,ALIM2_176,SET2_31,250,2,2025
RED SUBTERRANEA,SED2_03665,LLAVE2_09,SP,ALIM2_049,SET2_41,250,2,2025
RED SUBTERRANEA,SED2_02560,LLAVE2_21,SP,ALIM2_043,SET2_41,400,2,2025
RED SUBTERRANEA,SED2_01516,LLAVE2_15,SP,ALIM2_242,SET2_03,400,2,2025
RED AEREA,SED2_02894,LLAVE2_15,SP,ALIM2_477,SET2_31,250,2,2025
RED AEREA,SED2_01916,LLAVE2_19,SP,ALIM2_084,SET2_35,25,2,2025
RED AEREA,SED2_03201,LLAVE2_19,SP,ALIM2_217,SET2_35,160,2,2025
RED AEREA,SED2_03201,LLAVE2_09,SP,ALIM2_217,SET2_35,160,2,2025
RED AEREA,SED2_03828,LLAVE2_09,SP,ALIM2_155,SET2_02,400,2,2025
RED SUBTERRANEA,SED2_03241,LLAVE2_15,SP,ALIM2_155,SET2_02,250,2,2025
RED AEREA,SED2_08283,LLAVE2_09,SP,ALIM2_155,SET2_02,250,2,2025
RED AEREA,SED2_09249,LLAVE2_19,SP,ALIM2_470,SET2_02,250,2,2025
RED AEREA,SED2_05584,LLAVE2_19,SP,ALIM2_062,SET2_06,100,2,2025
RED AEREA,SED2_04465,LLAVE2_19,SP,ALIM2_082,SET2_03,100,2,2025
RED SUBTERRANEA,SED2_04465,LLAVE2_19,SP,ALIM2_082,SET2_03,100,2,2025
RED AEREA,SED2_03173,LLAVE2_19,SP,ALIM2_296,SET2_23,100,2,2025
RED AEREA,SED2_03173,LLAVE2_09,SP,ALIM2_296,SET2_23,100,2,2025
RED AEREA,SED2_06330,LLAVE2_09,SP,ALIM2_243,SET2_42,100,2,2025
RED SUBTERRANEA,SED2_02524,LLAVE2_15,SP,ALIM2_458,SET2_43,160,2,2025
RED SUBTERRANEA,SED2_02981,LLAVE2_15,SP,ALIM2_031,SET2_21,250,2,2025
RED SUBTERRANEA,SED2_02184,LLAVE2_19,SP,ALIM2_464,SET2_09,160,2,2025
RED SUBTERRANEA,SED2_02184,LLAVE2_09,SP,ALIM2_464,SET2_09,160,2,2025
RED SUBTERRANEA,SED2_00838,LLAVE2_21,SP,ALIM2_464,SET2_09,250,2,2025
RED SUBTERRANEA,SED2_02587,LLAVE2_09,SP,ALIM2_202,SET2_29,250,2,2025
RED SUBTERRANEA,SED2_05332,LLAVE2_09,SP,ALIM2_026,SET2_30,100,2,2025
RED SUBTERRANEA,SED2_09032,LLAVE2_19,SP,ALIM2_209,SET2_43,400,2,2025
RED AEREA,SED2_06917,LLAVE2_19,SP,ALIM2_387,SET2_26,160,2,2025
RED AEREA,SED2_03052,LLAVE2_19,SP,ALIM2_387,SET2_26,160,2,2025
RED SUBTERRANEA,SED2_06508,LLAVE2_15,SP,ALIM2_219,SET2_10,250,2,2025
RED SUBTERRANEA,SED2_04668,LLAVE2_21,SP,ALIM2_214,SET2_36,400,2,2025
RED SUBTERRANEA,SED2_05657,LLAVE2_19,SP,ALIM2_415,SET2_03,160,2,2025
RED SUBTERRANEA,SED2_05657,LLAVE2_09,SP,ALIM2_415,SET2_03,160,2,2025
RED SUBTERRANEA,SED2_05823,LLAVE2_09,SP,ALIM2_233,SET2_41,400,2,2025
RED SUBTERRANEA,SED2_01191,LLAVE2_19,SP,ALIM2_305,SET2_33,250,2,2025
RED SUBTERRANEA,SED2_07772,LLAVE2_09,SP,ALIM2_463,SET2_36,250,2,2025
RED SUBTERRANEA,SED2_08792,LLAVE2_19,SP,ALIM2_458,SET2_43,250,2,2025
RED AEREA,SED2_03307,LLAVE2_19,AP,ALIM2_194,SET2_35,100,2,2025
RED SUBTERRANEA,SED2_09254,LLAVE2_09,SP,ALIM2_216,SET2_45,250,2,2025
RED SUBTERRANEA,SED2_07176,LLAVE2_21,SP,ALIM2_055,SET2_35,160,2,2025
RED SUBTERRANEA,SED2_09665,LLAVE2_15,SP,ALIM2_310,SET2_40,250,2,2025
RED SUBTERRANEA,SED2_01948,LLAVE2_21,SP,ALIM2_016,SET2_36,250,2,2025
RED SUBTERRANEA,SED2_00511,LLAVE2_19,SP,ALIM2_475,SET2_36,250,2,2025
RED AEREA,SED2_03596,LLAVE2_09,SP,ALIM2_142,SET2_42,100,2,2025
RED AEREA,SED2_00587,LLAVE2_19,SP,ALIM2_474,SET2_02,100,2,2025
RED AEREA,SED2_00576,LLAVE2_19,SP,ALIM2_296,SET2_23,100,2,2025
RED AEREA,SED2_06875,LLAVE2_19,SP,ALIM2_097,SET2_33,100,2,2025
RED AEREA,SED2_06875,LLAVE2_09,SP,ALIM2_097,SET2_33,100,2,2025
RED SUBTERRANEA,SED2_07983,LLAVE2_09,SP,ALIM2_477,SET2_31,400,2,2025
RED AEREA,SED2_07965,LLAVE2_09,SP,ALIM2_448,SET2_09,400,2,2025
RED AEREA,SED2_07026,LLAVE2_15,SP,ALIM2_166,SET2_31,100,2,2025
RED SUBTERRANEA,SED2_06709,LLAVE2_19,SP,ALIM2_157,SET2_09,400,2,2025
RED SUBTERRANEA,SED2_06709,LLAVE2_21,SP,ALIM2_157,SET2_09,400,2,2025
RED SUBTERRANEA,SED2_05102,LLAVE2_09,SP,ALIM2_480,SET2_03,250,2,2025
FUSIBLE,SED2_08999,LLAVE2_19,SP,ALIM2_201,SET2_41,250,2,2025
RED SUBTERRANEA,SED2_05181,LLAVE2_09,SP,ALIM2_083,SET2_23,50,2,2025
FUSIBLE,SED2_04604,LLAVE2_09,SP,ALIM2_381,SET2_45,250,2,2025
RED SUBTERRANEA,SED2_04604,LLAVE2_09,SP,ALIM2_381,SET2_45,250,2,2025
RED SUBTERRANEA,SED2_00581,LLAVE2_15,SP,ALIM2_279,SET2_17,250,2,2025
RED AEREA,SED2_09389,LLAVE2_19,SP,ALIM2_128,SET2_28,160,2,2025
FUSIBLE,SED2_01183,LLAVE2_19,SP,ALIM2_128,SET2_28,250,2,2025
RED SUBTERRANEA,SED2_00420,LLAVE2_19,SP,ALIM2_128,SET2_28,250,2,2025
RED SUBTERRANEA,SED2_08057,LLAVE2_09,SP,ALIM2_408,SET2_36,400,2,2025
RED SUBTERRANEA,SED2_04411,LLAVE2_09,SP,ALIM2_319,SET2_36,250,2,2025
RED SUBTERRANEA,SED2_04411,LLAVE2_21,SP,ALIM2_319,SET2_36,250,2,2025
RED SUBTERRANEA,SED2_08026,LLAVE2_19,SP,ALIM2_431,SET2_36,400,2,2025
RED AEREA,SED2_03170,LLAVE2_09,SP,ALIM2_482,SET2_02,400,2,2025
RED SUBTERRANEA,SED2_05107,LLAVE2_21,SP,ALIM2_177,SET2_08,400,2,2025
RED AEREA,SED2_07756,LLAVE2_09,SP,ALIM2_136,SET2_12,100,2,2025
RED SUBTERRANEA,SED2_00931,LLAVE2_09,SP,ALIM2_279,SET2_17,100,2,2025
RED AEREA,SED2_04354,LLAVE2_09,SP,ALIM2_132,SET2_12,100,2,2025
RED SUBTERRANEA,SED2_05234,LLAVE2_09,SP,ALIM2_132,SET2_12,160,2,2025
RED SUBTERRANEA,SED2_04208,LLAVE2_15,SP,ALIM2_205,SET2_22,250,2,2025
RED SUBTERRANEA,SED2_09029,LLAVE2_09,SP,ALIM2_205,SET2_22,160,2,2025
RED SUBTERRANEA,SED2_09029,LLAVE2_15,SP,ALIM2_205,SET2_22,160,2,2025
RED AEREA,SED2_02874,LLAVE2_15,SP,ALIM2_205,SET2_22,160,2,2025
RED SUBTERRANEA,SED2_03630,LLAVE2_19,SP,ALIM2_205,SET2_22,160,2,2025
RED SUBTERRANEA,SED2_07914,LLAVE2_19,SP,ALIM2_205,SET2_22,250,2,2025
RED SUBTERRANEA,SED2_07914,LLAVE2_09,SP,ALIM2_205,SET2_22,250,2,2025
RED AEREA,SED2_05384,LLAVE2_19,SP,ALIM2_416,SET2_33,160,2,2025
RED SUBTERRANEA,SED2_01795,LLAVE2_15,SP,ALIM2_416,SET2_33,100,2,2025
RED AEREA,SED2_05321,LLAVE2_19,SP,ALIM2_416,SET2_33,250,2,2025
RED AEREA,SED2_05924,LLAVE2_09,SP,ALIM2_024,SET2_40,50,2,2025
RED AEREA,SED2_09324,LLAVE2_15,SP,ALIM2_446,SET2_22,250,2,2025
RED SUBTERRANEA,SED2_04663,LLAVE2_09,SP,ALIM2_305,SET2_33,250,2,2025
RED AEREA,SED2_01871,LLAVE2_15,SP,ALIM2_257,SET2_31,250,2,2025
RED AEREA,SED2_03881,LLAVE2_09,SP,ALIM2_202,SET2_29,75,2,2025
RED SUBTERRANEA,SED2_07923,LLAVE2_19,SP,ALIM2_006,SET2_08,250,2,2025
RED SUBTERRANEA,SED2_07923,LLAVE2_09,SP,ALIM2_006,SET2_08,250,2,2025
RED AEREA,SED2_00268,LLAVE2_19,SP,ALIM2_008,SET2_35,160,2,2025
RED AEREA,SED2_08242,LLAVE2_09,SP,ALIM2_341,SET2_35,100,2,2025
RED AEREA,SED2_04331,LLAVE2_19,SP,ALIM2_124,SET2_32,250,2,2025
RED AEREA,SED2_06288,LLAVE2_19,SP,ALIM2_217,SET2_35,100,2,2025
RED SUBTERRANEA,SED2_05009,LLAVE2_09,SP,ALIM2_303,SET2_38,160,2,2025
RED AEREA,SED2_01919,LLAVE2_19,SP,ALIM2_296,SET2_23,160,2,2025
RED SUBTERRANEA,SED2_03891,LLAVE2_15,SP,ALIM2_022,SET2_43,160,2,2025
RED AEREA,SED2_05466,LLAVE2_09,SP,ALIM2_101,SET2_33,160,2,2025
RED SUBTERRANEA,SED2_02476,LLAVE2_15,SP,ALIM2_086,SET2_33,160,2,2025
RED AEREA,SED2_03166,LLAVE2_09,SP,ALIM2_333,SET2_09,250,2,2025
RED AEREA,SED2_05934,LLAVE2_09,SP,ALIM2_324,SET2_13,160,2,2025
RED AEREA,SED2_04910,LLAVE2_09,SP,ALIM2_472,SET2_10,50,2,2025
RED AEREA,SED2_07079,LLAVE2_19,SP,ALIM2_114,SET2_06,50,2,2025
RED SUBTERRANEA,SED2_04446,LLAVE2_09,SP,ALIM2_233,SET2_41,250,2,2025
RED SUBTERRANEA,SED2_09362,LLAVE2_19,SP,ALIM2_431,SET2_36,160,2,2025
RED SUBTERRANEA,SED2_09362,LLAVE2_15,SP,ALIM2_431,SET2_36,160,2,2025
RED SUBTERRANEA,SED2_03977,LLAVE2_21,SP,SIN DATA,SIN DATA,SIN DATA,2,2025
RED SUBTERRANEA,SED2_08159,LLAVE2_09,SP,ALIM2_305,SET2_33,160,2,2025
RED SUBTERRANEA,SED2_04043,LLAVE2_19,SP,ALIM2_361,SET2_23,250,2,2025
RED SUBTERRANEA,SED2_04043,LLAVE2_21,SP,ALIM2_361,SET2_23,250,2,2025
RED SUBTERRANEA,SED2_00690,LLAVE2_09,SP,ALIM2_416,SET2_33,160,2,2025
RED SUBTERRANEA,SED2_01928,LLAVE2_19,SP,ALIM2_416,SET2_33,100,2,2025
RED SUBTERRANEA,SED2_04926,LLAVE2_19,SP,ALIM2_160,SET2_33,100,2,2025
RED SUBTERRANEA,SED2_08510,LLAVE2_19,SP,ALIM2_205,SET2_22,160,2,2025
RED SUBTERRANEA,SED2_04348,LLAVE2_19,SP,ALIM2_024,SET2_40,160,2,2025
RED SUBTERRANEA,SED2_04348,LLAVE2_09,SP,ALIM2_024,SET2_40,160,2,2025
RED SUBTERRANEA,SED2_01720,LLAVE2_19,SP,ALIM2_160,SET2_33,160,2,2025
RED SUBTERRANEA,SED2_02719,LLAVE2_19,SP,ALIM2_326,SET2_35,100,2,2025
RED AEREA,SED2_08426,LLAVE2_19,SP,ALIM2_076,SET2_13,160,2,2025
RED SUBTERRANEA,SED2_01200,LLAVE2_19,SP,ALIM2_076,SET2_13,160,2,2025
RED SUBTERRANEA,SED2_03348,LLAVE2_09,SP,ALIM2_210,SET2_40,250,2,2025
RED SUBTERRANEA,SED2_04963,LLAVE2_19,SP,ALIM2_081,SET2_21,160,2,2025
RED AEREA,SED2_09131,LLAVE2_09,SP,ALIM2_103,SET2_21,100,2,2025
RED AEREA,SED2_00006,LLAVE2_09,SP,ALIM2_103,SET2_21,160,2,2025
RED SUBTERRANEA,SED2_09076,LLAVE2_09,SP,ALIM2_097,SET2_33,250,2,2025
RED SUBTERRANEA,SED2_09404,LLAVE2_15,SP,ALIM2_257,SET2_31,250,2,2025
RED SUBTERRANEA,SED2_06420,LLAVE2_19,SP,ALIM2_192,SET2_46,100,2,2025
RED SUBTERRANEA,SED2_01955,LLAVE2_19,SP,SIN DATA,SIN DATA,SIN DATA,2,2025
RED SUBTERRANEA,SED2_02075,LLAVE2_15,SP,ALIM2_219,SET2_10,160,2,2025
RED SUBTERRANEA,SED2_00555,LLAVE2_15,SP,ALIM2_219,SET2_10,160,2,2025
RED SUBTERRANEA,SED2_01299,LLAVE2_21,SP,ALIM2_233,SET2_41,400,2,2025
RED SUBTERRANEA,SED2_00556,LLAVE2_19,SP,ALIM2_219,SET2_10,160,2,2025
FUSIBLE,SED2_00469,LLAVE2_19,SP,ALIM2_335,SET2_11,50,2,2025
RED AEREA,SED2_00469,LLAVE2_19,SP,ALIM2_335,SET2_11,50,2,2025
RED AEREA,SED2_02979,LLAVE2_09,SP,SIN DATA,SIN DATA,SIN DATA,2,2025
RED AEREA,SED2_06775,LLAVE2_19,SP,ALIM2_335,SET2_11,100,2,2025
RED AEREA,SED2_07006,LLAVE2_19,SP,ALIM2_024,SET2_40,250,2,2025
RED AEREA,SED2_07006,LLAVE2_09,SP,ALIM2_024,SET2_40,250,2,2025
RED SUBTERRANEA,SED2_07006,LLAVE2_09,SP,ALIM2_024,SET2_40,250,2,2025
RED SUBTERRANEA,SED2_03552,LLAVE2_19,SP,ALIM2_024,SET2_40,100,2,2025
RED AEREA,SED2_00561,LLAVE2_15,SP,ALIM2_396,SET2_11,100,2,2025
RED SUBTERRANEA,SED2_04488,LLAVE2_09,SP,ALIM2_263,SET2_31,160,2,2025
RED SUBTERRANEA,SED2_09701,LLAVE2_19,SP,ALIM2_263,SET2_31,160,2,2025
RED SUBTERRANEA,SED2_09701,LLAVE2_09,SP,ALIM2_263,SET2_31,160,2,2025
RED AEREA,SED2_03077,LLAVE2_15,SP,ALIM2_472,SET2_10,160,2,2025
RED SUBTERRANEA,SED2_06214,LLAVE2_09,SP,ALIM2_472,SET2_10,250,2,2025
RED SUBTERRANEA,SED2_07173,LLAVE2_19,SP,ALIM2_402,SET2_10,250,2,2025
RED SUBTERRANEA,SED2_07905,LLAVE2_09,SP,ALIM2_055,SET2_35,250,2,2025
RED SUBTERRANEA,SED2_02269,LLAVE2_15,SP,ALIM2_135,SET2_43,250,2,2025
RED SUBTERRANEA,SED2_06827,LLAVE2_15,SP,ALIM2_242,SET2_03,250,2,2025
RED SUBTERRANEA,SED2_01976,LLAVE2_09,SP,ALIM2_242,SET2_03,400,2,2025
RED AEREA,SED2_04752,LLAVE2_19,SP,ALIM2_467,SET2_24,100,2,2025
RED SUBTERRANEA,SED2_08108,LLAVE2_09,SP,ALIM2_360,SET2_06,250,2,2025
RED SUBTERRANEA,SED2_03032,LLAVE2_09,SP,ALIM2_282,SET2_29,250,2,2025
RED AEREA,SED2_02504,LLAVE2_09,SP,ALIM2_265,SET2_33,250,2,2025
RED AEREA,SED2_07353,LLAVE2_09,SP,ALIM2_443,SET2_14,100,2,2025
FUSIBLE,SED2_09135,LLAVE2_09,SP,ALIM2_443,SET2_14,160,2,2025
RED SUBTERRANEA,SED2_09307,LLAVE2_09,SP,ALIM2_008,SET2_35,160,2,2025
RED AEREA,SED2_09710,LLAVE2_19,SP,ALIM2_112,SET2_35,100,2,2025
RED SUBTERRANEA,SED2_07903,LLAVE2_09,SP,ALIM2_306,SET2_12,100,2,2025
RED SUBTERRANEA,SED2_08784,LLAVE2_21,SP,ALIM2_291,SET2_09,160,2,2025
RED AEREA,SED2_07948,LLAVE2_15,SP,ALIM2_093,SET2_21,100,2,2025
RED SUBTERRANEA,SED2_07405,LLAVE2_19,SP,ALIM2_093,SET2_21,100,2,2025
RED AEREA,SED2_01784,LLAVE2_09,SP,ALIM2_194,SET2_35,100,2,2025
RED AEREA,SED2_08211,LLAVE2_19,SP,ALIM2_167,SET2_35,50,2,2025
RED AEREA,SED2_06389,LLAVE2_19,SP,ALIM2_093,SET2_21,100,2,2025
RED AEREA,SED2_04427,LLAVE2_19,SP,ALIM2_313,SET2_42,160,2,2025
RED AEREA,SED2_06905,LLAVE2_09,SP,ALIM2_359,SET2_45,50,2,2025
RED AEREA,SED2_01233,LLAVE2_19,SP,ALIM2_282,SET2_29,250,2,2025
RED AEREA,SED2_06920,LLAVE2_19,SP,ALIM2_316,SET2_23,100,2,2025
RED AEREA,SED2_02185,LLAVE2_19,SP,ALIM2_316,SET2_23,160,2,2025
RED AEREA,SED2_02185,LLAVE2_09,SP,ALIM2_316,SET2_23,160,2,2025
RED SUBTERRANEA,SED2_08702,LLAVE2_09,SP,ALIM2_014,SET2_41,250,2,2025
RED AEREA,SED2_05360,LLAVE2_19,SP,ALIM2_316,SET2_23,160,2,2025
RED AEREA,SED2_07574,LLAVE2_19,SP,ALIM2_316,SET2_23,100,2,2025
RED AEREA,SED2_07538,LLAVE2_19,SP,ALIM2_053,SET2_12,50,2,2025
RED SUBTERRANEA,SED2_05345,LLAVE2_15,SP,ALIM2_458,SET2_43,100,2,2025
RED AEREA,SED2_04428,LLAVE2_09,SP,ALIM2_095,SET2_28,100,2,2025
RED SUBTERRANEA,SED2_05057,LLAVE2_21,SP,ALIM2_318,SET2_33,160,2,2025
RED AEREA,SED2_00955,LLAVE2_15,SP,ALIM2_416,SET2_33,250,2,2025
RED SUBTERRANEA,SED2_09406,LLAVE2_19,SP,ALIM2_305,SET2_33,160,2,2025
RED SUBTERRANEA,SED2_09406,LLAVE2_09,SP,ALIM2_305,SET2_33,160,2,2025
RED SUBTERRANEA,SED2_05050,LLAVE2_09,SP,ALIM2_390,SET2_09,160,2,2025
RED AEREA,SED2_04425,LLAVE2_19,SP,ALIM2_108,SET2_22,100,2,2025
RED AEREA,SED2_08632,LLAVE2_15,SP,ALIM2_217,SET2_35,100,2,2025
RED SUBTERRANEA,SED2_01273,LLAVE2_09,SP,ALIM2_481,SET2_12,160,2,2025
RED SUBTERRANEA,SED2_01273,LLAVE2_21,SP,ALIM2_481,SET2_12,160,2,2025
RED SUBTERRANEA,SED2_07322,LLAVE2_15,SP,ALIM2_407,SET2_30,100,2,2025
RED SUBTERRANEA,SED2_08081,LLAVE2_15,SP,ALIM2_108,SET2_22,400,2,2025
RED SUBTERRANEA,SED2_06142,LLAVE2_09,SP,ALIM2_108,SET2_22,250,2,2025
RED SUBTERRANEA,SED2_07992,LLAVE2_19,SP,ALIM2_108,SET2_22,160,2,2025
RED AEREA,SED2_07275,LLAVE2_19,SP,ALIM2_108,SET2_22,100,2,2025
RED SUBTERRANEA,SED2_02317,LLAVE2_19,SP,ALIM2_233,SET2_41,250,2,2025
RED SUBTERRANEA,SED2_02317,LLAVE2_15,SP,ALIM2_233,SET2_41,250,2,2025
RED SUBTERRANEA,SED2_07678,LLAVE2_18,SP,ALIM2_109,SET2_17,630,2,2025
RED AEREA,SED2_02414,LLAVE2_15,SP,ALIM2_255,SET2_21,160,2,2025
RED AEREA,SED2_00842,LLAVE2_14,SP,ALIM2_333,SET2_09,250,2,2025
RED SUBTERRANEA,SED2_05851,LLAVE2_15,SP,ALIM2_472,SET2_10,250,2,2025
RED SUBTERRANEA,SED2_03133,LLAVE2_15,SP,ALIM2_427,SET2_06,250,2,2025
RED AEREA,SED2_04386,LLAVE2_09,SP,ALIM2_419,SET2_26,250,2,2025
FUSIBLE,SED2_04700,LLAVE2_09,SP,ALIM2_194,SET2_35,160,2,2025
RED AEREA,SED2_05718,LLAVE2_09,SP,ALIM2_316,SET2_23,250,2,2025
RED SUBTERRANEA,SED2_08284,LLAVE2_09,SP,ALIM2_305,SET2_33,250,2,2025
RED SUBTERRANEA,SED2_01051,LLAVE2_19,SP,ALIM2_073,SET2_21,250,2,2025
RED AEREA,SED2_07225,LLAVE2_19,SP,ALIM2_316,SET2_23,100,2,2025
RED SUBTERRANEA,SED2_07609,LLAVE2_19,SP,ALIM2_183,SET2_12,160,2,2025
RED SUBTERRANEA,SED2_07609,LLAVE2_15,SP,ALIM2_183,SET2_12,160,2,2025
RED SUBTERRANEA,SED2_07635,LLAVE2_19,SP,ALIM2_183,SET2_12,160,2,2025
RED SUBTERRANEA,SED2_07680,LLAVE2_19,SP,ALIM2_213,SET2_41,250,2,2025
RED SUBTERRANEA,SED2_05364,LLAVE2_15,SP,ALIM2_213,SET2_41,250,2,2025
RED SUBTERRANEA,SED2_02344,LLAVE2_09,SP,ALIM2_213,SET2_41,250,2,2025
RED SUBTERRANEA,SED2_02344,LLAVE2_15,SP,ALIM2_213,SET2_41,250,2,2025
RED SUBTERRANEA,SED2_00425,LLAVE2_09,SP,ALIM2_455,SET2_08,630,2,2025
RED SUBTERRANEA,SED2_00425,LLAVE2_15,SP,ALIM2_455,SET2_08,630,2,2025
RED SUBTERRANEA,SED2_06021,LLAVE2_15,SP,SIN DATA,SIN DATA,SIN DATA,2,2025
RED SUBTERRANEA,SED2_07458,LLAVE2_19,SP,ALIM2_233,SET2_41,250,2,2025
RED AEREA,SED2_05806,LLAVE2_19,SP,ALIM2_255,SET2_21,100,2,2025
RED AEREA,SED2_05806,LLAVE2_09,SP,ALIM2_255,SET2_21,100,2,2025
RED AEREA,SED2_02669,LLAVE2_09,SP,ALIM2_202,SET2_29,100,2,2025
RED AEREA,SED2_06172,LLAVE2_09,SP,ALIM2_202,SET2_29,160,2,2025
RED SUBTERRANEA,SED2_09887,LLAVE2_09,SP,ALIM2_387,SET2_26,250,2,2025
RED SUBTERRANEA,SED2_01764,LLAVE2_19,SP,ALIM2_254,SET2_31,400,2,2025
RED SUBTERRANEA,SED2_09273,LLAVE2_19,SP,ALIM2_024,SET2_40,250,2,2025
RED AEREA,SED2_07773,LLAVE2_09,SP,ALIM2_022,SET2_43,250,2,2025
RED AEREA,SED2_04792,LLAVE2_21,SP,ALIM2_342,SET2_10,250,2,2025
RED AEREA,SED2_02708,LLAVE2_19,SP,ALIM2_342,SET2_10,250,2,2025
RED SUBTERRANEA,SED2_06350,LLAVE2_09,SP,SIN DATA,SIN DATA,SIN DATA,2,2025
RED AEREA,SED2_01128,LLAVE2_19,SP,ALIM2_131,SET2_43,160,2,2025
RED SUBTERRANEA,SED2_01128,LLAVE2_09,SP,ALIM2_131,SET2_43,160,2,2025
RED SUBTERRANEA,SED2_03812,LLAVE2_09,SP,ALIM2_131,SET2_43,160,2,2025
RED SUBTERRANEA,SED2_04182,LLAVE2_19,SP,ALIM2_020,SET2_46,630,2,2025
RED SUBTERRANEA,SED2_05528,LLAVE2_09,SP,ALIM2_420,SET2_21,100,2,2025
RED SUBTERRANEA,SED2_08047,LLAVE2_15,SP,ALIM2_420,SET2_21,100,2,2025
RED SUBTERRANEA,SED2_09461,LLAVE2_15,SP,ALIM2_420,SET2_21,160,2,2025
RED SUBTERRANEA,SED2_06708,LLAVE2_15,SP,ALIM2_073,SET2_21,250,2,2025
RED SUBTERRANEA,SED2_01067,LLAVE2_09,SP,ALIM2_140,SET2_21,100,2,2025
RED SUBTERRANEA,SED2_00330,LLAVE2_09,SP,ALIM2_140,SET2_21,250,2,2025
RED SUBTERRANEA,SED2_02662,LLAVE2_15,SP,ALIM2_058,SET2_43,160,2,2025
RED SUBTERRANEA,SED2_08832,LLAVE2_19,SP,ALIM2_135,SET2_43,160,2,2025
RED SUBTERRANEA,SED2_00363,LLAVE2_09,SP,ALIM2_135,SET2_43,250,2,2025
RED SUBTERRANEA,SED2_05536,LLAVE2_19,SP,ALIM2_135,SET2_43,160,2,2025
RED SUBTERRANEA,SED2_07031,LLAVE2_09,SP,ALIM2_135,SET2_43,250,2,2025
RED SUBTERRANEA,SED2_09301,LLAVE2_09,SP,ALIM2_140,SET2_21,100,2,2025
RED SUBTERRANEA,SED2_02756,LLAVE2_15,SP,ALIM2_140,SET2_21,160,2,2025
RED SUBTERRANEA,SED2_07401,LLAVE2_19,SP,ALIM2_131,SET2_43,160,2,2025
RED SUBTERRANEA,SED2_02421,LLAVE2_09,SP,ALIM2_131,SET2_43,160,2,2025
RED SUBTERRANEA,SED2_05834,LLAVE2_09,SP,ALIM2_073,SET2_21,160,2,2025
RED SUBTERRANEA,SED2_02835,LLAVE2_09,SP,ALIM2_121,SET2_21,160,2,2025
RED SUBTERRANEA,SED2_07248,LLAVE2_09,SP,ALIM2_121,SET2_21,250,2,2025
RED SUBTERRANEA,SED2_09405,LLAVE2_19,SP,ALIM2_121,SET2_21,250,2,2025
RED SUBTERRANEA,SED2_01309,LLAVE2_15,SP,ALIM2_121,SET2_21,160,2,2025
RED SUBTERRANEA,SED2_00686,LLAVE2_09,SP,ALIM2_121,SET2_21,250,2,2025
RED SUBTERRANEA,SED2_07166,LLAVE2_15,SP,ALIM2_121,SET2_21,160,2,2025
RED SUBTERRANEA,SED2_06261,LLAVE2_19,SP,ALIM2_121,SET2_21,160,2,2025
RED SUBTERRANEA,SED2_06261,LLAVE2_09,SP,ALIM2_121,SET2_21,160,2,2025
RED AEREA,SED2_06358,LLAVE2_19,SP,ALIM2_073,SET2_21,160,2,2025
RED SUBTERRANEA,SED2_06358,LLAVE2_09,SP,ALIM2_073,SET2_21,160,2,2025
RED SUBTERRANEA,SED2_01038,LLAVE2_19,SP,ALIM2_073,SET2_21,100,2,2025
RED AEREA,SED2_05307,LLAVE2_09,SP,ALIM2_059,SET2_46,100,2,2025
RED SUBTERRANEA,SED2_01124,LLAVE2_09,SP,ALIM2_309,SET2_30,100,2,2025
RED SUBTERRANEA,SED2_03676,LLAVE2_19,SP,ALIM2_309,SET2_30,160,2,2025
RED SUBTERRANEA,SED2_04457,LLAVE2_09,SP,ALIM2_309,SET2_30,160,2,2025
RED SUBTERRANEA,SED2_02290,LLAVE2_15,SP,ALIM2_309,SET2_30,250,2,2025
RED SUBTERRANEA,SED2_05839,LLAVE2_09,SP,ALIM2_355,SET2_30,250,2,2025
RED SUBTERRANEA,SED2_05839,LLAVE2_15,SP,ALIM2_355,SET2_30,250,2,2025
RED SUBTERRANEA,SED2_01135,LLAVE2_15,SP,ALIM2_355,SET2_30,250,2,2025
RED SUBTERRANEA,SED2_03990,LLAVE2_19,SP,ALIM2_355,SET2_30,160,2,2025
RED AEREA,SED2_01998,LLAVE2_19,SP,ALIM2_193,SET2_31,250,2,2025
RED AEREA,SED2_01998,LLAVE2_15,SP,ALIM2_193,SET2_31,250,2,2025
RED SUBTERRANEA,SED2_07746,LLAVE2_09,SP,ALIM2_173,SET2_16,250,2,2025
RED SUBTERRANEA,SED2_00813,LLAVE2_09,SP,ALIM2_263,SET2_31,250,2,2025
RED SUBTERRANEA,SED2_00813,LLAVE2_15,SP,ALIM2_263,SET2_31,250,2,2025
RED SUBTERRANEA,SED2_00813,LLAVE2_21,SP,ALIM2_263,SET2_31,250,2,2025
RED SUBTERRANEA,SED2_09454,LLAVE2_09,SP,ALIM2_323,SET2_40,50,2,2025
RED SUBTERRANEA,SED2_06006,LLAVE2_19,SP,ALIM2_323,SET2_40,100,2,2025
RED SUBTERRANEA,SED2_00923,LLAVE2_15,SP,ALIM2_077,SET2_40,100,2,2025
RED SUBTERRANEA,SED2_05242,LLAVE2_09,SP,ALIM2_077,SET2_40,100,2,2025
RED SUBTERRANEA,SED2_06272,LLAVE2_09,SP,ALIM2_221,SET2_36,250,2,2025
FUSIBLE,SED2_02976,LLAVE2_09,SP,ALIM2_302,SET2_27,630,2,2025
RED SUBTERRANEA,SED2_01740,LLAVE2_09,SP,ALIM2_035,SET2_09,400,2,2025
RED SUBTERRANEA,SED2_09060,LLAVE2_21,SP,ALIM2_319,SET2_36,400,2,2025
RED SUBTERRANEA,SED2_03466,LLAVE2_09,SP,ALIM2_302,SET2_27,400,2,2025
RED SUBTERRANEA,SED2_03466,LLAVE2_15,SP,ALIM2_302,SET2_27,400,2,2025
RED SUBTERRANEA,SED2_02355,LLAVE2_15,SP,ALIM2_220,SET2_29,160,2,2025
RED SUBTERRANEA,SED2_01102,LLAVE2_19,SP,ALIM2_406,SET2_46,630,2,2025
FUSIBLE,SED2_08985,LLAVE2_09,SP,ALIM2_460,SET2_16,400,2,2025
RED SUBTERRANEA,SED2_08985,LLAVE2_09,SP,ALIM2_460,SET2_16,400,2,2025
RED SUBTERRANEA,SED2_08234,LLAVE2_09,SP,ALIM2_240,SET2_46,400,2,2025
RED SUBTERRANEA,SED2_01368,LLAVE2_15,SP,ALIM2_006,SET2_08,400,2,2025
RED AEREA,SED2_04848,LLAVE2_19,SP,ALIM2_370,SET2_21,250,2,2025
RED AEREA,SED2_04701,LLAVE2_19,SP,ALIM2_370,SET2_21,100,2,2025
RED AEREA,SED2_08856,LLAVE2_09,SP,ALIM2_370,SET2_21,400,2,2025
RED AEREA,SED2_08410,LLAVE2_15,SP,ALIM2_046,SET2_23,400,2,2025
RED SUBTERRANEA,SED2_01840,LLAVE2_15,SP,ALIM2_355,SET2_30,250,2,2025
RED SUBTERRANEA,SED2_01840,LLAVE2_21,SP,ALIM2_355,SET2_30,250,2,2025
RED SUBTERRANEA,SED2_09333,LLAVE2_09,SP,ALIM2_065,SET2_17,250,2,2025
RED SUBTERRANEA,SED2_07305,LLAVE2_15,SP,ALIM2_011,SET2_17,250,2,2025
RED SUBTERRANEA,SED2_08564,LLAVE2_09,SP,ALIM2_011,SET2_17,250,2,2025
RED SUBTERRANEA,SED2_09692,LLAVE2_19,SP,ALIM2_065,SET2_17,160,2,2025
RED SUBTERRANEA,SED2_02984,LLAVE2_21,SP,ALIM2_180,SET2_17,400,2,2025
RED SUBTERRANEA,SED2_01123,LLAVE2_15,SP,ALIM2_006,SET2_08,400,2,2025
RED SUBTERRANEA,SED2_00027,LLAVE2_09,SP,ALIM2_177,SET2_08,160,2,2025
RED SUBTERRANEA,SED2_09553,LLAVE2_15,SP,ALIM2_123,SET2_38,630,2,2025
RED SUBTERRANEA,SED2_02478,LLAVE2_09,SP,ALIM2_355,SET2_30,250,2,2025
RED SUBTERRANEA,SED2_02584,LLAVE2_15,SP,ALIM2_233,SET2_41,250,2,2025
RED SUBTERRANEA,SED2_08909,LLAVE2_15,SP,ALIM2_197,SET2_46,400,2,2025
RED SUBTERRANEA,SED2_08909,LLAVE2_21,SP,ALIM2_197,SET2_46,400,2,2025
RED SUBTERRANEA,SED2_08952,LLAVE2_09,SP,ALIM2_143,SET2_08,250,2,2025
RED SUBTERRANEA,SED2_03024,LLAVE2_19,SP,ALIM2_233,SET2_41,400,2,2025
RED SUBTERRANEA,SED2_08805,LLAVE2_15,SP,ALIM2_463,SET2_36,400,2,2025
RED SUBTERRANEA,SED2_01380,LLAVE2_19,SP,ALIM2_463,SET2_36,400,2,2025
RED SUBTERRANEA,SED2_04922,LLAVE2_15,SP,ALIM2_020,SET2_46,400,2,2025
RED SUBTERRANEA,SED2_07013,LLAVE2_19,SP,ALIM2_387,SET2_26,250,2,2025
RED SUBTERRANEA,SED2_08943,LLAVE2_09,SP,ALIM2_179,SET2_38,250,2,2025
RED SUBTERRANEA,SED2_04261,LLAVE2_19,SP,ALIM2_431,SET2_36,300,2,2025
RED SUBTERRANEA,SED2_05136,LLAVE2_19,SP,ALIM2_233,SET2_41,250,2,2025
RED SUBTERRANEA,SED2_09811,LLAVE2_19,SP,ALIM2_344,SET2_31,160,2,2025
RED SUBTERRANEA,SED2_01674,LLAVE2_09,SP,ALIM2_235,SET2_46,250,2,2025
RED SUBTERRANEA,SED2_00257,LLAVE2_15,SP,ALIM2_186,SET2_08,400,2,2025
RED SUBTERRANEA,SED2_08912,LLAVE2_09,SP,ALIM2_230,SET2_08,250,2,2025
RED SUBTERRANEA,SED2_09905,LLAVE2_09,SP,ALIM2_435,SET2_38,400,2,2025
RED SUBTERRANEA,SED2_06739,LLAVE2_19,SP,ALIM2_070,SET2_16,400,2,2025
RED SUBTERRANEA,SED2_08448,LLAVE2_19,SP,ALIM2_366,SET2_27,400,2,2025
RED SUBTERRANEA,SED2_08448,LLAVE2_09,SP,ALIM2_366,SET2_27,400,2,2025
RED SUBTERRANEA,SED2_08336,LLAVE2_09,SP,ALIM2_332,SET2_08,250,2,2025
RED SUBTERRANEA,SED2_08651,LLAVE2_09,SP,ALIM2_473,SET2_46,400,2,2025
RED SUBTERRANEA,SED2_02615,LLAVE2_19,SP,ALIM2_453,SET2_43,400,2,2025
RED SUBTERRANEA,SED2_00226,LLAVE2_15,SP,ALIM2_261,SET2_38,400,2,2025
RED SUBTERRANEA,SED2_08531,LLAVE2_15,SP,ALIM2_475,SET2_36,630,2,2025
RED SUBTERRANEA,SED2_02169,LLAVE2_09,SP,ALIM2_393,SET2_17,250,2,2025
RED SUBTERRANEA,SED2_02169,LLAVE2_15,SP,ALIM2_393,SET2_17,250,2,2025
RED SUBTERRANEA,SED2_08889,LLAVE2_21,SP,ALIM2_439,SET2_08,630,2,2025
RED SUBTERRANEA,SED2_02065,LLAVE2_19,SP,ALIM2_143,SET2_08,250,2,2025
RED SUBTERRANEA,SED2_02065,LLAVE2_09,SP,ALIM2_143,SET2_08,250,2,2025
RED SUBTERRANEA,SED2_05079,LLAVE2_09,SP,ALIM2_315,SET2_08,630,2,2025
RED SUBTERRANEA,SED2_00594,LLAVE2_19,SP,ALIM2_177,SET2_08,400,2,2025
RED SUBTERRANEA,SED2_02740,LLAVE2_09,SP,ALIM2_406,SET2_46,630,2,2025
RED SUBTERRANEA,SED2_08203,LLAVE2_09,SP,ALIM2_250,SET2_27,400,2,2025
RED SUBTERRANEA,SED2_06831,LLAVE2_09,SP,ALIM2_439,SET2_08,630,2,2025
RED SUBTERRANEA,SED2_06831,LLAVE2_15,SP,ALIM2_439,SET2_08,630,2,2025
RED SUBTERRANEA,SED2_08625,LLAVE2_21,SP,ALIM2_064,SET2_01,250,2,2025
RED SUBTERRANEA,SED2_05343,LLAVE2_19,SP,ALIM2_317,SET2_04,100,2,2025
RED SUBTERRANEA,SED2_06599,LLAVE2_19,SP,ALIM2_196,SET2_38,250,2,2025
RED SUBTERRANEA,SED2_03065,LLAVE2_19,SP,ALIM2_150,SET2_16,250,2,2025
RED SUBTERRANEA,SED2_03065,LLAVE2_09,SP,ALIM2_150,SET2_16,250,2,2025
RED SUBTERRANEA,SED2_01804,LLAVE2_21,SP,ALIM2_064,SET2_01,630,2,2025
RED SUBTERRANEA,SED2_00811,LLAVE2_09,SP,ALIM2_315,SET2_08,400,2,2025
FUSIBLE,SED2_06640,LLAVE2_19,SP,ALIM2_020,SET2_46,630,2,2025
RED SUBTERRANEA,SED2_06640,LLAVE2_15,SP,ALIM2_020,SET2_46,630,2,2025
RED SUBTERRANEA,SED2_07555,LLAVE2_19,SP,ALIM2_020,SET2_46,160,2,2025
FUSIBLE,SED2_09739,LLAVE2_09,SP,ALIM2_463,SET2_36,250,2,2025
RED SUBTERRANEA,SED2_07980,LLAVE2_21,SP,ALIM2_417,SET2_36,250,2,2025
RED SUBTERRANEA,SED2_06173,LLAVE2_09,SP,ALIM2_214,SET2_36,250,2,2025
RED SUBTERRANEA,SED2_05572,LLAVE2_09,SP,ALIM2_040,SET2_40,400,2,2025
RED SUBTERRANEA,SED2_00862,LLAVE2_15,SP,ALIM2_020,SET2_46,400,2,2025
RED SUBTERRANEA,SED2_04483,LLAVE2_09,SP,ALIM2_214,SET2_36,160,2,2025
RED SUBTERRANEA,SED2_00504,LLAVE2_09,SP,ALIM2_451,SET2_27,250,2,2025
RED SUBTERRANEA,SED2_01773,LLAVE2_19,SP,ALIM2_195,SET2_27,400,2,2025
RED SUBTERRANEA,SED2_09070,LLAVE2_09,SP,ALIM2_134,SET2_16,250,2,2025
RED SUBTERRANEA,SED2_04477,LLAVE2_21,SP,ALIM2_257,SET2_31,250,2,2025
RED SUBTERRANEA,SED2_09922,LLAVE2_19,SP,ALIM2_476,SET2_02,250,2,2025
RED SUBTERRANEA,SED2_09922,LLAVE2_09,SP,ALIM2_476,SET2_02,250,2,2025
RED SUBTERRANEA,SED2_08699,LLAVE2_21,SP,ALIM2_310,SET2_40,630,2,2025
RED SUBTERRANEA,SED2_00495,LLAVE2_19,SP,ALIM2_256,SET2_38,250,2,2025
RED SUBTERRANEA,SED2_03719,LLAVE2_19,SP,ALIM2_117,SET2_10,250,2,2025
RED SUBTERRANEA,SED2_07454,LLAVE2_14,SP,ALIM2_383,SET2_08,630,2,2025
RED SUBTERRANEA,SED2_00319,LLAVE2_19,SP,ALIM2_196,SET2_38,400,2,2025
RED SUBTERRANEA,SED2_09774,LLAVE2_19,SP,ALIM2_271,SET2_26,250,2,2025
RED SUBTERRANEA,SED2_06009,LLAVE2_15,SP,ALIM2_103,SET2_21,100,2,2025
RED SUBTERRANEA,SED2_07330,LLAVE2_09,SP,ALIM2_103,SET2_21,101,2,2025
RED SUBTERRANEA,SED2_01687,LLAVE2_19,SP,ALIM2_250,SET2_27,630,2,2025
RED AEREA,SED2_00928,LLAVE2_21,SP,ALIM2_377,SET2_27,630,2,2025
RED AEREA,SED2_00984,LLAVE2_19,SP,ALIM2_064,SET2_01,250,2,2025
RED SUBTERRANEA,SED2_00984,LLAVE2_09,SP,ALIM2_064,SET2_01,250,2,2025
RED SUBTERRANEA,SED2_04534,LLAVE2_19,SP,ALIM2_035,SET2_09,630,2,2025
RED SUBTERRANEA,SED2_04534,LLAVE2_09,SP,ALIM2_035,SET2_09,630,2,2025
RED SUBTERRANEA,SED2_08645,LLAVE2_19,SP,ALIM2_272,SET2_08,630,2,2025
RED SUBTERRANEA,SED2_05239,LLAVE2_09,SP,ALIM2_157,SET2_09,160,2,2025
RED SUBTERRANEA,SED2_07423,LLAVE2_19,SP,ALIM2_420,SET2_21,160,2,2025
RED SUBTERRANEA,SED2_07423,LLAVE2_15,SP,ALIM2_420,SET2_21,160,2,2025
RED SUBTERRANEA,SED2_03944,LLAVE2_19,SP,ALIM2_287,SET2_30,160,2,2025
RED SUBTERRANEA,SED2_05742,LLAVE2_19,SP,ALIM2_431,SET2_36,160,2,2025
RED SUBTERRANEA,SED2_03869,LLAVE2_15,SP,ALIM2_344,SET2_31,400,2,2025
RED SUBTERRANEA,SED2_08365,LLAVE2_19,SP,ALIM2_426,SET2_46,160,2,2025
RED SUBTERRANEA,SED2_01627,LLAVE2_19,SP,ALIM2_431,SET2_36,250,2,2025
RED SUBTERRANEA,SED2_01372,LLAVE2_19,SP,ALIM2_454,SET2_13,400,2,2025
RED SUBTERRANEA,SED2_03228,LLAVE2_09,SP,ALIM2_271,SET2_26,250,2,2025
RED SUBTERRANEA,SED2_07608,LLAVE2_09,SP,ALIM2_196,SET2_38,160,2,2025
RED SUBTERRANEA,SED2_08121,LLAVE2_19,SP,ALIM2_261,SET2_38,400,2,2025
RED SUBTERRANEA,SED2_08121,LLAVE2_09,SP,ALIM2_261,SET2_38,400,2,2025
RED SUBTERRANEA,SED2_04223,LLAVE2_09,SP,ALIM2_463,SET2_36,250,2,2025
RED SUBTERRANEA,SED2_09118,LLAVE2_19,SP,ALIM2_303,SET2_38,315,2,2025
RED SUBTERRANEA,SED2_09118,LLAVE2_15,SP,ALIM2_303,SET2_38,315,2,2025
RED SUBTERRANEA,SED2_02937,LLAVE2_15,SP,ALIM2_339,SET2_15,400,2,2025
RED SUBTERRANEA,SED2_03526,LLAVE2_09,SP,ALIM2_298,SET2_26,160,2,2025
RED SUBTERRANEA,SED2_00588,LLAVE2_21,SP,ALIM2_339,SET2_15,250,2,2025
RED SUBTERRANEA,SED2_08346,LLAVE2_21,SP,ALIM2_164,SET2_16,400,2,2025
RED SUBTERRANEA,SED2_06951,LLAVE2_19,SP,ALIM2_196,SET2_38,160,2,2025
RED SUBTERRANEA,SED2_07861,LLAVE2_19,SP,ALIM2_266,SET2_26,250,2,2025
RED SUBTERRANEA,SED2_04016,LLAVE2_19,SP,ALIM2_330,SET2_23,250,2,2025
RED SUBTERRANEA,SED2_01350,LLAVE2_19,SP,ALIM2_210,SET2_40,400,2,2025
RED SUBTERRANEA,SED2_01350,LLAVE2_09,SP,ALIM2_210,SET2_40,400,2,2025
RED SUBTERRANEA,SED2_04346,LLAVE2_09,SP,ALIM2_260,SET2_13,160,2,2025
RED SUBTERRANEA,SED2_00015,LLAVE2_19,SP,ALIM2_303,SET2_38,400,2,2025
RED SUBTERRANEA,SED2_03822,LLAVE2_15,SP,ALIM2_303,SET2_38,250,2,2025
FUSIBLE,SED2_05023,LLAVE2_15,SP,ALIM2_332,SET2_08,160,2,2025
RED SUBTERRANEA,SED2_05080,LLAVE2_15,SP,ALIM2_026,SET2_30,160,2,2025
RED SUBTERRANEA,SED2_08557,LLAVE2_19,SP,ALIM2_465,SET2_28,250,2,2025
RED SUBTERRANEA,SED2_08451,LLAVE2_09,SP,ALIM2_038,SET2_46,100,2,2025
RED SUBTERRANEA,SED2_07019,LLAVE2_19,SP,ALIM2_038,SET2_46,160,2,2025
RED SUBTERRANEA,SED2_08825,LLAVE2_09,SP,ALIM2_077,SET2_40,250,2,2025
RED SUBTERRANEA,SED2_08766,LLAVE2_09,SP,ALIM2_339,SET2_15,400,2,2025
RED SUBTERRANEA,SED2_08766,LLAVE2_15,SP,ALIM2_339,SET2_15,400,2,2025
RED SUBTERRANEA,SED2_08766,LLAVE2_21,SP,ALIM2_339,SET2_15,400,2,2025
RED SUBTERRANEA,SED2_05812,LLAVE2_19,SP,ALIM2_297,SET2_33,160,2,2025
RED SUBTERRANEA,SED2_07391,LLAVE2_15,SP,ALIM2_080,SET2_13,250,2,2025
RED SUBTERRANEA,SED2_06392,LLAVE2_15,SP,ALIM2_479,SET2_31,250,2,2025
RED SUBTERRANEA,SED2_04621,LLAVE2_09,SP,ALIM2_239,SET2_08,400,2,2025
RED SUBTERRANEA,SED2_01811,LLAVE2_15,SP,ALIM2_352,SET2_27,250,2,2025
RED SUBTERRANEA,SED2_08882,LLAVE2_19,SP,ALIM2_352,SET2_27,400,2,2025
RED SUBTERRANEA,SED2_01297,LLAVE2_21,SP,ALIM2_279,SET2_17,400,2,2025
RED SUBTERRANEA,SED2_07550,LLAVE2_15,SP,ALIM2_279,SET2_17,200,2,2025
RED SUBTERRANEA,SED2_01535,LLAVE2_09,SP,ALIM2_373,SET2_17,400,2,2025
RED AEREA,SED2_00387,LLAVE2_19,SP,ALIM2_167,SET2_35,160,2,2025
RED SUBTERRANEA,SED2_09512,LLAVE2_19,SP,ALIM2_182,SET2_09,250,2,2025
RED SUBTERRANEA,SED2_06823,LLAVE2_09,SP,ALIM2_457,SET2_26,101,2,2025
RED SUBTERRANEA,SED2_03725,LLAVE2_09,SP,ALIM2_330,SET2_23,250,2,2025
RED SUBTERRANEA,SED2_05792,LLAVE2_09,SP,ALIM2_361,SET2_23,160,2,2025
RED SUBTERRANEA,SED2_07082,LLAVE2_19,SP,ALIM2_249,SET2_08,400,2,2025
RED SUBTERRANEA,SED2_02119,LLAVE2_19,SP,ALIM2_436,SET2_23,160,2,2025
RED AEREA,SED2_06939,LLAVE2_19,SP,ALIM2_436,SET2_23,160,2,2025
RED SUBTERRANEA,SED2_06939,LLAVE2_19,SP,ALIM2_436,SET2_23,160,2,2025
RED SUBTERRANEA,SED2_05865,LLAVE2_09,SP,ALIM2_080,SET2_13,400,2,2025
RED SUBTERRANEA,SED2_05865,LLAVE2_21,SP,ALIM2_080,SET2_13,400,2,2025
RED SUBTERRANEA,SED2_08704,LLAVE2_15,SP,ALIM2_367,SET2_26,400,2,2025
RED SUBTERRANEA,SED2_07007,LLAVE2_09,SP,ALIM2_080,SET2_13,400,2,2025
RED SUBTERRANEA,SED2_07007,LLAVE2_15,SP,ALIM2_080,SET2_13,400,2,2025
RED SUBTERRANEA,SED2_08214,LLAVE2_15,SP,ALIM2_196,SET2_38,250,2,2025
RED SUBTERRANEA,SED2_03326,LLAVE2_21,SP,ALIM2_132,SET2_12,160,2,2025
RED SUBTERRANEA,SED2_07721,LLAVE2_09,SP,ALIM2_370,SET2_21,250,2,2025
RED SUBTERRANEA,SED2_05480,LLAVE2_19,SP,ALIM2_370,SET2_21,250,2,2025
RED SUBTERRANEA,SED2_07920,LLAVE2_19,SP,ALIM2_370,SET2_21,250,2,2025
RED SUBTERRANEA,SED2_07920,LLAVE2_09,SP,ALIM2_370,SET2_21,250,2,2025
RED SUBTERRANEA,SED2_03017,LLAVE2_09,SP,ALIM2_123,SET2_38,250,2,2025
RED SUBTERRANEA,SED2_03884,LLAVE2_19,SP,ALIM2_081,SET2_21,400,2,2025
RED SUBTERRANEA,SED2_01002,LLAVE2_19,SP,ALIM2_427,SET2_06,250,2,2025
RED SUBTERRANEA,SED2_07105,LLAVE2_21,SP,ALIM2_434,SET2_36,630,2,2025
RED SUBTERRANEA,SED2_08954,LLAVE2_19,SP,ALIM2_330,SET2_23,100,2,2025
RED SUBTERRANEA,SED2_01249,LLAVE2_15,SP,ALIM2_373,SET2_17,400,2,2025
RED SUBTERRANEA,SED2_01249,LLAVE2_21,SP,ALIM2_373,SET2_17,400,2,2025
RED SUBTERRANEA,SED2_02942,LLAVE2_19,SP,ALIM2_325,SET2_23,250,2,2025
RED SUBTERRANEA,SED2_03886,LLAVE2_09,SP,ALIM2_254,SET2_31,630,2,2025
RED SUBTERRANEA,SED2_05873,LLAVE2_19,SP,ALIM2_385,SET2_43,250,2,2025
RED SUBTERRANEA,SED2_09528,LLAVE2_09,SP,ALIM2_385,SET2_43,160,2,2025
RED SUBTERRANEA,SED2_08386,LLAVE2_21,SP,ALIM2_022,SET2_43,160,2,2025
RED SUBTERRANEA,SED2_01033,LLAVE2_09,SP,ALIM2_177,SET2_08,630,2,2025
RED SUBTERRANEA,SED2_05433,LLAVE2_09,SP,ALIM2_006,SET2_08,250,2,2025
RED SUBTERRANEA,SED2_08747,LLAVE2_09,SP,ALIM2_429,SET2_16,250,2,2025
RED SUBTERRANEA,SED2_01699,LLAVE2_09,SP,ALIM2_028,SET2_41,250,2,2025
RED SUBTERRANEA,SED2_05078,LLAVE2_09,SP,ALIM2_453,SET2_43,250,2,2025
RED SUBTERRANEA,SED2_05078,LLAVE2_21,SP,ALIM2_453,SET2_43,250,2,2025
RED SUBTERRANEA,SED2_02630,LLAVE2_15,SP,ALIM2_453,SET2_43,160,2,2025
RED SUBTERRANEA,SED2_06527,LLAVE2_15,SP,ALIM2_453,SET2_43,250,2,2025
RED SUBTERRANEA,SED2_02020,LLAVE2_19,SP,ALIM2_182,SET2_09,250,2,2025
FUSIBLE,SED2_08817,LLAVE2_09,SP,ALIM2_182,SET2_09,250,2,2025
RED SUBTERRANEA,SED2_04196,LLAVE2_09,SP,ALIM2_458,SET2_43,400,2,2025
RED SUBTERRANEA,SED2_02972,LLAVE2_09,SP,ALIM2_458,SET2_43,250,2,2025
RED SUBTERRANEA,SED2_04737,LLAVE2_09,SP,ALIM2_102,SET2_02,250,2,2025
RED SUBTERRANEA,SED2_08433,LLAVE2_19,SP,ALIM2_476,SET2_02,400,2,2025
RED SUBTERRANEA,SED2_01583,LLAVE2_19,SP,ALIM2_476,SET2_02,160,2,2025
RED SUBTERRANEA,SED2_07872,LLAVE2_19,SP,ALIM2_435,SET2_38,250,2,2025
RED SUBTERRANEA,SED2_07872,LLAVE2_15,SP,ALIM2_435,SET2_38,250,2,2025
RED AEREA,SED2_05048,LLAVE2_15,SP,ALIM2_037,SET2_23,250,2,2025
RED AEREA,SED2_07690,LLAVE2_09,SP,ALIM2_037,SET2_23,250,2,2025
RED SUBTERRANEA,SED2_03741,LLAVE2_19,SP,ALIM2_195,SET2_27,250,2,2025
RED SUBTERRANEA,SED2_06443,LLAVE2_15,SP,ALIM2_286,SET2_36,630,2,2025
RED SUBTERRANEA,SED2_09282,LLAVE2_15,SP,ALIM2_474,SET2_02,160,2,2025
RED AEREA,SED2_05723,LLAVE2_19,SP,ALIM2_474,SET2_02,160,2,2025
RED SUBTERRANEA,SED2_05723,LLAVE2_15,SP,ALIM2_474,SET2_02,160,2,2025
RED SUBTERRANEA,SED2_05180,LLAVE2_15,SP,ALIM2_474,SET2_02,250,2,2025
RED SUBTERRANEA,SED2_01879,LLAVE2_19,SP,ALIM2_189,SET2_09,160,2,2025
RED SUBTERRANEA,SED2_01879,LLAVE2_09,SP,ALIM2_189,SET2_09,160,2,2025
RED SUBTERRANEA,SED2_01879,LLAVE2_15,SP,ALIM2_189,SET2_09,160,2,2025
RED SUBTERRANEA,SED2_04693,LLAVE2_15,SP,ALIM2_035,SET2_09,250,2,2025
RED SUBTERRANEA,SED2_02971,LLAVE2_09,SP,ALIM2_035,SET2_09,400,2,2025
RED SUBTERRANEA,SED2_09890,LLAVE2_09,SP,ALIM2_035,SET2_09,250,2,2025
RED SUBTERRANEA,SED2_06062,LLAVE2_09,SP,ALIM2_035,SET2_09,250,2,2025
RED SUBTERRANEA,SED2_00005,LLAVE2_15,SP,ALIM2_291,SET2_09,160,2,2025
RED SUBTERRANEA,SED2_07466,LLAVE2_19,SP,ALIM2_214,SET2_36,250,2,2025
RED SUBTERRANEA,SED2_03703,LLAVE2_19,SP,ALIM2_214,SET2_36,200,2,2025
RED SUBTERRANEA,SED2_05298,LLAVE2_09,SP,ALIM2_214,SET2_36,160,2,2025
RED SUBTERRANEA,SED2_05113,LLAVE2_21,SP,ALIM2_070,SET2_16,400,2,2025
FUSIBLE,SED2_08816,LLAVE2_19,SP,ALIM2_435,SET2_38,400,2,2025
RED SUBTERRANEA,SED2_04783,LLAVE2_09,SP,ALIM2_155,SET2_02,160,2,2025
RED SUBTERRANEA,SED2_05214,LLAVE2_09,SP,ALIM2_367,SET2_26,250,2,2025
RED SUBTERRANEA,SED2_06225,LLAVE2_15,SP,ALIM2_460,SET2_16,400,2,2025
RED SUBTERRANEA,SED2_03561,LLAVE2_21,SP,ALIM2_222,SET2_16,400,2,2025
RED SUBTERRANEA,SED2_00181,LLAVE2_09,SP,ALIM2_263,SET2_31,400,2,2025
RED SUBTERRANEA,SED2_00181,LLAVE2_13,SP,ALIM2_263,SET2_31,400,2,2025
RED AEREA,SED2_03274,LLAVE2_19,SP,ALIM2_089,SET2_35,100,2,2025
RED SUBTERRANEA,SED2_02393,LLAVE2_19,SP,ALIM2_040,SET2_40,160,2,2025
RED SUBTERRANEA,SED2_01129,LLAVE2_09,SP,ALIM2_222,SET2_16,400,2,2025
RED AEREA,SED2_02517,LLAVE2_15,SP,ALIM2_112,SET2_35,160,2,2025
RED SUBTERRANEA,SED2_07276,LLAVE2_19,SP,ALIM2_295,SET2_23,160,2,2025
RED SUBTERRANEA,SED2_07276,LLAVE2_09,SP,ALIM2_295,SET2_23,160,2,2025
RED AEREA,SED2_04659,LLAVE2_09,SP,ALIM2_295,SET2_23,160,2,2025
RED SUBTERRANEA,SED2_09474,LLAVE2_09,SP,ALIM2_295,SET2_23,100,2,2025
RED SUBTERRANEA,SED2_03141,LLAVE2_09,SP,ALIM2_295,SET2_23,200,2,2025
RED SUBTERRANEA,SED2_02934,LLAVE2_15,SP,ALIM2_295,SET2_23,160,2,2025
RED SUBTERRANEA,SED2_02643,LLAVE2_09,SP,ALIM2_295,SET2_23,100,2,2025
RED SUBTERRANEA,SED2_02285,LLAVE2_19,SP,ALIM2_295,SET2_23,100,2,2025
RED SUBTERRANEA,SED2_02285,LLAVE2_09,SP,ALIM2_295,SET2_23,100,2,2025
RED SUBTERRANEA,SED2_06248,LLAVE2_09,SP,ALIM2_042,SET2_06,160,2,2025
RED SUBTERRANEA,SED2_00724,LLAVE2_19,SP,ALIM2_295,SET2_23,160,2,2025
RED SUBTERRANEA,SED2_01196,LLAVE2_09,SP,ALIM2_437,SET2_23,250,2,2025
RED SUBTERRANEA,SED2_01352,LLAVE2_21,SP,ALIM2_117,SET2_10,400,2,2025
RED SUBTERRANEA,SED2_05504,LLAVE2_09,SP,ALIM2_428,SET2_17,630,2,2025
RED SUBTERRANEA,SED2_05504,LLAVE2_14,SP,ALIM2_428,SET2_17,630,2,2025
RED SUBTERRANEA,SED2_09337,LLAVE2_15,SP,ALIM2_428,SET2_17,200,2,2025
RED SUBTERRANEA,SED2_04834,LLAVE2_15,SP,ALIM2_451,SET2_27,400,2,2025
RED SUBTERRANEA,SED2_09792,LLAVE2_19,SP,ALIM2_457,SET2_26,160,2,2025
RED SUBTERRANEA,SED2_09792,LLAVE2_15,SP,ALIM2_457,SET2_26,160,2,2025
RED SUBTERRANEA,SED2_01750,LLAVE2_15,SP,ALIM2_457,SET2_26,160,2,2025
RED AEREA,SED2_06027,LLAVE2_09,SP,ALIM2_053,SET2_12,160,2,2025
RED SUBTERRANEA,SED2_01347,LLAVE2_19,SP,ALIM2_447,SET2_26,250,2,2025
RED AEREA,SED2_05218,LLAVE2_09,SP,ALIM2_447,SET2_26,160,2,2025
RED SUBTERRANEA,SED2_05677,LLAVE2_09,SP,ALIM2_026,SET2_30,250,2,2025
RED SUBTERRANEA,SED2_06283,LLAVE2_15,SP,ALIM2_189,SET2_09,160,2,2025
RED AEREA,SED2_06258,LLAVE2_09,SP,ALIM2_189,SET2_09,160,2,2025
RED SUBTERRANEA,SED2_09538,LLAVE2_09,SP,ALIM2_079,SET2_26,250,2,2025
RED SUBTERRANEA,SED2_09538,LLAVE2_15,SP,ALIM2_079,SET2_26,250,2,2025
RED SUBTERRANEA,SED2_09663,LLAVE2_21,SP,ALIM2_118,SET2_08,400,2,2025
RED SUBTERRANEA,SED2_08887,LLAVE2_09,SP,ALIM2_135,SET2_43,250,2,2025
RED SUBTERRANEA,SED2_05295,LLAVE2_09,SP,ALIM2_135,SET2_43,250,2,2025
RED SUBTERRANEA,SED2_02251,LLAVE2_19,SP,ALIM2_135,SET2_43,160,2,2025
RED SUBTERRANEA,SED2_02251,LLAVE2_09,SP,ALIM2_135,SET2_43,160,2,2025
RED SUBTERRANEA,SED2_06322,LLAVE2_19,SP,ALIM2_374,SET2_13,160,2,2025
RED AEREA,SED2_03112,LLAVE2_19,SP,ALIM2_093,SET2_21,160,2,2025
RED SUBTERRANEA,SED2_06999,LLAVE2_15,SP,ALIM2_301,SET2_38,400,2,2025
RED SUBTERRANEA,SED2_03198,LLAVE2_15,SP,ALIM2_186,SET2_08,400,2,2025
RED SUBTERRANEA,SED2_07993,LLAVE2_19,SP,ALIM2_397,SET2_08,400,2,2025
RED SUBTERRANEA,SED2_09128,LLAVE2_19,SP,ALIM2_309,SET2_30,160,2,2025
RED SUBTERRANEA,SED2_01456,LLAVE2_21,SP,ALIM2_392,SET2_08,400,2,2025
RED SUBTERRANEA,SED2_07798,LLAVE2_19,SP,ALIM2_271,SET2_26,250,2,2025
RED SUBTERRANEA,SED2_00882,LLAVE2_09,SP,ALIM2_150,SET2_16,400,2,2025
RED SUBTERRANEA,SED2_07976,LLAVE2_09,SP,ALIM2_267,SET2_23,101,2,2025
RED SUBTERRANEA,SED2_00924,LLAVE2_19,SP,ALIM2_267,SET2_23,200,2,2025
RED SUBTERRANEA,SED2_07325,LLAVE2_09,SP,ALIM2_267,SET2_23,100,2,2025
RED SUBTERRANEA,SED2_04484,LLAVE2_19,SP,ALIM2_361,SET2_23,100,2,2025
RED SUBTERRANEA,SED2_05867,LLAVE2_19,SP,ALIM2_361,SET2_23,160,2,2025
RED SUBTERRANEA,SED2_05867,LLAVE2_09,SP,ALIM2_361,SET2_23,160,2,2025
RED SUBTERRANEA,SED2_05867,LLAVE2_15,SP,ALIM2_361,SET2_23,160,2,2025
RED SUBTERRANEA,SED2_03123,LLAVE2_15,SP,ALIM2_361,SET2_23,250,2,2025
RED SUBTERRANEA,SED2_03319,LLAVE2_09,SP,ALIM2_072,SET2_23,100,2,2025
RED SUBTERRANEA,SED2_02166,LLAVE2_09,SP,ALIM2_361,SET2_23,160,2,2025
RED SUBTERRANEA,SED2_09403,LLAVE2_19,SP,ALIM2_316,SET2_23,160,2,2025
RED AEREA,SED2_04923,LLAVE2_19,SP,ALIM2_316,SET2_23,250,2,2025
RED SUBTERRANEA,SED2_05566,LLAVE2_19,SP,ALIM2_083,SET2_23,100,2,2025
RED SUBTERRANEA,SED2_01658,LLAVE2_09,SP,ALIM2_267,SET2_23,50,2,2025
RED AEREA,SED2_07459,LLAVE2_09,SP,ALIM2_267,SET2_23,250,2,2025
RED SUBTERRANEA,SED2_08488,LLAVE2_09,SP,ALIM2_267,SET2_23,250,2,2025
RED SUBTERRANEA,SED2_03283,LLAVE2_19,SP,ALIM2_083,SET2_23,160,2,2025
RED SUBTERRANEA,SED2_08922,LLAVE2_09,SP,ALIM2_370,SET2_21,250,2,2025
RED SUBTERRANEA,SED2_06200,LLAVE2_09,SP,ALIM2_140,SET2_21,400,2,2025
RED SUBTERRANEA,SED2_07725,LLAVE2_09,SP,ALIM2_349,SET2_21,250,2,2025
RED SUBTERRANEA,SED2_00866,LLAVE2_19,SP,ALIM2_349,SET2_21,250,2,2025
RED SUBTERRANEA,SED2_04745,LLAVE2_19,SP,ALIM2_453,SET2_43,400,2,2025
RED SUBTERRANEA,SED2_04745,LLAVE2_09,SP,ALIM2_453,SET2_43,400,2,2025
FUSIBLE,SED2_08676,LLAVE2_15,SP,ALIM2_006,SET2_08,400,2,2025
RED SUBTERRANEA,SED2_06345,LLAVE2_19,SP,ALIM2_011,SET2_17,250,2,2025
RED SUBTERRANEA,SED2_00681,LLAVE2_15,SP,ALIM2_439,SET2_08,400,2,2025
RED SUBTERRANEA,SED2_00375,LLAVE2_15,SP,ALIM2_179,SET2_38,250,2,2025
RED SUBTERRANEA,SED2_00781,LLAVE2_15,SP,ALIM2_358,SET2_38,400,2,2025
RED SUBTERRANEA,SED2_00781,LLAVE2_21,SP,ALIM2_358,SET2_38,400,2,2025
RED SUBTERRANEA,SED2_06478,LLAVE2_09,SP,ALIM2_040,SET2_40,400,2,2025
RED SUBTERRANEA,SED2_09336,LLAVE2_19,SP,ALIM2_134,SET2_16,250,2,2025
RED SUBTERRANEA,SED2_05380,LLAVE2_21,SP,ALIM2_011,SET2_17,160,2,2025
RED SUBTERRANEA,SED2_01877,LLAVE2_15,SP,ALIM2_011,SET2_17,50,2,2025
RED AEREA,SED2_07571,LLAVE2_19,SP,ALIM2_263,SET2_31,250,2,2025
RED AEREA,SED2_06768,LLAVE2_09,SP,ALIM2_196,SET2_38,400,2,2025
RED SUBTERRANEA,SED2_06768,LLAVE2_09,SP,ALIM2_196,SET2_38,400,2,2025
RED SUBTERRANEA,SED2_03664,LLAVE2_19,SP,ALIM2_196,SET2_38,315,2,2025
RED SUBTERRANEA,SED2_03976,LLAVE2_19,SP,ALIM2_356,SET2_31,630,2,2025
RED AEREA,SED2_02965,LLAVE2_19,SP,ALIM2_263,SET2_31,160,2,2025
RED SUBTERRANEA,SED2_05531,LLAVE2_15,SP,ALIM2_254,SET2_31,250,2,2025
RED SUBTERRANEA,SED2_06995,LLAVE2_09,SP,ALIM2_077,SET2_40,400,2,2025
RED SUBTERRANEA,SED2_00626,LLAVE2_15,SP,ALIM2_248,SET2_21,400,2,2025
RED SUBTERRANEA,SED2_09698,LLAVE2_09,SP,ALIM2_248,SET2_21,160,2,2025
RED SUBTERRANEA,SED2_00470,LLAVE2_09,SP,ALIM2_276,SET2_43,100,2,2025
RED SUBTERRANEA,SED2_07830,LLAVE2_09,SP,ALIM2_276,SET2_43,160,2,2025
RED SUBTERRANEA,SED2_01941,LLAVE2_19,SP,ALIM2_276,SET2_43,250,2,2025
RED SUBTERRANEA,SED2_01501,LLAVE2_19,SP,ALIM2_356,SET2_31,630,2,2025
RED SUBTERRANEA,SED2_09656,LLAVE2_19,SP,ALIM2_356,SET2_31,160,2,2025
RED SUBTERRANEA,SED2_09911,LLAVE2_19,SP,ALIM2_356,SET2_31,160,2,2025
RED SUBTERRANEA,SED2_09911,LLAVE2_09,SP,ALIM2_356,SET2_31,160,2,2025
RED SUBTERRANEA,SED2_05918,LLAVE2_19,SP,ALIM2_193,SET2_31,250,2,2025
RED SUBTERRANEA,SED2_05918,LLAVE2_09,SP,ALIM2_193,SET2_31,250,2,2025
RED SUBTERRANEA,SED2_00534,LLAVE2_19,SP,ALIM2_193,SET2_31,250,2,2025
RED SUBTERRANEA,SED2_00534,LLAVE2_15,SP,ALIM2_193,SET2_31,250,2,2025
RED SUBTERRANEA,SED2_01726,LLAVE2_15,SP,ALIM2_065,SET2_17,160,2,2025
RED SUBTERRANEA,SED2_04729,LLAVE2_15,SP,ALIM2_177,SET2_08,160,2,2025
RED SUBTERRANEA,SED2_02488,LLAVE2_19,SP,ALIM2_475,SET2_36,160,2,2025
RED SUBTERRANEA,SED2_08074,LLAVE2_19,SP,ALIM2_475,SET2_36,160,2,2025
FUSIBLE,SED2_03026,LLAVE2_09,SP,ALIM2_475,SET2_36,250,2,2025
RED SUBTERRANEA,SED2_01613,LLAVE2_09,SP,ALIM2_475,SET2_36,160,2,2025
RED SUBTERRANEA,SED2_01613,LLAVE2_15,SP,ALIM2_475,SET2_36,160,2,2025
RED SUBTERRANEA,SED2_07696,LLAVE2_09,SP,ALIM2_475,SET2_36,100,2,2025
RED SUBTERRANEA,SED2_06042,LLAVE2_19,SP,ALIM2_238,SET2_36,160,2,2025
RED SUBTERRANEA,SED2_02140,LLAVE2_19,SP,ALIM2_077,SET2_40,630,2,2025
RED SUBTERRANEA,SED2_07313,LLAVE2_21,SP,ALIM2_006,SET2_08,630,2,2025
RED SUBTERRANEA,SED2_03492,LLAVE2_21,SP,ALIM2_312,SET2_09,250,2,2025
RED SUBTERRANEA,SED2_06714,LLAVE2_15,SP,ALIM2_017,SET2_03,250,2,2025
RED SUBTERRANEA,SED2_08293,LLAVE2_19,SP,ALIM2_017,SET2_03,250,2,2025
RED SUBTERRANEA,SED2_00266,LLAVE2_09,SP,ALIM2_017,SET2_03,300,2,2025
RED SUBTERRANEA,SED2_04155,LLAVE2_15,SP,ALIM2_185,SET2_31,160,2,2025
FUSIBLE,SED2_05917,LLAVE2_19,SP,ALIM2_435,SET2_38,250,2,2025
RED SUBTERRANEA,SED2_04005,LLAVE2_09,SP,ALIM2_447,SET2_26,250,2,2025
RED SUBTERRANEA,SED2_02455,LLAVE2_09,SP,ALIM2_004,SET2_31,160,2,2025
RED SUBTERRANEA,SED2_06312,LLAVE2_09,SP,ALIM2_210,SET2_40,160,2,2025
RED SUBTERRANEA,SED2_01633,LLAVE2_19,SP,ALIM2_046,SET2_23,400,2,2025
RED SUBTERRANEA,SED2_05592,LLAVE2_15,SP,ALIM2_046,SET2_23,400,2,2025
RED SUBTERRANEA,SED2_05406,LLAVE2_15,SP,ALIM2_165,SET2_06,300,2,2025
RED SUBTERRANEA,SED2_03779,LLAVE2_09,SP,SIN DATA,SIN DATA,SIN DATA,2,2025
RED SUBTERRANEA,SED2_08898,LLAVE2_19,SP,ALIM2_016,SET2_36,250,2,2025
RED SUBTERRANEA,SED2_08898,LLAVE2_09,SP,ALIM2_016,SET2_36,250,2,2025
RED SUBTERRANEA,SED2_09509,LLAVE2_19,SP,ALIM2_075,SET2_36,315,2,2025
RED SUBTERRANEA,SED2_09509,LLAVE2_21,SP,ALIM2_075,SET2_36,315,2,2025
RED SUBTERRANEA,SED2_07159,LLAVE2_19,SP,ALIM2_436,SET2_23,100,2,2025
RED SUBTERRANEA,SED2_01258,LLAVE2_09,SP,ALIM2_296,SET2_23,160,2,2025
RED SUBTERRANEA,SED2_02220,LLAVE2_19,SP,ALIM2_296,SET2_23,160,2,2025
RED SUBTERRANEA,SED2_08086,LLAVE2_15,SP,ALIM2_296,SET2_23,50,2,2025
RED SUBTERRANEA,SED2_06711,LLAVE2_15,SP,ALIM2_436,SET2_23,250,2,2025
RED SUBTERRANEA,SED2_04873,LLAVE2_09,SP,ALIM2_436,SET2_23,100,2,2025
RED AEREA,SED2_09674,LLAVE2_15,SP,ALIM2_436,SET2_23,100,2,2025
RED SUBTERRANEA,SED2_01166,LLAVE2_09,SP,ALIM2_436,SET2_23,50,2,2025
FUSIBLE,SED2_06837,LLAVE2_21,SP,ALIM2_111,SET2_36,630,2,2025
FUSIBLE,SED2_05190,LLAVE2_09,SP,ALIM2_179,SET2_38,250,2,2025
RED SUBTERRANEA,SED2_04711,LLAVE2_09,SP,ALIM2_131,SET2_43,250,2,2025
RED SUBTERRANEA,SED2_01176,LLAVE2_19,SP,ALIM2_276,SET2_43,630,2,2025
FUSIBLE,SED2_06234,LLAVE2_15,SP,ALIM2_250,SET2_27,630,2,2025
RED SUBTERRANEA,SED2_07743,LLAVE2_19,SP,ALIM2_102,SET2_02,400,2,2025
RED SUBTERRANEA,SED2_05947,LLAVE2_09,SP,ALIM2_193,SET2_31,400,2,2025
RED SUBTERRANEA,SED2_05947,LLAVE2_15,SP,ALIM2_193,SET2_31,400,2,2025
FUSIBLE,SED2_08320,LLAVE2_15,SP,ALIM2_302,SET2_27,400,2,2025
RED SUBTERRANEA,SED2_00494,LLAVE2_15,SP,SIN DATA,SIN DATA,SIN DATA,2,2025
RED SUBTERRANEA,SED2_01461,LLAVE2_09,SP,ALIM2_079,SET2_26,250,2,2025
RED SUBTERRANEA,SED2_00200,LLAVE2_19,SP,ALIM2_102,SET2_02,400,2,2025
RED SUBTERRANEA,SED2_00200,LLAVE2_09,SP,ALIM2_102,SET2_02,400,2,2025
RED SUBTERRANEA,SED2_00753,LLAVE2_09,SP,ALIM2_312,SET2_09,250,2,2025
RED SUBTERRANEA,SED2_05838,LLAVE2_19,SP,ALIM2_390,SET2_09,400,2,2025
RED SUBTERRANEA,SED2_05838,LLAVE2_09,SP,ALIM2_390,SET2_09,400,2,2025
RED SUBTERRANEA,SED2_06128,LLAVE2_19,SP,ALIM2_304,SET2_02,250,2,2025
RED SUBTERRANEA,SED2_05174,LLAVE2_19,SP,ALIM2_263,SET2_31,630,2,2025
RED SUBTERRANEA,SED2_05174,LLAVE2_09,SP,ALIM2_263,SET2_31,630,2,2025
RED SUBTERRANEA,SED2_04149,LLAVE2_19,SP,ALIM2_242,SET2_03,400,2,2025
RED SUBTERRANEA,SED2_03609,LLAVE2_19,SP,ALIM2_427,SET2_06,250,2,2025
RED SUBTERRANEA,SED2_03395,LLAVE2_09,SP,ALIM2_231,SET2_43,400,2,2025
RED SUBTERRANEA,SED2_01222,LLAVE2_09,SP,ALIM2_292,SET2_43,400,2,2025
RED AEREA,SED2_07691,LLAVE2_09,SP,ALIM2_067,SET2_35,250,2,2025
RED SUBTERRANEA,SED2_07691,LLAVE2_09,SP,ALIM2_067,SET2_35,250,2,2025
RED AEREA,SED2_07691,LLAVE2_15,SP,ALIM2_067,SET2_35,250,2,2025
RED SUBTERRANEA,SED2_05901,LLAVE2_15,SP,ALIM2_041,SET2_30,400,2,2025
RED SUBTERRANEA,SED2_08936,LLAVE2_09,SP,ALIM2_215,SET2_46,160,2,2025
RED SUBTERRANEA,SED2_01545,LLAVE2_19,SP,ALIM2_436,SET2_23,160,2,2025
RED SUBTERRANEA,SED2_01545,LLAVE2_15,SP,ALIM2_436,SET2_23,160,2,2025
RED SUBTERRANEA,SED2_00676,LLAVE2_09,SP,ALIM2_016,SET2_36,250,2,2025
RED SUBTERRANEA,SED2_00721,LLAVE2_19,SP,ALIM2_431,SET2_36,250,2,2025
RED SUBTERRANEA,SED2_09761,LLAVE2_09,SP,ALIM2_027,SET2_41,630,2,2025
RED SUBTERRANEA,SED2_09761,LLAVE2_15,SP,ALIM2_027,SET2_41,630,2,2025
RED SUBTERRANEA,SED2_07795,LLAVE2_19,SP,ALIM2_035,SET2_09,160,2,2025
RED SUBTERRANEA,SED2_03667,LLAVE2_09,SP,ALIM2_076,SET2_13,250,2,2025
RED SUBTERRANEA,SED2_03245,LLAVE2_21,SP,ALIM2_070,SET2_16,630,2,2025
RED SUBTERRANEA,SED2_06210,LLAVE2_09,SP,ALIM2_076,SET2_13,100,2,2025
RED AEREA,SED2_06858,LLAVE2_19,SP,ALIM2_092,SET2_13,250,2,2025
RED SUBTERRANEA,SED2_06858,LLAVE2_19,SP,ALIM2_092,SET2_13,250,2,2025
RED SUBTERRANEA,SED2_01136,LLAVE2_19,SP,ALIM2_016,SET2_36,250,2,2025
RED SUBTERRANEA,SED2_01136,LLAVE2_09,SP,ALIM2_016,SET2_36,250,2,2025
FUSIBLE,SED2_09708,LLAVE2_09,SP,ALIM2_260,SET2_13,100,2,2025
RED SUBTERRANEA,SED2_06239,LLAVE2_09,SP,ALIM2_246,SET2_21,250,2,2025
RED SUBTERRANEA,SED2_04107,LLAVE2_19,SP,ALIM2_255,SET2_21,160,2,2025
RED SUBTERRANEA,SED2_01513,LLAVE2_15,SP,ALIM2_240,SET2_46,400,2,2025
RED SUBTERRANEA,SED2_08260,LLAVE2_19,SP,ALIM2_339,SET2_15,160,2,2025
RED SUBTERRANEA,SED2_08260,LLAVE2_09,SP,ALIM2_339,SET2_15,160,2,2025
RED SUBTERRANEA,SED2_08811,LLAVE2_15,SP,ALIM2_226,SET2_02,250,2,2025
RED SUBTERRANEA,SED2_02482,LLAVE2_15,SP,ALIM2_043,SET2_41,400,2,2025
RED SUBTERRANEA,SED2_07132,LLAVE2_15,SP,ALIM2_475,SET2_36,250,2,2025
RED SUBTERRANEA,SED2_05296,LLAVE2_19,SP,ALIM2_296,SET2_23,160,2,2025
RED SUBTERRANEA,SED2_05296,LLAVE2_09,SP,ALIM2_296,SET2_23,160,2,2025
RED AEREA,SED2_06209,LLAVE2_19,SP,ALIM2_296,SET2_23,160,2,2025
RED SUBTERRANEA,SED2_03005,LLAVE2_09,SP,ALIM2_131,SET2_43,400,2,2025
RED SUBTERRANEA,SED2_03587,LLAVE2_09,SP,ALIM2_140,SET2_21,250,2,2025
RED SUBTERRANEA,SED2_07515,LLAVE2_19,SP,ALIM2_474,SET2_02,250,2,2025
RED SUBTERRANEA,SED2_07515,LLAVE2_15,SP,ALIM2_474,SET2_02,250,2,2025
RED SUBTERRANEA,SED2_06014,LLAVE2_19,SP,ALIM2_476,SET2_02,400,2,2025
RED SUBTERRANEA,SED2_07002,LLAVE2_09,SP,ALIM2_192,SET2_46,100,2,2025
RED SUBTERRANEA,SED2_06135,LLAVE2_09,SP,ALIM2_104,SET2_17,400,2,2025
RED SUBTERRANEA,SED2_09387,LLAVE2_19,SP,ALIM2_267,SET2_23,160,2,2025
RED SUBTERRANEA,SED2_00993,LLAVE2_19,SP,ALIM2_213,SET2_41,400,2,2025
RED SUBTERRANEA,SED2_02120,LLAVE2_09,SP,ALIM2_213,SET2_41,250,2,2025
RED SUBTERRANEA,SED2_03957,LLAVE2_19,SP,ALIM2_233,SET2_41,250,2,2025
RED SUBTERRANEA,SED2_09536,LLAVE2_09,SP,ALIM2_332,SET2_08,400,2,2025
RED SUBTERRANEA,SED2_08551,LLAVE2_19,SP,ALIM2_233,SET2_41,250,2,2025
RED SUBTERRANEA,SED2_09236,LLAVE2_19,SP,ALIM2_238,SET2_36,160,2,2025
RED SUBTERRANEA,SED2_03700,LLAVE2_15,SP,ALIM2_221,SET2_36,250,2,2025
RED SUBTERRANEA,SED2_05318,LLAVE2_09,SP,ALIM2_221,SET2_36,160,2,2025
RED SUBTERRANEA,SED2_08796,LLAVE2_19,SP,ALIM2_221,SET2_36,250,2,2025
RED SUBTERRANEA,SED2_08796,LLAVE2_15,SP,ALIM2_221,SET2_36,250,2,2025
RED SUBTERRANEA,SED2_01110,LLAVE2_19,SP,ALIM2_316,SET2_23,100,2,2025
RED SUBTERRANEA,SED2_03604,LLAVE2_09,SP,ALIM2_465,SET2_28,160,2,2025
RED SUBTERRANEA,SED2_07093,LLAVE2_15,SP,ALIM2_469,SET2_41,400,2,2025
FUSIBLE,SED2_05940,LLAVE2_19,SP,ALIM2_469,SET2_41,250,2,2025
RED SUBTERRANEA,SED2_00024,LLAVE2_19,SP,ALIM2_096,SET2_03,250,2,2025
RED SUBTERRANEA,SED2_08022,LLAVE2_19,SP,ALIM2_026,SET2_30,400,2,2025
RED SUBTERRANEA,SED2_07059,LLAVE2_19,SP,ALIM2_474,SET2_02,250,2,2025
RED SUBTERRANEA,SED2_07059,LLAVE2_15,SP,ALIM2_474,SET2_02,250,2,2025
RED SUBTERRANEA,SED2_07059,LLAVE2_21,SP,ALIM2_474,SET2_02,250,2,2025
RED SUBTERRANEA,SED2_08364,LLAVE2_19,SP,ALIM2_013,SET2_09,630,2,2025
RED SUBTERRANEA,SED2_06208,LLAVE2_15,SP,ALIM2_240,SET2_46,400,2,2025
RED SUBTERRANEA,SED2_01381,LLAVE2_09,SP,ALIM2_047,SET2_31,250,2,2025
RED SUBTERRANEA,SED2_00629,LLAVE2_09,SP,ALIM2_330,SET2_23,250,2,2025
RED SUBTERRANEA,SED2_00629,LLAVE2_15,SP,ALIM2_330,SET2_23,250,2,2025
RED SUBTERRANEA,SED2_01839,LLAVE2_09,SP,ALIM2_355,SET2_30,100,2,2025
RED AEREA,SED2_01839,LLAVE2_15,SP,ALIM2_355,SET2_30,100,2,2025
RED SUBTERRANEA,SED2_04947,LLAVE2_19,SP,ALIM2_355,SET2_30,50,2,2025
RED SUBTERRANEA,SED2_01521,LLAVE2_19,SP,ALIM2_242,SET2_03,250,2,2025
RED SUBTERRANEA,SED2_01521,LLAVE2_09,SP,ALIM2_242,SET2_03,250,2,2025
RED SUBTERRANEA,SED2_07869,LLAVE2_19,SP,ALIM2_126,SET2_02,250,2,2025
RED SUBTERRANEA,SED2_08746,LLAVE2_19,SP,ALIM2_077,SET2_40,250,2,2025
RED SUBTERRANEA,SED2_02776,LLAVE2_09,SP,ALIM2_417,SET2_36,400,2,2025
RED SUBTERRANEA,SED2_05087,LLAVE2_15,SP,ALIM2_474,SET2_02,400,2,2025
RED SUBTERRANEA,SED2_06824,LLAVE2_19,SP,ALIM2_134,SET2_16,160,2,2025
RED SUBTERRANEA,SED2_06824,LLAVE2_09,SP,ALIM2_134,SET2_16,160,2,2025
RED SUBTERRANEA,SED2_03758,LLAVE2_15,SP,ALIM2_117,SET2_10,250,2,2025
RED SUBTERRANEA,SED2_06219,LLAVE2_19,SP,ALIM2_117,SET2_10,160,2,2025
RED SUBTERRANEA,SED2_06618,LLAVE2_19,SP,ALIM2_117,SET2_10,160,2,2025
RED SUBTERRANEA,SED2_07777,LLAVE2_19,SP,ALIM2_315,SET2_08,400,2,2025
RED SUBTERRANEA,SED2_08525,LLAVE2_19,SP,ALIM2_341,SET2_35,160,2,2025
RED SUBTERRANEA,SED2_02762,LLAVE2_19,SP,ALIM2_049,SET2_41,160,2,2025
RED SUBTERRANEA,SED2_07320,LLAVE2_19,SP,ALIM2_276,SET2_43,400,2,2025
RED SUBTERRANEA,SED2_02819,LLAVE2_19,SP,ALIM2_393,SET2_17,630,2,2025
RED SUBTERRANEA,SED2_00786,LLAVE2_09,SP,ALIM2_279,SET2_17,250,2,2025
RED SUBTERRANEA,SED2_08132,LLAVE2_19,SP,ALIM2_176,SET2_31,250,2,2025
RED SUBTERRANEA,SED2_06305,LLAVE2_19,SP,ALIM2_436,SET2_23,100,2,2025
RED SUBTERRANEA,SED2_06305,LLAVE2_09,SP,ALIM2_436,SET2_23,100,2,2025
RED SUBTERRANEA,SED2_06305,LLAVE2_15,SP,ALIM2_436,SET2_23,100,2,2025
RED SUBTERRANEA,SED2_06305,LLAVE2_21,SP,ALIM2_436,SET2_23,100,2,2025
RED AEREA,SED2_07010,LLAVE2_15,SP,ALIM2_436,SET2_23,160,2,2025
RED SUBTERRANEA,SED2_04533,LLAVE2_09,SP,ALIM2_417,SET2_36,250,2,2025
RED SUBTERRANEA,SED2_04533,LLAVE2_21,SP,ALIM2_417,SET2_36,250,2,2025
RED SUBTERRANEA,SED2_07849,LLAVE2_09,SP,ALIM2_325,SET2_23,160,2,2025
RED SUBTERRANEA,SED2_06856,LLAVE2_09,SP,ALIM2_255,SET2_21,160,2,2025
RED SUBTERRANEA,SED2_09935,LLAVE2_15,SP,ALIM2_034,SET2_31,160,2,2025
RED SUBTERRANEA,SED2_03036,LLAVE2_15,SP,ALIM2_030,SET2_41,250,2,2025
RED AEREA,SED2_09374,LLAVE2_19,SP,ALIM2_245,SET2_04,50,2,2025
RED AEREA,SED2_04227,LLAVE2_19,SP,ALIM2_013,SET2_09,100,2,2025
RED AEREA,SED2_08177,LLAVE2_19,SP,SIN DATA,SIN DATA,SIN DATA,2,2025
RED AEREA,SED2_05576,LLAVE2_19,SP,ALIM2_112,SET2_35,40,2,2025
RED AEREA,SED2_03407,LLAVE2_09,SP,ALIM2_112,SET2_35,100,2,2025
RED AEREA,SED2_08122,LLAVE2_09,SP,ALIM2_112,SET2_35,100,2,2025
RED AEREA,SED2_04972,LLAVE2_19,SP,ALIM2_363,SET2_12,100,2,2025
RED AEREA,SED2_00111,LLAVE2_19,SP,ALIM2_053,SET2_12,25,2,2025
RED AEREA,SED2_00191,LLAVE2_19,SP,ALIM2_042,SET2_06,100,2,2025
RED AEREA,SED2_02732,LLAVE2_19,SP,ALIM2_008,SET2_35,10,2,2025
RED SUBTERRANEA,SED2_08361,LLAVE2_15,SP,ALIM2_233,SET2_41,250,2,2025
RED SUBTERRANEA,SED2_03294,LLAVE2_19,SP,ALIM2_025,SET2_13,250,2,2025
RED AEREA,SED2_03294,LLAVE2_09,SP,ALIM2_025,SET2_13,250,2,2025
RED SUBTERRANEA,SED2_06764,LLAVE2_19,SP,ALIM2_310,SET2_40,400,2,2025
RED SUBTERRANEA,SED2_06764,LLAVE2_15,SP,ALIM2_310,SET2_40,400,2,2025
RED AEREA,SED2_05532,LLAVE2_19,SP,ALIM2_193,SET2_31,100,2,2025
RED AEREA,SED2_06127,LLAVE2_19,SP,ALIM2_194,SET2_35,160,2,2025
RED SUBTERRANEA,SED2_06347,LLAVE2_21,SP,ALIM2_236,SET2_38,250,2,2025
RED AEREA,SED2_07791,LLAVE2_19,SP,ALIM2_115,SET2_12,250,2,2025
RED AEREA,SED2_01331,LLAVE2_19,SP,ALIM2_115,SET2_12,160,2,2025
RED AEREA,SED2_01283,LLAVE2_19,SP,ALIM2_115,SET2_12,100,2,2025
RED AEREA,SED2_04682,LLAVE2_19,SP,ALIM2_115,SET2_12,100,2,2025
RED AEREA,SED2_08877,LLAVE2_21,SP,ALIM2_115,SET2_12,100,2,2025
RED AEREA,SED2_00431,LLAVE2_19,SP,ALIM2_115,SET2_12,100,2,2025
RED AEREA,SED2_09499,LLAVE2_09,SP,ALIM2_115,SET2_12,100,2,2025
RED AEREA,SED2_02950,LLAVE2_19,SP,ALIM2_115,SET2_12,100,2,2025
RED AEREA,SED2_04958,LLAVE2_19,SP,ALIM2_115,SET2_12,100,2,2025
RED AEREA,SED2_01014,LLAVE2_09,SP,ALIM2_115,SET2_12,100,2,2025
RED AEREA,SED2_04905,LLAVE2_19,SP,ALIM2_115,SET2_12,160,2,2025
RED AEREA,SED2_04504,LLAVE2_09,SP,ALIM2_066,SET2_10,100,2,2025
LLAVE,SED2_03917,LLAVE2_19,SP,ALIM2_066,SET2_10,100,2,2025
RED AEREA,SED2_03651,LLAVE2_09,SP,ALIM2_066,SET2_10,100,2,2025
RED AEREA,SED2_04029,LLAVE2_09,SP,ALIM2_066,SET2_10,100,2,2025
RED AEREA,SED2_07642,LLAVE2_09,SP,ALIM2_066,SET2_10,400,2,2025
RED AEREA,SED2_02039,LLAVE2_19,SP,ALIM2_066,SET2_10,100,2,2025
RED AEREA,SED2_07600,LLAVE2_19,SP,ALIM2_066,SET2_10,100,2,2025
RED AEREA,SED2_09203,LLAVE2_19,SP,ALIM2_066,SET2_10,100,2,2025
RED AEREA,SED2_09203,LLAVE2_09,SP,ALIM2_066,SET2_10,100,2,2025
RED AEREA,SED2_08445,LLAVE2_19,SP,ALIM2_066,SET2_10,100,2,2025
RED SUBTERRANEA,SED2_03724,LLAVE2_09,SP,ALIM2_342,SET2_10,160,2,2025
FUSIBLE,SED2_05753,LLAVE2_21,SP,ALIM2_412,SET2_08,400,2,2025
RED SUBTERRANEA,SED2_04350,LLAVE2_09,SP,ALIM2_263,SET2_31,250,2,2025
RED AEREA,SED2_01474,LLAVE2_09,SP,ALIM2_327,SET2_18,40,2,2025
RED SUBTERRANEA,SED2_00164,LLAVE2_19,SP,ALIM2_084,SET2_35,160,2,2025
FUSIBLE,SED2_05042,LLAVE2_19,SP,ALIM2_169,SET2_06,400,2,2025
RED AEREA,SED2_05042,LLAVE2_19,SP,ALIM2_169,SET2_06,400,2,2025
RED SUBTERRANEA,SED2_02064,LLAVE2_15,SP,ALIM2_460,SET2_16,630,2,2025
RED SUBTERRANEA,SED2_04469,LLAVE2_15,SP,ALIM2_319,SET2_36,250,2,2025
RED AEREA,SED2_04083,LLAVE2_09,SP,ALIM2_216,SET2_45,250,2,2025
RED AEREA,SED2_00810,LLAVE2_09,SP,ALIM2_136,SET2_12,100,2,2025
RED AEREA,SED2_08463,LLAVE2_19,SP,ALIM2_403,SET2_31,160,2,2025
RED SUBTERRANEA,SED2_05125,LLAVE2_19,SP,ALIM2_353,SET2_40,320,2,2025
RED SUBTERRANEA,SED2_05125,LLAVE2_09,SP,ALIM2_353,SET2_40,320,2,2025
RED SUBTERRANEA,SED2_08446,LLAVE2_19,SP,ALIM2_458,SET2_43,400,2,2025
RED SUBTERRANEA,SED2_01655,LLAVE2_09,SP,ALIM2_434,SET2_36,250,2,2025
RED AEREA,SED2_09466,LLAVE2_09,SP,ALIM2_472,SET2_10,50,2,2025
RED AEREA,SED2_02002,LLAVE2_19,SP,ALIM2_265,SET2_33,250,2,2025
FUSIBLE,SED2_00125,LLAVE2_09,SP,ALIM2_281,SET2_37,40,2,2025
RED AEREA,SED2_08764,LLAVE2_19,SP,ALIM2_246,SET2_21,100,2,2025
RED AEREA,SED2_04571,LLAVE2_21,SP,ALIM2_161,SET2_04,100,2,2025
RED AEREA,SED2_06123,LLAVE2_09,SP,ALIM2_161,SET2_04,100,2,2025
RED AEREA,SED2_08698,LLAVE2_09,SP,ALIM2_135,SET2_43,100,2,2025
RED SUBTERRANEA,SED2_02880,LLAVE2_19,SP,ALIM2_109,SET2_17,400,2,2025
RED AEREA,SED2_09427,LLAVE2_15,SP,ALIM2_037,SET2_23,100,2,2025
RED AEREA,SED2_09238,LLAVE2_09,SP,ALIM2_037,SET2_23,100,2,2025
RED AEREA,SED2_00952,LLAVE2_09,SP,ALIM2_443,SET2_14,100,2,2025
RED AEREA,SED2_07049,LLAVE2_09,SP,ALIM2_316,SET2_23,100,2,2025
RED SUBTERRANEA,SED2_08529,LLAVE2_15,SP,ALIM2_135,SET2_43,160,2,2025
RED AEREA,SED2_04110,LLAVE2_09,SP,ALIM2_121,SET2_21,160,2,2025
RED SUBTERRANEA,SED2_00036,LLAVE2_09,SP,ALIM2_411,SET2_17,160,2,2025
RED SUBTERRANEA,SED2_08152,LLAVE2_09,SP,ALIM2_152,SET2_40,630,2,2025
RED AEREA,SED2_01480,LLAVE2_19,SP,ALIM2_161,SET2_04,160,2,2025
RED AEREA,SED2_09302,LLAVE2_19,SP,ALIM2_416,SET2_33,100,2,2025
RED SUBTERRANEA,SED2_02639,LLAVE2_09,SP,ALIM2_210,SET2_40,160,2,2025
RED AEREA,SED2_09794,LLAVE2_21,SP,ALIM2_136,SET2_12,160,2,2025
RED AEREA,SED2_01963,LLAVE2_09,SP,ALIM2_057,SET2_22,50,2,2025
RED AEREA,SED2_07638,LLAVE2_19,SP,ALIM2_306,SET2_12,100,2,2025
RED SUBTERRANEA,SED2_02780,LLAVE2_19,SP,ALIM2_361,SET2_23,250,2,2025
RED SUBTERRANEA,SED2_00512,LLAVE2_19,SP,ALIM2_385,SET2_43,400,2,2025
RED AEREA,SED2_07245,LLAVE2_15,SP,ALIM2_306,SET2_12,160,2,2025
RED AEREA,SED2_01579,LLAVE2_19,SP,ALIM2_173,SET2_16,630,2,2025
RED AEREA,SED2_03069,LLAVE2_09,SP,ALIM2_472,SET2_10,100,2,2025
RED SUBTERRANEA,SED2_07158,LLAVE2_19,SP,ALIM2_408,SET2_36,400,2,2025
RED SUBTERRANEA,SED2_02684,LLAVE2_15,SP,ALIM2_306,SET2_12,250,2,2025
RED AEREA,SED2_05663,LLAVE2_15,SP,ALIM2_136,SET2_12,100,2,2025
RED SUBTERRANEA,SED2_03658,LLAVE2_09,SP,ALIM2_001,SET2_36,100,2,2025
RED AEREA,SED2_09177,LLAVE2_19,SP,ALIM2_132,SET2_12,100,2,2025
RED AEREA,SED2_09177,LLAVE2_09,SP,ALIM2_132,SET2_12,100,2,2025
RED AEREA,SED2_02914,LLAVE2_19,SP,ALIM2_132,SET2_12,100,2,2025
RED AEREA,SED2_04702,LLAVE2_19,SP,ALIM2_136,SET2_12,160,2,2025
RED AEREA,SED2_02082,LLAVE2_19,SP,ALIM2_136,SET2_12,100,2,2025
RED AEREA,SED2_08305,LLAVE2_09,SP,ALIM2_136,SET2_12,100,2,2025
RED AEREA,SED2_02746,LLAVE2_15,SP,ALIM2_161,SET2_04,400,2,2025
RED AEREA,SED2_09869,LLAVE2_19,SP,ALIM2_391,SET2_10,100,2,2025
RED AEREA,SED2_09869,LLAVE2_09,SP,ALIM2_391,SET2_10,100,2,2025
RED AEREA,SED2_01668,LLAVE2_09,SP,ALIM2_391,SET2_10,160,2,2025
RED AEREA,SED2_01668,LLAVE2_21,SP,ALIM2_391,SET2_10,160,2,2025
RED AEREA,SED2_01800,LLAVE2_09,SP,ALIM2_284,SET2_32,160,2,2025
RED SUBTERRANEA,SED2_08750,LLAVE2_09,SP,ALIM2_233,SET2_41,160,2,2025
RED AEREA,SED2_08266,LLAVE2_19,SP,ALIM2_282,SET2_29,100,2,2025
FUSIBLE,SED2_02372,LLAVE2_15,SP,ALIM2_099,SET2_31,250,2,2025
RED SUBTERRANEA,SED2_04247,LLAVE2_09,SP,ALIM2_437,SET2_23,100,2,2025
RED SUBTERRANEA,SED2_09599,LLAVE2_15,SP,ALIM2_042,SET2_06,100,2,2025
RED AEREA,SED2_09303,LLAVE2_09,SP,ALIM2_162,SET2_37,100,2,2025
RED AEREA,SED2_04042,LLAVE2_19,SP,ALIM2_135,SET2_43,100,2,2025
RED SUBTERRANEA,SED2_06983,LLAVE2_09,SP,ALIM2_271,SET2_26,250,2,2025
RED AEREA,SED2_09619,LLAVE2_19,SP,ALIM2_163,SET2_31,630,2,2025
RED AEREA,SED2_06706,LLAVE2_19,SP,ALIM2_277,SET2_20,160,2,2025
RED SUBTERRANEA,SED2_01154,LLAVE2_19,SP,ALIM2_026,SET2_30,250,2,2025
RED SUBTERRANEA,SED2_01154,LLAVE2_09,SP,ALIM2_026,SET2_30,250,2,2025
RED AEREA,SED2_02451,LLAVE2_15,SP,ALIM2_155,SET2_02,250,2,2025
RED AEREA,SED2_04618,LLAVE2_09,SP,ALIM2_161,SET2_04,100,2,2025
RED AEREA,SED2_03860,LLAVE2_09,SP,ALIM2_161,SET2_04,100,2,2025
RED AEREA,SED2_08622,LLAVE2_19,SP,ALIM2_161,SET2_04,100,2,2025
RED SUBTERRANEA,SED2_01809,LLAVE2_09,SP,ALIM2_233,SET2_41,250,2,2025
RED AEREA,SED2_04073,LLAVE2_09,SP,ALIM2_369,SET2_28,100,2,2025
RED SUBTERRANEA,SED2_06360,LLAVE2_09,SP,ALIM2_179,SET2_38,320,2,2025
FUSIBLE,SED2_05223,LLAVE2_09,SP,ALIM2_466,SET2_31,400,2,2025
RED SUBTERRANEA,SED2_05223,LLAVE2_09,SP,ALIM2_466,SET2_31,400,2,2025
RED SUBTERRANEA,SED2_05223,LLAVE2_15,SP,ALIM2_466,SET2_31,400,2,2025
RED SUBTERRANEA,SED2_05746,LLAVE2_09,SP,ALIM2_370,SET2_21,250,2,2025
RED SUBTERRANEA,SED2_04259,LLAVE2_09,SP,ALIM2_067,SET2_35,400,2,2025
RED SUBTERRANEA,SED2_09245,LLAVE2_15,SP,ALIM2_279,SET2_17,400,2,2025
FUSIBLE,SED2_05268,LLAVE2_09,SP,ALIM2_335,SET2_11,100,2,2025
RED SUBTERRANEA,SED2_00313,LLAVE2_19,SP,ALIM2_131,SET2_43,100,2,2025
FUSIBLE,SED2_04526,LLAVE2_21,SP,ALIM2_064,SET2_01,400,2,2025
RED SUBTERRANEA,SED2_08697,LLAVE2_15,SP,ALIM2_129,SET2_02,250,2,2025
RED SUBTERRANEA,SED2_07048,LLAVE2_15,SP,ALIM2_250,SET2_27,250,2,2025
RED AEREA,SED2_01449,LLAVE2_09,SP,ALIM2_202,SET2_29,100,2,2025
RED SUBTERRANEA,SED2_06929,LLAVE2_15,SP,ALIM2_310,SET2_40,250,2,2025
RED SUBTERRANEA,SED2_00949,LLAVE2_19,SP,ALIM2_431,SET2_36,160,2,2025
RED AEREA,SED2_05352,LLAVE2_19,SP,ALIM2_191,SET2_20,50,2,2025
RED SUBTERRANEA,SED2_04942,LLAVE2_19,SP,ALIM2_165,SET2_06,160,2,2025
RED SUBTERRANEA,SED2_00331,LLAVE2_15,SP,ALIM2_026,SET2_30,250,2,2025
RED SUBTERRANEA,SED2_01960,LLAVE2_09,SP,ALIM2_323,SET2_40,250,2,2025
RED SUBTERRANEA,SED2_02272,LLAVE2_09,SP,ALIM2_442,SET2_17,160,2,2025
RED SUBTERRANEA,SED2_01391,LLAVE2_19,SP,ALIM2_046,SET2_23,160,2,2025
RED AEREA,SED2_01421,LLAVE2_19,SP,ALIM2_078,SET2_10,100,2,2025
RED AEREA,SED2_03370,LLAVE2_19,SP,ALIM2_078,SET2_10,100,2,2025
RED AEREA,SED2_02024,LLAVE2_09,SP,ALIM2_161,SET2_04,400,2,2025
RED AEREA,SED2_02343,LLAVE2_09,SP,ALIM2_132,SET2_12,100,2,2025
RED AEREA,SED2_03131,LLAVE2_19,SP,ALIM2_032,SET2_04,100,2,2025
RED AEREA,SED2_09628,LLAVE2_19,SP,ALIM2_032,SET2_04,100,2,2025
RED AEREA,SED2_01781,LLAVE2_19,SP,ALIM2_136,SET2_12,100,2,2025
RED AEREA,SED2_01862,LLAVE2_09,SP,ALIM2_170,SET2_25,100,2,2025
RED AEREA,SED2_02016,LLAVE2_19,SP,ALIM2_265,SET2_33,100,2,2025
RED SUBTERRANEA,SED2_00798,LLAVE2_09,SP,ALIM2_276,SET2_43,250,2,2025
RED SUBTERRANEA,SED2_09755,LLAVE2_15,SP,ALIM2_026,SET2_30,160,2,2025
RED SUBTERRANEA,SED2_01318,LLAVE2_19,SP,ALIM2_475,SET2_36,160,2,2025
RED SUBTERRANEA,SED2_00941,LLAVE2_19,SP,ALIM2_147,SET2_46,400,2,2025
RED SUBTERRANEA,SED2_00941,LLAVE2_21,SP,ALIM2_147,SET2_46,400,2,2025
RED AEREA,SED2_04172,LLAVE2_19,SP,ALIM2_370,SET2_21,250,2,2025
RED SUBTERRANEA,SED2_06119,LLAVE2_09,SP,ALIM2_045,SET2_38,400,2,2025
RED SUBTERRANEA,SED2_00287,LLAVE2_21,SP,ALIM2_466,SET2_31,400,2,2025
RED SUBTERRANEA,SED2_01358,LLAVE2_19,SP,ALIM2_460,SET2_16,250,2,2025
RED SUBTERRANEA,SED2_01761,LLAVE2_09,SP,ALIM2_172,SET2_02,400,2,2025
RED SUBTERRANEA,SED2_05302,LLAVE2_19,SP,ALIM2_458,SET2_43,250,2,2025
RED SUBTERRANEA,SED2_04355,LLAVE2_19,SP,ALIM2_022,SET2_43,250,2,2025
RED SUBTERRANEA,SED2_08454,LLAVE2_15,SP,ALIM2_164,SET2_16,250,2,2025
RED SUBTERRANEA,SED2_04459,LLAVE2_21,SP,ALIM2_027,SET2_41,400,2,2025
RED AEREA,SED2_01776,LLAVE2_09,SP,ALIM2_402,SET2_10,160,2,2025
RED AEREA,SED2_06278,LLAVE2_19,SP,ALIM2_010,SET2_42,160,2,2025
RED SUBTERRANEA,SED2_08018,LLAVE2_19,SP,ALIM2_234,SET2_09,250,2,2025
RED AEREA,SED2_05368,LLAVE2_09,SP,ALIM2_421,SET2_10,100,2,2025
RED SUBTERRANEA,SED2_06569,LLAVE2_19,SP,ALIM2_431,SET2_36,160,2,2025
RED SUBTERRANEA,SED2_06569,LLAVE2_09,SP,ALIM2_431,SET2_36,160,2,2025
RED SUBTERRANEA,SED2_08585,LLAVE2_09,SP,ALIM2_297,SET2_33,160,2,2025
RED AEREA,SED2_07125,LLAVE2_09,SP,ALIM2_099,SET2_31,160,2,2025
RED AEREA,SED2_06923,LLAVE2_19,SP,ALIM2_022,SET2_43,250,2,2025
RED AEREA,SED2_07659,LLAVE2_19,SP,ALIM2_136,SET2_12,100,2,2025
RED SUBTERRANEA,SED2_00033,LLAVE2_09,SP,ALIM2_083,SET2_23,160,2,2025
RED SUBTERRANEA,SED2_06744,LLAVE2_09,SP,ALIM2_356,SET2_31,100,2,2025
RED SUBTERRANEA,SED2_04530,LLAVE2_19,SP,ALIM2_274,SET2_21,250,2,2025
RED AEREA,SED2_01575,LLAVE2_09,SP,ALIM2_391,SET2_10,100,2,2025
RED SUBTERRANEA,SED2_00897,LLAVE2_19,SP,ALIM2_131,SET2_43,250,2,2025
RED SUBTERRANEA,SED2_03172,LLAVE2_09,SP,ALIM2_257,SET2_31,100,2,2025
RED SUBTERRANEA,SED2_02741,LLAVE2_09,SP,ALIM2_150,SET2_16,250,2,2025
RED SUBTERRANEA,SED2_09858,LLAVE2_19,SP,ALIM2_195,SET2_27,400,2,2025
RED SUBTERRANEA,SED2_09858,LLAVE2_15,SP,ALIM2_195,SET2_27,400,2,2025
RED SUBTERRANEA,SED2_03231,LLAVE2_15,SP,ALIM2_230,SET2_08,160,2,2025
RED AEREA,SED2_08886,LLAVE2_19,SP,ALIM2_114,SET2_06,100,2,2025
RED AEREA,SED2_07237,LLAVE2_19,SP,ALIM2_114,SET2_06,100,2,2025
RED AEREA,SED2_00789,LLAVE2_19,SP,ALIM2_114,SET2_06,100,2,2025
RED SUBTERRANEA,SED2_09568,LLAVE2_19,SP,ALIM2_105,SET2_09,160,2,2025
RED AEREA,SED2_02870,LLAVE2_19,SP,ALIM2_053,SET2_12,100,2,2025
RED AEREA,SED2_06544,LLAVE2_19,SP,ALIM2_467,SET2_24,40,2,2025
RED SUBTERRANEA,SED2_03851,LLAVE2_19,SP,ALIM2_476,SET2_02,250,2,2025
RED AEREA,SED2_06022,LLAVE2_09,SP,ALIM2_316,SET2_23,100,2,2025
RED AEREA,SED2_02892,LLAVE2_09,SP,ALIM2_316,SET2_23,160,2,2025
RED AEREA,SED2_06994,LLAVE2_09,SP,ALIM2_294,SET2_18,100,2,2025
RED SUBTERRANEA,SED2_05255,LLAVE2_09,SP,ALIM2_022,SET2_43,100,2,2025
FUSIBLE,SED2_04229,LLAVE2_21,SP,ALIM2_078,SET2_10,250,2,2025
RED SUBTERRANEA,SED2_09918,LLAVE2_09,SP,ALIM2_341,SET2_35,160,2,2025
RED AEREA,SED2_08776,LLAVE2_19,SP,ALIM2_120,SET2_29,160,2,2025
RED AEREA,SED2_08776,LLAVE2_09,SP,ALIM2_120,SET2_29,160,2,2025
RED AEREA,SED2_08776,LLAVE2_15,SP,ALIM2_120,SET2_29,160,2,2025
RED AEREA,SED2_08058,LLAVE2_19,SP,ALIM2_120,SET2_29,100,2,2025
RED SUBTERRANEA,SED2_03802,LLAVE2_19,SP,ALIM2_420,SET2_21,160,2,2025
RED SUBTERRANEA,SED2_01042,LLAVE2_09,SP,ALIM2_219,SET2_10,400,2,2025
RED AEREA,SED2_02866,LLAVE2_19,SP,ALIM2_481,SET2_12,50,2,2025
RED SUBTERRANEA,SED2_06583,LLAVE2_09,SP,ALIM2_359,SET2_45,250,2,2025
RED SUBTERRANEA,SED2_06583,LLAVE2_15,SP,ALIM2_359,SET2_45,250,2,2025
RED AEREA,SED2_09506,LLAVE2_15,SP,ALIM2_066,SET2_10,100,2,2025
RED AEREA,SED2_07681,LLAVE2_19,SP,ALIM2_066,SET2_10,100,2,2025
RED SUBTERRANEA,SED2_01637,LLAVE2_19,SP,ALIM2_075,SET2_36,160,2,2025
RED SUBTERRANEA,SED2_00187,LLAVE2_21,SP,ALIM2_297,SET2_33,400,2,2025
RED SUBTERRANEA,SED2_06750,LLAVE2_19,SP,ALIM2_293,SET2_06,400,2,2025
RED AEREA,SED2_08220,LLAVE2_19,SP,ALIM2_246,SET2_21,100,2,2025
RED AEREA,SED2_06652,LLAVE2_21,SP,ALIM2_481,SET2_12,400,2,2025
RED SUBTERRANEA,SED2_04832,LLAVE2_19,SP,ALIM2_027,SET2_41,100,2,2025
RED AEREA,SED2_05211,LLAVE2_19,SP,ALIM2_425,SET2_11,50,2,2025
RED SUBTERRANEA,SED2_09702,LLAVE2_09,SP,ALIM2_477,SET2_31,250,2,2025
RED AEREA,SED2_04919,LLAVE2_19,SP,ALIM2_137,SET2_34,80,2,2025
FUSIBLE,SED2_01698,LLAVE2_15,SP,ALIM2_055,SET2_35,400,2,2025
RED SUBTERRANEA,SED2_01698,LLAVE2_15,SP,ALIM2_055,SET2_35,400,2,2025
RED SUBTERRANEA,SED2_07329,LLAVE2_19,SP,ALIM2_387,SET2_26,400,2,2025
RED SUBTERRANEA,SED2_07329,LLAVE2_09,SP,ALIM2_387,SET2_26,400,2,2025
RED SUBTERRANEA,SED2_01496,LLAVE2_09,SP,ALIM2_155,SET2_02,100,2,2025
RED SUBTERRANEA,SED2_00299,LLAVE2_19,SP,ALIM2_442,SET2_17,250,2,2025
RED SUBTERRANEA,SED2_06890,LLAVE2_19,SP,ALIM2_038,SET2_46,250,2,2025
RED SUBTERRANEA,SED2_02974,LLAVE2_19,SP,ALIM2_464,SET2_09,160,2,2025
RED AEREA,SED2_00211,LLAVE2_19,SP,ALIM2_078,SET2_10,50,2,2025
RED AEREA,SED2_08872,LLAVE2_09,SP,ALIM2_363,SET2_12,100,2,2025
RED AEREA,SED2_01209,LLAVE2_19,SP,ALIM2_363,SET2_12,250,2,2025
RED AEREA,SED2_02986,LLAVE2_09,SP,ALIM2_363,SET2_12,100,2,2025
RED AEREA,SED2_02111,LLAVE2_19,SP,ALIM2_120,SET2_29,160,2,2025
RED AEREA,SED2_01108,LLAVE2_09,SP,ALIM2_296,SET2_23,100,2,2025
FUSIBLE,SED2_06414,LLAVE2_19,SP,ALIM2_188,SET2_43,250,2,2025
RED SUBTERRANEA,SED2_00447,LLAVE2_19,SP,ALIM2_464,SET2_09,250,2,2025
RED AEREA,SED2_00503,LLAVE2_09,SP,ALIM2_161,SET2_04,160,2,2025
RED AEREA,SED2_08590,LLAVE2_19,SP,ALIM2_161,SET2_04,100,2,2025
RED AEREA,SED2_04417,LLAVE2_09,SP,ALIM2_421,SET2_10,100,2,2025
RED AEREA,SED2_07272,LLAVE2_15,SP,ALIM2_446,SET2_22,100,2,2025
RED AEREA,SED2_07610,LLAVE2_15,SP,ALIM2_136,SET2_12,100,2,2025
RED SUBTERRANEA,SED2_00525,LLAVE2_09,SP,ALIM2_369,SET2_28,160,2,2025
RED SUBTERRANEA,SED2_03619,LLAVE2_19,SP,ALIM2_070,SET2_16,250,2,2025
RED SUBTERRANEA,SED2_01477,LLAVE2_19,SP,ALIM2_081,SET2_21,250,2,2025
RED AEREA,SED2_00548,LLAVE2_09,SP,ALIM2_293,SET2_06,400,2,2025
RED AEREA,SED2_08314,LLAVE2_09,SP,ALIM2_391,SET2_10,250,2,2025
RED SUBTERRANEA,SED2_00847,LLAVE2_19,SP,ALIM2_008,SET2_35,160,2,2025
RED AEREA,SED2_00321,LLAVE2_19,SP,ALIM2_161,SET2_04,100,2,2025
RED AEREA,SED2_04245,LLAVE2_19,SP,ALIM2_169,SET2_06,100,2,2025
RED AEREA,SED2_06145,LLAVE2_09,SP,ALIM2_391,SET2_10,100,2,2025
RED AEREA,SED2_06145,LLAVE2_15,SP,ALIM2_391,SET2_10,100,2,2025
RED SUBTERRANEA,SED2_06327,LLAVE2_19,SP,ALIM2_257,SET2_31,160,2,2025
RED SUBTERRANEA,SED2_06327,LLAVE2_09,SP,ALIM2_257,SET2_31,160,2,2025
RED AEREA,SED2_03789,LLAVE2_19,SP,ALIM2_032,SET2_04,100,2,2025
RED AEREA,SED2_06473,LLAVE2_09,SP,ALIM2_032,SET2_04,160,2,2025
RED SUBTERRANEA,SED2_05708,LLAVE2_19,SP,ALIM2_460,SET2_16,160,2,2025
RED SUBTERRANEA,SED2_04275,LLAVE2_19,SP,ALIM2_279,SET2_17,100,2,2025
RED SUBTERRANEA,SED2_04275,LLAVE2_09,SP,ALIM2_279,SET2_17,100,2,2025
RED AEREA,SED2_01816,LLAVE2_09,SP,ALIM2_277,SET2_20,250,2,2025
RED AEREA,SED2_02505,LLAVE2_19,SP,ALIM2_317,SET2_04,100,2,2025
RED AEREA,SED2_08807,LLAVE2_19,SP,ALIM2_161,SET2_04,40,2,2025
RED SUBTERRANEA,SED2_06785,LLAVE2_14,SP,ALIM2_279,SET2_17,630,2,2025
RED AEREA,SED2_07671,LLAVE2_09,SP,ALIM2_194,SET2_35,160,2,2025
RED SUBTERRANEA,SED2_06712,LLAVE2_19,SP,ALIM2_325,SET2_23,250,2,2025
RED AEREA,SED2_07168,LLAVE2_19,SP,ALIM2_112,SET2_35,160,2,2025
RED AEREA,SED2_00122,LLAVE2_19,SP,ALIM2_241,SET2_35,100,2,2025
RED AEREA,SED2_09373,LLAVE2_19,SP,ALIM2_136,SET2_12,100,2,2025
RED AEREA,SED2_05156,LLAVE2_19,SP,ALIM2_119,SET2_42,100,2,2025
RED SUBTERRANEA,SED2_04902,LLAVE2_15,SP,ALIM2_359,SET2_45,400,2,2025
RED AEREA,SED2_07366,LLAVE2_09,SP,ALIM2_026,SET2_30,100,2,2025
RED SUBTERRANEA,SED2_06641,LLAVE2_19,SP,ALIM2_245,SET2_04,160,2,2025
RED AEREA,SED2_01213,LLAVE2_15,SP,ALIM2_136,SET2_12,250,2,2025
RED AEREA,SED2_02114,LLAVE2_19,SP,ALIM2_328,SET2_23,250,2,2025
RED SUBTERRANEA,SED2_09754,LLAVE2_09,SP,ALIM2_257,SET2_31,160,2,2025
RED AEREA,SED2_07352,LLAVE2_19,SP,ALIM2_108,SET2_22,100,2,2025
RED AEREA,SED2_07352,LLAVE2_15,SP,ALIM2_108,SET2_22,100,2,2025
RED AEREA,SED2_06610,LLAVE2_19,SP,ALIM2_358,SET2_38,250,2,2025
RED SUBTERRANEA,SED2_06610,LLAVE2_19,SP,ALIM2_358,SET2_38,250,2,2025
RED AEREA,SED2_09084,LLAVE2_19,SP,ALIM2_306,SET2_12,250,2,2025
RED AEREA,SED2_04635,LLAVE2_09,SP,ALIM2_328,SET2_23,160,2,2025
RED SUBTERRANEA,SED2_08591,LLAVE2_19,SP,ALIM2_230,SET2_08,250,2,2025
RED AEREA,SED2_00568,LLAVE2_19,SP,ALIM2_481,SET2_12,100,2,2025
RED SUBTERRANEA,SED2_05691,LLAVE2_19,SP,ALIM2_245,SET2_04,160,2,2025
RED SUBTERRANEA,SED2_05691,LLAVE2_09,SP,ALIM2_245,SET2_04,160,2,2025
RED AEREA,SED2_07569,LLAVE2_09,SP,ALIM2_342,SET2_10,100,2,2025
RED AEREA,SED2_07930,LLAVE2_19,SP,ALIM2_183,SET2_12,100,2,2025
RED AEREA,SED2_04774,LLAVE2_19,SP,ALIM2_119,SET2_42,50,2,2025
RED AEREA,SED2_03687,LLAVE2_19,SP,ALIM2_316,SET2_23,100,2,2025
RED AEREA,SED2_07729,LLAVE2_09,SP,ALIM2_446,SET2_22,100,2,2025
FUSIBLE,SED2_07299,LLAVE2_09,SP,ALIM2_277,SET2_20,160,2,2025
RED AEREA,SED2_05709,LLAVE2_09,SP,ALIM2_055,SET2_35,400,2,2025
RED SUBTERRANEA,SED2_03750,LLAVE2_19,SP,ALIM2_341,SET2_35,100,2,2025
RED SUBTERRANEA,SED2_03750,LLAVE2_09,SP,ALIM2_341,SET2_35,100,2,2025
RED AEREA,SED2_03750,LLAVE2_21,SP,ALIM2_341,SET2_35,100,2,2025
RED SUBTERRANEA,SED2_03411,LLAVE2_19,SP,ALIM2_155,SET2_02,160,2,2025
FUSIBLE,SED2_03814,LLAVE2_09,SP,ALIM2_381,SET2_45,160,2,2025
RED AEREA,SED2_06790,LLAVE2_09,SP,ALIM2_100,SET2_12,400,2,2025
RED AEREA,SED2_06784,LLAVE2_19,SP,ALIM2_108,SET2_22,250,2,2025
RED AEREA,SED2_06802,LLAVE2_19,SP,ALIM2_316,SET2_23,160,2,2025
RED AEREA,SED2_08120,LLAVE2_19,SP,ALIM2_136,SET2_12,100,2,2025
RED AEREA,SED2_06554,LLAVE2_19,SP,ALIM2_306,SET2_12,100,2,2025
RED SUBTERRANEA,SED2_02963,LLAVE2_15,SP,ALIM2_326,SET2_35,160,2,2025
RED SUBTERRANEA,SED2_09748,LLAVE2_09,SP,ALIM2_326,SET2_35,160,2,2025
RED SUBTERRANEA,SED2_07794,LLAVE2_21,SP,ALIM2_326,SET2_35,160,2,2025
RED AEREA,SED2_04988,LLAVE2_19,SP,ALIM2_443,SET2_14,100,2,2025
RED SUBTERRANEA,SED2_03782,LLAVE2_19,SP,ALIM2_353,SET2_40,250,2,2025
RED SUBTERRANEA,SED2_03782,LLAVE2_09,SP,ALIM2_353,SET2_40,250,2,2025
RED AEREA,SED2_08814,LLAVE2_09,SP,ALIM2_170,SET2_25,250,2,2025
RED AEREA,SED2_02035,LLAVE2_19,SP,ALIM2_170,SET2_25,160,2,2025
RED AEREA,SED2_02702,LLAVE2_19,SP,ALIM2_306,SET2_12,160,2,2025
RED AEREA,SED2_00377,LLAVE2_19,SP,ALIM2_306,SET2_12,100,2,2025
RED AEREA,SED2_03902,LLAVE2_09,SP,ALIM2_327,SET2_18,160,2,2025
RED AEREA,SED2_04281,LLAVE2_09,SP,ALIM2_446,SET2_22,400,2,2025
RED SUBTERRANEA,SED2_03788,LLAVE2_09,SP,ALIM2_004,SET2_31,160,2,2025
RED AEREA,SED2_01543,LLAVE2_19,SP,ALIM2_255,SET2_21,100,2,2025
FUSIBLE,SED2_08360,LLAVE2_19,SP,ALIM2_129,SET2_02,250,2,2025
RED AEREA,SED2_06763,LLAVE2_09,SP,ALIM2_021,SET2_32,100,2,2025
RED AEREA,SED2_06560,LLAVE2_09,SP,ALIM2_191,SET2_20,100,2,2025
RED AEREA,SED2_04334,LLAVE2_09,SP,ALIM2_161,SET2_04,160,2,2025
RED AEREA,SED2_09385,LLAVE2_19,SP,ALIM2_161,SET2_04,100,2,2025
RED AEREA,SED2_09385,LLAVE2_09,SP,ALIM2_161,SET2_04,100,2,2025
RED SUBTERRANEA,SED2_08400,LLAVE2_09,SP,ALIM2_286,SET2_36,400,2,2025
RED AEREA,SED2_09939,LLAVE2_09,SP,ALIM2_167,SET2_35,160,2,2025
RED AEREA,SED2_00921,LLAVE2_19,SP,ALIM2_089,SET2_35,160,2,2025
RED AEREA,SED2_03840,LLAVE2_09,SP,ALIM2_068,SET2_32,160,2,2025
RED AEREA,SED2_05231,LLAVE2_09,SP,ALIM2_053,SET2_12,50,2,2025
RED AEREA,SED2_02838,LLAVE2_09,SP,ALIM2_482,SET2_02,100,2,2025
RED SUBTERRANEA,SED2_06690,LLAVE2_09,SP,ALIM2_363,SET2_12,160,2,2025
RED AEREA,SED2_00592,LLAVE2_09,SP,ALIM2_328,SET2_23,160,2,2025
RED SUBTERRANEA,SED2_04336,LLAVE2_21,SP,ALIM2_008,SET2_35,250,2,2025
RED AEREA,SED2_02653,LLAVE2_19,SP,ALIM2_142,SET2_42,100,2,2025
RED AEREA,SED2_08998,LLAVE2_19,SP,ALIM2_369,SET2_28,100,2,2025
RED SUBTERRANEA,SED2_05989,LLAVE2_19,SP,ALIM2_359,SET2_45,250,2,2025
RED AEREA,SED2_00035,LLAVE2_09,SP,ALIM2_370,SET2_21,100,2,2025
RED AEREA,SED2_08479,LLAVE2_19,SP,ALIM2_243,SET2_42,250,2,2025
RED AEREA,SED2_08479,LLAVE2_15,SP,ALIM2_243,SET2_42,250,2,2025
RED AEREA,SED2_09444,LLAVE2_19,SP,ALIM2_219,SET2_10,250,2,2025
RED AEREA,SED2_01059,LLAVE2_19,SP,ALIM2_305,SET2_33,100,2,2025
RED SUBTERRANEA,SED2_09809,LLAVE2_19,SP,ALIM2_043,SET2_41,160,2,2025
RED AEREA,SED2_04860,LLAVE2_19,SP,ALIM2_072,SET2_23,160,2,2025
RED AEREA,SED2_04860,LLAVE2_09,SP,ALIM2_072,SET2_23,160,2,2025
RED AEREA,SED2_04860,LLAVE2_15,SP,ALIM2_072,SET2_23,160,2,2025
RED AEREA,SED2_04283,LLAVE2_19,SP,ALIM2_481,SET2_12,100,2,2025
RED SUBTERRANEA,SED2_00612,LLAVE2_09,SP,ALIM2_356,SET2_31,160,2,2025
RED AEREA,SED2_07984,LLAVE2_19,SP,ALIM2_369,SET2_28,160,2,2025
RED AEREA,SED2_04858,LLAVE2_09,SP,ALIM2_369,SET2_28,100,2,2025
RED AEREA,SED2_01065,LLAVE2_15,SP,ALIM2_194,SET2_35,400,2,2025
RED AEREA,SED2_04855,LLAVE2_09,SP,ALIM2_313,SET2_42,100,2,2025
RED AEREA,SED2_03104,LLAVE2_09,SP,ALIM2_313,SET2_42,100,2,2025
RED SUBTERRANEA,SED2_04177,LLAVE2_21,SP,ALIM2_472,SET2_10,250,2,2025
RED AEREA,SED2_01849,LLAVE2_09,SP,ALIM2_237,SET2_33,160,2,2025
RED AEREA,SED2_02641,LLAVE2_09,SP,ALIM2_110,SET2_42,100,2,2025
RED AEREA,SED2_09577,LLAVE2_15,SP,ALIM2_478,SET2_44,250,2,2025
RED AEREA,SED2_08290,LLAVE2_19,SP,ALIM2_338,SET2_18,100,2,2025
RED SUBTERRANEA,SED2_07210,LLAVE2_19,SP,ALIM2_326,SET2_35,400,2,2025
RED AEREA,SED2_03266,LLAVE2_19,SP,ALIM2_326,SET2_35,100,2,2025
RED SUBTERRANEA,SED2_01901,LLAVE2_19,SP,ALIM2_157,SET2_09,160,2,2025
RED SUBTERRANEA,SED2_01295,LLAVE2_19,SP,ALIM2_248,SET2_21,160,2,2025
RED AEREA,SED2_04123,LLAVE2_19,SP,ALIM2_316,SET2_23,160,2,2025
RED SUBTERRANEA,SED2_07111,LLAVE2_19,SP,ALIM2_096,SET2_03,160,2,2025
RED AEREA,SED2_07612,LLAVE2_19,SP,ALIM2_369,SET2_28,400,2,2025
RED AEREA,SED2_02710,LLAVE2_19,SP,ALIM2_072,SET2_23,100,2,2025
RED AEREA,SED2_04901,LLAVE2_19,SP,ALIM2_115,SET2_12,160,2,2025
RED AEREA,SED2_06126,LLAVE2_19,SP,ALIM2_108,SET2_22,100,2,2025
RED SUBTERRANEA,SED2_09597,LLAVE2_09,SP,ALIM2_363,SET2_12,100,2,2025
RED AEREA,SED2_09572,LLAVE2_09,SP,ALIM2_055,SET2_35,250,2,2025
RED AEREA,SED2_09072,LLAVE2_15,SP,ALIM2_446,SET2_22,160,2,2025
RED AEREA,SED2_05227,LLAVE2_19,SP,ALIM2_161,SET2_04,100,2,2025
RED AEREA,SED2_04705,LLAVE2_19,SP,ALIM2_161,SET2_04,160,2,2025
RED AEREA,SED2_07676,LLAVE2_19,SP,ALIM2_108,SET2_22,50,2,2025
RED AEREA,SED2_09155,LLAVE2_19,SP,ALIM2_037,SET2_23,100,2,2025
RED AEREA,SED2_03735,LLAVE2_19,SP,ALIM2_055,SET2_35,250,2,2025
RED AEREA,SED2_03735,LLAVE2_09,SP,ALIM2_055,SET2_35,250,2,2025
RED AEREA,SED2_03735,LLAVE2_15,SP,ALIM2_055,SET2_35,250,2,2025
RED SUBTERRANEA,SED2_08183,LLAVE2_19,SP,ALIM2_469,SET2_41,160,2,2025
RED AEREA,SED2_09847,LLAVE2_09,SP,ALIM2_072,SET2_23,100,2,2025
RED AEREA,SED2_06168,LLAVE2_09,SP,ALIM2_446,SET2_22,250,2,2025
RED AEREA,SED2_06075,LLAVE2_19,SP,ALIM2_042,SET2_06,50,2,2025
RED AEREA,SED2_03632,LLAVE2_09,SP,ALIM2_048,SET2_29,160,2,2025
RED AEREA,SED2_08711,LLAVE2_09,SP,ALIM2_048,SET2_29,100,2,2025
RED AEREA,SED2_09277,LLAVE2_09,SP,ALIM2_048,SET2_29,100,2,2025
RED AEREA,SED2_09883,LLAVE2_19,SP,ALIM2_048,SET2_29,100,2,2025
RED AEREA,SED2_07966,LLAVE2_19,SP,ALIM2_048,SET2_29,160,2,2025
RED AEREA,SED2_07966,LLAVE2_09,SP,ALIM2_048,SET2_29,160,2,2025
RED AEREA,SED2_06363,LLAVE2_09,SP,ALIM2_048,SET2_29,100,2,2025
RED AEREA,SED2_08075,LLAVE2_19,SP,ALIM2_245,SET2_04,50,2,2025
RED AEREA,SED2_08202,LLAVE2_09,SP,ALIM2_326,SET2_35,160,2,2025
RED SUBTERRANEA,SED2_07655,LLAVE2_09,SP,ALIM2_008,SET2_35,160,2,2025
RED SUBTERRANEA,SED2_02837,LLAVE2_09,SP,ALIM2_008,SET2_35,160,2,2025
RED AEREA,SED2_08191,LLAVE2_09,SP,ALIM2_100,SET2_12,160,2,2025
RED AEREA,SED2_01024,LLAVE2_09,SP,ALIM2_306,SET2_12,100,2,2025
RED AEREA,SED2_09500,LLAVE2_19,SP,ALIM2_108,SET2_22,100,2,2025
RED AEREA,SED2_02938,LLAVE2_19,SP,ALIM2_194,SET2_35,100,2,2025
RED SUBTERRANEA,SED2_02938,LLAVE2_09,SP,ALIM2_194,SET2_35,100,2,2025
RED AEREA,SED2_07074,LLAVE2_19,SP,ALIM2_421,SET2_10,100,2,2025
RED AEREA,SED2_07444,LLAVE2_19,SP,ALIM2_481,SET2_12,100,2,2025
RED SUBTERRANEA,SED2_01999,LLAVE2_09,SP,ALIM2_052,SET2_32,100,2,2025
RED AEREA,SED2_05503,LLAVE2_09,SP,ALIM2_161,SET2_04,250,2,2025
RED AEREA,SED2_01975,LLAVE2_09,SP,ALIM2_100,SET2_12,100,2,2025
RED AEREA,SED2_09907,LLAVE2_19,SP,ALIM2_216,SET2_45,100,2,2025
RED SUBTERRANEA,SED2_04099,LLAVE2_19,SP,ALIM2_233,SET2_41,160,2,2025
RED AEREA,SED2_03575,LLAVE2_19,SP,ALIM2_341,SET2_35,400,2,2025
RED AEREA,SED2_09338,LLAVE2_19,SP,ALIM2_100,SET2_12,250,2,2025
RED AEREA,SED2_01328,LLAVE2_19,SP,ALIM2_446,SET2_22,100,2,2025
RED AEREA,SED2_09326,LLAVE2_19,SP,ALIM2_208,SET2_13,100,2,2025
RED AEREA,SED2_00367,LLAVE2_09,SP,ALIM2_108,SET2_22,160,2,2025
RED AEREA,SED2_04296,LLAVE2_15,SP,ALIM2_161,SET2_04,400,2,2025
RED AEREA,SED2_03496,LLAVE2_09,SP,ALIM2_363,SET2_12,250,2,2025
RED AEREA,SED2_02873,LLAVE2_19,SP,ALIM2_085,SET2_42,160,2,2025
RED AEREA,SED2_04717,LLAVE2_19,SP,ALIM2_404,SET2_22,250,2,2025
RED AEREA,SED2_03568,LLAVE2_19,SP,ALIM2_108,SET2_22,100,2,2025
RED AEREA,SED2_07114,LLAVE2_19,SP,ALIM2_097,SET2_33,100,2,2025
RED AEREA,SED2_03122,LLAVE2_19,SP,ALIM2_115,SET2_12,160,2,2025
RED AEREA,SED2_09220,LLAVE2_19,SP,ALIM2_115,SET2_12,160,2,2025
RED AEREA,SED2_09220,LLAVE2_15,SP,ALIM2_115,SET2_12,160,2,2025
RED AEREA,SED2_06003,LLAVE2_19,SP,ALIM2_048,SET2_29,100,2,2025
RED AEREA,SED2_06003,LLAVE2_09,SP,ALIM2_048,SET2_29,100,2,2025
RED AEREA,SED2_01060,LLAVE2_19,SP,ALIM2_048,SET2_29,50,2,2025
RED AEREA,SED2_09525,LLAVE2_09,SP,ALIM2_161,SET2_04,400,2,2025
RED AEREA,SED2_02034,LLAVE2_19,SP,ALIM2_474,SET2_02,100,2,2025
RED AEREA,SED2_06346,LLAVE2_19,SP,ALIM2_048,SET2_29,100,2,2025
RED SUBTERRANEA,SED2_01971,LLAVE2_09,SP,ALIM2_245,SET2_04,160,2,2025
RED SUBTERRANEA,SED2_06458,LLAVE2_09,SP,ALIM2_326,SET2_35,160,2,2025
RED AEREA,SED2_05267,LLAVE2_19,SP,ALIM2_161,SET2_04,400,2,2025
RED AEREA,SED2_02666,LLAVE2_19,SP,ALIM2_010,SET2_42,100,2,2025
FUSIBLE,SED2_03805,LLAVE2_19,SP,ALIM2_010,SET2_42,160,2,2025
RED AEREA,SED2_03805,LLAVE2_19,SP,ALIM2_010,SET2_42,160,2,2025
RED AEREA,SED2_03805,LLAVE2_09,SP,ALIM2_010,SET2_42,160,2,2025
RED AEREA,SED2_05585,LLAVE2_09,SP,ALIM2_010,SET2_42,160,2,2025
RED AEREA,SED2_05814,LLAVE2_19,SP,ALIM2_115,SET2_12,160,2,2025
RED AEREA,SED2_05186,LLAVE2_19,SP,ALIM2_161,SET2_04,50,2,2025
RED AEREA,SED2_06602,LLAVE2_19,SP,ALIM2_478,SET2_44,100,2,2025
RED AEREA,SED2_07649,LLAVE2_19,SP,ALIM2_313,SET2_42,160,2,2025
RED AEREA,SED2_01842,LLAVE2_19,SP,ALIM2_328,SET2_23,160,2,2025
RED AEREA,SED2_05291,LLAVE2_19,SP,ALIM2_308,SET2_29,100,2,2025
RED AEREA,SED2_04550,LLAVE2_09,SP,ALIM2_114,SET2_06,250,2,2025
RED AEREA,SED2_05632,LLAVE2_19,SP,ALIM2_208,SET2_13,100,2,2025
RED AEREA,SED2_00865,LLAVE2_09,SP,ALIM2_086,SET2_33,160,2,2025
RED AEREA,SED2_02170,LLAVE2_19,SP,ALIM2_474,SET2_02,100,2,2025
RED AEREA,SED2_02170,LLAVE2_09,SP,ALIM2_474,SET2_02,100,2,2025
RED AEREA,SED2_09862,LLAVE2_09,SP,ALIM2_446,SET2_22,160,2,2025
RED AEREA,SED2_01445,LLAVE2_19,SP,ALIM2_375,SET2_22,160,2,2025
RED AEREA,SED2_01757,LLAVE2_09,SP,ALIM2_375,SET2_22,160,2,2025
RED AEREA,SED2_09361,LLAVE2_19,SP,ALIM2_316,SET2_23,160,2,2025
RED AEREA,SED2_00792,LLAVE2_19,SP,ALIM2_316,SET2_23,250,2,2025
RED AEREA,SED2_08808,LLAVE2_19,SP,ALIM2_363,SET2_12,160,2,2025
RED SUBTERRANEA,SED2_03094,LLAVE2_19,SP,ALIM2_032,SET2_04,160,2,2025
RED SUBTERRANEA,SED2_00966,LLAVE2_15,SP,ALIM2_032,SET2_04,160,2,2025
RED SUBTERRANEA,SED2_04080,LLAVE2_09,SP,ALIM2_114,SET2_06,400,2,2025
RED AEREA,SED2_02931,LLAVE2_19,SP,ALIM2_095,SET2_28,160,2,2025
RED AEREA,SED2_05292,LLAVE2_19,SP,ALIM2_446,SET2_22,100,2,2025
RED AEREA,SED2_04709,LLAVE2_19,SP,ALIM2_241,SET2_35,50,2,2025
RED AEREA,SED2_04537,LLAVE2_19,SP,ALIM2_135,SET2_43,100,2,2025
RED AEREA,SED2_09102,LLAVE2_19,SP,ALIM2_295,SET2_23,100,2,2025
RED AEREA,SED2_02729,LLAVE2_09,SP,ALIM2_316,SET2_23,100,2,2025
RED AEREA,SED2_05490,LLAVE2_19,SP,ALIM2_114,SET2_06,100,2,2025
RED AEREA,SED2_03297,LLAVE2_15,SP,ALIM2_446,SET2_22,160,2,2025
RED AEREA,SED2_05202,LLAVE2_09,SP,ALIM2_066,SET2_10,160,2,2025
RED AEREA,SED2_07804,LLAVE2_19,SP,ALIM2_115,SET2_12,100,2,2025
RED AEREA,SED2_07804,LLAVE2_09,SP,ALIM2_115,SET2_12,100,2,2025
RED AEREA,SED2_08394,LLAVE2_09,SP,ALIM2_055,SET2_35,160,2,2025
RED AEREA,SED2_02610,LLAVE2_09,SP,ALIM2_410,SET2_23,100,2,2025
RED AEREA,SED2_05681,LLAVE2_09,SP,ALIM2_410,SET2_23,50,2,2025
RED AEREA,SED2_00698,LLAVE2_19,SP,ALIM2_410,SET2_23,50,2,2025
RED AEREA,SED2_00698,LLAVE2_09,SP,ALIM2_410,SET2_23,50,2,2025
RED AEREA,SED2_02839,LLAVE2_09,SP,ALIM2_410,SET2_23,50,2,2025
RED AEREA,SED2_03894,LLAVE2_09,SP,ALIM2_410,SET2_23,50,2,2025
RED AEREA,SED2_00071,LLAVE2_09,SP,ALIM2_410,SET2_23,100,2,2025
RED AEREA,SED2_06417,LLAVE2_09,SP,ALIM2_410,SET2_23,50,2,2025
RED AEREA,SED2_03570,LLAVE2_09,SP,ALIM2_410,SET2_23,50,2,2025
RED AEREA,SED2_01397,LLAVE2_19,SP,ALIM2_410,SET2_23,50,2,2025
RED AEREA,SED2_04805,LLAVE2_19,SP,ALIM2_410,SET2_23,50,2,2025
RED AEREA,SED2_08780,LLAVE2_19,SP,ALIM2_410,SET2_23,50,2,2025
RED AEREA,SED2_05734,LLAVE2_09,SP,ALIM2_410,SET2_23,50,2,2025
RED AEREA,SED2_03385,LLAVE2_09,SP,ALIM2_410,SET2_23,50,2,2025
RED AEREA,SED2_01163,LLAVE2_19,SP,ALIM2_410,SET2_23,50,2,2025
RED AEREA,SED2_07533,LLAVE2_09,SP,ALIM2_410,SET2_23,50,2,2025
RED AEREA,SED2_03771,LLAVE2_19,SP,ALIM2_410,SET2_23,50,2,2025
RED AEREA,SED2_03771,LLAVE2_09,SP,ALIM2_410,SET2_23,50,2,2025
RED SUBTERRANEA,SED2_09565,LLAVE2_19,SP,ALIM2_244,SET2_32,160,2,2025
RED AEREA,SED2_04164,LLAVE2_15,SP,ALIM2_317,SET2_04,100,2,2025
RED AEREA,SED2_03633,LLAVE2_09,SP,ALIM2_396,SET2_11,100,2,2025
RED SUBTERRANEA,SED2_08604,LLAVE2_09,SP,ALIM2_481,SET2_12,250,2,2025
RED SUBTERRANEA,SED2_09003,LLAVE2_19,SP,ALIM2_296,SET2_23,100,2,2025
RED SUBTERRANEA,SED2_01378,LLAVE2_09,SP,ALIM2_032,SET2_04,160,2,2025
RED AEREA,SED2_00056,LLAVE2_09,SP,ALIM2_443,SET2_14,100,2,2025
RED AEREA,SED2_07723,LLAVE2_09,SP,ALIM2_032,SET2_04,100,2,2025
RED AEREA,SED2_07073,LLAVE2_09,SP,ALIM2_308,SET2_29,100,2,2025
RED AEREA,SED2_03158,LLAVE2_09,SP,ALIM2_119,SET2_42,160,2,2025
RED AEREA,SED2_04544,LLAVE2_09,SP,ALIM2_119,SET2_42,100,2,2025
RED AEREA,SED2_09593,LLAVE2_19,SP,ALIM2_135,SET2_43,50,2,2025
RED AEREA,SED2_08907,LLAVE2_19,SP,ALIM2_391,SET2_10,100,2,2025
RED AEREA,SED2_04802,LLAVE2_09,SP,ALIM2_136,SET2_12,250,2,2025
RED SUBTERRANEA,SED2_08681,LLAVE2_19,SP,ALIM2_194,SET2_35,100,2,2025
RED AEREA,SED2_08115,LLAVE2_19,SP,ALIM2_115,SET2_12,100,2,2025
RED AEREA,SED2_06588,LLAVE2_09,SP,ALIM2_316,SET2_23,100,2,2025
RED AEREA,SED2_01953,LLAVE2_19,SP,ALIM2_015,SET2_25,100,2,2025
RED AEREA,SED2_08542,LLAVE2_19,SP,ALIM2_372,SET2_44,100,2,2025
FUSIBLE,SED2_06762,LLAVE2_19,SP,ALIM2_161,SET2_04,250,2,2025
RED AEREA,SED2_03733,LLAVE2_09,SP,ALIM2_313,SET2_42,160,2,2025
RED AEREA,SED2_06634,LLAVE2_09,SP,ALIM2_363,SET2_12,250,2,2025
RED SUBTERRANEA,SED2_04303,LLAVE2_19,SP,ALIM2_008,SET2_35,160,2,2025
RED SUBTERRANEA,SED2_01690,LLAVE2_19,SP,ALIM2_008,SET2_35,160,2,2025
RED AEREA,SED2_09800,LLAVE2_09,SP,ALIM2_375,SET2_22,160,2,2025
RED AEREA,SED2_04173,LLAVE2_19,SP,ALIM2_317,SET2_04,160,2,2025
RED AEREA,SED2_04173,LLAVE2_09,SP,ALIM2_317,SET2_04,160,2,2025
RED AEREA,SED2_09895,LLAVE2_19,SP,ALIM2_402,SET2_10,100,2,2025
RED AEREA,SED2_02128,LLAVE2_19,SP,ALIM2_089,SET2_35,100,2,2025
RED AEREA,SED2_09020,LLAVE2_15,SP,ALIM2_252,SET2_22,400,2,2025
RED AEREA,SED2_06829,LLAVE2_09,SP,ALIM2_467,SET2_24,160,2,2025
RED AEREA,SED2_05577,LLAVE2_19,SP,ALIM2_245,SET2_04,100,2,2025
RED AEREA,SED2_07221,LLAVE2_19,SP,ALIM2_313,SET2_42,160,2,2025
RED SUBTERRANEA,SED2_05454,LLAVE2_09,SP,ALIM2_443,SET2_14,100,2,2025
RED SUBTERRANEA,SED2_09384,LLAVE2_09,SP,ALIM2_443,SET2_14,100,2,2025
RED AEREA,SED2_08633,LLAVE2_15,SP,ALIM2_363,SET2_12,250,2,2025
RED AEREA,SED2_04538,LLAVE2_09,SP,ALIM2_316,SET2_23,100,2,2025
RED SUBTERRANEA,SED2_04538,LLAVE2_09,SP,ALIM2_316,SET2_23,100,2,2025
RED AEREA,SED2_00979,LLAVE2_19,SP,ALIM2_363,SET2_12,100,2,2025
RED AEREA,SED2_00415,LLAVE2_19,SP,ALIM2_161,SET2_04,160,2,2025
FUSIBLE,SED2_08840,LLAVE2_09,SP,ALIM2_335,SET2_11,160,2,2025
RED AEREA,SED2_00335,LLAVE2_19,SP,ALIM2_108,SET2_22,100,2,2025
RED AEREA,SED2_03695,LLAVE2_19,SP,ALIM2_443,SET2_14,100,2,2025
FUSIBLE,SED2_03801,LLAVE2_19,SP,ALIM2_327,SET2_18,50,2,2025
RED AEREA,SED2_07338,LLAVE2_19,SP,ALIM2_037,SET2_23,100,2,2025
RED AEREA,SED2_08613,LLAVE2_19,SP,ALIM2_131,SET2_43,250,2,2025
RED AEREA,SED2_09503,LLAVE2_19,SP,ALIM2_404,SET2_22,250,2,2025
RED AEREA,SED2_02483,LLAVE2_19,SP,ALIM2_410,SET2_23,100,2,2025
RED SUBTERRANEA,SED2_08613,LLAVE2_15,SP,ALIM2_131,SET2_43,250,2,2025
RED SUBTERRANEA,SED2_02211,LLAVE2_09,SP,ALIM2_089,SET2_35,160,2,2025
RED AEREA,SED2_02801,LLAVE2_09,SP,ALIM2_316,SET2_23,100,2,2025
RED SUBTERRANEA,SED2_05810,LLAVE2_09,SP,ALIM2_194,SET2_35,160,2,2025
RED AEREA,SED2_07301,LLAVE2_09,SP,ALIM2_391,SET2_10,100,2,2025
RED AEREA,SED2_00829,LLAVE2_19,SP,ALIM2_404,SET2_22,160,2,2025
RED AEREA,SED2_00829,LLAVE2_15,SP,ALIM2_404,SET2_22,160,2,2025
RED AEREA,SED2_06922,LLAVE2_09,SP,ALIM2_252,SET2_22,160,2,2025
RED AEREA,SED2_05936,LLAVE2_19,SP,ALIM2_363,SET2_12,100,2,2025
RED AEREA,SED2_05257,LLAVE2_19,SP,ALIM2_341,SET2_35,100,2,2025
RED AEREA,SED2_06384,LLAVE2_09,SP,ALIM2_048,SET2_29,160,2,2025
RED AEREA,SED2_05075,LLAVE2_09,SP,ALIM2_202,SET2_29,100,2,2025
RED SUBTERRANEA,SED2_01399,LLAVE2_09,SP,ALIM2_363,SET2_12,160,2,2025
RED AEREA,SED2_01603,LLAVE2_09,SP,ALIM2_312,SET2_09,100,2,2025
RED AEREA,SED2_07311,LLAVE2_09,SP,ALIM2_136,SET2_12,160,2,2025
RED SUBTERRANEA,SED2_07495,LLAVE2_19,SP,ALIM2_121,SET2_21,160,2,2025
RED SUBTERRANEA,SED2_07495,LLAVE2_09,SP,ALIM2_121,SET2_21,160,2,2025
RED SUBTERRANEA,SED2_06854,LLAVE2_19,SP,ALIM2_032,SET2_04,100,2,2025
RED SUBTERRANEA,SED2_08804,LLAVE2_15,SP,ALIM2_464,SET2_09,400,2,2025
RED AEREA,SED2_08157,LLAVE2_19,SP,ALIM2_194,SET2_35,400,2,2025
RED AEREA,SED2_08157,LLAVE2_21,SP,ALIM2_194,SET2_35,400,2,2025
RED AEREA,SED2_02623,LLAVE2_19,SP,ALIM2_245,SET2_04,100,2,2025
RED AEREA,SED2_07534,LLAVE2_19,SP,ALIM2_100,SET2_12,100,2,2025
RED AEREA,SED2_09037,LLAVE2_19,SP,ALIM2_089,SET2_35,100,2,2025
RED AEREA,SED2_00063,LLAVE2_09,SP,ALIM2_115,SET2_12,250,2,2025
RED SUBTERRANEA,SED2_01087,LLAVE2_19,SP,ALIM2_326,SET2_35,100,2,2025
RED AEREA,SED2_01829,LLAVE2_19,SP,ALIM2_363,SET2_12,160,2,2025
RED SUBTERRANEA,SED2_02795,LLAVE2_09,SP,ALIM2_323,SET2_40,160,2,2025
RED AEREA,SED2_08863,LLAVE2_09,SP,ALIM2_363,SET2_12,250,2,2025
RED SUBTERRANEA,SED2_09459,LLAVE2_09,SP,ALIM2_217,SET2_35,100,2,2025
RED AEREA,SED2_03103,LLAVE2_19,SP,ALIM2_305,SET2_33,50,2,2025
RED AEREA,SED2_00596,LLAVE2_19,SP,ALIM2_478,SET2_44,100,2,2025
RED SUBTERRANEA,SED2_05279,LLAVE2_19,SP,ALIM2_436,SET2_23,160,2,2025
RED AEREA,SED2_04586,LLAVE2_19,SP,ALIM2_063,SET2_19,160,2,2025
RED AEREA,SED2_05030,LLAVE2_19,SP,ALIM2_467,SET2_24,160,2,2025
RED AEREA,SED2_03460,LLAVE2_09,SP,ALIM2_317,SET2_04,100,2,2025
RED SUBTERRANEA,SED2_07539,LLAVE2_19,SP,ALIM2_257,SET2_31,160,2,2025
RED SUBTERRANEA,SED2_08416,LLAVE2_09,SP,ALIM2_105,SET2_09,100,2,2025
RED SUBTERRANEA,SED2_08318,LLAVE2_19,SP,ALIM2_443,SET2_14,160,2,2025
RED AEREA,SED2_04235,LLAVE2_19,SP,ALIM2_472,SET2_10,50,2,2025
RED SUBTERRANEA,SED2_04103,LLAVE2_19,SP,ALIM2_114,SET2_06,160,2,2025
RED AEREA,SED2_04103,LLAVE2_09,SP,ALIM2_114,SET2_06,160,2,2025
RED SUBTERRANEA,SED2_02607,LLAVE2_09,SP,ALIM2_082,SET2_03,400,2,2025
RED AEREA,SED2_05910,LLAVE2_09,SP,ALIM2_327,SET2_18,100,2,2025
RED SUBTERRANEA,SED2_03232,LLAVE2_09,SP,ALIM2_421,SET2_10,250,2,2025
RED SUBTERRANEA,SED2_03325,LLAVE2_09,SP,ALIM2_481,SET2_12,160,2,2025
RED SUBTERRANEA,SED2_03325,LLAVE2_15,SP,ALIM2_481,SET2_12,160,2,2025
RED AEREA,SED2_01076,LLAVE2_19,SP,ALIM2_316,SET2_23,250,2,2025
RED AEREA,SED2_01076,LLAVE2_09,SP,ALIM2_316,SET2_23,250,2,2025
RED AEREA,SED2_01076,LLAVE2_15,SP,ALIM2_316,SET2_23,250,2,2025
RED AEREA,SED2_08393,LLAVE2_09,SP,ALIM2_318,SET2_33,160,2,2025
RED AEREA,SED2_05948,LLAVE2_09,SP,ALIM2_363,SET2_12,160,2,2025
RED AEREA,SED2_03723,LLAVE2_19,SP,ALIM2_241,SET2_35,100,2,2025
RED SUBTERRANEA,SED2_00213,LLAVE2_09,SP,ALIM2_361,SET2_23,160,2,2025
RED AEREA,SED2_00566,LLAVE2_19,SP,ALIM2_364,SET2_18,100,2,2025
RED AEREA,SED2_06752,LLAVE2_09,SP,ALIM2_391,SET2_10,100,2,2025
RED SUBTERRANEA,SED2_03249,LLAVE2_19,SP,ALIM2_246,SET2_21,160,2,2025
RED AEREA,SED2_01061,LLAVE2_19,SP,ALIM2_416,SET2_33,100,2,2025
RED SUBTERRANEA,SED2_05676,LLAVE2_19,SP,ALIM2_245,SET2_04,160,2,2025
RED AEREA,SED2_02098,LLAVE2_19,SP,ALIM2_425,SET2_11,160,2,2025
RED AEREA,SED2_02098,LLAVE2_09,SP,ALIM2_425,SET2_11,160,2,2025
RED AEREA,SED2_05405,LLAVE2_09,SP,ALIM2_328,SET2_23,160,2,2025
RED AEREA,SED2_06815,LLAVE2_19,SP,ALIM2_037,SET2_23,100,2,2025
RED AEREA,SED2_09087,LLAVE2_19,SP,ALIM2_194,SET2_35,100,2,2025
RED AEREA,SED2_08819,LLAVE2_19,SP,ALIM2_443,SET2_14,160,2,2025
RED SUBTERRANEA,SED2_03277,LLAVE2_09,SP,ALIM2_326,SET2_35,100,2,2025
RED AEREA,SED2_06333,LLAVE2_19,SP,ALIM2_204,SET2_02,100,2,2025
RED SUBTERRANEA,SED2_06333,LLAVE2_19,SP,ALIM2_204,SET2_02,100,2,2025
RED AEREA,SED2_02638,LLAVE2_19,SP,ALIM2_252,SET2_22,160,2,2025
RED AEREA,SED2_09678,LLAVE2_19,SP,ALIM2_467,SET2_24,50,2,2025
RED AEREA,SED2_03054,LLAVE2_09,SP,ALIM2_194,SET2_35,100,2,2025
RED AEREA,SED2_09507,LLAVE2_09,SP,ALIM2_245,SET2_04,100,2,2025
RED AEREA,SED2_01950,LLAVE2_19,SP,ALIM2_372,SET2_44,100,2,2025
RED AEREA,SED2_06860,LLAVE2_09,SP,ALIM2_042,SET2_06,160,2,2025
RED AEREA,SED2_08458,LLAVE2_19,SP,ALIM2_481,SET2_12,100,2,2025
RED AEREA,SED2_02105,LLAVE2_09,SP,ALIM2_183,SET2_12,100,2,2025
RED AEREA,SED2_02629,LLAVE2_19,SP,ALIM2_183,SET2_12,100,2,2025
RED AEREA,SED2_04033,LLAVE2_19,SP,ALIM2_443,SET2_14,100,2,2025
RED AEREA,SED2_03712,LLAVE2_19,SP,ALIM2_443,SET2_14,160,2,2025
RED AEREA,SED2_05545,LLAVE2_19,SP,ALIM2_194,SET2_35,100,2,2025
RED AEREA,SED2_01996,LLAVE2_09,SP,ALIM2_115,SET2_12,160,2,2025
RED AEREA,SED2_09419,LLAVE2_09,SP,ALIM2_194,SET2_35,250,2,2025
RED SUBTERRANEA,SED2_00072,LLAVE2_19,SP,ALIM2_245,SET2_04,160,2,2025
RED SUBTERRANEA,SED2_00072,LLAVE2_09,SP,ALIM2_245,SET2_04,160,2,2025
RED SUBTERRANEA,SED2_01609,LLAVE2_09,SP,ALIM2_245,SET2_04,160,2,2025
RED AEREA,SED2_04288,LLAVE2_09,SP,ALIM2_194,SET2_35,160,2,2025
RED AEREA,SED2_07545,LLAVE2_09,SP,ALIM2_160,SET2_33,100,2,2025
RED AEREA,SED2_03882,LLAVE2_09,SP,ALIM2_083,SET2_23,100,2,2025
RED AEREA,SED2_09093,LLAVE2_19,SP,ALIM2_467,SET2_24,100,2,2025
RED AEREA,SED2_07020,LLAVE2_19,SP,ALIM2_217,SET2_35,160,2,2025
RED AEREA,SED2_06494,LLAVE2_09,SP,ALIM2_057,SET2_22,100,2,2025
RED AEREA,SED2_05334,LLAVE2_19,SP,ALIM2_252,SET2_22,100,2,2025
RED AEREA,SED2_01859,LLAVE2_09,SP,ALIM2_194,SET2_35,100,2,2025
RED SUBTERRANEA,SED2_05000,LLAVE2_19,SP,ALIM2_026,SET2_30,160,2,2025
RED AEREA,SED2_00925,LLAVE2_19,SP,ALIM2_245,SET2_04,250,2,2025
RED AEREA,SED2_00925,LLAVE2_15,SP,ALIM2_245,SET2_04,250,2,2025
FUSIBLE,SED2_01263,LLAVE2_09,SP,ALIM2_007,SET2_11,160,2,2025
RED AEREA,SED2_04916,LLAVE2_19,SP,ALIM2_245,SET2_04,160,2,2025
RED SUBTERRANEA,SED2_09162,LLAVE2_09,SP,ALIM2_443,SET2_14,250,2,2025
RED AEREA,SED2_04826,LLAVE2_19,SP,ALIM2_245,SET2_04,250,2,2025
LLAVE,SED2_00307,LLAVE2_19,SP,ALIM2_481,SET2_12,400,2,2025
RED AEREA,SED2_00307,LLAVE2_19,SP,ALIM2_481,SET2_12,400,2,2025
RED AEREA,SED2_07129,LLAVE2_09,SP,ALIM2_241,SET2_35,160,2,2025
RED AEREA,SED2_07129,LLAVE2_15,SP,ALIM2_241,SET2_35,160,2,2025
RED SUBTERRANEA,SED2_02855,LLAVE2_19,SP,ALIM2_224,SET2_45,160,2,2025
RED AEREA,SED2_06025,LLAVE2_09,SP,ALIM2_255,SET2_21,100,2,2025
RED AEREA,SED2_04139,LLAVE2_15,SP,ALIM2_416,SET2_33,160,2,2025
RED AEREA,SED2_09225,LLAVE2_19,SP,ALIM2_267,SET2_23,160,2,2025
LLAVE,SED2_06940,LLAVE2_19,SP,ALIM2_467,SET2_24,100,2,2025
RED AEREA,SED2_04130,LLAVE2_19,SP,ALIM2_008,SET2_35,100,2,2025
RED AEREA,SED2_02113,LLAVE2_09,SP,ALIM2_310,SET2_40,100,2,2025
RED AEREA,SED2_01876,LLAVE2_15,SP,ALIM2_296,SET2_23,160,2,2025
RED AEREA,SED2_04960,LLAVE2_19,SP,ALIM2_161,SET2_04,100,2,2025
RED SUBTERRANEA,SED2_00248,LLAVE2_19,SP,ALIM2_481,SET2_12,160,2,2025
RED SUBTERRANEA,SED2_00248,LLAVE2_09,SP,ALIM2_481,SET2_12,160,2,2025
RED AEREA,SED2_05452,LLAVE2_09,SP,ALIM2_316,SET2_23,160,2,2025
RED AEREA,SED2_01913,LLAVE2_09,SP,ALIM2_024,SET2_40,100,2,2025
RED AEREA,SED2_07710,LLAVE2_15,SP,ALIM2_100,SET2_12,250,2,2025
RED AEREA,SED2_02367,LLAVE2_15,SP,ALIM2_243,SET2_42,100,2,2025
RED AEREA,SED2_00677,LLAVE2_15,SP,ALIM2_100,SET2_12,400,2,2025
RED AEREA,SED2_05884,LLAVE2_15,SP,ALIM2_328,SET2_23,250,2,2025
RED AEREA,SED2_09016,LLAVE2_19,SP,ALIM2_161,SET2_04,160,2,2025
RED AEREA,SED2_09365,LLAVE2_09,SP,ALIM2_410,SET2_23,250,2,2025
RED AEREA,SED2_06781,LLAVE2_19,SP,ALIM2_187,SET2_18,100,2,2025
RED AEREA,SED2_01117,LLAVE2_19,SP,ALIM2_078,SET2_10,100,2,2025
RED SUBTERRANEA,SED2_05428,LLAVE2_09,SP,SIN DATA,SIN DATA,SIN DATA,2,2025
RED SUBTERRANEA,SED2_03696,LLAVE2_21,SP,ALIM2_033,SET2_40,100,2,2025
RED AEREA,SED2_03320,LLAVE2_09,SP,ALIM2_033,SET2_40,100,2,2025
RED AEREA,SED2_00965,LLAVE2_09,SP,ALIM2_033,SET2_40,100,2,2025
RED AEREA,SED2_06727,LLAVE2_09,SP,ALIM2_361,SET2_23,160,2,2025
RED AEREA,SED2_02386,LLAVE2_15,SP,ALIM2_217,SET2_35,100,2,2025
RED AEREA,SED2_03300,LLAVE2_15,SP,ALIM2_481,SET2_12,100,2,2025
RED AEREA,SED2_09773,LLAVE2_09,SP,ALIM2_243,SET2_42,160,2,2025
RED AEREA,SED2_03020,LLAVE2_09,SP,ALIM2_094,SET2_42,50,2,2025
RED AEREA,SED2_00224,LLAVE2_19,SP,ALIM2_094,SET2_42,160,2,2025
RED AEREA,SED2_05521,LLAVE2_19,SP,ALIM2_094,SET2_42,160,2,2025
RED AEREA,SED2_09617,LLAVE2_19,SP,ALIM2_094,SET2_42,100,2,2025
RED AEREA,SED2_05037,LLAVE2_21,SP,ALIM2_012,SET2_13,400,2,2025
RED AEREA,SED2_07337,LLAVE2_09,SP,ALIM2_129,SET2_02,800,2,2025
RED AEREA,SED2_08444,LLAVE2_19,SP,ALIM2_094,SET2_42,160,2,2025
FUSIBLE,SED2_03330,LLAVE2_19,SP,ALIM2_094,SET2_42,400,2,2025
RED AEREA,SED2_07898,LLAVE2_09,SP,ALIM2_094,SET2_42,160,2,2025
RED AEREA,SED2_02720,LLAVE2_09,SP,ALIM2_025,SET2_13,160,2,2025
RED AEREA,SED2_09880,LLAVE2_09,SP,ALIM2_025,SET2_13,100,2,2025
RED AEREA,SED2_01300,LLAVE2_19,SP,ALIM2_092,SET2_13,100,2,2025
RED AEREA,SED2_06184,LLAVE2_19,SP,ALIM2_092,SET2_13,100,2,2025
RED AEREA,SED2_00849,LLAVE2_19,SP,ALIM2_208,SET2_13,160,2,2025
RED AEREA,SED2_00849,LLAVE2_15,SP,ALIM2_208,SET2_13,160,2,2025
RED AEREA,SED2_07463,LLAVE2_15,SP,ALIM2_208,SET2_13,100,2,2025
RED AEREA,SED2_00177,LLAVE2_19,SP,ALIM2_208,SET2_13,100,2,2025
RED AEREA,SED2_01039,LLAVE2_19,SP,ALIM2_019,SET2_40,100,2,2025
RED AEREA,SED2_01494,LLAVE2_19,SP,ALIM2_019,SET2_40,250,2,2025
RED AEREA,SED2_01494,LLAVE2_09,SP,ALIM2_019,SET2_40,250,2,2025
RED AEREA,SED2_05414,LLAVE2_15,SP,ALIM2_481,SET2_12,50,2,2025
RED AEREA,SED2_02265,LLAVE2_09,SP,ALIM2_481,SET2_12,160,2,2025
RED AEREA,SED2_02265,LLAVE2_15,SP,ALIM2_481,SET2_12,160,2,2025
RED AEREA,SED2_01798,LLAVE2_09,SP,ALIM2_481,SET2_12,100,2,2025
RED AEREA,SED2_06696,LLAVE2_09,SP,ALIM2_481,SET2_12,50,2,2025
RED AEREA,SED2_06696,LLAVE2_15,SP,ALIM2_481,SET2_12,50,2,2025
RED AEREA,SED2_06241,LLAVE2_09,SP,ALIM2_324,SET2_13,160,2,2025
RED AEREA,SED2_07865,LLAVE2_09,SP,ALIM2_413,SET2_13,100,2,2025
RED AEREA,SED2_04156,LLAVE2_15,SP,ALIM2_413,SET2_13,250,2,2025
RED SUBTERRANEA,SED2_04887,LLAVE2_09,SP,ALIM2_362,SET2_46,160,2,2025
RED AEREA,SED2_08274,LLAVE2_09,SP,ALIM2_362,SET2_46,100,2,2025
RED AEREA,SED2_02887,LLAVE2_19,SP,ALIM2_170,SET2_25,100,2,2025
RED SUBTERRANEA,SED2_02541,LLAVE2_13,SP,ALIM2_412,SET2_08,630,2,2025
RED AEREA,SED2_03521,LLAVE2_09,SP,ALIM2_325,SET2_23,160,2,2025
RED AEREA,SED2_05108,LLAVE2_09,SP,ALIM2_381,SET2_45,100,2,2025
RED SUBTERRANEA,SED2_04856,LLAVE2_21,SP,ALIM2_362,SET2_46,250,2,2025
RED SUBTERRANEA,SED2_00460,LLAVE2_09,SP,ALIM2_362,SET2_46,250,2,2025
RED SUBTERRANEA,SED2_07915,LLAVE2_19,SP,ALIM2_381,SET2_45,160,2,2025
RED AEREA,SED2_00308,LLAVE2_19,SP,ALIM2_183,SET2_12,100,2,2025
RED AEREA,SED2_09142,LLAVE2_09,SP,ALIM2_077,SET2_40,250,2,2025
FUSIBLE,SED2_07025,LLAVE2_15,SP,ALIM2_123,SET2_38,400,2,2025
RED AEREA,SED2_09211,LLAVE2_19,SP,ALIM2_194,SET2_35,50,2,2025
RED AEREA,SED2_09211,LLAVE2_09,SP,ALIM2_194,SET2_35,50,2,2025
RED SUBTERRANEA,SED2_08434,LLAVE2_09,SP,ALIM2_084,SET2_35,160,2,2025
RED SUBTERRANEA,SED2_00462,LLAVE2_09,SP,ALIM2_453,SET2_43,160,2,2025
RED AEREA,SED2_01743,LLAVE2_15,SP,ALIM2_110,SET2_42,100,2,2025
RED AEREA,SED2_00466,LLAVE2_19,SP,ALIM2_119,SET2_42,160,2,2025
RED AEREA,SED2_07070,LLAVE2_19,SP,ALIM2_243,SET2_42,160,2,2025
RED AEREA,SED2_04091,LLAVE2_09,SP,ALIM2_243,SET2_42,100,2,2025
RED AEREA,SED2_02247,LLAVE2_09,SP,ALIM2_283,SET2_42,100,2,2025
RED AEREA,SED2_07379,LLAVE2_19,SP,ALIM2_110,SET2_42,250,2,2025
RED AEREA,SED2_07014,LLAVE2_19,SP,ALIM2_313,SET2_42,250,2,2025
RED AEREA,SED2_00232,LLAVE2_19,SP,ALIM2_313,SET2_42,160,2,2025
RED AEREA,SED2_08738,LLAVE2_15,SP,ALIM2_313,SET2_42,100,2,2025
RED AEREA,SED2_04152,LLAVE2_09,SP,ALIM2_313,SET2_42,100,2,2025
RED AEREA,SED2_01007,LLAVE2_09,SP,ALIM2_280,SET2_24,100,2,2025
RED AEREA,SED2_08195,LLAVE2_09,SP,ALIM2_269,SET2_24,160,2,2025
RED AEREA,SED2_04989,LLAVE2_19,SP,ALIM2_467,SET2_24,100,2,2025
RED AEREA,SED2_03351,LLAVE2_19,SP,ALIM2_372,SET2_44,100,2,2025
RED AEREA,SED2_03351,LLAVE2_09,SP,ALIM2_372,SET2_44,100,2,2025
RED AEREA,SED2_09259,LLAVE2_19,SP,ALIM2_372,SET2_44,100,2,2025
RED AEREA,SED2_01578,LLAVE2_09,SP,ALIM2_443,SET2_14,160,2,2025
FUSIBLE,SED2_02154,LLAVE2_09,SP,ALIM2_443,SET2_14,25,2,2025
RED AEREA,SED2_02154,LLAVE2_15,SP,ALIM2_443,SET2_14,25,2,2025
RED AEREA,SED2_01306,LLAVE2_09,SP,ALIM2_443,SET2_14,160,2,2025
RED AEREA,SED2_00978,LLAVE2_09,SP,ALIM2_478,SET2_44,250,2,2025
RED AEREA,SED2_00477,LLAVE2_19,SP,ALIM2_478,SET2_44,100,2,2025
RED AEREA,SED2_04577,LLAVE2_09,SP,ALIM2_320,SET2_37,160,2,2025
RED AEREA,SED2_00089,LLAVE2_19,SP,ALIM2_462,SET2_37,100,2,2025
RED AEREA,SED2_03836,LLAVE2_09,SP,ALIM2_056,SET2_37,160,2,2025
RED AEREA,SED2_04953,LLAVE2_19,SP,ALIM2_300,SET2_37,160,2,2025
RED SUBTERRANEA,SED2_04953,LLAVE2_09,SP,ALIM2_300,SET2_37,160,2,2025
RED AEREA,SED2_00118,LLAVE2_19,SP,ALIM2_056,SET2_37,50,2,2025
RED AEREA,SED2_07408,LLAVE2_19,SP,ALIM2_433,SET2_48,50,2,2025
RED AEREA,SED2_00673,LLAVE2_19,SP,ALIM2_162,SET2_37,125,2,2025
RED AEREA,SED2_09101,LLAVE2_15,SP,ALIM2_294,SET2_18,100,2,2025
RED AEREA,SED2_05743,LLAVE2_09,SP,ALIM2_294,SET2_18,50,2,2025
RED AEREA,SED2_05743,LLAVE2_15,SP,ALIM2_294,SET2_18,50,2,2025
RED AEREA,SED2_04325,LLAVE2_09,SP,ALIM2_137,SET2_34,160,2,2025
RED AEREA,SED2_08714,LLAVE2_09,SP,ALIM2_191,SET2_20,100,2,2025
FUSIBLE,SED2_08664,LLAVE2_09,SP,ALIM2_211,SET2_20,160,2,2025
RED AEREA,SED2_08664,LLAVE2_09,SP,ALIM2_211,SET2_20,160,2,2025
RED AEREA,SED2_02678,LLAVE2_09,SP,ALIM2_478,SET2_44,160,2,2025
RED AEREA,SED2_02869,LLAVE2_09,SP,ALIM2_478,SET2_44,100,2,2025
RED AEREA,SED2_05070,LLAVE2_19,SP,ALIM2_478,SET2_44,100,2,2025
RED SUBTERRANEA,SED2_05304,LLAVE2_19,SP,ALIM2_131,SET2_43,100,2,2025
RED SUBTERRANEA,SED2_06715,LLAVE2_19,SP,ALIM2_175,SET2_30,160,2,2025
RED AEREA,SED2_08389,LLAVE2_19,SP,ALIM2_128,SET2_28,40,2,2025
RED AEREA,SED2_01605,LLAVE2_09,SP,ALIM2_128,SET2_28,100,2,2025
RED AEREA,SED2_09426,LLAVE2_19,SP,ALIM2_053,SET2_12,50,2,2025
RED SUBTERRANEA,SED2_01274,LLAVE2_19,SP,ALIM2_070,SET2_16,400,2,2025
RED SUBTERRANEA,SED2_06161,LLAVE2_14,SP,ALIM2_214,SET2_36,250,2,2025
RED SUBTERRANEA,SED2_01542,LLAVE2_19,SP,ALIM2_408,SET2_36,250,2,2025
RED SUBTERRANEA,SED2_01542,LLAVE2_09,SP,ALIM2_408,SET2_36,250,2,2025
RED SUBTERRANEA,SED2_00245,LLAVE2_09,SP,ALIM2_342,SET2_10,100,2,2025
RED SUBTERRANEA,SED2_06536,LLAVE2_09,SP,ALIM2_058,SET2_43,100,2,2025
RED AEREA,SED2_04727,LLAVE2_19,SP,ALIM2_067,SET2_35,100,2,2025
RED AEREA,SED2_06364,LLAVE2_19,AP,ALIM2_161,SET2_04,100,2,2025
RED AEREA,SED2_06364,LLAVE2_09,SP,ALIM2_161,SET2_04,100,2,2025
RED AEREA,SED2_03865,LLAVE2_19,SP,ALIM2_216,SET2_45,160,2,2025
RED AEREA,SED2_00653,LLAVE2_19,SP,ALIM2_194,SET2_35,50,2,2025
RED SUBTERRANEA,SED2_01015,LLAVE2_19,SP,ALIM2_041,SET2_30,250,2,2025
RED SUBTERRANEA,SED2_01015,LLAVE2_21,SP,ALIM2_041,SET2_30,250,2,2025
RED SUBTERRANEA,SED2_09502,LLAVE2_09,SP,ALIM2_455,SET2_08,400,2,2025
RED AEREA,SED2_04416,LLAVE2_15,SP,ALIM2_037,SET2_23,100,2,2025
RED AEREA,SED2_09515,LLAVE2_09,SP,ALIM2_083,SET2_23,160,2,2025
RED AEREA,SED2_07943,LLAVE2_19,SP,ALIM2_316,SET2_23,160,2,2025
RED AEREA,SED2_07333,LLAVE2_19,SP,ALIM2_100,SET2_12,100,2,2025
RED SUBTERRANEA,SED2_00670,LLAVE2_15,SP,ALIM2_135,SET2_43,250,2,2025
RED AEREA,SED2_05313,LLAVE2_09,SP,ALIM2_117,SET2_10,50,2,2025
RED AEREA,SED2_08054,LLAVE2_19,SP,ALIM2_481,SET2_12,100,2,2025
RED AEREA,SED2_08054,LLAVE2_09,SP,ALIM2_481,SET2_12,100,2,2025
RED AEREA,SED2_09394,LLAVE2_19,SP,ALIM2_481,SET2_12,250,2,2025
RED AEREA,SED2_07529,LLAVE2_09,SP,ALIM2_481,SET2_12,100,2,2025
RED AEREA,SED2_04798,LLAVE2_19,SP,ALIM2_481,SET2_12,160,2,2025
RED SUBTERRANEA,SED2_01346,LLAVE2_09,SP,ALIM2_011,SET2_17,50,2,2025
RED AEREA,SED2_07209,LLAVE2_09,SP,ALIM2_132,SET2_12,50,2,2025
RED AEREA,SED2_08853,LLAVE2_15,SP,ALIM2_216,SET2_45,250,2,2025
RED AEREA,SED2_07873,LLAVE2_15,SP,ALIM2_072,SET2_23,100,2,2025
RED AEREA,SED2_04788,LLAVE2_09,SP,ALIM2_072,SET2_23,100,2,2025
RED AEREA,SED2_09682,LLAVE2_15,SP,ALIM2_306,SET2_12,100,2,2025
RED AEREA,SED2_09190,LLAVE2_19,SP,ALIM2_357,SET2_29,100,2,2025
RED AEREA,SED2_03148,LLAVE2_09,SP,ALIM2_252,SET2_22,250,2,2025
RED AEREA,SED2_05154,LLAVE2_09,SP,ALIM2_421,SET2_10,100,2,2025
RED AEREA,SED2_00531,LLAVE2_09,SP,ALIM2_421,SET2_10,100,2,2025
RED AEREA,SED2_05055,LLAVE2_19,SP,ALIM2_421,SET2_10,50,2,2025
RED AEREA,SED2_08251,LLAVE2_19,SP,ALIM2_267,SET2_23,100,2,2025
RED AEREA,SED2_07981,LLAVE2_15,SP,ALIM2_108,SET2_22,250,2,2025
RED SUBTERRANEA,SED2_03475,LLAVE2_21,SP,ALIM2_036,SET2_36,400,2,2025
RED AEREA,SED2_05479,LLAVE2_09,SP,ALIM2_136,SET2_12,100,2,2025
RED SUBTERRANEA,SED2_08599,LLAVE2_15,SP,ALIM2_006,SET2_08,400,2,2025
RED SUBTERRANEA,SED2_08599,LLAVE2_21,SP,ALIM2_006,SET2_08,400,2,2025
RED SUBTERRANEA,SED2_01289,LLAVE2_15,SP,ALIM2_246,SET2_21,250,2,2025
RED AEREA,SED2_00482,LLAVE2_19,SP,ALIM2_341,SET2_35,400,2,2025
RED AEREA,SED2_04462,LLAVE2_19,SP,ALIM2_428,SET2_17,160,2,2025
RED SUBTERRANEA,SED2_01053,LLAVE2_09,SP,ALIM2_476,SET2_02,250,2,2025
RED AEREA,SED2_09518,LLAVE2_19,SP,ALIM2_325,SET2_23,100,2,2025
RED AEREA,SED2_09518,LLAVE2_09,SP,ALIM2_325,SET2_23,100,2,2025
RED AEREA,SED2_04070,LLAVE2_09,SP,ALIM2_071,SET2_18,15,2,2025
RED AEREA,SED2_04656,LLAVE2_09,SP,ALIM2_108,SET2_22,100,2,2025
RED SUBTERRANEA,SED2_00161,LLAVE2_19,SP,ALIM2_108,SET2_22,160,2,2025
RED AEREA,SED2_01629,LLAVE2_15,SP,ALIM2_414,SET2_18,160,2,2025
RED AEREA,SED2_02354,LLAVE2_19,SP,ALIM2_086,SET2_33,400,2,2025
RED SUBTERRANEA,SED2_02354,LLAVE2_09,SP,ALIM2_086,SET2_33,400,2,2025
RED SUBTERRANEA,SED2_06314,LLAVE2_19,SP,ALIM2_196,SET2_38,400,2,2025
RED SUBTERRANEA,SED2_03557,LLAVE2_19,SP,ALIM2_112,SET2_35,250,2,2025
RED AEREA,SED2_00065,LLAVE2_19,AP,ALIM2_313,SET2_42,250,2,2025
RED AEREA,SED2_01137,LLAVE2_19,SP,ALIM2_443,SET2_14,160,2,2025
RED AEREA,SED2_08961,LLAVE2_09,SP,ALIM2_110,SET2_42,50,2,2025
RED AEREA,SED2_09258,LLAVE2_09,SP,ALIM2_243,SET2_42,100,2,2025
RED SUBTERRANEA,SED2_05755,LLAVE2_09,SP,ALIM2_040,SET2_40,250,2,2025
RED AEREA,SED2_05213,LLAVE2_19,SP,ALIM2_040,SET2_40,400,2,2025
RED SUBTERRANEA,SED2_05213,LLAVE2_15,SP,ALIM2_040,SET2_40,400,2,2025
RED SUBTERRANEA,SED2_00582,LLAVE2_19,SP,ALIM2_040,SET2_40,100,2,2025
RED AEREA,SED2_07054,LLAVE2_19,SP,ALIM2_327,SET2_18,100,2,2025
RED AEREA,SED2_06438,LLAVE2_09,SP,ALIM2_048,SET2_29,250,2,2025
RED SUBTERRANEA,SED2_03357,LLAVE2_09,SP,ALIM2_149,SET2_45,100,2,2025
RED SUBTERRANEA,SED2_02851,LLAVE2_21,SP,ALIM2_388,SET2_13,250,2,2025
RED AEREA,SED2_02933,LLAVE2_19,SP,ALIM2_162,SET2_37,160,2,2025
RED SUBTERRANEA,SED2_07636,LLAVE2_19,SP,ALIM2_153,SET2_31,160,2,2025
RED AEREA,SED2_05694,LLAVE2_19,SP,ALIM2_132,SET2_12,160,2,2025
RED AEREA,SED2_07077,LLAVE2_09,SP,ALIM2_368,SET2_31,160,2,2025
RED AEREA,SED2_02770,LLAVE2_15,SP,ALIM2_357,SET2_29,100,2,2025
RED AEREA,SED2_02301,LLAVE2_19,SP,ALIM2_021,SET2_32,100,2,2025
RED AEREA,SED2_06030,LLAVE2_19,SP,ALIM2_134,SET2_16,250,2,2025
RED AEREA,SED2_01618,LLAVE2_19,SP,ALIM2_134,SET2_16,250,2,2025
RED AEREA,SED2_05908,LLAVE2_09,SP,ALIM2_255,SET2_21,100,2,2025
RED AEREA,SED2_04817,LLAVE2_15,SP,ALIM2_037,SET2_23,160,2,2025
RED AEREA,SED2_05412,LLAVE2_19,SP,ALIM2_037,SET2_23,100,2,2025
RED SUBTERRANEA,SED2_08219,LLAVE2_09,SP,ALIM2_177,SET2_08,250,2,2025
RED AEREA,SED2_08278,LLAVE2_19,SP,ALIM2_071,SET2_18,160,2,2025
RED SUBTERRANEA,SED2_01438,LLAVE2_21,SP,ALIM2_355,SET2_30,400,2,2025
RED AEREA,SED2_02861,LLAVE2_09,SP,ALIM2_010,SET2_42,160,2,2025
RED AEREA,SED2_02861,LLAVE2_15,SP,ALIM2_010,SET2_42,160,2,2025
RED SUBTERRANEA,SED2_09902,LLAVE2_15,SP,ALIM2_238,SET2_36,250,2,2025
RED SUBTERRANEA,SED2_01705,LLAVE2_15,SP,ALIM2_256,SET2_38,400,2,2025
RED SUBTERRANEA,SED2_03523,LLAVE2_19,SP,ALIM2_177,SET2_08,160,2,2025
RED SUBTERRANEA,SED2_07813,LLAVE2_19,SP,ALIM2_415,SET2_03,250,2,2025
RED SUBTERRANEA,SED2_09543,LLAVE2_15,SP,ALIM2_064,SET2_01,400,2,2025
RED AEREA,SED2_02737,LLAVE2_19,SP,ALIM2_048,SET2_29,100,2,2025
RED AEREA,SED2_00418,LLAVE2_19,SP,ALIM2_202,SET2_29,160,2,2025
FUSIBLE,SED2_05794,LLAVE2_19,SP,ALIM2_357,SET2_29,160,2,2025
RED AEREA,SED2_09570,LLAVE2_19,SP,ALIM2_120,SET2_29,50,2,2025
RED SUBTERRANEA,SED2_09240,LLAVE2_19,SP,ALIM2_160,SET2_33,100,2,2025
RED SUBTERRANEA,SED2_05281,LLAVE2_20,SP,ALIM2_408,SET2_36,630,2,2025
RED SUBTERRANEA,SED2_05281,LLAVE2_23,SP,ALIM2_408,SET2_36,630,2,2025
RED SUBTERRANEA,SED2_05281,LLAVE2_14,SP,ALIM2_408,SET2_36,630,2,2025
RED SUBTERRANEA,SED2_05281,LLAVE2_02,SP,ALIM2_408,SET2_36,630,2,2025
RED SUBTERRANEA,SED2_00622,LLAVE2_09,SP,ALIM2_463,SET2_36,160,2,2025
RED SUBTERRANEA,SED2_00215,LLAVE2_09,SP,ALIM2_408,SET2_36,250,2,2025
RED SUBTERRANEA,SED2_09912,LLAVE2_19,SP,ALIM2_447,SET2_26,100,2,2025
RED AEREA,SED2_01682,LLAVE2_19,SP,ALIM2_266,SET2_26,10,2,2025
RED AEREA,SED2_01422,LLAVE2_09,SP,ALIM2_404,SET2_22,160,2,2025
RED AEREA,SED2_07739,LLAVE2_15,SP,ALIM2_252,SET2_22,100,2,2025
RED SUBTERRANEA,SED2_05976,LLAVE2_09,SP,ALIM2_355,SET2_30,250,2,2025
RED SUBTERRANEA,SED2_00665,LLAVE2_19,SP,ALIM2_093,SET2_21,160,2,2025
RED AEREA,SED2_00665,LLAVE2_15,SP,ALIM2_093,SET2_21,160,2,2025
RED AEREA,SED2_09651,LLAVE2_19,SP,ALIM2_073,SET2_21,100,2,2025
RED AEREA,SED2_08485,LLAVE2_19,SP,ALIM2_381,SET2_45,10,2,2025
RED AEREA,SED2_03076,LLAVE2_19,SP,ALIM2_313,SET2_42,100,2,2025
RED AEREA,SED2_07535,LLAVE2_19,SP,ALIM2_313,SET2_42,160,2,2025
RED SUBTERRANEA,SED2_00397,LLAVE2_19,SP,ALIM2_382,SET2_13,160,2,2025
RED AEREA,SED2_08171,LLAVE2_19,SP,ALIM2_296,SET2_23,100,2,2025
RED SUBTERRANEA,SED2_08171,LLAVE2_09,SP,ALIM2_296,SET2_23,100,2,2025
RED SUBTERRANEA,SED2_04562,LLAVE2_09,SP,ALIM2_436,SET2_23,100,2,2025
RED SUBTERRANEA,SED2_04957,LLAVE2_09,SP,ALIM2_295,SET2_23,50,2,2025
RED SUBTERRANEA,SED2_04957,LLAVE2_15,SP,ALIM2_295,SET2_23,50,2,2025
RED AEREA,SED2_09486,LLAVE2_19,SP,ALIM2_037,SET2_23,100,2,2025
RED AEREA,SED2_09486,LLAVE2_09,SP,ALIM2_037,SET2_23,100,2,2025
RED AEREA,SED2_08509,LLAVE2_09,SP,ALIM2_410,SET2_23,20,2,2025
RED AEREA,SED2_06925,LLAVE2_19,SP,ALIM2_410,SET2_23,50,2,2025
FUSIBLE,SED2_00794,LLAVE2_21,SP,ALIM2_062,SET2_06,250,2,2025
RED AEREA,SED2_03563,LLAVE2_09,SP,ALIM2_169,SET2_06,400,2,2025
RED SUBTERRANEA,SED2_03770,LLAVE2_13,SP,ALIM2_126,SET2_02,400,2,2025
RED SUBTERRANEA,SED2_05178,LLAVE2_09,SP,ALIM2_155,SET2_02,250,2,2025
,SED2_00528,,,ALIM2_194,SET2_35,250,2,2025
,SED2_08357,,,ALIM2_108,SET2_22,100,2,2025
RED SUBTERRANEA,SED2_06277,LLAVE2_21,SP,ALIM2_035,SET2_09,400,1,2025
RED AEREA,SED2_00805,LLAVE2_19,SP,ALIM2_189,SET2_09,50,1,2025
RED AEREA,SED2_01814,LLAVE2_15,SP,ALIM2_464,SET2_09,250,1,2025
RED SUBTERRANEA,SED2_01814,LLAVE2_15,SP,ALIM2_464,SET2_09,250,1,2025
RED SUBTERRANEA,SED2_09771,LLAVE2_19,SP,ALIM2_182,SET2_09,160,1,2025
RED SUBTERRANEA,SED2_04579,LLAVE2_09,SP,ALIM2_100,SET2_12,160,1,2025
RED AEREA,SED2_04180,LLAVE2_15,SP,ALIM2_053,SET2_12,50,1,2025
RED AEREA,SED2_02423,LLAVE2_19,SP,ALIM2_115,SET2_12,100,1,2025
RED AEREA,SED2_05821,LLAVE2_19,SP,ALIM2_363,SET2_12,25,1,2025
RED AEREA,SED2_09199,LLAVE2_09,SP,ALIM2_363,SET2_12,75,1,2025
RED AEREA,SED2_00302,LLAVE2_09,SP,ALIM2_306,SET2_12,100,1,2025
RED AEREA,SED2_05609,LLAVE2_09,SP,ALIM2_136,SET2_12,160,1,2025
RED AEREA,SED2_04518,LLAVE2_19,SP,ALIM2_136,SET2_12,100,1,2025
LLAVE,SED2_04518,LLAVE2_15,SP,ALIM2_136,SET2_12,100,1,2025
RED AEREA,SED2_04365,LLAVE2_09,SP,ALIM2_363,SET2_12,250,1,2025
RED AEREA,SED2_04032,LLAVE2_15,SP,ALIM2_136,SET2_12,100,1,2025
LLAVE,SED2_03938,LLAVE2_19,SP,ALIM2_132,SET2_12,100,1,2025
RED AEREA,SED2_03938,LLAVE2_19,SP,ALIM2_132,SET2_12,100,1,2025
RED SUBTERRANEA,SED2_03938,LLAVE2_09,SP,ALIM2_132,SET2_12,100,1,2025
RED AEREA,SED2_04753,LLAVE2_09,SP,ALIM2_115,SET2_12,100,1,2025
RED AEREA,SED2_04904,LLAVE2_09,SP,ALIM2_481,SET2_12,100,1,2025
RED AEREA,SED2_04214,LLAVE2_19,SP,ALIM2_132,SET2_12,100,1,2025
RED AEREA,SED2_04214,LLAVE2_09,SP,ALIM2_132,SET2_12,100,1,2025
RED AEREA,SED2_03960,LLAVE2_21,SP,ALIM2_117,SET2_10,630,1,2025
RED AEREA,SED2_01510,LLAVE2_19,SP,ALIM2_117,SET2_10,100,1,2025
RED AEREA,SED2_02244,LLAVE2_09,SP,ALIM2_066,SET2_10,160,1,2025
RED AEREA,SED2_02210,LLAVE2_19,SP,ALIM2_066,SET2_10,100,1,2025
RED AEREA,SED2_05053,LLAVE2_09,SP,ALIM2_066,SET2_10,100,1,2025
RED SUBTERRANEA,SED2_04254,LLAVE2_19,SP,ALIM2_117,SET2_10,50,1,2025
RED AEREA,SED2_07075,LLAVE2_09,SP,ALIM2_078,SET2_10,250,1,2025
LLAVE,SED2_05344,LLAVE2_19,SP,ALIM2_350,SET2_10,160,1,2025
RED SUBTERRANEA,SED2_06843,LLAVE2_09,SP,ALIM2_321,SET2_41,250,1,2025
FUSIBLE,SED2_05788,LLAVE2_21,SP,ALIM2_197,SET2_46,400,1,2025
RED SUBTERRANEA,SED2_05788,LLAVE2_21,SP,ALIM2_197,SET2_46,400,1,2025
RED SUBTERRANEA,SED2_09535,LLAVE2_19,SP,ALIM2_362,SET2_46,160,1,2025
RED SUBTERRANEA,SED2_08190,LLAVE2_19,SP,ALIM2_230,SET2_08,630,1,2025
RED SUBTERRANEA,SED2_08190,LLAVE2_15,SP,ALIM2_230,SET2_08,630,1,2025
RED SUBTERRANEA,SED2_08190,LLAVE2_13,SP,ALIM2_230,SET2_08,630,1,2025
RED AEREA,SED2_09167,LLAVE2_09,SP,ALIM2_194,SET2_35,160,1,2025
RED AEREA,SED2_07810,LLAVE2_09,SP,ALIM2_084,SET2_35,100,1,2025
RED SUBTERRANEA,SED2_02719,LLAVE2_09,SP,ALIM2_326,SET2_35,100,1,2025
RED SUBTERRANEA,SED2_09307,LLAVE2_15,SP,ALIM2_008,SET2_35,160,1,2025
RED AEREA,SED2_08211,LLAVE2_19,AP,ALIM2_167,SET2_35,50,1,2025
RED AEREA,SED2_08632,LLAVE2_19,SP,ALIM2_217,SET2_35,100,1,2025
RED AEREA,SED2_08632,LLAVE2_14,SP,ALIM2_217,SET2_35,100,1,2025
RED SUBTERRANEA,SED2_08412,LLAVE2_19,SP,ALIM2_134,SET2_16,160,1,2025
RED SUBTERRANEA,SED2_03245,LLAVE2_09,SP,ALIM2_070,SET2_16,630,1,2025
FUSIBLE,SED2_00337,LLAVE2_19,SP,ALIM2_460,SET2_16,250,1,2025
RED SUBTERRANEA,SED2_00337,LLAVE2_09,SP,ALIM2_460,SET2_16,250,1,2025
RED SUBTERRANEA,SED2_00337,LLAVE2_21,SP,ALIM2_460,SET2_16,250,1,2025
RED AEREA,SED2_09619,LLAVE2_21,SP,ALIM2_163,SET2_31,630,1,2025
RED SUBTERRANEA,SED2_09619,LLAVE2_21,SP,ALIM2_163,SET2_31,630,1,2025
RED SUBTERRANEA,SED2_09619,LLAVE2_14,SP,ALIM2_163,SET2_31,630,1,2025
FUSIBLE,SED2_01819,LLAVE2_09,SP,ALIM2_193,SET2_31,160,1,2025
RED SUBTERRANEA,SED2_01819,LLAVE2_09,SP,ALIM2_193,SET2_31,160,1,2025
RED SUBTERRANEA,SED2_01819,LLAVE2_15,SP,ALIM2_193,SET2_31,160,1,2025
RED AEREA,SED2_08717,LLAVE2_19,SP,ALIM2_232,SET2_28,100,1,2025
RED AEREA,SED2_06465,LLAVE2_19,SP,ALIM2_245,SET2_04,100,1,2025
RED AEREA,SED2_07232,LLAVE2_19,SP,ALIM2_245,SET2_04,160,1,2025
RED AEREA,SED2_00321,LLAVE2_09,SP,ALIM2_161,SET2_04,100,1,2025
RED SUBTERRANEA,SED2_03629,LLAVE2_09,SP,ALIM2_317,SET2_04,160,1,2025
RED AEREA,SED2_02505,LLAVE2_09,SP,ALIM2_317,SET2_04,100,1,2025
RED SUBTERRANEA,SED2_03188,LLAVE2_09,SP,ALIM2_032,SET2_04,160,1,2025
RED SUBTERRANEA,SED2_03188,LLAVE2_15,SP,ALIM2_032,SET2_04,160,1,2025
RED AEREA,SED2_08519,LLAVE2_19,SP,ALIM2_245,SET2_04,100,1,2025
RED SUBTERRANEA,SED2_08613,LLAVE2_09,SP,ALIM2_131,SET2_43,250,1,2025
RED SUBTERRANEA,SED2_04652,LLAVE2_15,SP,ALIM2_209,SET2_43,160,1,2025
RED AEREA,SED2_00108,LLAVE2_19,SP,ALIM2_453,SET2_43,250,1,2025
RED SUBTERRANEA,SED2_05506,LLAVE2_09,SP,ALIM2_135,SET2_43,160,1,2025
RED AEREA,SED2_05506,LLAVE2_15,SP,ALIM2_135,SET2_43,160,1,2025
RED SUBTERRANEA,SED2_02346,LLAVE2_19,SP,ALIM2_453,SET2_43,250,1,2025
RED AEREA,SED2_02463,LLAVE2_21,SP,ALIM2_253,SET2_46,630,1,2025
RED SUBTERRANEA,SED2_04730,LLAVE2_09,SP,ALIM2_192,SET2_46,400,1,2025
RED SUBTERRANEA,SED2_04730,LLAVE2_14,SP,ALIM2_192,SET2_46,400,1,2025
RED SUBTERRANEA,SED2_01360,LLAVE2_15,SP,ALIM2_038,SET2_46,630,1,2025
RED SUBTERRANEA,SED2_01360,LLAVE2_14,SP,ALIM2_038,SET2_46,630,1,2025
RED SUBTERRANEA,SED2_01360,LLAVE2_13,SP,ALIM2_038,SET2_46,630,1,2025
RED AEREA,SED2_06077,LLAVE2_13,SP,ALIM2_235,SET2_46,630,1,2025
RED SUBTERRANEA,SED2_06077,LLAVE2_13,SP,ALIM2_235,SET2_46,630,1,2025
RED SUBTERRANEA,SED2_06077,LLAVE2_18,SP,ALIM2_235,SET2_46,630,1,2025
RED SUBTERRANEA,SED2_08291,LLAVE2_21,SP,ALIM2_195,SET2_27,630,1,2025
RED SUBTERRANEA,SED2_08291,LLAVE2_13,SP,ALIM2_195,SET2_27,630,1,2025
RED SUBTERRANEA,SED2_03190,LLAVE2_20,SP,ALIM2_406,SET2_46,1430,1,2025
RED AEREA,SED2_03190,LLAVE2_23,SP,ALIM2_406,SET2_46,1430,1,2025
RED SUBTERRANEA,SED2_03190,LLAVE2_19,SP,ALIM2_406,SET2_46,1430,1,2025
RED SUBTERRANEA,SED2_03338,LLAVE2_15,SP,ALIM2_468,SET2_27,630,1,2025
RED SUBTERRANEA,SED2_03338,LLAVE2_18,SP,ALIM2_468,SET2_27,630,1,2025
FUSIBLE,SED2_04324,LLAVE2_12,SP,ALIM2_366,SET2_27,630,1,2025
RED SUBTERRANEA,SED2_09840,LLAVE2_09,SP,ALIM2_302,SET2_27,1030,1,2025
RED SUBTERRANEA,SED2_09840,LLAVE2_18,SP,ALIM2_302,SET2_27,1030,1,2025
RED SUBTERRANEA,SED2_03418,LLAVE2_20,SP,ALIM2_270,SET2_46,1260,1,2025
RED SUBTERRANEA,SED2_03418,LLAVE2_04,SP,ALIM2_270,SET2_46,1260,1,2025
RED SUBTERRANEA,SED2_03418,LLAVE2_05,SP,ALIM2_270,SET2_46,1260,1,2025
RED SUBTERRANEA,SED2_03418,LLAVE2_12,SP,ALIM2_270,SET2_46,1260,1,2025
RED SUBTERRANEA,SED2_08461,LLAVE2_23,SP,ALIM2_285,SET2_46,1260,1,2025
RED SUBTERRANEA,SED2_08461,LLAVE2_17,SP,ALIM2_285,SET2_46,1260,1,2025
RED SUBTERRANEA,SED2_04183,LLAVE2_17,SP,ALIM2_090,SET2_46,630,1,2025
RED SUBTERRANEA,SED2_04183,LLAVE2_14,SP,ALIM2_090,SET2_46,630,1,2025
RED SUBTERRANEA,SED2_08921,LLAVE2_21,SP,ALIM2_047,SET2_31,630,1,2025
FUSIBLE,SED2_08921,LLAVE2_14,SP,ALIM2_047,SET2_31,630,1,2025
RED SUBTERRANEA,SED2_04452,LLAVE2_21,SP,ALIM2_444,SET2_46,1200,1,2025
FUSIBLE,SED2_03983,LLAVE2_08,SP,ALIM2_445,SET2_46,1260,1,2025
RED SUBTERRANEA,SED2_03983,LLAVE2_14,SP,ALIM2_445,SET2_46,1260,1,2025
FUSIBLE,SED2_03983,LLAVE2_02,SP,ALIM2_445,SET2_46,1260,1,2025
RED AEREA,SED2_03983,LLAVE2_02,SP,ALIM2_445,SET2_46,1260,1,2025
RED SUBTERRANEA,SED2_00013,LLAVE2_23,SP,ALIM2_302,SET2_27,800,1,2025
RED AEREA,SED2_00013,LLAVE2_21,SP,ALIM2_302,SET2_27,800,1,2025
RED SUBTERRANEA,SED2_00013,LLAVE2_14,SP,ALIM2_302,SET2_27,800,1,2025
RED SUBTERRANEA,SED2_00013,LLAVE2_18,SP,ALIM2_302,SET2_27,800,1,2025
RED SUBTERRANEA,SED2_00013,LLAVE2_12,SP,ALIM2_302,SET2_27,800,1,2025
RED SUBTERRANEA,SED2_02055,LLAVE2_10,SP,ALIM2_173,SET2_16,630,1,2025
RED SUBTERRANEA,SED2_02055,LLAVE2_09,SP,ALIM2_173,SET2_16,630,1,2025
RED SUBTERRANEA,SED2_05169,LLAVE2_21,SP,ALIM2_455,SET2_08,630,1,2025
RED SUBTERRANEA,SED2_04648,LLAVE2_19,SP,ALIM2_020,SET2_46,1030,1,2025
RED SUBTERRANEA,SED2_04648,LLAVE2_09,SP,ALIM2_020,SET2_46,1030,1,2025
FUSIBLE,SED2_09551,LLAVE2_09,SP,ALIM2_368,SET2_31,630,1,2025
RED SUBTERRANEA,SED2_09551,LLAVE2_15,SP,ALIM2_368,SET2_31,630,1,2025
RED SUBTERRANEA,SED2_09551,LLAVE2_14,SP,ALIM2_368,SET2_31,630,1,2025
RED SUBTERRANEA,SED2_08601,LLAVE2_09,SP,ALIM2_153,SET2_31,630,1,2025
RED SUBTERRANEA,SED2_08601,LLAVE2_18,SP,ALIM2_153,SET2_31,630,1,2025
RED SUBTERRANEA,SED2_01512,LLAVE2_23,SP,ALIM2_153,SET2_31,630,1,2025
RED SUBTERRANEA,SED2_01512,LLAVE2_02,SP,ALIM2_153,SET2_31,630,1,2025
RED AEREA,SED2_04687,LLAVE2_09,SP,ALIM2_153,SET2_31,400,1,2025
RED AEREA,SED2_04687,LLAVE2_14,SP,ALIM2_153,SET2_31,400,1,2025
RED SUBTERRANEA,SED2_04687,LLAVE2_13,SP,ALIM2_153,SET2_31,400,1,2025
RED SUBTERRANEA,SED2_04687,LLAVE2_18,SP,ALIM2_153,SET2_31,400,1,2025
RED SUBTERRANEA,SED2_08383,LLAVE2_15,SP,ALIM2_479,SET2_31,630,1,2025
RED SUBTERRANEA,SED2_00264,LLAVE2_15,SP,ALIM2_193,SET2_31,400,1,2025
RED SUBTERRANEA,SED2_08405,LLAVE2_09,SP,ALIM2_468,SET2_27,400,1,2025
RED SUBTERRANEA,SED2_08405,LLAVE2_15,SP,ALIM2_468,SET2_27,400,1,2025
RED SUBTERRANEA,SED2_08405,LLAVE2_14,SP,ALIM2_468,SET2_27,400,1,2025
FUSIBLE,SED2_06263,LLAVE2_19,SP,ALIM2_192,SET2_46,400,1,2025
FUSIBLE,SED2_06263,LLAVE2_15,SP,ALIM2_192,SET2_46,400,1,2025
RED SUBTERRANEA,SED2_06660,LLAVE2_21,SP,ALIM2_195,SET2_27,630,1,2025
RED SUBTERRANEA,SED2_06660,LLAVE2_14,SP,ALIM2_195,SET2_27,630,1,2025
RED SUBTERRANEA,SED2_06660,LLAVE2_13,SP,ALIM2_195,SET2_27,630,1,2025
RED SUBTERRANEA,SED2_04186,LLAVE2_15,SP,ALIM2_302,SET2_27,1400,1,2025
RED AEREA,SED2_06304,LLAVE2_09,SP,ALIM2_443,SET2_14,160,1,2025
RED SUBTERRANEA,SED2_01942,LLAVE2_13,SP,ALIM2_006,SET2_08,800,1,2025
RED SUBTERRANEA,SED2_03273,LLAVE2_14,SP,ALIM2_302,SET2_27,980,1,2025
FUSIBLE,SED2_04549,LLAVE2_12,SP,ALIM2_177,SET2_08,630,1,2025
FUSIBLE,SED2_04133,LLAVE2_23,SP,ALIM2_315,SET2_08,800,1,2025
RED SUBTERRANEA,SED2_04133,LLAVE2_15,SP,ALIM2_315,SET2_08,800,1,2025
RED SUBTERRANEA,SED2_04133,LLAVE2_14,SP,ALIM2_315,SET2_08,800,1,2025
RED SUBTERRANEA,SED2_05832,LLAVE2_18,SP,ALIM2_064,SET2_01,630,1,2025
RED SUBTERRANEA,SED2_08158,LLAVE2_09,SP,ALIM2_383,SET2_08,630,1,2025
FUSIBLE,SED2_08158,LLAVE2_13,SP,ALIM2_383,SET2_08,630,1,2025
RED SUBTERRANEA,SED2_08332,LLAVE2_19,SP,ALIM2_272,SET2_08,630,1,2025
RED SUBTERRANEA,SED2_08332,LLAVE2_02,SP,ALIM2_272,SET2_08,630,1,2025
RED SUBTERRANEA,SED2_00682,LLAVE2_15,SP,ALIM2_266,SET2_26,250,1,2025
RED SUBTERRANEA,SED2_02221,LLAVE2_18,SP,ALIM2_006,SET2_08,1030,1,2025
RED SUBTERRANEA,SED2_02221,LLAVE2_12,SP,ALIM2_006,SET2_08,1030,1,2025
RED AEREA,SED2_00821,LLAVE2_09,SP,ALIM2_388,SET2_13,250,1,2025
RED AEREA,SED2_00821,LLAVE2_15,SP,ALIM2_388,SET2_13,250,1,2025
RED SUBTERRANEA,SED2_00821,LLAVE2_15,SP,ALIM2_388,SET2_13,250,1,2025
RED SUBTERRANEA,SED2_09510,LLAVE2_19,SP,ALIM2_018,SET2_13,630,1,2025
RED SUBTERRANEA,SED2_09510,LLAVE2_09,SP,ALIM2_018,SET2_13,630,1,2025
RED SUBTERRANEA,SED2_01894,LLAVE2_21,SP,ALIM2_025,SET2_13,630,1,2025
RED SUBTERRANEA,SED2_04500,LLAVE2_18,SP,ALIM2_382,SET2_13,400,1,2025
RED SUBTERRANEA,SED2_09520,LLAVE2_13,SP,ALIM2_382,SET2_13,630,1,2025
RED SUBTERRANEA,SED2_01175,LLAVE2_09,SP,ALIM2_413,SET2_13,160,1,2025
RED SUBTERRANEA,SED2_05081,LLAVE2_15,SP,ALIM2_324,SET2_13,320,1,2025
RED SUBTERRANEA,SED2_05081,LLAVE2_14,SP,ALIM2_324,SET2_13,320,1,2025
RED SUBTERRANEA,SED2_01130,LLAVE2_14,SP,ALIM2_413,SET2_13,400,1,2025
RED SUBTERRANEA,SED2_04413,LLAVE2_06,SP,ALIM2_455,SET2_08,1100,1,2025
FUSIBLE,SED2_04413,LLAVE2_05,SP,ALIM2_455,SET2_08,1100,1,2025
RED AEREA,SED2_04413,LLAVE2_01,SP,ALIM2_455,SET2_08,1100,1,2025
RED SUBTERRANEA,SED2_04413,LLAVE2_01,SP,ALIM2_455,SET2_08,1100,1,2025
RED SUBTERRANEA,SED2_03574,LLAVE2_13,SP,ALIM2_222,SET2_16,250,1,2025
FUSIBLE,SED2_08771,LLAVE2_15,SP,ALIM2_173,SET2_16,350,1,2025
RED SUBTERRANEA,SED2_04567,LLAVE2_21,SP,ALIM2_070,SET2_16,630,1,2025
RED SUBTERRANEA,SED2_04567,LLAVE2_14,SP,ALIM2_070,SET2_16,630,1,2025
RED SUBTERRANEA,SED2_04567,LLAVE2_02,SP,ALIM2_070,SET2_16,630,1,2025
RED SUBTERRANEA,SED2_07679,LLAVE2_23,SP,ALIM2_087,SET2_46,630,1,2025
RED SUBTERRANEA,SED2_07679,LLAVE2_09,SP,ALIM2_087,SET2_46,630,1,2025
RED SUBTERRANEA,SED2_07679,LLAVE2_15,SP,ALIM2_087,SET2_46,630,1,2025
RED SUBTERRANEA,SED2_07679,LLAVE2_14,SP,ALIM2_087,SET2_46,630,1,2025
RED SUBTERRANEA,SED2_02614,LLAVE2_19,SP,ALIM2_397,SET2_08,630,1,2025
RED SUBTERRANEA,SED2_02614,LLAVE2_15,SP,ALIM2_397,SET2_08,630,1,2025
RED SUBTERRANEA,SED2_02614,LLAVE2_14,SP,ALIM2_397,SET2_08,630,1,2025
RED SUBTERRANEA,SED2_02614,LLAVE2_13,SP,ALIM2_397,SET2_08,630,1,2025
RED SUBTERRANEA,SED2_02787,LLAVE2_09,SP,ALIM2_323,SET2_40,150,1,2025
FUSIBLE,SED2_02148,LLAVE2_02,SP,ALIM2_238,SET2_36,250,1,2025
RED SUBTERRANEA,SED2_02148,LLAVE2_02,SP,ALIM2_238,SET2_36,250,1,2025
FUSIBLE,SED2_07650,LLAVE2_20,SP,ALIM2_070,SET2_16,630,1,2025
RED SUBTERRANEA,SED2_07650,LLAVE2_13,SP,ALIM2_070,SET2_16,630,1,2025
RED SUBTERRANEA,SED2_07650,LLAVE2_12,SP,ALIM2_070,SET2_16,630,1,2025
RED SUBTERRANEA,SED2_01793,LLAVE2_19,SP,ALIM2_260,SET2_13,630,1,2025
RED SUBTERRANEA,SED2_01793,LLAVE2_13,SP,ALIM2_260,SET2_13,630,1,2025
RED SUBTERRANEA,SED2_02773,LLAVE2_20,SP,ALIM2_250,SET2_27,800,1,2025
LLAVE,SED2_02773,LLAVE2_23,SP,ALIM2_250,SET2_27,800,1,2025
RED SUBTERRANEA,SED2_02773,LLAVE2_04,SP,ALIM2_250,SET2_27,800,1,2025
RED SUBTERRANEA,SED2_02773,LLAVE2_15,SP,ALIM2_250,SET2_27,800,1,2025
RED SUBTERRANEA,SED2_02773,LLAVE2_02,SP,ALIM2_250,SET2_27,800,1,2025
RED AEREA,SED2_02773,LLAVE2_12,SP,ALIM2_250,SET2_27,800,1,2025
RED SUBTERRANEA,SED2_09315,LLAVE2_19,SP,ALIM2_315,SET2_08,350,1,2025
RED SUBTERRANEA,SED2_09315,LLAVE2_15,SP,ALIM2_315,SET2_08,350,1,2025
RED SUBTERRANEA,SED2_08976,LLAVE2_04,SP,ALIM2_430,SET2_08,1260,1,2025
RED SUBTERRANEA,SED2_08976,LLAVE2_09,SP,ALIM2_430,SET2_08,1260,1,2025
RED SUBTERRANEA,SED2_03513,LLAVE2_04,SP,ALIM2_352,SET2_27,630,1,2025
RED SUBTERRANEA,SED2_03513,LLAVE2_09,SP,ALIM2_352,SET2_27,630,1,2025
RED SUBTERRANEA,SED2_03513,LLAVE2_02,SP,ALIM2_352,SET2_27,630,1,2025
RED SUBTERRANEA,SED2_03513,LLAVE2_12,SP,ALIM2_352,SET2_27,630,1,2025
FUSIBLE,SED2_03565,LLAVE2_15,SP,ALIM2_439,SET2_08,630,1,2025
RED AEREA,SED2_03565,LLAVE2_21,SP,ALIM2_439,SET2_08,630,1,2025
RED SUBTERRANEA,SED2_03565,LLAVE2_18,SP,ALIM2_439,SET2_08,630,1,2025
RED SUBTERRANEA,SED2_03603,LLAVE2_20,SP,ALIM2_177,SET2_08,1180,1,2025
RED SUBTERRANEA,SED2_03603,LLAVE2_21,SP,ALIM2_177,SET2_08,1180,1,2025
RED SUBTERRANEA,SED2_03603,LLAVE2_14,SP,ALIM2_177,SET2_08,1180,1,2025
RED SUBTERRANEA,SED2_03603,LLAVE2_13,SP,ALIM2_177,SET2_08,1180,1,2025
RED SUBTERRANEA,SED2_07917,LLAVE2_09,SP,ALIM2_332,SET2_08,400,1,2025
RED SUBTERRANEA,SED2_07917,LLAVE2_21,SP,ALIM2_332,SET2_08,400,1,2025
RED SUBTERRANEA,SED2_07917,LLAVE2_14,SP,ALIM2_332,SET2_08,400,1,2025
RED SUBTERRANEA,SED2_06179,LLAVE2_19,SP,ALIM2_111,SET2_36,400,1,2025
RED AEREA,SED2_03126,LLAVE2_19,SP,ALIM2_003,SET2_26,400,1,2025
FUSIBLE,SED2_05554,LLAVE2_15,SP,SIN DATA,SIN DATA,SIN DATA,1,2025
FUSIBLE,SED2_05554,LLAVE2_21,SP,ALIM2_197,SET2_46,800,1,2025
LLAVE,SED2_05554,LLAVE2_21,SP,ALIM2_197,SET2_46,800,1,2025
FUSIBLE,SED2_05554,LLAVE2_14,SP,ALIM2_197,SET2_46,800,1,2025
LLAVE,SED2_05554,LLAVE2_18,SP,ALIM2_197,SET2_46,800,1,2025
RED SUBTERRANEA,SED2_02853,LLAVE2_15,SP,ALIM2_197,SET2_46,630,1,2025
RED SUBTERRANEA,SED2_05872,LLAVE2_23,SP,ALIM2_186,SET2_08,800,1,2025
RED SUBTERRANEA,SED2_05872,LLAVE2_14,SP,ALIM2_186,SET2_08,800,1,2025
RED SUBTERRANEA,SED2_01573,LLAVE2_19,SP,ALIM2_186,SET2_08,1030,1,2025
RED SUBTERRANEA,SED2_01573,LLAVE2_15,SP,ALIM2_186,SET2_08,1030,1,2025
RED SUBTERRANEA,SED2_01573,LLAVE2_13,SP,ALIM2_186,SET2_08,1030,1,2025
LLAVE,SED2_01573,LLAVE2_02,SP,ALIM2_186,SET2_08,1030,1,2025
RED SUBTERRANEA,SED2_09286,LLAVE2_04,SP,ALIM2_445,SET2_46,1260,1,2025
RED SUBTERRANEA,SED2_09286,LLAVE2_21,SP,ALIM2_445,SET2_46,1260,1,2025
RED AEREA,SED2_05754,LLAVE2_12,SP,ALIM2_163,SET2_31,630,1,2025
RED SUBTERRANEA,SED2_08184,LLAVE2_21,SP,ALIM2_206,SET2_46,1260,1,2025
RED SUBTERRANEA,SED2_08184,LLAVE2_18,SP,ALIM2_206,SET2_46,1260,1,2025
LLAVE,SED2_08184,LLAVE2_02,SP,ALIM2_206,SET2_46,1260,1,2025
FUSIBLE,SED2_08184,LLAVE2_12,SP,ALIM2_206,SET2_46,1260,1,2025
RED SUBTERRANEA,SED2_03622,LLAVE2_15,SP,ALIM2_412,SET2_08,700,1,2025
RED SUBTERRANEA,SED2_03622,LLAVE2_13,SP,ALIM2_412,SET2_08,700,1,2025
RED SUBTERRANEA,SED2_02029,LLAVE2_21,SP,ALIM2_173,SET2_16,630,1,2025
RED AEREA,SED2_02029,LLAVE2_14,SP,ALIM2_173,SET2_16,630,1,2025
RED SUBTERRANEA,SED2_02029,LLAVE2_02,SP,ALIM2_173,SET2_16,630,1,2025
RED SUBTERRANEA,SED2_01597,LLAVE2_13,SP,ALIM2_250,SET2_27,630,1,2025
RED SUBTERRANEA,SED2_09636,LLAVE2_09,SP,ALIM2_302,SET2_27,630,1,2025
RED SUBTERRANEA,SED2_09636,LLAVE2_15,SP,ALIM2_302,SET2_27,630,1,2025
RED SUBTERRANEA,SED2_09636,LLAVE2_21,SP,ALIM2_302,SET2_27,630,1,2025
RED SUBTERRANEA,SED2_09636,LLAVE2_18,SP,ALIM2_302,SET2_27,630,1,2025
RED SUBTERRANEA,SED2_09067,LLAVE2_21,SP,ALIM2_302,SET2_27,630,1,2025
RED SUBTERRANEA,SED2_00267,LLAVE2_15,SP,ALIM2_332,SET2_08,630,1,2025
RED AEREA,SED2_00267,LLAVE2_21,SP,ALIM2_332,SET2_08,630,1,2025
RED SUBTERRANEA,SED2_00267,LLAVE2_13,SP,ALIM2_332,SET2_08,630,1,2025
RED AEREA,SED2_01727,LLAVE2_19,SP,ALIM2_412,SET2_08,630,1,2025
RED SUBTERRANEA,SED2_01727,LLAVE2_19,SP,ALIM2_412,SET2_08,630,1,2025
RED SUBTERRANEA,SED2_04555,LLAVE2_09,SP,ALIM2_383,SET2_08,600,1,2025
RED SUBTERRANEA,SED2_05265,LLAVE2_15,SP,ALIM2_190,SET2_15,630,1,2025
RED SUBTERRANEA,SED2_09716,LLAVE2_09,SP,ALIM2_238,SET2_36,400,1,2025
RED SUBTERRANEA,SED2_07387,LLAVE2_15,SP,ALIM2_070,SET2_16,630,1,2025
RED SUBTERRANEA,SED2_07387,LLAVE2_14,SP,ALIM2_070,SET2_16,630,1,2025
RED SUBTERRANEA,SED2_07500,LLAVE2_02,SP,ALIM2_230,SET2_08,630,1,2025
RED SUBTERRANEA,SED2_03225,LLAVE2_04,SP,ALIM2_092,SET2_13,630,1,2025
RED SUBTERRANEA,SED2_01832,LLAVE2_15,SP,ALIM2_424,SET2_36,630,1,2025
RED SUBTERRANEA,SED2_06415,LLAVE2_14,SP,ALIM2_087,SET2_46,1260,1,2025
RED SUBTERRANEA,SED2_06415,LLAVE2_18,SP,ALIM2_087,SET2_46,1260,1,2025
RED SUBTERRANEA,SED2_03239,LLAVE2_09,SP,ALIM2_222,SET2_16,630,1,2025
RED SUBTERRANEA,SED2_03239,LLAVE2_21,SP,ALIM2_222,SET2_16,630,1,2025
RED SUBTERRANEA,SED2_03239,LLAVE2_13,SP,ALIM2_222,SET2_16,630,1,2025
RED SUBTERRANEA,SED2_02985,LLAVE2_09,SP,ALIM2_087,SET2_46,630,1,2025
RED SUBTERRANEA,SED2_02985,LLAVE2_14,SP,ALIM2_087,SET2_46,630,1,2025
RED SUBTERRANEA,SED2_05843,LLAVE2_16,SP,ALIM2_285,SET2_46,1260,1,2025
RED SUBTERRANEA,SED2_05843,LLAVE2_18,SP,ALIM2_285,SET2_46,1260,1,2025
RED SUBTERRANEA,SED2_05843,LLAVE2_02,SP,ALIM2_285,SET2_46,1260,1,2025
RED SUBTERRANEA,SED2_07053,LLAVE2_06,SP,ALIM2_020,SET2_46,1730,1,2025
RED SUBTERRANEA,SED2_07053,LLAVE2_19,SP,ALIM2_020,SET2_46,1730,1,2025
RED SUBTERRANEA,SED2_07053,LLAVE2_21,SP,ALIM2_020,SET2_46,1730,1,2025
FUSIBLE,SED2_09829,LLAVE2_21,SP,ALIM2_332,SET2_08,630,1,2025
RED SUBTERRANEA,SED2_09829,LLAVE2_13,SP,ALIM2_332,SET2_08,630,1,2025
RED SUBTERRANEA,SED2_07740,LLAVE2_15,SP,ALIM2_365,SET2_46,630,1,2025
RED SUBTERRANEA,SED2_07740,LLAVE2_21,SP,ALIM2_365,SET2_46,630,1,2025
FUSIBLE,SED2_07740,LLAVE2_14,SP,ALIM2_365,SET2_46,630,1,2025
RED SUBTERRANEA,SED2_07740,LLAVE2_14,SP,ALIM2_365,SET2_46,630,1,2025
FUSIBLE,SED2_07740,LLAVE2_18,SP,ALIM2_365,SET2_46,630,1,2025
RED SUBTERRANEA,SED2_07740,LLAVE2_02,SP,ALIM2_365,SET2_46,630,1,2025
RED AEREA,SED2_01416,LLAVE2_19,SP,ALIM2_254,SET2_31,630,1,2025
RED SUBTERRANEA,SED2_01416,LLAVE2_09,SP,ALIM2_254,SET2_31,630,1,2025
FUSIBLE,SED2_00994,LLAVE2_06,SP,ALIM2_270,SET2_46,1260,1,2025
RED SUBTERRANEA,SED2_00994,LLAVE2_06,SP,ALIM2_270,SET2_46,1260,1,2025
FUSIBLE,SED2_00994,LLAVE2_09,SP,ALIM2_270,SET2_46,1260,1,2025
RED SUBTERRANEA,SED2_00994,LLAVE2_21,SP,ALIM2_270,SET2_46,1260,1,2025
RED SUBTERRANEA,SED2_00994,LLAVE2_18,SP,ALIM2_270,SET2_46,1260,1,2025
FUSIBLE,SED2_03502,LLAVE2_09,SP,ALIM2_240,SET2_46,400,1,2025
RED SUBTERRANEA,SED2_03502,LLAVE2_21,SP,ALIM2_240,SET2_46,400,1,2025
FUSIBLE,SED2_03502,LLAVE2_14,SP,ALIM2_240,SET2_46,400,1,2025
RED SUBTERRANEA,SED2_02730,LLAVE2_15,SP,ALIM2_250,SET2_27,400,1,2025
RED SUBTERRANEA,SED2_02730,LLAVE2_02,SP,ALIM2_250,SET2_27,400,1,2025
RED SUBTERRANEA,SED2_02730,LLAVE2_12,SP,ALIM2_250,SET2_27,400,1,2025
RED SUBTERRANEA,SED2_04712,LLAVE2_02,SP,ALIM2_143,SET2_08,630,1,2025
RED AEREA,SED2_04116,LLAVE2_15,SP,ALIM2_199,SET2_36,250,1,2025
RED SUBTERRANEA,SED2_05646,LLAVE2_20,SP,ALIM2_365,SET2_46,1260,1,2025
RED SUBTERRANEA,SED2_05646,LLAVE2_09,SP,ALIM2_365,SET2_46,1260,1,2025
RED SUBTERRANEA,SED2_05646,LLAVE2_12,SP,ALIM2_365,SET2_46,1260,1,2025
RED SUBTERRANEA,SED2_08595,LLAVE2_20,SP,ALIM2_250,SET2_27,800,1,2025
RED SUBTERRANEA,SED2_08595,LLAVE2_15,SP,ALIM2_250,SET2_27,800,1,2025
RED SUBTERRANEA,SED2_08595,LLAVE2_21,SP,ALIM2_250,SET2_27,800,1,2025
RED SUBTERRANEA,SED2_08595,LLAVE2_14,SP,ALIM2_250,SET2_27,800,1,2025
RED SUBTERRANEA,SED2_08595,LLAVE2_13,SP,ALIM2_250,SET2_27,800,1,2025
RED SUBTERRANEA,SED2_08595,LLAVE2_18,SP,ALIM2_250,SET2_27,800,1,2025
RED SUBTERRANEA,SED2_02144,LLAVE2_19,SP,ALIM2_417,SET2_36,630,1,2025
FUSIBLE,SED2_02144,LLAVE2_09,SP,ALIM2_417,SET2_36,630,1,2025
RED AEREA,SED2_02144,LLAVE2_09,SP,ALIM2_417,SET2_36,630,1,2025
RED SUBTERRANEA,SED2_02144,LLAVE2_14,SP,ALIM2_417,SET2_36,630,1,2025
RED AEREA,SED2_02144,LLAVE2_13,SP,ALIM2_417,SET2_36,630,1,2025
FUSIBLE,SED2_02144,LLAVE2_18,SP,ALIM2_417,SET2_36,630,1,2025
RED SUBTERRANEA,SED2_02144,LLAVE2_18,SP,ALIM2_417,SET2_36,630,1,2025
LLAVE,SED2_00885,LLAVE2_19,SP,ALIM2_153,SET2_31,630,1,2025
RED SUBTERRANEA,SED2_00885,LLAVE2_19,SP,ALIM2_153,SET2_31,630,1,2025
RED AEREA,SED2_00885,LLAVE2_09,SP,ALIM2_153,SET2_31,630,1,2025
RED AEREA,SED2_00885,LLAVE2_12,SP,ALIM2_153,SET2_31,630,1,2025
RED SUBTERRANEA,SED2_00749,LLAVE2_21,SP,ALIM2_289,SET2_16,400,1,2025
RED SUBTERRANEA,SED2_01121,LLAVE2_09,SP,ALIM2_156,SET2_15,400,1,2025
RED SUBTERRANEA,SED2_06032,LLAVE2_15,SP,ALIM2_156,SET2_15,400,1,2025
RED SUBTERRANEA,SED2_03534,LLAVE2_19,SP,ALIM2_154,SET2_15,200,1,2025
RED SUBTERRANEA,SED2_03534,LLAVE2_09,SP,ALIM2_154,SET2_15,200,1,2025
RED SUBTERRANEA,SED2_08232,LLAVE2_09,SP,ALIM2_451,SET2_27,400,1,2025
RED SUBTERRANEA,SED2_07598,LLAVE2_09,SP,ALIM2_143,SET2_08,630,1,2025
RED SUBTERRANEA,SED2_07195,LLAVE2_15,SP,ALIM2_366,SET2_27,800,1,2025
RED SUBTERRANEA,SED2_06926,LLAVE2_21,SP,ALIM2_331,SET2_38,400,1,2025
RED SUBTERRANEA,SED2_01219,LLAVE2_18,SP,ALIM2_075,SET2_36,630,1,2025
RED SUBTERRANEA,SED2_01664,LLAVE2_09,SP,ALIM2_366,SET2_27,630,1,2025
FUSIBLE,SED2_01664,LLAVE2_21,SP,ALIM2_366,SET2_27,630,1,2025
RED AEREA,SED2_01664,LLAVE2_21,SP,ALIM2_366,SET2_27,630,1,2025
RED SUBTERRANEA,SED2_01664,LLAVE2_21,SP,ALIM2_366,SET2_27,630,1,2025
RED SUBTERRANEA,SED2_01626,LLAVE2_19,SP,ALIM2_228,SET2_46,630,1,2025
RED SUBTERRANEA,SED2_01626,LLAVE2_09,SP,ALIM2_228,SET2_46,630,1,2025
FUSIBLE,SED2_05159,LLAVE2_21,SP,ALIM2_430,SET2_08,800,1,2025
RED SUBTERRANEA,SED2_05159,LLAVE2_14,SP,ALIM2_430,SET2_08,800,1,2025
RED SUBTERRANEA,SED2_05159,LLAVE2_13,SP,ALIM2_430,SET2_08,800,1,2025
RED SUBTERRANEA,SED2_05159,LLAVE2_12,SP,ALIM2_430,SET2_08,800,1,2025
RED SUBTERRANEA,SED2_03486,LLAVE2_18,SP,ALIM2_193,SET2_31,400,1,2025
RED AEREA,SED2_03486,LLAVE2_02,SP,ALIM2_193,SET2_31,400,1,2025
RED SUBTERRANEA,SED2_03486,LLAVE2_02,SP,ALIM2_193,SET2_31,400,1,2025
RED SUBTERRANEA,SED2_05955,LLAVE2_14,SP,ALIM2_040,SET2_40,400,1,2025
FUSIBLE,SED2_01267,LLAVE2_04,SP,ALIM2_439,SET2_08,1040,1,2025
RED SUBTERRANEA,SED2_01267,LLAVE2_04,SP,ALIM2_439,SET2_08,1040,1,2025
RED SUBTERRANEA,SED2_01267,LLAVE2_14,SP,ALIM2_439,SET2_08,1040,1,2025
FUSIBLE,SED2_01267,LLAVE2_12,SP,ALIM2_439,SET2_08,1040,1,2025
RED SUBTERRANEA,SED2_05731,LLAVE2_18,SP,ALIM2_429,SET2_16,630,1,2025
RED SUBTERRANEA,SED2_02841,LLAVE2_09,SP,ALIM2_087,SET2_46,220,1,2025
RED SUBTERRANEA,SED2_08690,LLAVE2_21,SP,ALIM2_395,SET2_38,400,1,2025
RED SUBTERRANEA,SED2_04939,LLAVE2_21,SP,ALIM2_240,SET2_46,630,1,2025
RED SUBTERRANEA,SED2_04939,LLAVE2_13,SP,ALIM2_240,SET2_46,630,1,2025
RED SUBTERRANEA,SED2_04939,LLAVE2_18,SP,ALIM2_240,SET2_46,630,1,2025
RED SUBTERRANEA,SED2_02811,LLAVE2_19,SP,ALIM2_312,SET2_09,400,1,2025
RED SUBTERRANEA,SED2_01435,LLAVE2_19,SP,ALIM2_006,SET2_08,400,1,2025
RED SUBTERRANEA,SED2_01435,LLAVE2_15,SP,ALIM2_006,SET2_08,400,1,2025
RED SUBTERRANEA,SED2_01640,LLAVE2_21,SP,ALIM2_181,SET2_40,630,1,2025
RED SUBTERRANEA,SED2_01640,LLAVE2_13,SP,ALIM2_181,SET2_40,630,1,2025
FUSIBLE,SED2_04864,LLAVE2_15,SP,ALIM2_322,SET2_13,400,1,2025
RED SUBTERRANEA,SED2_04864,LLAVE2_21,SP,ALIM2_322,SET2_13,400,1,2025
RED SUBTERRANEA,SED2_06201,LLAVE2_09,SP,ALIM2_047,SET2_31,800,1,2025
RED SUBTERRANEA,SED2_06201,LLAVE2_21,SP,ALIM2_047,SET2_31,800,1,2025
RED SUBTERRANEA,SED2_06201,LLAVE2_14,SP,ALIM2_047,SET2_31,800,1,2025
RED SUBTERRANEA,SED2_06201,LLAVE2_13,SP,ALIM2_047,SET2_31,800,1,2025
RED SUBTERRANEA,SED2_05418,LLAVE2_19,SP,ALIM2_003,SET2_26,400,1,2025
RED SUBTERRANEA,SED2_00382,LLAVE2_09,SP,ALIM2_120,SET2_29,100,1,2025
RED AEREA,SED2_09190,LLAVE2_09,SP,ALIM2_357,SET2_29,100,1,2025
RED SUBTERRANEA,SED2_08941,LLAVE2_02,SP,ALIM2_059,SET2_46,350,1,2025
RED SUBTERRANEA,SED2_09430,LLAVE2_09,SP,ALIM2_212,SET2_36,630,1,2025
RED SUBTERRANEA,SED2_09430,LLAVE2_21,SP,ALIM2_212,SET2_36,630,1,2025
RED SUBTERRANEA,SED2_09430,LLAVE2_14,SP,ALIM2_212,SET2_36,630,1,2025
RED SUBTERRANEA,SED2_04715,LLAVE2_09,SP,ALIM2_434,SET2_36,550,1,2025
RED SUBTERRANEA,SED2_06806,LLAVE2_09,SP,ALIM2_147,SET2_46,630,1,2025
RED SUBTERRANEA,SED2_06806,LLAVE2_02,SP,ALIM2_147,SET2_46,630,1,2025
RED AEREA,SED2_03841,LLAVE2_20,SP,ALIM2_272,SET2_08,630,1,2025
RED SUBTERRANEA,SED2_03841,LLAVE2_09,SP,ALIM2_272,SET2_08,630,1,2025
RED AEREA,SED2_03841,LLAVE2_14,SP,ALIM2_272,SET2_08,630,1,2025
RED SUBTERRANEA,SED2_03841,LLAVE2_12,SP,ALIM2_272,SET2_08,630,1,2025
RED SUBTERRANEA,SED2_08125,LLAVE2_15,SP,ALIM2_319,SET2_36,800,1,2025
RED AEREA,SED2_08783,LLAVE2_21,SP,ALIM2_368,SET2_31,400,1,2025
RED SUBTERRANEA,SED2_08783,LLAVE2_18,SP,ALIM2_368,SET2_31,400,1,2025
RED SUBTERRANEA,SED2_02520,LLAVE2_09,SP,ALIM2_164,SET2_16,400,1,2025
RED SUBTERRANEA,SED2_00521,LLAVE2_18,SP,ALIM2_077,SET2_40,800,1,2025
RED SUBTERRANEA,SED2_00521,LLAVE2_12,SP,ALIM2_077,SET2_40,800,1,2025
RED SUBTERRANEA,SED2_04092,LLAVE2_09,SP,ALIM2_075,SET2_36,630,1,2025
RED SUBTERRANEA,SED2_04092,LLAVE2_14,SP,ALIM2_075,SET2_36,630,1,2025
FUSIBLE,SED2_04092,LLAVE2_13,SP,ALIM2_075,SET2_36,630,1,2025
RED SUBTERRANEA,SED2_04092,LLAVE2_13,SP,ALIM2_075,SET2_36,630,1,2025
RED SUBTERRANEA,SED2_05497,LLAVE2_13,SP,ALIM2_087,SET2_46,800,1,2025
RED SUBTERRANEA,SED2_00564,LLAVE2_21,SP,ALIM2_430,SET2_08,630,1,2025
RED SUBTERRANEA,SED2_00564,LLAVE2_14,SP,ALIM2_430,SET2_08,630,1,2025
RED SUBTERRANEA,SED2_00564,LLAVE2_13,SP,ALIM2_430,SET2_08,630,1,2025
RED SUBTERRANEA,SED2_03360,LLAVE2_04,SP,ALIM2_197,SET2_46,1260,1,2025
RED SUBTERRANEA,SED2_02624,LLAVE2_14,SP,ALIM2_020,SET2_46,1430,1,2025
RED SUBTERRANEA,SED2_02624,LLAVE2_18,SP,ALIM2_020,SET2_46,1430,1,2025
RED SUBTERRANEA,SED2_02549,LLAVE2_15,SP,ALIM2_023,SET2_16,400,1,2025
RED SUBTERRANEA,SED2_02549,LLAVE2_14,SP,ALIM2_023,SET2_16,400,1,2025
RED AEREA,SED2_04645,LLAVE2_09,SP,ALIM2_468,SET2_27,400,1,2025
RED SUBTERRANEA,SED2_04645,LLAVE2_15,SP,ALIM2_468,SET2_27,400,1,2025
RED SUBTERRANEA,SED2_04645,LLAVE2_14,SP,ALIM2_468,SET2_27,400,1,2025
RED SUBTERRANEA,SED2_01522,LLAVE2_14,SP,ALIM2_177,SET2_08,550,1,2025
RED AEREA,SED2_01522,LLAVE2_18,SP,ALIM2_177,SET2_08,550,1,2025
RED SUBTERRANEA,SED2_01522,LLAVE2_12,SP,ALIM2_177,SET2_08,550,1,2025
RED SUBTERRANEA,SED2_04967,LLAVE2_14,SP,ALIM2_408,SET2_36,630,1,2025
RED SUBTERRANEA,SED2_04967,LLAVE2_13,SP,ALIM2_408,SET2_36,630,1,2025
RED SUBTERRANEA,SED2_04967,LLAVE2_02,SP,ALIM2_408,SET2_36,630,1,2025
RED SUBTERRANEA,SED2_03819,LLAVE2_12,SP,ALIM2_206,SET2_46,630,1,2025
FUSIBLE,SED2_08104,LLAVE2_09,SP,ALIM2_359,SET2_45,250,1,2025
RED SUBTERRANEA,SED2_00543,LLAVE2_09,SP,ALIM2_319,SET2_36,250,1,2025
RED SUBTERRANEA,SED2_05620,LLAVE2_19,SP,ALIM2_092,SET2_13,100,1,2025
RED SUBTERRANEA,SED2_08547,LLAVE2_19,SP,ALIM2_314,SET2_46,630,1,2025
RED SUBTERRANEA,SED2_08547,LLAVE2_21,SP,ALIM2_314,SET2_46,630,1,2025
RED SUBTERRANEA,SED2_08547,LLAVE2_18,SP,ALIM2_314,SET2_46,630,1,2025
RED AEREA,SED2_03075,LLAVE2_13,SP,ALIM2_012,SET2_13,250,1,2025
RED SUBTERRANEA,SED2_02218,LLAVE2_23,SP,ALIM2_164,SET2_16,1030,1,2025
RED SUBTERRANEA,SED2_02218,LLAVE2_21,SP,ALIM2_164,SET2_16,1030,1,2025
RED SUBTERRANEA,SED2_02218,LLAVE2_14,SP,ALIM2_164,SET2_16,1030,1,2025
RED SUBTERRANEA,SED2_05697,LLAVE2_18,SP,ALIM2_332,SET2_08,630,1,2025
RED SUBTERRANEA,SED2_03731,LLAVE2_21,SP,ALIM2_332,SET2_08,630,1,2025
RED SUBTERRANEA,SED2_03731,LLAVE2_02,SP,ALIM2_332,SET2_08,630,1,2025
RED AEREA,SED2_06495,LLAVE2_19,SP,ALIM2_033,SET2_40,250,1,2025
RED AEREA,SED2_06495,LLAVE2_09,SP,ALIM2_033,SET2_40,250,1,2025
RED SUBTERRANEA,SED2_06291,LLAVE2_13,SP,ALIM2_353,SET2_40,350,1,2025
RED SUBTERRANEA,SED2_04508,LLAVE2_04,SP,ALIM2_239,SET2_08,400,1,2025
RED SUBTERRANEA,SED2_04508,LLAVE2_19,SP,ALIM2_239,SET2_08,400,1,2025
RED SUBTERRANEA,SED2_04508,LLAVE2_18,SP,ALIM2_239,SET2_08,400,1,2025
FUSIBLE,SED2_06893,LLAVE2_20,SP,ALIM2_239,SET2_08,800,1,2025
RED SUBTERRANEA,SED2_06893,LLAVE2_09,SP,ALIM2_239,SET2_08,800,1,2025
FUSIBLE,SED2_06893,LLAVE2_14,SP,ALIM2_239,SET2_08,800,1,2025
RED SUBTERRANEA,SED2_06893,LLAVE2_02,SP,ALIM2_239,SET2_08,800,1,2025
RED SUBTERRANEA,SED2_02580,LLAVE2_02,SP,ALIM2_197,SET2_46,630,1,2025
RED SUBTERRANEA,SED2_03628,LLAVE2_13,SP,ALIM2_181,SET2_40,630,1,2025
RED SUBTERRANEA,SED2_03628,LLAVE2_18,SP,ALIM2_181,SET2_40,630,1,2025
RED SUBTERRANEA,SED2_05349,LLAVE2_19,SP,ALIM2_315,SET2_08,640,1,2025
RED SUBTERRANEA,SED2_05349,LLAVE2_15,SP,ALIM2_315,SET2_08,640,1,2025
RED SUBTERRANEA,SED2_05349,LLAVE2_02,SP,ALIM2_315,SET2_08,640,1,2025
RED SUBTERRANEA,SED2_09900,LLAVE2_19,SP,ALIM2_120,SET2_29,100,1,2025
RED AEREA,SED2_00379,LLAVE2_19,SP,ALIM2_202,SET2_29,400,1,2025
RED AEREA,SED2_00379,LLAVE2_09,SP,ALIM2_202,SET2_29,400,1,2025
RED SUBTERRANEA,SED2_09000,LLAVE2_09,SP,ALIM2_417,SET2_36,630,1,2025
FUSIBLE,SED2_05932,LLAVE2_19,SP,ALIM2_230,SET2_08,630,1,2025
RED SUBTERRANEA,SED2_08077,LLAVE2_13,SP,ALIM2_406,SET2_46,800,1,2025
RED SUBTERRANEA,SED2_06987,LLAVE2_05,SP,ALIM2_020,SET2_46,630,1,2025
RED SUBTERRANEA,SED2_06987,LLAVE2_03,SP,ALIM2_020,SET2_46,630,1,2025
RED SUBTERRANEA,SED2_06987,LLAVE2_09,SP,ALIM2_020,SET2_46,630,1,2025
RED SUBTERRANEA,SED2_06987,LLAVE2_21,SP,ALIM2_020,SET2_46,630,1,2025
FUSIBLE,SED2_06987,LLAVE2_18,SP,ALIM2_020,SET2_46,630,1,2025
RED SUBTERRANEA,SED2_02836,LLAVE2_09,SP,ALIM2_123,SET2_38,630,1,2025
RED AEREA,SED2_02836,LLAVE2_21,SP,ALIM2_123,SET2_38,630,1,2025
RED SUBTERRANEA,SED2_02836,LLAVE2_21,SP,ALIM2_123,SET2_38,630,1,2025
RED AEREA,SED2_02836,LLAVE2_14,SP,ALIM2_123,SET2_38,630,1,2025
RED SUBTERRANEA,SED2_02836,LLAVE2_18,SP,ALIM2_123,SET2_38,630,1,2025
RED SUBTERRANEA,SED2_03897,LLAVE2_09,SP,ALIM2_262,SET2_01,630,1,2025
RED SUBTERRANEA,SED2_03897,LLAVE2_21,SP,ALIM2_262,SET2_01,630,1,2025
RED SUBTERRANEA,SED2_06372,LLAVE2_09,SP,ALIM2_163,SET2_31,630,1,2025
RED SUBTERRANEA,SED2_00456,LLAVE2_09,SP,ALIM2_454,SET2_13,1040,1,2025
RED SUBTERRANEA,SED2_00456,LLAVE2_15,SP,ALIM2_454,SET2_13,1040,1,2025
RED AEREA,SED2_00456,LLAVE2_21,SP,ALIM2_454,SET2_13,1040,1,2025
RED SUBTERRANEA,SED2_00456,LLAVE2_02,SP,ALIM2_454,SET2_13,1040,1,2025
RED SUBTERRANEA,SED2_07203,LLAVE2_02,SP,ALIM2_259,SET2_15,630,1,2025
RED SUBTERRANEA,SED2_03488,LLAVE2_02,SP,ALIM2_077,SET2_40,630,1,2025
FUSIBLE,SED2_07646,LLAVE2_20,SP,ALIM2_417,SET2_36,650,1,2025
RED SUBTERRANEA,SED2_07646,LLAVE2_23,SP,ALIM2_417,SET2_36,650,1,2025
RED SUBTERRANEA,SED2_07646,LLAVE2_06,SP,ALIM2_417,SET2_36,650,1,2025
RED SUBTERRANEA,SED2_02724,LLAVE2_15,SP,ALIM2_382,SET2_13,250,1,2025
RED SUBTERRANEA,SED2_02724,LLAVE2_18,SP,ALIM2_382,SET2_13,250,1,2025
RED SUBTERRANEA,SED2_06821,LLAVE2_19,SP,ALIM2_259,SET2_15,630,1,2025
RED SUBTERRANEA,SED2_09325,LLAVE2_04,SP,ALIM2_397,SET2_08,630,1,2025
RED AEREA,SED2_07004,LLAVE2_19,SP,ALIM2_388,SET2_13,160,1,2025
RED AEREA,SED2_02408,LLAVE2_14,SP,ALIM2_363,SET2_12,630,1,2025
RED SUBTERRANEA,SED2_06805,LLAVE2_09,SP,ALIM2_376,SET2_15,630,1,2025
FUSIBLE,SED2_09517,LLAVE2_19,SP,ALIM2_302,SET2_27,160,1,2025
RED SUBTERRANEA,SED2_09517,LLAVE2_09,SP,ALIM2_302,SET2_27,160,1,2025
RED SUBTERRANEA,SED2_02564,LLAVE2_15,SP,ALIM2_468,SET2_27,400,1,2025
RED SUBTERRANEA,SED2_07151,LLAVE2_19,SP,ALIM2_354,SET2_40,50,1,2025
RED AEREA,SED2_08956,LLAVE2_19,SP,ALIM2_044,SET2_45,160,1,2025
RED SUBTERRANEA,SED2_09491,LLAVE2_19,SP,ALIM2_143,SET2_08,400,1,2025
FUSIBLE,SED2_01080,LLAVE2_14,SP,ALIM2_271,SET2_26,630,1,2025
RED SUBTERRANEA,SED2_01080,LLAVE2_14,SP,ALIM2_271,SET2_26,630,1,2025
RED SUBTERRANEA,SED2_01080,LLAVE2_13,SP,ALIM2_271,SET2_26,630,1,2025
RED SUBTERRANEA,SED2_01080,LLAVE2_18,SP,ALIM2_271,SET2_26,630,1,2025
RED SUBTERRANEA,SED2_03206,LLAVE2_19,SP,ALIM2_271,SET2_26,630,1,2025
RED SUBTERRANEA,SED2_03206,LLAVE2_15,SP,ALIM2_271,SET2_26,630,1,2025
RED AEREA,SED2_02019,LLAVE2_09,SP,ALIM2_475,SET2_36,400,1,2025
RED SUBTERRANEA,SED2_01437,LLAVE2_15,SP,ALIM2_040,SET2_40,400,1,2025
RED SUBTERRANEA,SED2_02899,LLAVE2_09,SP,ALIM2_152,SET2_40,630,1,2025
RED SUBTERRANEA,SED2_02899,LLAVE2_14,SP,ALIM2_152,SET2_40,630,1,2025
RED SUBTERRANEA,SED2_02899,LLAVE2_13,SP,ALIM2_152,SET2_40,630,1,2025
RED SUBTERRANEA,SED2_01156,LLAVE2_18,SP,ALIM2_230,SET2_08,630,1,2025
RED SUBTERRANEA,SED2_01156,LLAVE2_02,SP,ALIM2_230,SET2_08,630,1,2025
RED SUBTERRANEA,SED2_00311,LLAVE2_21,SP,ALIM2_320,SET2_37,400,1,2025
FUSIBLE,SED2_08212,LLAVE2_15,SP,SIN DATA,SIN DATA,SIN DATA,1,2025
RED SUBTERRANEA,SED2_08212,LLAVE2_15,SP,ALIM2_333,SET2_09,400,1,2025
RED SUBTERRANEA,SED2_00085,LLAVE2_02,SP,ALIM2_286,SET2_36,640,1,2025
RED AEREA,SED2_03045,LLAVE2_15,SP,ALIM2_110,SET2_42,100,1,2025
RED AEREA,SED2_06943,LLAVE2_13,SP,ALIM2_353,SET2_40,630,1,2025
RED SUBTERRANEA,SED2_06943,LLAVE2_13,SP,ALIM2_353,SET2_40,630,1,2025
FUSIBLE,SED2_03238,LLAVE2_19,SP,ALIM2_460,SET2_16,400,1,2025
RED SUBTERRANEA,SED2_03238,LLAVE2_19,SP,ALIM2_460,SET2_16,400,1,2025
FUSIBLE,SED2_03238,LLAVE2_09,SP,ALIM2_460,SET2_16,400,1,2025
RED SUBTERRANEA,SED2_03238,LLAVE2_21,SP,ALIM2_460,SET2_16,400,1,2025
RED SUBTERRANEA,SED2_03238,LLAVE2_14,SP,ALIM2_460,SET2_16,400,1,2025
RED SUBTERRANEA,SED2_03238,LLAVE2_18,SP,ALIM2_460,SET2_16,400,1,2025
RED SUBTERRANEA,SED2_03238,LLAVE2_12,SP,ALIM2_460,SET2_16,400,1,2025
RED SUBTERRANEA,SED2_00901,LLAVE2_21,SP,ALIM2_419,SET2_26,400,1,2025
RED SUBTERRANEA,SED2_02388,LLAVE2_20,SP,ALIM2_445,SET2_46,1260,1,2025
RED SUBTERRANEA,SED2_02388,LLAVE2_10,SP,ALIM2_445,SET2_46,1260,1,2025
RED SUBTERRANEA,SED2_02388,LLAVE2_02,SP,ALIM2_445,SET2_46,1260,1,2025
FUSIBLE,SED2_06049,LLAVE2_09,SP,ALIM2_311,SET2_28,250,1,2025
RED SUBTERRANEA,SED2_06049,LLAVE2_09,SP,ALIM2_311,SET2_28,250,1,2025
RED SUBTERRANEA,SED2_01623,LLAVE2_09,SP,ALIM2_107,SET2_17,400,1,2025
RED SUBTERRANEA,SED2_07439,LLAVE2_20,SP,ALIM2_365,SET2_46,400,1,2025
RED AEREA,SED2_05351,LLAVE2_19,SP,ALIM2_260,SET2_13,630,1,2025
RED SUBTERRANEA,SED2_08905,LLAVE2_20,SP,SIN DATA,SIN DATA,SIN DATA,1,2025
RED SUBTERRANEA,SED2_08905,LLAVE2_15,SP,ALIM2_164,SET2_16,630,1,2025
RED SUBTERRANEA,SED2_03518,LLAVE2_15,SP,ALIM2_055,SET2_35,630,1,2025
RED SUBTERRANEA,SED2_00073,LLAVE2_19,SP,ALIM2_366,SET2_27,220,1,2025
RED AEREA,SED2_00073,LLAVE2_21,SP,ALIM2_366,SET2_27,220,1,2025
RED SUBTERRANEA,SED2_07284,LLAVE2_12,SP,ALIM2_358,SET2_38,1260,1,2025
RED AEREA,SED2_06986,LLAVE2_19,SP,ALIM2_374,SET2_13,100,1,2025
RED AEREA,SED2_06215,LLAVE2_19,SP,ALIM2_415,SET2_03,100,1,2025
RED SUBTERRANEA,SED2_08013,LLAVE2_09,SP,ALIM2_105,SET2_09,400,1,2025
RED SUBTERRANEA,SED2_08013,LLAVE2_15,SP,ALIM2_105,SET2_09,400,1,2025
RED SUBTERRANEA,SED2_08013,LLAVE2_21,SP,ALIM2_105,SET2_09,400,1,2025
RED SUBTERRANEA,SED2_08554,LLAVE2_09,SP,ALIM2_105,SET2_09,400,1,2025
RED SUBTERRANEA,SED2_01093,LLAVE2_21,SP,ALIM2_415,SET2_03,630,1,2025
RED SUBTERRANEA,SED2_01093,LLAVE2_13,SP,ALIM2_415,SET2_03,630,1,2025
RED SUBTERRANEA,SED2_06369,LLAVE2_09,SP,ALIM2_207,SET2_36,400,1,2025
RED AEREA,SED2_02277,LLAVE2_19,SP,ALIM2_095,SET2_28,50,1,2025
RED SUBTERRANEA,SED2_07449,LLAVE2_18,SP,ALIM2_045,SET2_38,630,1,2025
RED SUBTERRANEA,SED2_00584,LLAVE2_09,SP,ALIM2_380,SET2_08,1030,1,2025
RED SUBTERRANEA,SED2_00584,LLAVE2_14,SP,ALIM2_380,SET2_08,1030,1,2025
RED SUBTERRANEA,SED2_00584,LLAVE2_13,SP,ALIM2_380,SET2_08,1030,1,2025
RED SUBTERRANEA,SED2_00658,LLAVE2_14,SP,ALIM2_239,SET2_08,630,1,2025
RED SUBTERRANEA,SED2_00658,LLAVE2_18,SP,ALIM2_239,SET2_08,630,1,2025
RED SUBTERRANEA,SED2_00658,LLAVE2_12,SP,ALIM2_239,SET2_08,630,1,2025
RED AEREA,SED2_06451,LLAVE2_09,SP,ALIM2_426,SET2_46,250,1,2025
RED SUBTERRANEA,SED2_00697,LLAVE2_20,SP,ALIM2_238,SET2_36,630,1,2025
RED SUBTERRANEA,SED2_00697,LLAVE2_21,SP,ALIM2_238,SET2_36,630,1,2025
RED SUBTERRANEA,SED2_00697,LLAVE2_14,SP,ALIM2_238,SET2_36,630,1,2025
RED SUBTERRANEA,SED2_00697,LLAVE2_18,SP,ALIM2_238,SET2_36,630,1,2025
RED SUBTERRANEA,SED2_02823,LLAVE2_18,SP,ALIM2_214,SET2_36,890,1,2025
RED SUBTERRANEA,SED2_08192,LLAVE2_15,SP,ALIM2_286,SET2_36,400,1,2025
FUSIBLE,SED2_08192,LLAVE2_21,SP,ALIM2_286,SET2_36,400,1,2025
RED SUBTERRANEA,SED2_08192,LLAVE2_21,SP,ALIM2_286,SET2_36,400,1,2025
RED SUBTERRANEA,SED2_08192,LLAVE2_14,SP,ALIM2_286,SET2_36,400,1,2025
RED SUBTERRANEA,SED2_08192,LLAVE2_13,SP,ALIM2_286,SET2_36,400,1,2025
RED AEREA,SED2_06667,LLAVE2_19,SP,ALIM2_076,SET2_13,400,1,2025
RED SUBTERRANEA,SED2_04297,LLAVE2_09,SP,ALIM2_199,SET2_36,250,1,2025
RED AEREA,SED2_00379,LLAVE2_15,SP,ALIM2_202,SET2_29,400,1,2025
RED SUBTERRANEA,SED2_06644,LLAVE2_21,SP,ALIM2_342,SET2_10,350,1,2025
RED SUBTERRANEA,SED2_06259,LLAVE2_15,SP,ALIM2_117,SET2_10,400,1,2025
RED SUBTERRANEA,SED2_05960,LLAVE2_19,SP,ALIM2_045,SET2_38,1030,1,2025
RED SUBTERRANEA,SED2_05960,LLAVE2_15,SP,ALIM2_045,SET2_38,1030,1,2025
RED SUBTERRANEA,SED2_05960,LLAVE2_21,SP,ALIM2_045,SET2_38,1030,1,2025
RED SUBTERRANEA,SED2_05960,LLAVE2_18,SP,ALIM2_045,SET2_38,1030,1,2025
RED SUBTERRANEA,SED2_02116,LLAVE2_21,SP,ALIM2_477,SET2_31,400,1,2025
RED SUBTERRANEA,SED2_00429,LLAVE2_19,SP,ALIM2_286,SET2_36,1270,1,2025
RED SUBTERRANEA,SED2_04242,LLAVE2_19,SP,ALIM2_146,SET2_02,250,1,2025
RED SUBTERRANEA,SED2_06033,LLAVE2_19,SP,ALIM2_282,SET2_29,160,1,2025
LLAVE,SED2_06111,LLAVE2_13,SP,ALIM2_174,SET2_06,1260,1,2025
RED SUBTERRANEA,SED2_09659,LLAVE2_21,SP,ALIM2_113,SET2_15,400,1,2025
RED SUBTERRANEA,SED2_09659,LLAVE2_14,SP,ALIM2_113,SET2_15,400,1,2025
RED SUBTERRANEA,SED2_09834,LLAVE2_15,SP,ALIM2_155,SET2_02,400,1,2025
RED SUBTERRANEA,SED2_09834,LLAVE2_14,SP,ALIM2_155,SET2_02,400,1,2025
RED SUBTERRANEA,SED2_09834,LLAVE2_18,SP,ALIM2_155,SET2_02,400,1,2025
RED SUBTERRANEA,SED2_03383,LLAVE2_09,SP,ALIM2_301,SET2_38,630,1,2025
RED AEREA,SED2_03383,LLAVE2_18,SP,ALIM2_301,SET2_38,630,1,2025
RED SUBTERRANEA,SED2_03383,LLAVE2_18,SP,ALIM2_301,SET2_38,630,1,2025
RED SUBTERRANEA,SED2_06779,LLAVE2_20,SP,ALIM2_435,SET2_38,630,1,2025
RED AEREA,SED2_08501,LLAVE2_09,SP,ALIM2_454,SET2_13,250,1,2025
RED SUBTERRANEA,SED2_08967,LLAVE2_20,SP,ALIM2_045,SET2_38,640,1,2025
RED SUBTERRANEA,SED2_08967,LLAVE2_23,SP,ALIM2_045,SET2_38,640,1,2025
RED SUBTERRANEA,SED2_06807,LLAVE2_23,SP,ALIM2_286,SET2_36,630,1,2025
LLAVE,SED2_06807,LLAVE2_19,SP,ALIM2_286,SET2_36,630,1,2025
RED SUBTERRANEA,SED2_06807,LLAVE2_14,SP,ALIM2_286,SET2_36,630,1,2025
RED SUBTERRANEA,SED2_06807,LLAVE2_18,SP,ALIM2_286,SET2_36,630,1,2025
RED SUBTERRANEA,SED2_07761,LLAVE2_09,SP,ALIM2_058,SET2_43,1260,1,2025
RED SUBTERRANEA,SED2_02101,LLAVE2_15,SP,ALIM2_131,SET2_43,250,1,2025
RED SUBTERRANEA,SED2_05438,LLAVE2_09,SP,ALIM2_131,SET2_43,200,1,2025
FUSIBLE,SED2_06099,LLAVE2_09,SP,ALIM2_140,SET2_21,400,1,2025
RED SUBTERRANEA,SED2_02755,LLAVE2_09,SP,ALIM2_172,SET2_02,250,1,2025
RED SUBTERRANEA,SED2_02755,LLAVE2_13,SP,ALIM2_172,SET2_02,250,1,2025
RED SUBTERRANEA,SED2_00014,LLAVE2_21,SP,ALIM2_180,SET2_17,400,1,2025
RED AEREA,SED2_08617,LLAVE2_19,SP,ALIM2_202,SET2_29,160,1,2025
RED AEREA,SED2_07001,LLAVE2_09,SP,ALIM2_238,SET2_36,630,1,2025
RED SUBTERRANEA,SED2_05451,LLAVE2_09,SP,ALIM2_289,SET2_16,350,1,2025
MANTENIMIENTO,SED2_05451,LLAVE2_21,SP,ALIM2_289,SET2_16,350,1,2025
RED SUBTERRANEA,SED2_01201,LLAVE2_21,SP,ALIM2_188,SET2_43,630,1,2025
RED SUBTERRANEA,SED2_03229,LLAVE2_19,SP,ALIM2_103,SET2_21,400,1,2025
RED SUBTERRANEA,SED2_03229,LLAVE2_15,SP,ALIM2_103,SET2_21,400,1,2025
FUSIBLE,SED2_01472,LLAVE2_09,SP,ALIM2_428,SET2_17,400,1,2025
LLAVE,SED2_01472,LLAVE2_21,SP,ALIM2_428,SET2_17,400,1,2025
RED SUBTERRANEA,SED2_01472,LLAVE2_13,SP,ALIM2_428,SET2_17,400,1,2025
RED SUBTERRANEA,SED2_01472,LLAVE2_18,SP,ALIM2_428,SET2_17,400,1,2025
RED SUBTERRANEA,SED2_00059,LLAVE2_09,SP,ALIM2_176,SET2_31,1260,1,2025
RED SUBTERRANEA,SED2_00059,LLAVE2_15,SP,ALIM2_176,SET2_31,1260,1,2025
RED SUBTERRANEA,SED2_00059,LLAVE2_21,SP,ALIM2_176,SET2_31,1260,1,2025
RED SUBTERRANEA,SED2_00059,LLAVE2_14,SP,ALIM2_176,SET2_31,1260,1,2025
RED SUBTERRANEA,SED2_00059,LLAVE2_13,SP,ALIM2_176,SET2_31,1260,1,2025
RED SUBTERRANEA,SED2_01097,LLAVE2_14,SP,ALIM2_176,SET2_31,1260,1,2025
RED AEREA,SED2_01097,LLAVE2_12,SP,ALIM2_176,SET2_31,1260,1,2025
FUSIBLE,SED2_00386,LLAVE2_15,SP,ALIM2_406,SET2_46,630,1,2025
RED SUBTERRANEA,SED2_00386,LLAVE2_21,SP,ALIM2_406,SET2_46,630,1,2025
RED SUBTERRANEA,SED2_00386,LLAVE2_14,SP,ALIM2_406,SET2_46,630,1,2025
RED SUBTERRANEA,SED2_05158,LLAVE2_09,SP,ALIM2_435,SET2_38,1030,1,2025
RED SUBTERRANEA,SED2_05158,LLAVE2_15,SP,ALIM2_435,SET2_38,1030,1,2025
RED SUBTERRANEA,SED2_05158,LLAVE2_13,SP,ALIM2_435,SET2_38,1030,1,2025
RED SUBTERRANEA,SED2_05487,LLAVE2_19,SP,ALIM2_229,SET2_38,800,1,2025
RED SUBTERRANEA,SED2_05487,LLAVE2_09,SP,ALIM2_229,SET2_38,800,1,2025
RED SUBTERRANEA,SED2_02231,LLAVE2_09,SP,ALIM2_420,SET2_21,400,1,2025
RED SUBTERRANEA,SED2_02231,LLAVE2_15,SP,ALIM2_420,SET2_21,400,1,2025
RED SUBTERRANEA,SED2_02231,LLAVE2_21,SP,ALIM2_420,SET2_21,400,1,2025
RED SUBTERRANEA,SED2_02245,LLAVE2_12,SP,ALIM2_001,SET2_36,800,1,2025
RED SUBTERRANEA,SED2_07606,LLAVE2_14,SP,ALIM2_038,SET2_46,630,1,2025
FUSIBLE,SED2_09289,LLAVE2_09,SP,ALIM2_109,SET2_17,630,1,2025
RED SUBTERRANEA,SED2_09289,LLAVE2_15,SP,ALIM2_109,SET2_17,630,1,2025
RED SUBTERRANEA,SED2_06732,LLAVE2_18,SP,ALIM2_431,SET2_36,630,1,2025
RED SUBTERRANEA,SED2_03019,LLAVE2_21,SP,ALIM2_319,SET2_36,400,1,2025
RED SUBTERRANEA,SED2_03019,LLAVE2_14,SP,ALIM2_319,SET2_36,400,1,2025
RED AEREA,SED2_04249,LLAVE2_09,SP,ALIM2_257,SET2_31,630,1,2025
RED SUBTERRANEA,SED2_04249,LLAVE2_21,SP,ALIM2_257,SET2_31,630,1,2025
RED SUBTERRANEA,SED2_02100,LLAVE2_21,SP,ALIM2_257,SET2_31,630,1,2025
RED SUBTERRANEA,SED2_09381,LLAVE2_15,SP,ALIM2_257,SET2_31,630,1,2025
RED SUBTERRANEA,SED2_01326,LLAVE2_21,SP,ALIM2_256,SET2_38,1040,1,2025
LLAVE,SED2_01326,LLAVE2_13,SP,ALIM2_256,SET2_38,1040,1,2025
FUSIBLE,SED2_08614,LLAVE2_12,SP,ALIM2_431,SET2_36,400,1,2025
RED SUBTERRANEA,SED2_07009,LLAVE2_19,SP,ALIM2_431,SET2_36,630,1,2025
RED SUBTERRANEA,SED2_07009,LLAVE2_15,SP,ALIM2_431,SET2_36,630,1,2025
RED SUBTERRANEA,SED2_08068,LLAVE2_21,SP,SIN DATA,SIN DATA,SIN DATA,1,2025
RED SUBTERRANEA,SED2_02486,LLAVE2_19,SP,ALIM2_233,SET2_41,630,1,2025
RED SUBTERRANEA,SED2_02486,LLAVE2_09,SP,ALIM2_233,SET2_41,630,1,2025
RED SUBTERRANEA,SED2_02486,LLAVE2_21,SP,ALIM2_233,SET2_41,630,1,2025
RED SUBTERRANEA,SED2_01356,LLAVE2_15,SP,ALIM2_233,SET2_41,630,1,2025
RED SUBTERRANEA,SED2_01356,LLAVE2_21,SP,ALIM2_233,SET2_41,630,1,2025
RED SUBTERRANEA,SED2_05500,LLAVE2_19,SP,ALIM2_154,SET2_15,250,1,2025
RED AEREA,SED2_08833,LLAVE2_14,SP,ALIM2_051,SET2_28,400,1,2025
RED SUBTERRANEA,SED2_08833,LLAVE2_14,SP,ALIM2_051,SET2_28,400,1,2025
RED SUBTERRANEA,SED2_08833,LLAVE2_18,SP,ALIM2_051,SET2_28,400,1,2025
RED SUBTERRANEA,SED2_05348,LLAVE2_21,SP,ALIM2_175,SET2_30,400,1,2025
RED AEREA,SED2_00393,LLAVE2_18,SP,ALIM2_026,SET2_30,800,1,2025
RED AEREA,SED2_09574,LLAVE2_15,SP,ALIM2_026,SET2_30,400,1,2025
RED SUBTERRANEA,SED2_09505,LLAVE2_09,SP,ALIM2_322,SET2_13,350,1,2025
RED SUBTERRANEA,SED2_09505,LLAVE2_15,SP,ALIM2_322,SET2_13,350,1,2025
RED SUBTERRANEA,SED2_09505,LLAVE2_21,SP,ALIM2_322,SET2_13,350,1,2025
RED SUBTERRANEA,SED2_07668,LLAVE2_12,SP,ALIM2_256,SET2_38,400,1,2025
RED SUBTERRANEA,SED2_09926,LLAVE2_18,SP,ALIM2_152,SET2_40,400,1,2025
RED SUBTERRANEA,SED2_09926,LLAVE2_02,SP,ALIM2_152,SET2_40,400,1,2025
RED AEREA,SED2_01275,LLAVE2_15,SP,ALIM2_143,SET2_08,400,1,2025
RED SUBTERRANEA,SED2_01275,LLAVE2_21,SP,ALIM2_143,SET2_08,400,1,2025
RED SUBTERRANEA,SED2_02542,LLAVE2_09,SP,ALIM2_271,SET2_26,630,1,2025
FUSIBLE,SED2_02542,LLAVE2_13,SP,ALIM2_271,SET2_26,630,1,2025
RED SUBTERRANEA,SED2_00464,LLAVE2_21,SP,ALIM2_382,SET2_13,400,1,2025
RED SUBTERRANEA,SED2_00464,LLAVE2_13,SP,ALIM2_382,SET2_13,400,1,2025
RED SUBTERRANEA,SED2_00464,LLAVE2_18,SP,ALIM2_382,SET2_13,400,1,2025
RED SUBTERRANEA,SED2_05074,LLAVE2_23,SP,ALIM2_377,SET2_27,400,1,2025
RED SUBTERRANEA,SED2_05074,LLAVE2_10,SP,ALIM2_377,SET2_27,400,1,2025
RED SUBTERRANEA,SED2_05074,LLAVE2_19,SP,ALIM2_377,SET2_27,400,1,2025
RED SUBTERRANEA,SED2_05990,LLAVE2_14,SP,ALIM2_463,SET2_36,630,1,2025
RED AEREA,SED2_05990,LLAVE2_02,SP,ALIM2_463,SET2_36,630,1,2025
RED SUBTERRANEA,SED2_01497,LLAVE2_09,SP,ALIM2_343,SET2_35,160,1,2025
LLAVE,SED2_08366,LLAVE2_15,SP,ALIM2_298,SET2_26,1030,1,2025
RED SUBTERRANEA,SED2_08366,LLAVE2_21,SP,ALIM2_298,SET2_26,1030,1,2025
FUSIBLE,SED2_08366,LLAVE2_02,SP,ALIM2_298,SET2_26,1030,1,2025
RED SUBTERRANEA,SED2_09234,LLAVE2_19,SP,ALIM2_067,SET2_35,630,1,2025
RED SUBTERRANEA,SED2_09234,LLAVE2_15,SP,ALIM2_067,SET2_35,630,1,2025
RED SUBTERRANEA,SED2_03178,LLAVE2_09,SP,ALIM2_047,SET2_31,1660,1,2025
RED SUBTERRANEA,SED2_07523,LLAVE2_20,SP,ALIM2_033,SET2_40,640,1,2025
RED SUBTERRANEA,SED2_07523,LLAVE2_18,SP,ALIM2_033,SET2_40,640,1,2025
FUSIBLE,SED2_04999,LLAVE2_09,SP,ALIM2_112,SET2_35,630,1,2025
RED SUBTERRANEA,SED2_04999,LLAVE2_09,SP,ALIM2_112,SET2_35,630,1,2025
RED SUBTERRANEA,SED2_04999,LLAVE2_15,SP,ALIM2_112,SET2_35,630,1,2025
RED AEREA,SED2_04999,LLAVE2_21,SP,ALIM2_112,SET2_35,630,1,2025
RED SUBTERRANEA,SED2_08151,LLAVE2_19,SP,ALIM2_366,SET2_27,630,1,2025
RED SUBTERRANEA,SED2_08151,LLAVE2_15,SP,ALIM2_366,SET2_27,630,1,2025
RED SUBTERRANEA,SED2_08151,LLAVE2_21,SP,ALIM2_366,SET2_27,630,1,2025
RED SUBTERRANEA,SED2_08151,LLAVE2_18,SP,ALIM2_366,SET2_27,630,1,2025
RED SUBTERRANEA,SED2_08541,LLAVE2_09,SP,ALIM2_366,SET2_27,630,1,2025
RED SUBTERRANEA,SED2_08369,LLAVE2_21,SP,ALIM2_009,SET2_08,630,1,2025
RED SUBTERRANEA,SED2_07961,LLAVE2_02,SP,ALIM2_009,SET2_08,800,1,2025
RED SUBTERRANEA,SED2_08206,LLAVE2_09,SP,ALIM2_392,SET2_08,400,1,2025
RED SUBTERRANEA,SED2_08206,LLAVE2_21,SP,ALIM2_392,SET2_08,400,1,2025
RED SUBTERRANEA,SED2_06549,LLAVE2_16,SP,ALIM2_134,SET2_16,400,1,2025
RED AEREA,SED2_06549,LLAVE2_09,SP,ALIM2_134,SET2_16,400,1,2025
RED SUBTERRANEA,SED2_06965,LLAVE2_09,SP,ALIM2_289,SET2_16,630,1,2025
RED SUBTERRANEA,SED2_06965,LLAVE2_15,SP,ALIM2_289,SET2_16,630,1,2025
RED SUBTERRANEA,SED2_04432,LLAVE2_18,SP,ALIM2_084,SET2_35,630,1,2025
RED SUBTERRANEA,SED2_09068,LLAVE2_13,SP,ALIM2_310,SET2_40,400,1,2025
RED SUBTERRANEA,SED2_06199,LLAVE2_09,SP,ALIM2_474,SET2_02,160,1,2025
RED SUBTERRANEA,SED2_08422,LLAVE2_14,SP,ALIM2_173,SET2_16,400,1,2025
RED SUBTERRANEA,SED2_00650,LLAVE2_13,SP,ALIM2_118,SET2_08,750,1,2025
RED SUBTERRANEA,SED2_03739,LLAVE2_19,SP,ALIM2_235,SET2_46,400,1,2025
RED SUBTERRANEA,SED2_07962,LLAVE2_19,SP,ALIM2_290,SET2_41,400,1,2025
RED SUBTERRANEA,SED2_02232,LLAVE2_09,SP,ALIM2_204,SET2_02,160,1,2025
RED SUBTERRANEA,SED2_09544,LLAVE2_09,SP,SIN DATA,SIN DATA,SIN DATA,1,2025
RED SUBTERRANEA,SED2_09544,LLAVE2_16,SP,ALIM2_368,SET2_31,630,1,2025
FUSIBLE,SED2_09544,LLAVE2_14,SP,ALIM2_368,SET2_31,630,1,2025
RED SUBTERRANEA,SED2_02437,LLAVE2_09,SP,ALIM2_202,SET2_29,100,1,2025
FUSIBLE,SED2_07434,LLAVE2_13,SP,ALIM2_395,SET2_38,800,1,2025
RED SUBTERRANEA,SED2_01409,LLAVE2_09,SP,ALIM2_198,SET2_08,1260,1,2025
RED SUBTERRANEA,SED2_06984,LLAVE2_19,SP,ALIM2_374,SET2_13,160,1,2025
RED SUBTERRANEA,SED2_02642,LLAVE2_09,SP,ALIM2_279,SET2_17,160,1,2025
RED AEREA,SED2_04626,LLAVE2_09,SP,ALIM2_323,SET2_40,400,1,2025
RED AEREA,SED2_04501,LLAVE2_09,SP,ALIM2_220,SET2_29,160,1,2025
RED AEREA,SED2_04501,LLAVE2_15,SP,ALIM2_220,SET2_29,160,1,2025
RED SUBTERRANEA,SED2_07385,LLAVE2_19,SP,ALIM2_220,SET2_29,220,1,2025
RED SUBTERRANEA,SED2_09042,LLAVE2_09,SP,ALIM2_202,SET2_29,250,1,2025
RED SUBTERRANEA,SED2_00341,LLAVE2_09,SP,ALIM2_202,SET2_29,250,1,2025
RED SUBTERRANEA,SED2_00341,LLAVE2_21,SP,ALIM2_202,SET2_29,250,1,2025
RED SUBTERRANEA,SED2_03114,LLAVE2_09,SP,ALIM2_120,SET2_29,160,1,2025
RED AEREA,SED2_07295,LLAVE2_19,SP,ALIM2_120,SET2_29,100,1,2025
RED SUBTERRANEA,SED2_04609,LLAVE2_19,SP,ALIM2_120,SET2_29,160,1,2025
RED SUBTERRANEA,SED2_04609,LLAVE2_15,SP,ALIM2_120,SET2_29,160,1,2025
RED SUBTERRANEA,SED2_06232,LLAVE2_15,SP,ALIM2_120,SET2_29,100,1,2025
RED SUBTERRANEA,SED2_05294,LLAVE2_15,SP,ALIM2_358,SET2_38,630,1,2025
RED SUBTERRANEA,SED2_08640,LLAVE2_14,SP,SIN DATA,SIN DATA,SIN DATA,1,2025
FUSIBLE,SED2_04096,LLAVE2_09,SP,ALIM2_351,SET2_10,100,1,2025
RED AEREA,SED2_04096,LLAVE2_09,SP,ALIM2_351,SET2_10,100,1,2025
RED SUBTERRANEA,SED2_04096,LLAVE2_09,SP,ALIM2_351,SET2_10,100,1,2025
RED SUBTERRANEA,SED2_04927,LLAVE2_21,SP,ALIM2_024,SET2_40,630,1,2025
RED SUBTERRANEA,SED2_07255,LLAVE2_09,SP,ALIM2_434,SET2_36,950,1,2025
RED SUBTERRANEA,SED2_02446,LLAVE2_09,SP,ALIM2_015,SET2_25,100,1,2025
RED SUBTERRANEA,SED2_07478,LLAVE2_09,SP,ALIM2_144,SET2_43,160,1,2025
RED AEREA,SED2_01395,LLAVE2_15,SP,ALIM2_263,SET2_31,250,1,2025
RED SUBTERRANEA,SED2_01537,LLAVE2_13,SP,ALIM2_186,SET2_08,630,1,2025
RED SUBTERRANEA,SED2_02698,LLAVE2_15,SP,ALIM2_065,SET2_17,630,1,2025
RED SUBTERRANEA,SED2_03391,LLAVE2_19,SP,ALIM2_333,SET2_09,250,1,2025
RED SUBTERRANEA,SED2_04981,LLAVE2_19,SP,ALIM2_447,SET2_26,400,1,2025
RED SUBTERRANEA,SED2_04981,LLAVE2_15,SP,ALIM2_447,SET2_26,400,1,2025
RED SUBTERRANEA,SED2_01966,LLAVE2_15,SP,ALIM2_013,SET2_09,400,1,2025
RED SUBTERRANEA,SED2_01966,LLAVE2_13,SP,ALIM2_013,SET2_09,400,1,2025
RED SUBTERRANEA,SED2_09629,LLAVE2_13,SP,ALIM2_439,SET2_08,400,1,2025
RED SUBTERRANEA,SED2_08099,LLAVE2_15,SP,ALIM2_436,SET2_23,400,1,2025
FUSIBLE,SED2_08216,LLAVE2_21,SP,SIN DATA,SIN DATA,SIN DATA,1,2025
RED AEREA,SED2_03129,LLAVE2_19,SP,ALIM2_217,SET2_35,50,1,2025
RED SUBTERRANEA,SED2_03129,LLAVE2_19,SP,ALIM2_217,SET2_35,50,1,2025
RED SUBTERRANEA,SED2_02796,LLAVE2_15,SP,ALIM2_420,SET2_21,400,1,2025
RED SUBTERRANEA,SED2_02796,LLAVE2_21,SP,ALIM2_420,SET2_21,400,1,2025
RED SUBTERRANEA,SED2_03511,LLAVE2_19,SP,ALIM2_138,SET2_15,400,1,2025
RED SUBTERRANEA,SED2_03511,LLAVE2_09,SP,ALIM2_138,SET2_15,400,1,2025
RED SUBTERRANEA,SED2_02005,LLAVE2_19,SP,ALIM2_143,SET2_08,630,1,2025
RED SUBTERRANEA,SED2_03210,LLAVE2_09,SP,ALIM2_249,SET2_08,250,1,2025
RED SUBTERRANEA,SED2_00550,LLAVE2_21,SP,ALIM2_042,SET2_06,400,1,2025
RED SUBTERRANEA,SED2_07152,LLAVE2_13,SP,ALIM2_249,SET2_08,400,1,2025
LLAVE,SED2_02444,LLAVE2_09,SP,ALIM2_196,SET2_38,630,1,2025
RED SUBTERRANEA,SED2_02444,LLAVE2_14,SP,ALIM2_196,SET2_38,630,1,2025
RED SUBTERRANEA,SED2_02444,LLAVE2_13,SP,ALIM2_196,SET2_38,630,1,2025
RED SUBTERRANEA,SED2_04475,LLAVE2_09,SP,ALIM2_230,SET2_08,630,1,2025
RED SUBTERRANEA,SED2_04475,LLAVE2_13,SP,ALIM2_230,SET2_08,630,1,2025
RED AEREA,SED2_03519,LLAVE2_15,SP,ALIM2_029,SET2_26,550,1,2025
FUSIBLE,SED2_07499,LLAVE2_18,SP,ALIM2_400,SET2_15,550,1,2025
RED AEREA,SED2_07929,LLAVE2_15,SP,ALIM2_077,SET2_40,400,1,2025
RED SUBTERRANEA,SED2_05805,LLAVE2_15,SP,ALIM2_439,SET2_08,400,1,2025
RED SUBTERRANEA,SED2_06297,LLAVE2_19,SP,ALIM2_225,SET2_09,250,1,2025
RED SUBTERRANEA,SED2_02241,LLAVE2_02,SP,ALIM2_231,SET2_43,400,1,2025
RED SUBTERRANEA,SED2_02241,LLAVE2_12,SP,ALIM2_231,SET2_43,400,1,2025
RED SUBTERRANEA,SED2_05073,LLAVE2_19,SP,ALIM2_003,SET2_26,100,1,2025
RED SUBTERRANEA,SED2_05073,LLAVE2_09,SP,ALIM2_003,SET2_26,100,1,2025
RED SUBTERRANEA,SED2_05073,LLAVE2_15,SP,ALIM2_003,SET2_26,100,1,2025
FUSIBLE,SED2_05446,LLAVE2_14,SP,ALIM2_179,SET2_38,630,1,2025
RED AEREA,SED2_05446,LLAVE2_14,SP,ALIM2_179,SET2_38,630,1,2025
RED SUBTERRANEA,SED2_05446,LLAVE2_13,SP,ALIM2_179,SET2_38,630,1,2025
RED SUBTERRANEA,SED2_05716,LLAVE2_12,SP,ALIM2_337,SET2_38,550,1,2025
RED SUBTERRANEA,SED2_03403,LLAVE2_21,SP,ALIM2_131,SET2_43,320,1,2025
RED SUBTERRANEA,SED2_00623,LLAVE2_14,SP,ALIM2_387,SET2_26,400,1,2025
RED SUBTERRANEA,SED2_00623,LLAVE2_13,SP,ALIM2_387,SET2_26,400,1,2025
RED SUBTERRANEA,SED2_00205,LLAVE2_09,SP,ALIM2_302,SET2_27,400,1,2025
FUSIBLE,SED2_09470,LLAVE2_18,SP,ALIM2_064,SET2_01,630,1,2025
RED SUBTERRANEA,SED2_09470,LLAVE2_18,SP,ALIM2_064,SET2_01,630,1,2025
RED AEREA,SED2_03037,LLAVE2_19,SP,ALIM2_112,SET2_35,250,1,2025
RED SUBTERRANEA,SED2_03037,LLAVE2_09,SP,ALIM2_112,SET2_35,250,1,2025
RED SUBTERRANEA,SED2_03785,LLAVE2_09,SP,ALIM2_330,SET2_23,640,1,2025
RED SUBTERRANEA,SED2_03785,LLAVE2_15,SP,ALIM2_330,SET2_23,640,1,2025
RED SUBTERRANEA,SED2_00981,LLAVE2_19,SP,ALIM2_442,SET2_17,630,1,2025
RED SUBTERRANEA,SED2_00981,LLAVE2_09,SP,ALIM2_442,SET2_17,630,1,2025
RED SUBTERRANEA,SED2_00981,LLAVE2_21,SP,ALIM2_442,SET2_17,630,1,2025
RED SUBTERRANEA,SED2_00981,LLAVE2_14,SP,ALIM2_442,SET2_17,630,1,2025
RED SUBTERRANEA,SED2_00981,LLAVE2_13,SP,ALIM2_442,SET2_17,630,1,2025
RED SUBTERRANEA,SED2_00981,LLAVE2_18,SP,ALIM2_442,SET2_17,630,1,2025
RED SUBTERRANEA,SED2_01841,LLAVE2_15,SP,ALIM2_373,SET2_17,630,1,2025
RED SUBTERRANEA,SED2_01841,LLAVE2_21,SP,ALIM2_373,SET2_17,630,1,2025
RED SUBTERRANEA,SED2_01841,LLAVE2_14,SP,ALIM2_373,SET2_17,630,1,2025
RED SUBTERRANEA,SED2_07694,LLAVE2_13,SP,ALIM2_368,SET2_31,800,1,2025
FUSIBLE,SED2_08891,LLAVE2_19,SP,ALIM2_118,SET2_08,800,1,2025
RED SUBTERRANEA,SED2_02754,LLAVE2_21,SP,ALIM2_368,SET2_31,800,1,2025
RED SUBTERRANEA,SED2_02754,LLAVE2_14,SP,ALIM2_368,SET2_31,800,1,2025
RED SUBTERRANEA,SED2_02754,LLAVE2_02,SP,ALIM2_368,SET2_31,800,1,2025
RED SUBTERRANEA,SED2_03285,LLAVE2_15,SP,ALIM2_118,SET2_08,630,1,2025
RED SUBTERRANEA,SED2_07587,LLAVE2_21,SP,ALIM2_297,SET2_33,400,1,2025
RED AEREA,SED2_06064,LLAVE2_19,SP,ALIM2_073,SET2_21,220,1,2025
RED SUBTERRANEA,SED2_03140,LLAVE2_21,SP,ALIM2_231,SET2_43,400,1,2025
FUSIBLE,SED2_01938,LLAVE2_19,SP,ALIM2_184,SET2_41,630,1,2025
RED SUBTERRANEA,SED2_01938,LLAVE2_21,SP,ALIM2_184,SET2_41,630,1,2025
RED SUBTERRANEA,SED2_01203,LLAVE2_21,SP,ALIM2_184,SET2_41,630,1,2025
RED AEREA,SED2_01203,LLAVE2_14,SP,ALIM2_184,SET2_41,630,1,2025
RED AEREA,SED2_02139,LLAVE2_09,SP,ALIM2_220,SET2_29,100,1,2025
RED AEREA,SED2_02139,LLAVE2_15,SP,ALIM2_220,SET2_29,100,1,2025
RED SUBTERRANEA,SED2_02139,LLAVE2_21,SP,ALIM2_220,SET2_29,100,1,2025
RED SUBTERRANEA,SED2_04750,LLAVE2_21,SP,ALIM2_303,SET2_38,400,1,2025
RED SUBTERRANEA,SED2_04750,LLAVE2_14,SP,ALIM2_303,SET2_38,400,1,2025
RED SUBTERRANEA,SED2_06046,LLAVE2_19,SP,ALIM2_109,SET2_17,630,1,2025
RED SUBTERRANEA,SED2_06046,LLAVE2_14,SP,ALIM2_109,SET2_17,630,1,2025
LLAVE,SED2_09746,LLAVE2_19,SP,ALIM2_242,SET2_03,400,1,2025
RED AEREA,SED2_09746,LLAVE2_19,SP,ALIM2_242,SET2_03,400,1,2025
RED SUBTERRANEA,SED2_09746,LLAVE2_09,AP,ALIM2_242,SET2_03,400,1,2025
FUSIBLE,SED2_09746,LLAVE2_21,SP,ALIM2_242,SET2_03,400,1,2025
RED SUBTERRANEA,SED2_02015,LLAVE2_19,SP,ALIM2_027,SET2_41,400,1,2025
RED SUBTERRANEA,SED2_02015,LLAVE2_15,SP,ALIM2_027,SET2_41,400,1,2025
RED SUBTERRANEA,SED2_01796,LLAVE2_15,SP,ALIM2_393,SET2_17,250,1,2025
RED SUBTERRANEA,SED2_02461,LLAVE2_19,SP,ALIM2_037,SET2_23,630,1,2025
RED SUBTERRANEA,SED2_09055,LLAVE2_14,SP,ALIM2_279,SET2_17,400,1,2025
RED SUBTERRANEA,SED2_06504,LLAVE2_20,SP,ALIM2_279,SET2_17,1030,1,2025
RED SUBTERRANEA,SED2_06504,LLAVE2_09,SP,ALIM2_279,SET2_17,1030,1,2025
RED SUBTERRANEA,SED2_06504,LLAVE2_14,SP,ALIM2_279,SET2_17,1030,1,2025
RED SUBTERRANEA,SED2_06504,LLAVE2_02,SP,ALIM2_279,SET2_17,1030,1,2025
RED AEREA,SED2_09884,LLAVE2_15,SP,ALIM2_264,SET2_26,630,1,2025
RED SUBTERRANEA,SED2_09884,LLAVE2_15,SP,ALIM2_264,SET2_26,630,1,2025
RED SUBTERRANEA,SED2_06617,LLAVE2_19,SP,ALIM2_334,SET2_22,250,1,2025
RED SUBTERRANEA,SED2_03899,LLAVE2_09,SP,ALIM2_189,SET2_09,250,1,2025
RED AEREA,SED2_06747,LLAVE2_19,SP,ALIM2_120,SET2_29,100,1,2025
RED SUBTERRANEA,SED2_08587,LLAVE2_21,SP,ALIM2_257,SET2_31,250,1,2025
RED SUBTERRANEA,SED2_02261,LLAVE2_19,SP,ALIM2_268,SET2_21,630,1,2025
RED SUBTERRANEA,SED2_02261,LLAVE2_21,SP,ALIM2_268,SET2_21,630,1,2025
RED SUBTERRANEA,SED2_04476,LLAVE2_13,SP,ALIM2_378,SET2_31,400,1,2025
RED SUBTERRANEA,SED2_09371,LLAVE2_21,SP,ALIM2_196,SET2_38,400,1,2025
LLAVE,SED2_09371,LLAVE2_14,SP,ALIM2_196,SET2_38,400,1,2025
RED SUBTERRANEA,SED2_05370,LLAVE2_14,SP,ALIM2_358,SET2_38,400,1,2025
RED SUBTERRANEA,SED2_07881,LLAVE2_09,SP,ALIM2_236,SET2_38,640,1,2025
RED SUBTERRANEA,SED2_07881,LLAVE2_15,SP,ALIM2_236,SET2_38,640,1,2025
RED SUBTERRANEA,SED2_07881,LLAVE2_13,SP,ALIM2_236,SET2_38,640,1,2025
RED SUBTERRANEA,SED2_06298,LLAVE2_13,SP,ALIM2_407,SET2_30,630,1,2025
FUSIBLE,SED2_06342,LLAVE2_15,SP,ALIM2_080,SET2_13,400,1,2025
RED SUBTERRANEA,SED2_09916,LLAVE2_15,SP,ALIM2_330,SET2_23,400,1,2025
RED SUBTERRANEA,SED2_07182,LLAVE2_19,SP,ALIM2_169,SET2_06,160,1,2025
RED SUBTERRANEA,SED2_07182,LLAVE2_09,SP,ALIM2_169,SET2_06,160,1,2025
RED SUBTERRANEA,SED2_07182,LLAVE2_15,SP,ALIM2_169,SET2_06,160,1,2025
RED SUBTERRANEA,SED2_04062,LLAVE2_09,SP,ALIM2_367,SET2_26,630,1,2025
RED SUBTERRANEA,SED2_07043,LLAVE2_09,SP,ALIM2_193,SET2_31,150,1,2025
RED SUBTERRANEA,SED2_03963,LLAVE2_19,SP,ALIM2_159,SET2_16,630,1,2025
FUSIBLE,SED2_03963,LLAVE2_09,SP,ALIM2_159,SET2_16,630,1,2025
RED SUBTERRANEA,SED2_01218,LLAVE2_14,SP,ALIM2_134,SET2_16,630,1,2025
RED SUBTERRANEA,SED2_01218,LLAVE2_02,SP,ALIM2_134,SET2_16,630,1,2025
RED SUBTERRANEA,SED2_02207,LLAVE2_09,SP,ALIM2_344,SET2_31,400,1,2025
RED SUBTERRANEA,SED2_02207,LLAVE2_21,SP,ALIM2_344,SET2_31,400,1,2025
RED SUBTERRANEA,SED2_02207,LLAVE2_14,SP,ALIM2_344,SET2_31,400,1,2025
RED SUBTERRANEA,SED2_04171,LLAVE2_19,SP,ALIM2_344,SET2_31,630,1,2025
RED SUBTERRANEA,SED2_04171,LLAVE2_14,SP,ALIM2_344,SET2_31,630,1,2025
RED SUBTERRANEA,SED2_04171,LLAVE2_18,SP,ALIM2_344,SET2_31,630,1,2025
RED SUBTERRANEA,SED2_08085,LLAVE2_19,SP,ALIM2_301,SET2_38,630,1,2025
RED SUBTERRANEA,SED2_08085,LLAVE2_12,SP,ALIM2_301,SET2_38,630,1,2025
RED SUBTERRANEA,SED2_02709,LLAVE2_09,SP,ALIM2_248,SET2_21,400,1,2025
FUSIBLE,SED2_07561,LLAVE2_15,SP,ALIM2_397,SET2_08,630,1,2025
RED SUBTERRANEA,SED2_07561,LLAVE2_21,SP,ALIM2_397,SET2_08,630,1,2025
RED SUBTERRANEA,SED2_08924,LLAVE2_15,SP,ALIM2_210,SET2_40,350,1,2025
RED SUBTERRANEA,SED2_03323,LLAVE2_18,SP,ALIM2_302,SET2_27,630,1,2025
RED SUBTERRANEA,SED2_03323,LLAVE2_02,SP,ALIM2_302,SET2_27,630,1,2025
RED SUBTERRANEA,SED2_03323,LLAVE2_12,SP,ALIM2_302,SET2_27,630,1,2025
RED SUBTERRANEA,SED2_05643,LLAVE2_19,SP,ALIM2_134,SET2_16,320,1,2025
FUSIBLE,SED2_06900,LLAVE2_19,SP,ALIM2_220,SET2_29,250,1,2025
RED SUBTERRANEA,SED2_06900,LLAVE2_19,SP,ALIM2_220,SET2_29,250,1,2025
RED SUBTERRANEA,SED2_03872,LLAVE2_15,SP,ALIM2_220,SET2_29,160,1,2025
RED SUBTERRANEA,SED2_05666,LLAVE2_14,SP,ALIM2_013,SET2_09,400,1,2025
FUSIBLE,SED2_01930,LLAVE2_15,SP,ALIM2_456,SET2_13,400,1,2025
RED SUBTERRANEA,SED2_05513,LLAVE2_13,SP,ALIM2_182,SET2_09,400,1,2025
RED AEREA,SED2_00446,LLAVE2_19,SP,ALIM2_052,SET2_32,250,1,2025
RED SUBTERRANEA,SED2_00446,LLAVE2_19,SP,ALIM2_052,SET2_32,250,1,2025
RED SUBTERRANEA,SED2_06464,LLAVE2_21,SP,ALIM2_209,SET2_43,630,1,2025
RED AEREA,SED2_09929,LLAVE2_19,SP,ALIM2_008,SET2_35,160,1,2025
RED SUBTERRANEA,SED2_03590,LLAVE2_21,SP,ALIM2_081,SET2_21,250,1,2025
RED SUBTERRANEA,SED2_01158,LLAVE2_12,SP,ALIM2_385,SET2_43,250,1,2025
RED SUBTERRANEA,SED2_07750,LLAVE2_19,SP,ALIM2_476,SET2_02,400,1,2025
RED SUBTERRANEA,SED2_07750,LLAVE2_09,SP,ALIM2_476,SET2_02,400,1,2025
RED SUBTERRANEA,SED2_07750,LLAVE2_13,SP,ALIM2_476,SET2_02,400,1,2025
RED SUBTERRANEA,SED2_03514,LLAVE2_14,SP,ALIM2_291,SET2_09,400,1,2025
RED SUBTERRANEA,SED2_07340,LLAVE2_14,SP,ALIM2_456,SET2_13,200,1,2025
RED AEREA,SED2_01630,LLAVE2_19,SP,ALIM2_328,SET2_23,250,1,2025
RED SUBTERRANEA,SED2_01630,LLAVE2_09,SP,ALIM2_328,SET2_23,250,1,2025
RED SUBTERRANEA,SED2_06336,LLAVE2_15,SP,ALIM2_432,SET2_43,250,1,2025
RED AEREA,SED2_05516,LLAVE2_09,SP,ALIM2_217,SET2_35,400,1,2025
RED AEREA,SED2_05516,LLAVE2_15,SP,ALIM2_217,SET2_35,400,1,2025
RED SUBTERRANEA,SED2_06425,LLAVE2_21,SP,ALIM2_233,SET2_41,400,1,2025
FUSIBLE,SED2_06425,LLAVE2_02,SP,ALIM2_233,SET2_41,400,1,2025
RED SUBTERRANEA,SED2_04260,LLAVE2_15,SP,ALIM2_045,SET2_38,400,1,2025
RED SUBTERRANEA,SED2_01026,LLAVE2_09,SP,ALIM2_453,SET2_43,200,1,2025
RED SUBTERRANEA,SED2_01330,LLAVE2_15,SP,ALIM2_349,SET2_21,400,1,2025
RED SUBTERRANEA,SED2_09267,LLAVE2_19,SP,ALIM2_201,SET2_41,250,1,2025
RED SUBTERRANEA,SED2_09267,LLAVE2_21,SP,ALIM2_201,SET2_41,250,1,2025
RED SUBTERRANEA,SED2_03697,LLAVE2_15,SP,ALIM2_482,SET2_02,275,1,2025
RED SUBTERRANEA,SED2_03697,LLAVE2_21,SP,ALIM2_482,SET2_02,275,1,2025
RED SUBTERRANEA,SED2_08507,LLAVE2_13,SP,ALIM2_442,SET2_17,400,1,2025
RED SUBTERRANEA,SED2_02385,LLAVE2_19,SP,ALIM2_341,SET2_35,160,1,2025
LLAVE,SED2_02237,LLAVE2_13,SP,ALIM2_337,SET2_38,630,1,2025
RED SUBTERRANEA,SED2_08991,LLAVE2_14,SP,ALIM2_127,SET2_16,630,1,2025
RED SUBTERRANEA,SED2_08991,LLAVE2_12,SP,ALIM2_127,SET2_16,630,1,2025
RED SUBTERRANEA,SED2_01611,LLAVE2_19,SP,ALIM2_102,SET2_02,250,1,2025
RED AEREA,SED2_01882,LLAVE2_09,SP,ALIM2_361,SET2_23,160,1,2025
RED SUBTERRANEA,SED2_04980,LLAVE2_19,SP,ALIM2_145,SET2_43,160,1,2025
RED SUBTERRANEA,SED2_06096,LLAVE2_09,SP,ALIM2_276,SET2_43,400,1,2025
RED SUBTERRANEA,SED2_06096,LLAVE2_21,SP,ALIM2_276,SET2_43,400,1,2025
RED SUBTERRANEA,SED2_06096,LLAVE2_14,SP,ALIM2_276,SET2_43,400,1,2025
RED SUBTERRANEA,SED2_02056,LLAVE2_09,SP,ALIM2_081,SET2_21,320,1,2025
RED SUBTERRANEA,SED2_09795,LLAVE2_15,SP,ALIM2_329,SET2_36,315,1,2025
RED SUBTERRANEA,SED2_07269,LLAVE2_09,SP,ALIM2_429,SET2_16,250,1,2025
RED SUBTERRANEA,SED2_07269,LLAVE2_15,SP,ALIM2_429,SET2_16,250,1,2025
RED SUBTERRANEA,SED2_03261,LLAVE2_09,SP,ALIM2_141,SET2_06,630,1,2025
RED SUBTERRANEA,SED2_00963,LLAVE2_15,SP,ALIM2_427,SET2_06,160,1,2025
RED SUBTERRANEA,SED2_08299,LLAVE2_13,SP,ALIM2_479,SET2_31,250,1,2025
RED SUBTERRANEA,SED2_02103,LLAVE2_21,SP,ALIM2_458,SET2_43,400,1,2025
RED SUBTERRANEA,SED2_09123,LLAVE2_09,SP,ALIM2_258,SET2_30,250,1,2025
RED SUBTERRANEA,SED2_02335,LLAVE2_14,SP,ALIM2_314,SET2_46,800,1,2025
RED SUBTERRANEA,SED2_04934,LLAVE2_19,SP,ALIM2_255,SET2_21,400,1,2025
RED SUBTERRANEA,SED2_07005,LLAVE2_09,SP,ALIM2_339,SET2_15,250,1,2025
RED SUBTERRANEA,SED2_04806,LLAVE2_19,SP,ALIM2_226,SET2_02,400,1,2025
RED SUBTERRANEA,SED2_04806,LLAVE2_09,SP,ALIM2_226,SET2_02,400,1,2025
RED SUBTERRANEA,SED2_06898,LLAVE2_09,SP,ALIM2_128,SET2_28,400,1,2025
RED SUBTERRANEA,SED2_03955,LLAVE2_09,SP,ALIM2_111,SET2_36,400,1,2025
RED SUBTERRANEA,SED2_07747,LLAVE2_09,SP,ALIM2_466,SET2_31,630,1,2025
RED SUBTERRANEA,SED2_07747,LLAVE2_18,SP,ALIM2_466,SET2_31,630,1,2025
RED AEREA,SED2_08399,LLAVE2_19,SP,ALIM2_363,SET2_12,160,1,2025
RED SUBTERRANEA,SED2_03791,LLAVE2_09,SP,ALIM2_053,SET2_12,160,1,2025
RED SUBTERRANEA,SED2_08785,LLAVE2_15,SP,ALIM2_449,SET2_43,250,1,2025
RED SUBTERRANEA,SED2_03598,LLAVE2_09,SP,ALIM2_197,SET2_46,550,1,2025
FUSIBLE,SED2_03598,LLAVE2_12,SP,ALIM2_197,SET2_46,550,1,2025
RED AEREA,SED2_05205,LLAVE2_15,SP,ALIM2_481,SET2_12,160,1,2025
RED AEREA,SED2_02656,LLAVE2_09,SP,ALIM2_241,SET2_35,250,1,2025
RED SUBTERRANEA,SED2_09300,LLAVE2_02,SP,ALIM2_206,SET2_46,630,1,2025
RED SUBTERRANEA,SED2_03926,LLAVE2_14,SP,ALIM2_058,SET2_43,630,1,2025
RED SUBTERRANEA,SED2_01257,LLAVE2_09,SP,ALIM2_465,SET2_28,400,1,2025
RED SUBTERRANEA,SED2_06238,LLAVE2_09,SP,ALIM2_321,SET2_41,250,1,2025
FUSIBLE,SED2_01115,LLAVE2_19,SP,ALIM2_437,SET2_23,400,1,2025
RED SUBTERRANEA,SED2_01115,LLAVE2_19,SP,ALIM2_437,SET2_23,400,1,2025
RED SUBTERRANEA,SED2_02503,LLAVE2_09,SP,ALIM2_178,SET2_21,275,1,2025
RED SUBTERRANEA,SED2_02503,LLAVE2_14,SP,ALIM2_178,SET2_21,275,1,2025
RED SUBTERRANEA,SED2_02503,LLAVE2_13,SP,ALIM2_178,SET2_21,275,1,2025
RED SUBTERRANEA,SED2_00709,LLAVE2_09,SP,ALIM2_314,SET2_46,800,1,2025
RED SUBTERRANEA,SED2_00709,LLAVE2_14,SP,ALIM2_314,SET2_46,800,1,2025
FUSIBLE,SED2_01427,LLAVE2_21,SP,ALIM2_031,SET2_21,400,1,2025
RED SUBTERRANEA,SED2_06063,LLAVE2_09,SP,ALIM2_247,SET2_28,100,1,2025
LLAVE,SED2_09728,LLAVE2_21,SP,ALIM2_004,SET2_31,400,1,2025
RED AEREA,SED2_09728,LLAVE2_21,SP,ALIM2_004,SET2_31,400,1,2025
RED SUBTERRANEA,SED2_09728,LLAVE2_21,SP,ALIM2_004,SET2_31,400,1,2025
RED AEREA,SED2_09728,LLAVE2_13,SP,ALIM2_004,SET2_31,400,1,2025
RED SUBTERRANEA,SED2_06863,LLAVE2_09,SP,ALIM2_330,SET2_23,160,1,2025
FUSIBLE,SED2_05175,LLAVE2_15,SP,ALIM2_251,SET2_40,630,1,2025
RED SUBTERRANEA,SED2_05175,LLAVE2_02,SP,ALIM2_251,SET2_40,630,1,2025
RED SUBTERRANEA,SED2_07068,LLAVE2_09,SP,ALIM2_374,SET2_13,400,1,2025
RED SUBTERRANEA,SED2_07732,LLAVE2_15,SP,ALIM2_304,SET2_02,250,1,2025
RED SUBTERRANEA,SED2_01646,LLAVE2_19,SP,ALIM2_417,SET2_36,250,1,2025
RED SUBTERRANEA,SED2_04591,LLAVE2_09,SP,ALIM2_312,SET2_09,400,1,2025
RED AEREA,SED2_02467,LLAVE2_19,SP,SIN DATA,SIN DATA,SIN DATA,1,2025
RED AEREA,SED2_09330,LLAVE2_19,SP,ALIM2_060,SET2_32,250,1,2025
RED AEREA,SED2_09330,LLAVE2_09,SP,ALIM2_060,SET2_32,250,1,2025
RED SUBTERRANEA,SED2_09330,LLAVE2_09,SP,ALIM2_060,SET2_32,250,1,2025
RED SUBTERRANEA,SED2_05390,LLAVE2_19,SP,ALIM2_363,SET2_12,100,1,2025
RED SUBTERRANEA,SED2_05390,LLAVE2_09,SP,ALIM2_363,SET2_12,100,1,2025
RED AEREA,SED2_04176,LLAVE2_19,SP,ALIM2_108,SET2_22,100,1,2025
RED AEREA,SED2_04176,LLAVE2_09,SP,ALIM2_108,SET2_22,100,1,2025
RED AEREA,SED2_05537,LLAVE2_19,SP,ALIM2_060,SET2_32,160,1,2025
RED SUBTERRANEA,SED2_06677,LLAVE2_09,SP,ALIM2_363,SET2_12,100,1,2025
RED AEREA,SED2_04950,LLAVE2_09,SP,ALIM2_356,SET2_31,160,1,2025
RED AEREA,SED2_04950,LLAVE2_15,SP,ALIM2_356,SET2_31,160,1,2025
RED AEREA,SED2_09052,LLAVE2_19,SP,ALIM2_263,SET2_31,160,1,2025
RED AEREA,SED2_09052,LLAVE2_09,SP,ALIM2_263,SET2_31,160,1,2025
RED SUBTERRANEA,SED2_09052,LLAVE2_09,SP,ALIM2_263,SET2_31,160,1,2025
RED SUBTERRANEA,SED2_02660,LLAVE2_15,SP,ALIM2_250,SET2_27,400,1,2025
RED AEREA,SED2_06438,LLAVE2_15,SP,ALIM2_048,SET2_29,250,1,2025
RED SUBTERRANEA,SED2_01145,LLAVE2_19,SP,ALIM2_472,SET2_10,250,1,2025
LLAVE,SED2_01145,LLAVE2_09,SP,ALIM2_472,SET2_10,250,1,2025
RED SUBTERRANEA,SED2_03714,LLAVE2_19,SP,ALIM2_472,SET2_10,160,1,2025
RED SUBTERRANEA,SED2_03714,LLAVE2_09,SP,ALIM2_472,SET2_10,160,1,2025
RED SUBTERRANEA,SED2_04849,LLAVE2_19,SP,ALIM2_250,SET2_27,160,1,2025
FUSIBLE,SED2_04849,LLAVE2_09,SP,ALIM2_250,SET2_27,160,1,2025
RED SUBTERRANEA,SED2_03430,LLAVE2_09,SP,ALIM2_292,SET2_43,100,1,2025
RED AEREA,SED2_02737,LLAVE2_09,SP,ALIM2_048,SET2_29,100,1,2025
RED AEREA,SED2_06566,LLAVE2_09,SP,ALIM2_272,SET2_08,250,1,2025
FUSIBLE,SED2_08110,LLAVE2_19,SP,ALIM2_298,SET2_26,400,1,2025
RED SUBTERRANEA,SED2_04298,LLAVE2_19,SP,ALIM2_475,SET2_36,250,1,2025
RED AEREA,SED2_04298,LLAVE2_09,SP,ALIM2_475,SET2_36,250,1,2025
RED SUBTERRANEA,SED2_04298,LLAVE2_15,SP,ALIM2_475,SET2_36,250,1,2025
RED AEREA,SED2_02192,LLAVE2_09,SP,ALIM2_232,SET2_28,100,1,2025
RED AEREA,SED2_03641,LLAVE2_19,SP,ALIM2_213,SET2_41,160,1,2025
RED AEREA,SED2_07056,LLAVE2_19,SP,ALIM2_213,SET2_41,160,1,2025
RED AEREA,SED2_07056,LLAVE2_09,SP,ALIM2_213,SET2_41,160,1,2025
RED AEREA,SED2_08878,LLAVE2_09,SP,ALIM2_213,SET2_41,160,1,2025
RED AEREA,SED2_08878,LLAVE2_21,SP,ALIM2_213,SET2_41,160,1,2025
RED AEREA,SED2_05152,LLAVE2_19,SP,ALIM2_415,SET2_03,160,1,2025
RED AEREA,SED2_02606,LLAVE2_15,SP,ALIM2_095,SET2_28,250,1,2025
RED AEREA,SED2_02606,LLAVE2_21,SP,ALIM2_095,SET2_28,250,1,2025
RED AEREA,SED2_00300,LLAVE2_19,SP,ALIM2_472,SET2_10,160,1,2025
RED AEREA,SED2_00300,LLAVE2_15,SP,ALIM2_472,SET2_10,160,1,2025
RED SUBTERRANEA,SED2_00390,LLAVE2_09,SP,ALIM2_390,SET2_09,630,1,2025
FUSIBLE,SED2_07290,LLAVE2_19,SP,ALIM2_472,SET2_10,100,1,2025
RED AEREA,SED2_06801,LLAVE2_19,SP,ALIM2_472,SET2_10,100,1,2025
RED AEREA,SED2_06801,LLAVE2_15,SP,ALIM2_472,SET2_10,100,1,2025
RED AEREA,SED2_07971,LLAVE2_09,SP,ALIM2_284,SET2_32,160,1,2025
RED AEREA,SED2_07971,LLAVE2_15,SP,ALIM2_284,SET2_32,160,1,2025
RED AEREA,SED2_07971,LLAVE2_21,SP,ALIM2_284,SET2_32,160,1,2025
RED AEREA,SED2_05841,LLAVE2_19,SP,ALIM2_140,SET2_21,160,1,2025
RED AEREA,SED2_05841,LLAVE2_09,SP,ALIM2_140,SET2_21,160,1,2025
RED AEREA,SED2_01981,LLAVE2_09,SP,ALIM2_078,SET2_10,100,1,2025
RED AEREA,SED2_06968,LLAVE2_19,SP,ALIM2_284,SET2_32,100,1,2025
RED AEREA,SED2_04813,LLAVE2_19,SP,ALIM2_402,SET2_10,250,1,2025
RED AEREA,SED2_04813,LLAVE2_15,SP,ALIM2_402,SET2_10,250,1,2025
RED SUBTERRANEA,SED2_07947,LLAVE2_15,SP,ALIM2_244,SET2_32,250,1,2025
RED AEREA,SED2_05095,LLAVE2_09,SP,ALIM2_096,SET2_03,250,1,2025
RED SUBTERRANEA,SED2_03775,LLAVE2_15,SP,ALIM2_442,SET2_17,250,1,2025
RED SUBTERRANEA,SED2_04917,LLAVE2_09,SP,ALIM2_040,SET2_40,250,1,2025
RED SUBTERRANEA,SED2_04917,LLAVE2_15,SP,ALIM2_040,SET2_40,250,1,2025
RED SUBTERRANEA,SED2_02957,LLAVE2_09,SP,ALIM2_093,SET2_21,160,1,2025
RED SUBTERRANEA,SED2_02398,LLAVE2_15,SP,ALIM2_224,SET2_45,250,1,2025
RED SUBTERRANEA,SED2_06735,LLAVE2_15,SP,ALIM2_224,SET2_45,100,1,2025
RED SUBTERRANEA,SED2_05535,LLAVE2_19,SP,ALIM2_279,SET2_17,250,1,2025
RED SUBTERRANEA,SED2_05535,LLAVE2_13,SP,ALIM2_279,SET2_17,250,1,2025
RED SUBTERRANEA,SED2_02030,LLAVE2_19,SP,ALIM2_224,SET2_45,160,1,2025
FUSIBLE,SED2_05803,LLAVE2_19,SP,ALIM2_124,SET2_32,250,1,2025
RED AEREA,SED2_05803,LLAVE2_09,SP,ALIM2_124,SET2_32,250,1,2025
RED AEREA,SED2_03304,LLAVE2_15,SP,ALIM2_402,SET2_10,100,1,2025
RED SUBTERRANEA,SED2_09842,LLAVE2_09,SP,ALIM2_130,SET2_45,160,1,2025
RED SUBTERRANEA,SED2_06794,LLAVE2_21,SP,ALIM2_017,SET2_03,400,1,2025
RED AEREA,SED2_03671,LLAVE2_09,SP,ALIM2_464,SET2_09,100,1,2025
FUSIBLE,SED2_04546,LLAVE2_19,SP,ALIM2_201,SET2_41,400,1,2025
RED SUBTERRANEA,SED2_04546,LLAVE2_19,SP,ALIM2_201,SET2_41,400,1,2025
RED SUBTERRANEA,SED2_09351,LLAVE2_15,SP,ALIM2_201,SET2_41,250,1,2025
RED SUBTERRANEA,SED2_04085,LLAVE2_19,SP,ALIM2_161,SET2_04,100,1,2025
RED SUBTERRANEA,SED2_05453,LLAVE2_09,SP,ALIM2_251,SET2_40,250,1,2025
RED AEREA,SED2_01096,LLAVE2_15,SP,ALIM2_101,SET2_33,100,1,2025
RED AEREA,SED2_01003,LLAVE2_19,SP,ALIM2_108,SET2_22,160,1,2025
RED SUBTERRANEA,SED2_06538,LLAVE2_09,SP,ALIM2_267,SET2_23,160,1,2025
RED SUBTERRANEA,SED2_03301,LLAVE2_19,SP,ALIM2_082,SET2_03,250,1,2025
RED SUBTERRANEA,SED2_03301,LLAVE2_09,SP,ALIM2_082,SET2_03,250,1,2025
RED SUBTERRANEA,SED2_03823,LLAVE2_19,SP,ALIM2_161,SET2_04,160,1,2025
RED SUBTERRANEA,SED2_00742,LLAVE2_19,SP,ALIM2_183,SET2_12,275,1,2025
RED SUBTERRANEA,SED2_00742,LLAVE2_15,SP,ALIM2_183,SET2_12,275,1,2025
RED AEREA,SED2_03562,LLAVE2_19,SP,ALIM2_183,SET2_12,250,1,2025
RED SUBTERRANEA,SED2_03562,LLAVE2_15,SP,ALIM2_183,SET2_12,250,1,2025
RED AEREA,SED2_00535,LLAVE2_19,SP,ALIM2_108,SET2_22,100,1,2025
RED AEREA,SED2_05721,LLAVE2_19,SP,ALIM2_357,SET2_29,50,1,2025
RED SUBTERRANEA,SED2_03669,LLAVE2_09,SP,ALIM2_244,SET2_32,250,1,2025
RED AEREA,SED2_07071,LLAVE2_19,SP,ALIM2_160,SET2_33,160,1,2025
RED AEREA,SED2_07071,LLAVE2_15,SP,ALIM2_160,SET2_33,160,1,2025
RED AEREA,SED2_06109,LLAVE2_19,SP,ALIM2_381,SET2_45,160,1,2025
RED SUBTERRANEA,SED2_02829,LLAVE2_15,SP,ALIM2_244,SET2_32,250,1,2025
RED AEREA,SED2_09212,LLAVE2_19,SP,ALIM2_116,SET2_32,160,1,2025
RED SUBTERRANEA,SED2_01424,LLAVE2_19,SP,ALIM2_397,SET2_08,400,1,2025
FUSIBLE,SED2_06236,LLAVE2_19,SP,ALIM2_227,SET2_45,160,1,2025
RED AEREA,SED2_03597,LLAVE2_15,SP,ALIM2_021,SET2_32,160,1,2025
RED SUBTERRANEA,SED2_01843,LLAVE2_09,SP,ALIM2_068,SET2_32,250,1,2025
RED SUBTERRANEA,SED2_01843,LLAVE2_15,SP,ALIM2_068,SET2_32,250,1,2025
RED SUBTERRANEA,SED2_05172,LLAVE2_19,SP,ALIM2_068,SET2_32,250,1,2025
RED AEREA,SED2_00418,LLAVE2_09,SP,ALIM2_202,SET2_29,160,1,2025
RED AEREA,SED2_04404,LLAVE2_19,SP,ALIM2_048,SET2_29,160,1,2025
RED AEREA,SED2_04404,LLAVE2_09,SP,ALIM2_048,SET2_29,160,1,2025
RED SUBTERRANEA,SED2_07069,LLAVE2_19,SP,ALIM2_427,SET2_06,250,1,2025
RED SUBTERRANEA,SED2_07069,LLAVE2_09,SP,ALIM2_427,SET2_06,250,1,2025
LLAVE,SED2_07069,LLAVE2_15,SP,ALIM2_427,SET2_06,250,1,2025
RED SUBTERRANEA,SED2_07069,LLAVE2_15,SP,ALIM2_427,SET2_06,250,1,2025
RED SUBTERRANEA,SED2_05134,LLAVE2_19,SP,ALIM2_022,SET2_43,400,1,2025
RED AEREA,SED2_09355,LLAVE2_09,SP,ALIM2_389,SET2_28,160,1,2025
RED AEREA,SED2_09930,LLAVE2_09,SP,ALIM2_219,SET2_10,160,1,2025
RED AEREA,SED2_06847,LLAVE2_19,SP,ALIM2_117,SET2_10,100,1,2025
LLAVE,SED2_06847,LLAVE2_09,SP,ALIM2_117,SET2_10,100,1,2025
RED AEREA,SED2_06847,LLAVE2_09,SP,ALIM2_117,SET2_10,100,1,2025
RED AEREA,SED2_00260,LLAVE2_09,SP,ALIM2_117,SET2_10,100,1,2025
RED SUBTERRANEA,SED2_02672,LLAVE2_19,SP,ALIM2_279,SET2_17,400,1,2025
RED AEREA,SED2_07003,LLAVE2_19,SP,ALIM2_117,SET2_10,250,1,2025
RED AEREA,SED2_09727,LLAVE2_09,SP,ALIM2_231,SET2_43,50,1,2025
LLAVE,SED2_06655,LLAVE2_19,SP,ALIM2_474,SET2_02,100,1,2025
RED AEREA,SED2_06655,LLAVE2_19,SP,ALIM2_474,SET2_02,100,1,2025
RED AEREA,SED2_01695,LLAVE2_19,SP,ALIM2_369,SET2_28,160,1,2025
RED AEREA,SED2_01695,LLAVE2_09,SP,ALIM2_369,SET2_28,160,1,2025
RED SUBTERRANEA,SED2_02494,LLAVE2_21,SP,ALIM2_263,SET2_31,250,1,2025
RED AEREA,SED2_07023,LLAVE2_09,SP,ALIM2_100,SET2_12,100,1,2025
RED SUBTERRANEA,SED2_01751,LLAVE2_19,SP,ALIM2_100,SET2_12,400,1,2025
RED AEREA,SED2_08569,LLAVE2_15,SP,ALIM2_124,SET2_32,250,1,2025
RED AEREA,SED2_09625,LLAVE2_19,SP,ALIM2_030,SET2_41,160,1,2025
RED AEREA,SED2_09625,LLAVE2_15,SP,ALIM2_030,SET2_41,160,1,2025
RED AEREA,SED2_02881,LLAVE2_09,SP,SIN DATA,SIN DATA,SIN DATA,1,2025
RED SUBTERRANEA,SED2_03613,LLAVE2_15,SP,ALIM2_022,SET2_43,250,1,2025
RED SUBTERRANEA,SED2_07613,LLAVE2_15,SP,ALIM2_199,SET2_36,250,1,2025
RED AEREA,SED2_00437,LLAVE2_09,SP,ALIM2_053,SET2_12,160,1,2025
RED AEREA,SED2_00195,LLAVE2_19,SP,ALIM2_194,SET2_35,160,1,2025
RED AEREA,SED2_08029,LLAVE2_19,SP,ALIM2_194,SET2_35,160,1,2025
RED AEREA,SED2_08029,LLAVE2_09,SP,ALIM2_194,SET2_35,160,1,2025
RED AEREA,SED2_08029,LLAVE2_15,SP,ALIM2_194,SET2_35,160,1,2025
RED AEREA,SED2_01493,LLAVE2_09,SP,ALIM2_216,SET2_45,50,1,2025
RED AEREA,SED2_02288,LLAVE2_15,SP,ALIM2_097,SET2_33,100,1,2025
RED SUBTERRANEA,SED2_02288,LLAVE2_15,SP,ALIM2_097,SET2_33,100,1,2025
RED AEREA,SED2_04602,LLAVE2_19,SP,ALIM2_341,SET2_35,160,1,2025
RED AEREA,SED2_04602,LLAVE2_09,SP,ALIM2_341,SET2_35,160,1,2025
RED AEREA,SED2_05586,LLAVE2_09,SP,ALIM2_341,SET2_35,160,1,2025
RED AEREA,SED2_02883,LLAVE2_09,SP,ALIM2_341,SET2_35,160,1,2025
RED SUBTERRANEA,SED2_00777,LLAVE2_09,SP,ALIM2_241,SET2_35,100,1,2025
RED AEREA,SED2_05076,LLAVE2_09,SP,ALIM2_096,SET2_03,160,1,2025
RED AEREA,SED2_05076,LLAVE2_15,SP,ALIM2_096,SET2_03,160,1,2025
RED AEREA,SED2_08349,LLAVE2_19,SP,ALIM2_013,SET2_09,160,1,2025
RED SUBTERRANEA,SED2_08349,LLAVE2_19,SP,ALIM2_013,SET2_09,160,1,2025
LLAVE,SED2_04761,LLAVE2_19,SP,ALIM2_053,SET2_12,160,1,2025
RED AEREA,SED2_04761,LLAVE2_19,SP,ALIM2_053,SET2_12,160,1,2025
RED SUBTERRANEA,SED2_04761,LLAVE2_19,SP,ALIM2_053,SET2_12,160,1,2025
RED SUBTERRANEA,SED2_04761,LLAVE2_09,SP,ALIM2_053,SET2_12,160,1,2025
RED SUBTERRANEA,SED2_01248,LLAVE2_15,SP,ALIM2_431,SET2_36,250,1,2025
RED SUBTERRANEA,SED2_05885,LLAVE2_15,SP,ALIM2_353,SET2_40,250,1,2025
RED SUBTERRANEA,SED2_06493,LLAVE2_09,SP,ALIM2_177,SET2_08,250,1,2025
FUSIBLE,SED2_06493,LLAVE2_15,SP,ALIM2_177,SET2_08,250,1,2025
RED AEREA,SED2_07509,LLAVE2_09,SP,ALIM2_170,SET2_25,100,1,2025
RED AEREA,SED2_01547,LLAVE2_19,SP,ALIM2_369,SET2_28,160,1,2025
RED SUBTERRANEA,SED2_07089,LLAVE2_21,SP,ALIM2_244,SET2_32,250,1,2025
FUSIBLE,SED2_05794,LLAVE2_09,SP,ALIM2_357,SET2_29,160,1,2025
RED SUBTERRANEA,SED2_08575,LLAVE2_15,SP,ALIM2_464,SET2_09,250,1,2025
RED SUBTERRANEA,SED2_08575,LLAVE2_21,SP,ALIM2_464,SET2_09,250,1,2025
FUSIBLE,SED2_01935,LLAVE2_19,SP,ALIM2_357,SET2_29,100,1,2025
RED SUBTERRANEA,SED2_02932,LLAVE2_15,SP,ALIM2_001,SET2_36,250,1,2025
RED SUBTERRANEA,SED2_00167,LLAVE2_19,SP,ALIM2_393,SET2_17,400,1,2025
RED SUBTERRANEA,SED2_03146,LLAVE2_19,SP,ALIM2_150,SET2_16,250,1,2025
RED AEREA,SED2_01654,LLAVE2_09,SP,ALIM2_413,SET2_13,250,1,2025
RED SUBTERRANEA,SED2_05835,LLAVE2_19,SP,ALIM2_105,SET2_09,250,1,2025
RED SUBTERRANEA,SED2_05835,LLAVE2_21,SP,ALIM2_105,SET2_09,250,1,2025
RED SUBTERRANEA,SED2_03588,LLAVE2_09,SP,ALIM2_027,SET2_41,100,1,2025
RED AEREA,SED2_08580,LLAVE2_19,SP,ALIM2_369,SET2_28,100,1,2025
RED AEREA,SED2_08580,LLAVE2_09,SP,ALIM2_369,SET2_28,100,1,2025
RED AEREA,SED2_05870,LLAVE2_15,SP,ALIM2_064,SET2_01,250,1,2025
RED SUBTERRANEA,SED2_05870,LLAVE2_15,SP,ALIM2_064,SET2_01,250,1,2025
RED AEREA,SED2_03846,LLAVE2_09,SP,ALIM2_369,SET2_28,100,1,2025
RED AEREA,SED2_04579,LLAVE2_09,SP,SIN DATA,SIN DATA,SIN DATA,1,2025
FUSIBLE,SED2_07607,LLAVE2_19,SP,ALIM2_357,SET2_29,100,1,2025
RED SUBTERRANEA,SED2_01886,LLAVE2_09,SP,ALIM2_456,SET2_13,160,1,2025
RED SUBTERRANEA,SED2_06579,LLAVE2_21,SP,ALIM2_006,SET2_08,250,1,2025
RED AEREA,SED2_07547,LLAVE2_09,SP,ALIM2_464,SET2_09,400,1,2025
RED SUBTERRANEA,SED2_07547,LLAVE2_15,SP,ALIM2_464,SET2_09,400,1,2025
RED AEREA,SED2_06738,LLAVE2_09,SP,ALIM2_357,SET2_29,160,1,2025
RED AEREA,SED2_03022,LLAVE2_09,SP,ALIM2_472,SET2_10,160,1,2025
RED AEREA,SED2_03022,LLAVE2_15,SP,ALIM2_472,SET2_10,160,1,2025
RED SUBTERRANEA,SED2_01641,LLAVE2_09,SP,ALIM2_412,SET2_08,160,1,2025
RED SUBTERRANEA,SED2_05894,LLAVE2_21,SP,ALIM2_075,SET2_36,250,1,2025
RED AEREA,SED2_07143,LLAVE2_15,SP,ALIM2_312,SET2_09,250,1,2025
FUSIBLE,SED2_00451,LLAVE2_09,SP,ALIM2_337,SET2_38,250,1,2025
RED SUBTERRANEA,SED2_00451,LLAVE2_09,SP,ALIM2_337,SET2_38,250,1,2025
RED SUBTERRANEA,SED2_00451,LLAVE2_15,SP,ALIM2_337,SET2_38,250,1,2025
RED AEREA,SED2_05735,LLAVE2_19,SP,ALIM2_472,SET2_10,400,1,2025
RED AEREA,SED2_00784,LLAVE2_19,SP,ALIM2_472,SET2_10,250,1,2025
RED AEREA,SED2_00784,LLAVE2_09,SP,ALIM2_472,SET2_10,250,1,2025
RED SUBTERRANEA,SED2_07542,LLAVE2_09,SP,ALIM2_400,SET2_15,630,1,2025
RED SUBTERRANEA,SED2_02401,LLAVE2_09,SP,ALIM2_389,SET2_28,75,1,2025
FUSIBLE,SED2_02816,LLAVE2_15,SP,ALIM2_387,SET2_26,400,1,2025
RED SUBTERRANEA,SED2_04692,LLAVE2_14,SP,ALIM2_310,SET2_40,400,1,2025
LLAVE,SED2_00104,LLAVE2_15,SP,ALIM2_244,SET2_32,250,1,2025
RED SUBTERRANEA,SED2_03529,LLAVE2_21,SP,ALIM2_244,SET2_32,250,1,2025
RED SUBTERRANEA,SED2_01753,LLAVE2_19,SP,ALIM2_129,SET2_02,400,1,2025
FUSIBLE,SED2_01753,LLAVE2_21,SP,ALIM2_129,SET2_02,400,1,2025
RED SUBTERRANEA,SED2_01753,LLAVE2_21,SP,ALIM2_129,SET2_02,400,1,2025
RED AEREA,SED2_08994,LLAVE2_15,SP,ALIM2_037,SET2_23,160,1,2025
RED AEREA,SED2_01596,LLAVE2_19,SP,ALIM2_037,SET2_23,160,1,2025
RED AEREA,SED2_01596,LLAVE2_09,SP,ALIM2_037,SET2_23,160,1,2025
RED AEREA,SED2_01596,LLAVE2_15,SP,ALIM2_037,SET2_23,160,1,2025
RED SUBTERRANEA,SED2_05717,LLAVE2_09,SP,ALIM2_233,SET2_41,320,1,2025
RED SUBTERRANEA,SED2_02365,LLAVE2_15,SP,ALIM2_037,SET2_23,100,1,2025
RED AEREA,SED2_05086,LLAVE2_19,SP,ALIM2_255,SET2_21,100,1,2025
RED AEREA,SED2_03424,LLAVE2_19,SP,ALIM2_265,SET2_33,10,1,2025
RED SUBTERRANEA,SED2_08752,LLAVE2_09,SP,ALIM2_322,SET2_13,400,1,2025
RED SUBTERRANEA,SED2_08752,LLAVE2_15,SP,ALIM2_322,SET2_13,400,1,2025
RED SUBTERRANEA,SED2_06125,LLAVE2_09,SP,ALIM2_333,SET2_09,250,1,2025
RED SUBTERRANEA,SED2_06125,LLAVE2_15,SP,ALIM2_333,SET2_09,250,1,2025
RED SUBTERRANEA,SED2_06125,LLAVE2_21,SP,ALIM2_333,SET2_09,250,1,2025
RED AEREA,SED2_01622,LLAVE2_19,SP,ALIM2_389,SET2_28,40,1,2025
RED AEREA,SED2_03184,LLAVE2_15,SP,ALIM2_328,SET2_23,160,1,2025
RED SUBTERRANEA,SED2_03272,LLAVE2_19,SP,ALIM2_164,SET2_16,160,1,2025
RED AEREA,SED2_03272,LLAVE2_09,SP,ALIM2_164,SET2_16,160,1,2025
RED SUBTERRANEA,SED2_03272,LLAVE2_15,SP,ALIM2_164,SET2_16,160,1,2025
RED SUBTERRANEA,SED2_03272,LLAVE2_21,SP,ALIM2_164,SET2_16,160,1,2025
RED SUBTERRANEA,SED2_00235,LLAVE2_19,SP,ALIM2_041,SET2_30,100,1,2025
FUSIBLE,SED2_01529,LLAVE2_09,SP,ALIM2_100,SET2_12,250,1,2025
RED SUBTERRANEA,SED2_09817,LLAVE2_21,SP,ALIM2_376,SET2_15,400,1,2025
RED AEREA,SED2_01192,LLAVE2_19,SP,ALIM2_194,SET2_35,100,1,2025
RED AEREA,SED2_06406,LLAVE2_19,SP,ALIM2_194,SET2_35,100,1,2025
RED AEREA,SED2_07806,LLAVE2_09,SP,ALIM2_055,SET2_35,100,1,2025
RED AEREA,SED2_05263,LLAVE2_19,SP,ALIM2_194,SET2_35,100,1,2025
RED AEREA,SED2_05263,LLAVE2_09,SP,ALIM2_194,SET2_35,100,1,2025
RED AEREA,SED2_01351,LLAVE2_19,SP,ALIM2_402,SET2_10,160,1,2025
RED SUBTERRANEA,SED2_01351,LLAVE2_09,SP,ALIM2_402,SET2_10,160,1,2025
RED AEREA,SED2_04191,LLAVE2_21,SP,ALIM2_333,SET2_09,630,1,2025
RED SUBTERRANEA,SED2_04191,LLAVE2_21,SP,ALIM2_333,SET2_09,630,1,2025
RED AEREA,SED2_00012,LLAVE2_19,SP,ALIM2_060,SET2_32,250,1,2025
RED AEREA,SED2_09576,LLAVE2_19,SP,ALIM2_308,SET2_29,160,1,2025
LLAVE,SED2_09576,LLAVE2_09,SP,ALIM2_308,SET2_29,160,1,2025
RED SUBTERRANEA,SED2_09576,LLAVE2_09,SP,ALIM2_308,SET2_29,160,1,2025
RED AEREA,SED2_01634,LLAVE2_19,SP,ALIM2_267,SET2_23,100,1,2025
RED AEREA,SED2_01634,LLAVE2_09,SP,ALIM2_267,SET2_23,100,1,2025
RED AEREA,SED2_04514,LLAVE2_19,SP,ALIM2_267,SET2_23,160,1,2025
RED AEREA,SED2_01556,LLAVE2_19,SP,ALIM2_194,SET2_35,100,1,2025
RED SUBTERRANEA,SED2_08281,LLAVE2_19,SP,ALIM2_031,SET2_21,250,1,2025
RED SUBTERRANEA,SED2_07665,LLAVE2_09,SP,ALIM2_031,SET2_21,160,1,2025
LLAVE,SED2_05613,LLAVE2_09,SP,ALIM2_053,SET2_12,160,1,2025
RED AEREA,SED2_05613,LLAVE2_09,SP,ALIM2_053,SET2_12,160,1,2025
RED AEREA,SED2_05613,LLAVE2_15,SP,ALIM2_053,SET2_12,160,1,2025
RED AEREA,SED2_04696,LLAVE2_19,SP,ALIM2_306,SET2_12,250,1,2025
RED AEREA,SED2_04696,LLAVE2_09,SP,ALIM2_306,SET2_12,250,1,2025
RED SUBTERRANEA,SED2_04696,LLAVE2_09,SP,ALIM2_306,SET2_12,250,1,2025
RED SUBTERRANEA,SED2_04696,LLAVE2_15,SP,ALIM2_306,SET2_12,250,1,2025
RED AEREA,SED2_04696,LLAVE2_21,SP,ALIM2_306,SET2_12,250,1,2025
RED SUBTERRANEA,SED2_01187,LLAVE2_09,SP,ALIM2_392,SET2_08,250,1,2025
RED SUBTERRANEA,SED2_08981,LLAVE2_09,SP,ALIM2_245,SET2_04,100,1,2025
FUSIBLE,SED2_09181,LLAVE2_09,SP,ALIM2_310,SET2_40,160,1,2025
RED AEREA,SED2_07396,LLAVE2_09,SP,ALIM2_310,SET2_40,160,1,2025
RED SUBTERRANEA,SED2_07396,LLAVE2_09,SP,ALIM2_310,SET2_40,160,1,2025
RED AEREA,SED2_01786,LLAVE2_09,SP,ALIM2_408,SET2_36,630,1,2025
RED SUBTERRANEA,SED2_01786,LLAVE2_15,SP,ALIM2_408,SET2_36,630,1,2025
RED SUBTERRANEA,SED2_02634,LLAVE2_15,SP,ALIM2_031,SET2_21,250,1,2025
RED SUBTERRANEA,SED2_08903,LLAVE2_19,SP,ALIM2_077,SET2_40,320,1,2025
RED SUBTERRANEA,SED2_08903,LLAVE2_09,SP,ALIM2_077,SET2_40,320,1,2025
RED SUBTERRANEA,SED2_06730,LLAVE2_21,SP,ALIM2_442,SET2_17,250,1,2025
RED AEREA,SED2_01969,LLAVE2_15,SP,ALIM2_246,SET2_21,50,1,2025
RED AEREA,SED2_05505,LLAVE2_09,SP,ALIM2_436,SET2_23,100,1,2025
RED SUBTERRANEA,SED2_05505,LLAVE2_09,SP,ALIM2_436,SET2_23,100,1,2025
RED SUBTERRANEA,SED2_05505,LLAVE2_21,SP,ALIM2_436,SET2_23,100,1,2025
RED AEREA,SED2_03085,LLAVE2_09,SP,ALIM2_361,SET2_23,160,1,2025
RED SUBTERRANEA,SED2_07938,LLAVE2_19,SP,ALIM2_022,SET2_43,400,1,2025
RED AEREA,SED2_07938,LLAVE2_21,SP,ALIM2_022,SET2_43,400,1,2025
RED SUBTERRANEA,SED2_07938,LLAVE2_21,SP,ALIM2_022,SET2_43,400,1,2025
FUSIBLE,SED2_06286,LLAVE2_15,SP,ALIM2_112,SET2_35,160,1,2025
RED AEREA,SED2_05016,LLAVE2_19,SP,ALIM2_101,SET2_33,160,1,2025
RED AEREA,SED2_00480,LLAVE2_19,SP,ALIM2_097,SET2_33,50,1,2025
RED AEREA,SED2_02428,LLAVE2_19,SP,ALIM2_117,SET2_10,100,1,2025
RED AEREA,SED2_05459,LLAVE2_19,SP,ALIM2_356,SET2_31,160,1,2025
RED AEREA,SED2_09241,LLAVE2_19,SP,ALIM2_263,SET2_31,250,1,2025
RED AEREA,SED2_09241,LLAVE2_09,SP,ALIM2_263,SET2_31,250,1,2025
RED AEREA,SED2_01245,LLAVE2_19,SP,ALIM2_428,SET2_17,160,1,2025
RED AEREA,SED2_08728,LLAVE2_19,SP,ALIM2_359,SET2_45,160,1,2025
RED SUBTERRANEA,SED2_06713,LLAVE2_19,SP,ALIM2_359,SET2_45,100,1,2025
RED AEREA,SED2_05388,LLAVE2_19,SP,ALIM2_341,SET2_35,160,1,2025
RED SUBTERRANEA,SED2_02361,LLAVE2_15,SP,ALIM2_014,SET2_41,250,1,2025
RED AEREA,SED2_05326,LLAVE2_19,SP,ALIM2_055,SET2_35,250,1,2025
RED AEREA,SED2_02999,LLAVE2_09,SP,ALIM2_055,SET2_35,100,1,2025
RED AEREA,SED2_04373,LLAVE2_19,SP,ALIM2_055,SET2_35,160,1,2025
RED AEREA,SED2_04373,LLAVE2_09,SP,ALIM2_055,SET2_35,160,1,2025
RED SUBTERRANEA,SED2_08143,LLAVE2_15,SP,ALIM2_259,SET2_15,250,1,2025
RED AEREA,SED2_09418,LLAVE2_09,SP,ALIM2_082,SET2_03,250,1,2025
RED AEREA,SED2_03756,LLAVE2_19,SP,ALIM2_068,SET2_32,250,1,2025
RED AEREA,SED2_03783,LLAVE2_09,SP,ALIM2_251,SET2_40,160,1,2025
RED SUBTERRANEA,SED2_04202,LLAVE2_09,SP,ALIM2_224,SET2_45,250,1,2025
RED SUBTERRANEA,SED2_01366,LLAVE2_09,SP,ALIM2_224,SET2_45,250,1,2025
RED AEREA,SED2_04952,LLAVE2_19,SP,ALIM2_279,SET2_17,250,1,2025
RED AEREA,SED2_02812,LLAVE2_19,SP,ALIM2_182,SET2_09,400,1,2025
RED AEREA,SED2_02812,LLAVE2_14,SP,ALIM2_182,SET2_09,400,1,2025
RED SUBTERRANEA,SED2_02667,LLAVE2_09,SP,ALIM2_387,SET2_26,250,1,2025
RED AEREA,SED2_04037,LLAVE2_09,SP,ALIM2_317,SET2_04,160,1,2025
RED AEREA,SED2_06567,LLAVE2_19,SP,ALIM2_073,SET2_21,100,1,2025
RED AEREA,SED2_07202,LLAVE2_19,SP,ALIM2_011,SET2_17,400,1,2025
RED AEREA,SED2_07202,LLAVE2_09,SP,ALIM2_011,SET2_17,400,1,2025
RED AEREA,SED2_07202,LLAVE2_13,SP,ALIM2_011,SET2_17,400,1,2025
RED SUBTERRANEA,SED2_06468,LLAVE2_19,SP,ALIM2_297,SET2_33,250,1,2025
RED SUBTERRANEA,SED2_06468,LLAVE2_21,SP,ALIM2_297,SET2_33,250,1,2025
RED AEREA,SED2_03820,LLAVE2_19,SP,ALIM2_068,SET2_32,100,1,2025
RED AEREA,SED2_01396,LLAVE2_19,AP,ALIM2_481,SET2_12,100,1,2025
RED AEREA,SED2_03965,LLAVE2_09,SP,ALIM2_024,SET2_40,100,1,2025
RED AEREA,SED2_08418,LLAVE2_09,SP,ALIM2_086,SET2_33,100,1,2025
RED SUBTERRANEA,SED2_00909,LLAVE2_09,SP,ALIM2_224,SET2_45,100,1,2025
RED SUBTERRANEA,SED2_07889,LLAVE2_09,SP,ALIM2_183,SET2_12,160,1,2025
RED SUBTERRANEA,SED2_00491,LLAVE2_09,SP,ALIM2_189,SET2_09,100,1,2025
LLAVE,SED2_05248,LLAVE2_15,SP,ALIM2_042,SET2_06,100,1,2025
RED AEREA,SED2_09445,LLAVE2_19,SP,ALIM2_318,SET2_33,160,1,2025
RED AEREA,SED2_09445,LLAVE2_09,SP,ALIM2_318,SET2_33,160,1,2025
RED AEREA,SED2_02581,LLAVE2_19,SP,ALIM2_255,SET2_21,250,1,2025
RED SUBTERRANEA,SED2_02581,LLAVE2_15,SP,ALIM2_255,SET2_21,250,1,2025
RED SUBTERRANEA,SED2_04204,LLAVE2_19,SP,ALIM2_255,SET2_21,160,1,2025
RED AEREA,SED2_00338,LLAVE2_15,SP,ALIM2_255,SET2_21,250,1,2025
RED AEREA,SED2_03406,LLAVE2_09,SP,ALIM2_031,SET2_21,160,1,2025
RED AEREA,SED2_07484,LLAVE2_19,SP,SIN DATA,SIN DATA,SIN DATA,1,2025
FUSIBLE,SED2_07262,LLAVE2_19,SP,ALIM2_357,SET2_29,100,1,2025
RED AEREA,SED2_07658,LLAVE2_19,SP,ALIM2_227,SET2_45,250,1,2025
RED AEREA,SED2_07658,LLAVE2_09,SP,ALIM2_227,SET2_45,250,1,2025
RED SUBTERRANEA,SED2_08688,LLAVE2_21,SP,ALIM2_333,SET2_09,400,1,2025
LLAVE,SED2_08489,LLAVE2_19,SP,ALIM2_481,SET2_12,250,1,2025
RED AEREA,SED2_04610,LLAVE2_19,SP,ALIM2_067,SET2_35,50,1,2025
RED AEREA,SED2_04610,LLAVE2_09,SP,ALIM2_067,SET2_35,50,1,2025
RED SUBTERRANEA,SED2_00303,LLAVE2_19,SP,ALIM2_086,SET2_33,250,1,2025
RED AEREA,SED2_00303,LLAVE2_09,SP,ALIM2_086,SET2_33,250,1,2025
RED SUBTERRANEA,SED2_00303,LLAVE2_09,SP,ALIM2_086,SET2_33,250,1,2025
RED AEREA,SED2_00026,LLAVE2_19,SP,ALIM2_312,SET2_09,250,1,2025
RED AEREA,SED2_09790,LLAVE2_15,SP,ALIM2_099,SET2_31,250,1,2025
RED AEREA,SED2_04560,LLAVE2_09,SP,ALIM2_068,SET2_32,160,1,2025
RED AEREA,SED2_04560,LLAVE2_15,SP,ALIM2_068,SET2_32,160,1,2025
RED AEREA,SED2_06428,LLAVE2_19,AP,ALIM2_219,SET2_10,100,1,2025
RED AEREA,SED2_06428,LLAVE2_19,SP,ALIM2_219,SET2_10,100,1,2025
RED AEREA,SED2_07262,LLAVE2_09,SP,ALIM2_357,SET2_29,100,1,2025
RED AEREA,SED2_02712,LLAVE2_09,SP,ALIM2_357,SET2_29,100,1,2025
RED AEREA,SED2_06770,LLAVE2_19,SP,ALIM2_472,SET2_10,100,1,2025
RED AEREA,SED2_05206,LLAVE2_15,SP,ALIM2_481,SET2_12,160,1,2025
FUSIBLE,SED2_01362,LLAVE2_19,SP,ALIM2_373,SET2_17,250,1,2025
RED AEREA,SED2_05846,LLAVE2_19,SP,ALIM2_481,SET2_12,50,1,2025
RED AEREA,SED2_07744,LLAVE2_19,SP,ALIM2_402,SET2_10,100,1,2025
RED AEREA,SED2_02048,LLAVE2_09,SP,ALIM2_402,SET2_10,100,1,2025
RED AEREA,SED2_01932,LLAVE2_19,SP,ALIM2_060,SET2_32,100,1,2025
RED SUBTERRANEA,SED2_09691,LLAVE2_09,SP,ALIM2_052,SET2_32,100,1,2025
RED SUBTERRANEA,SED2_01853,LLAVE2_09,SP,ALIM2_217,SET2_35,100,1,2025
RED SUBTERRANEA,SED2_01853,LLAVE2_15,SP,ALIM2_217,SET2_35,100,1,2025
RED AEREA,SED2_04489,LLAVE2_09,SP,ALIM2_031,SET2_21,400,1,2025
RED AEREA,SED2_04489,LLAVE2_15,SP,ALIM2_031,SET2_21,400,1,2025
RED SUBTERRANEA,SED2_01241,LLAVE2_09,SP,ALIM2_037,SET2_23,160,1,2025
RED SUBTERRANEA,SED2_02187,LLAVE2_15,SP,ALIM2_037,SET2_23,250,1,2025
RED AEREA,SED2_07780,LLAVE2_19,SP,ALIM2_465,SET2_28,250,1,2025
RED AEREA,SED2_07870,LLAVE2_09,SP,ALIM2_465,SET2_28,250,1,2025
RED SUBTERRANEA,SED2_07870,LLAVE2_21,SP,ALIM2_465,SET2_28,250,1,2025
RED AEREA,SED2_02612,LLAVE2_09,SP,ALIM2_132,SET2_12,160,1,2025
RED AEREA,SED2_02612,LLAVE2_15,SP,ALIM2_132,SET2_12,160,1,2025
RED SUBTERRANEA,SED2_08710,LLAVE2_19,SP,ALIM2_132,SET2_12,160,1,2025
RED SUBTERRANEA,SED2_08710,LLAVE2_15,SP,ALIM2_132,SET2_12,160,1,2025
RED AEREA,SED2_04007,LLAVE2_19,SP,ALIM2_474,SET2_02,100,1,2025
RED SUBTERRANEA,SED2_03970,LLAVE2_09,SP,ALIM2_157,SET2_09,400,1,2025
RED AEREA,SED2_01204,LLAVE2_19,SP,ALIM2_374,SET2_13,100,1,2025
RED SUBTERRANEA,SED2_08429,LLAVE2_15,SP,ALIM2_043,SET2_41,160,1,2025
RED AEREA,SED2_09110,LLAVE2_19,SP,ALIM2_096,SET2_03,250,1,2025
RED AEREA,SED2_08791,LLAVE2_19,SP,ALIM2_474,SET2_02,50,1,2025
RED SUBTERRANEA,SED2_06466,LLAVE2_19,SP,ALIM2_371,SET2_02,250,1,2025
RED AEREA,SED2_06158,LLAVE2_19,SP,ALIM2_114,SET2_06,400,1,2025
RED SUBTERRANEA,SED2_02273,LLAVE2_19,SP,ALIM2_306,SET2_12,400,1,2025
RED SUBTERRANEA,SED2_02273,LLAVE2_15,SP,ALIM2_306,SET2_12,400,1,2025
RED SUBTERRANEA,SED2_01044,LLAVE2_19,SP,ALIM2_304,SET2_02,250,1,2025
RED SUBTERRANEA,SED2_07657,LLAVE2_09,SP,ALIM2_052,SET2_32,630,1,2025
RED SUBTERRANEA,SED2_01304,LLAVE2_15,SP,ALIM2_052,SET2_32,250,1,2025
RED SUBTERRANEA,SED2_09667,LLAVE2_09,SP,ALIM2_304,SET2_02,250,1,2025
RED SUBTERRANEA,SED2_06091,LLAVE2_09,SP,ALIM2_304,SET2_02,250,1,2025
RED AEREA,SED2_05018,LLAVE2_19,SP,ALIM2_238,SET2_36,160,1,2025
RED SUBTERRANEA,SED2_06378,LLAVE2_19,SP,ALIM2_236,SET2_38,400,1,2025
RED AEREA,SED2_05204,LLAVE2_21,SP,ALIM2_254,SET2_31,160,1,2025
RED AEREA,SED2_07494,LLAVE2_19,AP,ALIM2_481,SET2_12,100,1,2025
RED AEREA,SED2_01759,LLAVE2_19,SP,ALIM2_481,SET2_12,50,1,2025
RED AEREA,SED2_03681,LLAVE2_09,SP,ALIM2_482,SET2_02,160,1,2025
RED SUBTERRANEA,SED2_05700,LLAVE2_19,SP,ALIM2_055,SET2_35,100,1,2025
RED SUBTERRANEA,SED2_07532,LLAVE2_19,SP,ALIM2_389,SET2_28,160,1,2025
RED AEREA,SED2_07532,LLAVE2_15,SP,ALIM2_389,SET2_28,160,1,2025
RED AEREA,SED2_06884,LLAVE2_19,SP,ALIM2_389,SET2_28,400,1,2025
RED AEREA,SED2_00714,LLAVE2_15,SP,ALIM2_389,SET2_28,250,1,2025
RED AEREA,SED2_04434,LLAVE2_21,SP,ALIM2_389,SET2_28,400,1,2025
RED AEREA,SED2_05886,LLAVE2_19,SP,ALIM2_389,SET2_28,160,1,2025
RED AEREA,SED2_09893,LLAVE2_15,SP,ALIM2_389,SET2_28,250,1,2025
RED AEREA,SED2_01282,LLAVE2_09,SP,ALIM2_389,SET2_28,160,1,2025
RED AEREA,SED2_03371,LLAVE2_19,SP,ALIM2_472,SET2_10,160,1,2025
RED AEREA,SED2_06193,LLAVE2_19,SP,ALIM2_097,SET2_33,160,1,2025
RED AEREA,SED2_03375,LLAVE2_19,SP,ALIM2_097,SET2_33,100,1,2025
RED AEREA,SED2_06231,LLAVE2_09,SP,ALIM2_097,SET2_33,160,1,2025
RED AEREA,SED2_04589,LLAVE2_19,SP,ALIM2_097,SET2_33,100,1,2025
RED AEREA,SED2_04589,LLAVE2_14,SP,ALIM2_097,SET2_33,100,1,2025
RED AEREA,SED2_08277,LLAVE2_21,SP,ALIM2_403,SET2_31,100,1,2025
RED AEREA,SED2_08919,LLAVE2_15,SP,ALIM2_403,SET2_31,250,1,2025
RED AEREA,SED2_04785,LLAVE2_19,SP,ALIM2_267,SET2_23,100,1,2025
RED SUBTERRANEA,SED2_03837,LLAVE2_15,SP,ALIM2_064,SET2_01,160,1,2025
RED SUBTERRANEA,SED2_00138,LLAVE2_19,SP,ALIM2_096,SET2_03,250,1,2025
RED AEREA,SED2_00138,LLAVE2_09,SP,ALIM2_096,SET2_03,250,1,2025
RED AEREA,SED2_09185,LLAVE2_19,SP,ALIM2_241,SET2_35,100,1,2025
RED SUBTERRANEA,SED2_04876,LLAVE2_19,SP,ALIM2_316,SET2_23,160,1,2025
RED AEREA,SED2_04876,LLAVE2_09,SP,ALIM2_316,SET2_23,160,1,2025
RED AEREA,SED2_07044,LLAVE2_19,SP,ALIM2_055,SET2_35,160,1,2025
RED AEREA,SED2_01035,LLAVE2_19,SP,ALIM2_316,SET2_23,160,1,2025
RED SUBTERRANEA,SED2_09532,LLAVE2_19,SP,ALIM2_149,SET2_45,160,1,2025
RED AEREA,SED2_00887,LLAVE2_19,SP,ALIM2_205,SET2_22,50,1,2025
RED AEREA,SED2_08849,LLAVE2_09,SP,ALIM2_388,SET2_13,100,1,2025
RED AEREA,SED2_09095,LLAVE2_09,SP,ALIM2_413,SET2_13,100,1,2025
RED AEREA,SED2_02878,LLAVE2_19,SP,ALIM2_413,SET2_13,160,1,2025
FUSIBLE,SED2_07602,LLAVE2_09,SP,SIN DATA,SIN DATA,SIN DATA,1,2025
RED SUBTERRANEA,SED2_07602,LLAVE2_15,SP,SIN DATA,SIN DATA,SIN DATA,1,2025
RED SUBTERRANEA,SED2_04888,LLAVE2_15,SP,ALIM2_381,SET2_45,250,1,2025
RED SUBTERRANEA,SED2_00524,LLAVE2_19,SP,ALIM2_031,SET2_21,160,1,2025
RED AEREA,SED2_00820,LLAVE2_19,SP,ALIM2_419,SET2_26,100,1,2025
RED AEREA,SED2_05025,LLAVE2_09,SP,ALIM2_419,SET2_26,100,1,2025
RED AEREA,SED2_07835,LLAVE2_15,SP,ALIM2_419,SET2_26,160,1,2025
RED SUBTERRANEA,SED2_07835,LLAVE2_15,SP,ALIM2_419,SET2_26,160,1,2025
RED AEREA,SED2_02315,LLAVE2_19,SP,ALIM2_124,SET2_32,250,1,2025
RED AEREA,SED2_02315,LLAVE2_09,SP,ALIM2_124,SET2_32,250,1,2025
RED AEREA,SED2_06217,LLAVE2_19,SP,ALIM2_060,SET2_32,160,1,2025
RED AEREA,SED2_08169,LLAVE2_09,SP,ALIM2_312,SET2_09,100,1,2025
RED AEREA,SED2_03342,LLAVE2_09,SP,ALIM2_124,SET2_32,160,1,2025
RED AEREA,SED2_02928,LLAVE2_19,SP,SIN DATA,SIN DATA,SIN DATA,1,2025
LLAVE,SED2_06361,LLAVE2_09,SP,ALIM2_413,SET2_13,100,1,2025
RED AEREA,SED2_09026,LLAVE2_19,SP,ALIM2_470,SET2_02,100,1,2025
RED AEREA,SED2_09026,LLAVE2_15,SP,ALIM2_470,SET2_02,100,1,2025
RED AEREA,SED2_04896,LLAVE2_19,SP,ALIM2_374,SET2_13,160,1,2025
RED AEREA,SED2_08606,LLAVE2_19,SP,ALIM2_099,SET2_31,160,1,2025
RED AEREA,SED2_08606,LLAVE2_21,SP,ALIM2_099,SET2_31,160,1,2025
RED AEREA,SED2_09344,LLAVE2_09,SP,ALIM2_312,SET2_09,100,1,2025
RED SUBTERRANEA,SED2_09344,LLAVE2_09,SP,ALIM2_312,SET2_09,100,1,2025
RED AEREA,SED2_01036,LLAVE2_09,SP,ALIM2_095,SET2_28,250,1,2025
RED AEREA,SED2_04209,LLAVE2_19,SP,ALIM2_031,SET2_21,250,1,2025
RED SUBTERRANEA,SED2_05347,LLAVE2_19,SP,ALIM2_481,SET2_12,160,1,2025
RED AEREA,SED2_09845,LLAVE2_09,SP,ALIM2_204,SET2_02,160,1,2025
RED AEREA,SED2_09201,LLAVE2_15,SP,ALIM2_160,SET2_33,100,1,2025
RED AEREA,SED2_07050,LLAVE2_09,SP,ALIM2_403,SET2_31,400,1,2025
RED AEREA,SED2_05642,LLAVE2_09,SP,ALIM2_403,SET2_31,250,1,2025
RED AEREA,SED2_01933,LLAVE2_09,SP,ALIM2_360,SET2_06,250,1,2025
RED SUBTERRANEA,SED2_05619,LLAVE2_21,SP,ALIM2_360,SET2_06,250,1,2025
RED SUBTERRANEA,SED2_00304,LLAVE2_15,SP,ALIM2_169,SET2_06,250,1,2025
FUSIBLE,SED2_00352,LLAVE2_19,SP,ALIM2_169,SET2_06,250,1,2025
RED SUBTERRANEA,SED2_00352,LLAVE2_09,SP,ALIM2_169,SET2_06,250,1,2025
RED AEREA,SED2_00942,LLAVE2_19,SP,ALIM2_360,SET2_06,250,1,2025
FUSIBLE,SED2_03192,LLAVE2_09,SP,ALIM2_169,SET2_06,160,1,2025
RED SUBTERRANEA,SED2_03192,LLAVE2_09,SP,ALIM2_169,SET2_06,160,1,2025
RED SUBTERRANEA,SED2_06387,LLAVE2_19,SP,ALIM2_169,SET2_06,250,1,2025
RED AEREA,SED2_06387,LLAVE2_09,SP,ALIM2_169,SET2_06,250,1,2025
RED SUBTERRANEA,SED2_06387,LLAVE2_09,SP,ALIM2_169,SET2_06,250,1,2025
FUSIBLE,SED2_06387,LLAVE2_15,SP,ALIM2_169,SET2_06,250,1,2025
LLAVE,SED2_07008,LLAVE2_09,SP,ALIM2_169,SET2_06,250,1,2025
RED AEREA,SED2_07820,LLAVE2_19,SP,ALIM2_360,SET2_06,250,1,2025
RED SUBTERRANEA,SED2_07820,LLAVE2_19,SP,ALIM2_360,SET2_06,250,1,2025
RED AEREA,SED2_07058,LLAVE2_19,SP,ALIM2_360,SET2_06,250,1,2025
FUSIBLE,SED2_07058,LLAVE2_15,SP,ALIM2_360,SET2_06,250,1,2025
RED AEREA,SED2_07058,LLAVE2_14,SP,ALIM2_360,SET2_06,250,1,2025
RED SUBTERRANEA,SED2_04041,LLAVE2_19,SP,ALIM2_183,SET2_12,160,1,2025
RED AEREA,SED2_04041,LLAVE2_09,SP,ALIM2_183,SET2_12,160,1,2025
RED SUBTERRANEA,SED2_04041,LLAVE2_09,SP,ALIM2_183,SET2_12,160,1,2025
RED AEREA,SED2_04041,LLAVE2_15,SP,ALIM2_183,SET2_12,160,1,2025
RED AEREA,SED2_04041,LLAVE2_21,SP,ALIM2_183,SET2_12,160,1,2025
RED SUBTERRANEA,SED2_04041,LLAVE2_21,SP,ALIM2_183,SET2_12,160,1,2025
RED AEREA,SED2_08892,LLAVE2_09,SP,ALIM2_183,SET2_12,160,1,2025
RED SUBTERRANEA,SED2_08892,LLAVE2_09,SP,ALIM2_183,SET2_12,160,1,2025
RED AEREA,SED2_08892,LLAVE2_15,SP,ALIM2_183,SET2_12,160,1,2025
RED AEREA,SED2_08097,LLAVE2_15,SP,ALIM2_132,SET2_12,100,1,2025
RED AEREA,SED2_00830,LLAVE2_19,SP,ALIM2_025,SET2_13,100,1,2025
RED AEREA,SED2_09192,LLAVE2_19,SP,ALIM2_025,SET2_13,160,1,2025
RED AEREA,SED2_00277,LLAVE2_09,SP,ALIM2_025,SET2_13,160,1,2025
RED AEREA,SED2_06031,LLAVE2_19,SP,ALIM2_004,SET2_31,100,1,2025
RED AEREA,SED2_04349,LLAVE2_09,SP,ALIM2_097,SET2_33,100,1,2025
RED AEREA,SED2_05473,LLAVE2_09,SP,ALIM2_310,SET2_40,100,1,2025
RED SUBTERRANEA,SED2_08165,LLAVE2_09,SP,ALIM2_474,SET2_02,160,1,2025
RED AEREA,SED2_07673,LLAVE2_19,SP,ALIM2_160,SET2_33,50,1,2025
RED AEREA,SED2_06526,LLAVE2_09,SP,ALIM2_046,SET2_23,100,1,2025
RED AEREA,SED2_06526,LLAVE2_15,SP,ALIM2_046,SET2_23,100,1,2025
FUSIBLE,SED2_09129,LLAVE2_19,SP,ALIM2_043,SET2_41,250,1,2025
RED AEREA,SED2_03556,LLAVE2_15,SP,ALIM2_077,SET2_40,250,1,2025
RED SUBTERRANEA,SED2_06955,LLAVE2_19,SP,ALIM2_388,SET2_13,250,1,2025
RED AEREA,SED2_06955,LLAVE2_09,SP,ALIM2_388,SET2_13,250,1,2025
RED AEREA,SED2_06955,LLAVE2_21,SP,ALIM2_388,SET2_13,250,1,2025
RED AEREA,SED2_02077,LLAVE2_19,SP,ALIM2_388,SET2_13,250,1,2025
RED AEREA,SED2_09237,LLAVE2_09,SP,ALIM2_416,SET2_33,100,1,2025
RED AEREA,SED2_09240,LLAVE2_19,SP,ALIM2_160,SET2_33,100,1,2025
RED AEREA,SED2_05381,LLAVE2_19,SP,ALIM2_388,SET2_13,100,1,2025
RED AEREA,SED2_06105,LLAVE2_09,SP,ALIM2_388,SET2_13,250,1,2025
RED AEREA,SED2_08043,LLAVE2_19,SP,ALIM2_025,SET2_13,100,1,2025
RED AEREA,SED2_08043,LLAVE2_09,SP,ALIM2_025,SET2_13,100,1,2025
LLAVE,SED2_08043,LLAVE2_15,SP,ALIM2_025,SET2_13,100,1,2025
RED SUBTERRANEA,SED2_03485,LLAVE2_09,SP,ALIM2_025,SET2_13,160,1,2025
RED AEREA,SED2_03485,LLAVE2_15,SP,ALIM2_025,SET2_13,160,1,2025
RED SUBTERRANEA,SED2_03485,LLAVE2_15,SP,ALIM2_025,SET2_13,160,1,2025
RED SUBTERRANEA,SED2_06996,LLAVE2_15,SP,ALIM2_025,SET2_13,100,1,2025
RED AEREA,SED2_04946,LLAVE2_15,SP,ALIM2_025,SET2_13,160,1,2025
RED AEREA,SED2_08934,LLAVE2_19,SP,ALIM2_025,SET2_13,250,1,2025
RED AEREA,SED2_08934,LLAVE2_09,SP,ALIM2_025,SET2_13,250,1,2025
RED AEREA,SED2_08934,LLAVE2_15,SP,ALIM2_025,SET2_13,250,1,2025
RED AEREA,SED2_02563,LLAVE2_15,SP,ALIM2_025,SET2_13,100,1,2025
LLAVE,SED2_06956,LLAVE2_19,SP,SIN DATA,SIN DATA,SIN DATA,1,2025
RED AEREA,SED2_01612,LLAVE2_09,SP,ALIM2_160,SET2_33,100,1,2025
RED AEREA,SED2_06041,LLAVE2_19,SP,ALIM2_092,SET2_13,250,1,2025
RED AEREA,SED2_06041,LLAVE2_21,SP,ALIM2_092,SET2_13,250,1,2025
RED AEREA,SED2_02956,LLAVE2_19,SP,ALIM2_092,SET2_13,250,1,2025
RED AEREA,SED2_02956,LLAVE2_21,SP,ALIM2_092,SET2_13,250,1,2025
RED AEREA,SED2_01528,LLAVE2_19,SP,ALIM2_324,SET2_13,100,1,2025
RED SUBTERRANEA,SED2_02086,LLAVE2_19,SP,ALIM2_459,SET2_13,100,1,2025
RED SUBTERRANEA,SED2_02086,LLAVE2_09,SP,ALIM2_459,SET2_13,100,1,2025
RED SUBTERRANEA,SED2_02779,LLAVE2_09,SP,ALIM2_459,SET2_13,160,1,2025
RED SUBTERRANEA,SED2_02898,LLAVE2_19,SP,ALIM2_459,SET2_13,50,1,2025
RED AEREA,SED2_04146,LLAVE2_09,SP,ALIM2_324,SET2_13,100,1,2025
RED AEREA,SED2_08639,LLAVE2_19,SP,ALIM2_324,SET2_13,250,1,2025
RED SUBTERRANEA,SED2_08647,LLAVE2_15,SP,ALIM2_091,SET2_15,400,1,2025
RED AEREA,SED2_01906,LLAVE2_19,SP,ALIM2_459,SET2_13,100,1,2025
RED AEREA,SED2_00290,LLAVE2_09,SP,ALIM2_324,SET2_13,160,1,2025
RED AEREA,SED2_00034,LLAVE2_19,SP,ALIM2_241,SET2_35,100,1,2025
RED AEREA,SED2_00034,LLAVE2_09,SP,ALIM2_241,SET2_35,100,1,2025
RED AEREA,SED2_00034,LLAVE2_15,SP,ALIM2_241,SET2_35,100,1,2025
RED AEREA,SED2_09306,LLAVE2_15,SP,ALIM2_255,SET2_21,250,1,2025
RED AEREA,SED2_04114,LLAVE2_09,SP,ALIM2_097,SET2_33,100,1,2025
RED AEREA,SED2_01887,LLAVE2_19,SP,ALIM2_202,SET2_29,100,1,2025
RED AEREA,SED2_02830,LLAVE2_19,SP,ALIM2_093,SET2_21,50,1,2025
RED AEREA,SED2_02275,LLAVE2_19,SP,ALIM2_377,SET2_27,400,1,2025
RED SUBTERRANEA,SED2_02275,LLAVE2_19,SP,ALIM2_377,SET2_27,400,1,2025
RED AEREA,SED2_00204,LLAVE2_19,SP,ALIM2_267,SET2_23,100,1,2025
RED AEREA,SED2_00204,LLAVE2_09,SP,ALIM2_267,SET2_23,100,1,2025
RED SUBTERRANEA,SED2_00029,LLAVE2_09,SP,ALIM2_042,SET2_06,50,1,2025
RED AEREA,SED2_00004,LLAVE2_09,SP,ALIM2_061,SET2_41,100,1,2025
RED AEREA,SED2_00982,LLAVE2_19,SP,ALIM2_114,SET2_06,250,1,2025
RED AEREA,SED2_05196,LLAVE2_09,SP,ALIM2_208,SET2_13,100,1,2025
RED AEREA,SED2_00989,LLAVE2_19,SP,ALIM2_057,SET2_22,100,1,2025
RED AEREA,SED2_04390,LLAVE2_19,SP,ALIM2_035,SET2_09,100,1,2025
RED AEREA,SED2_04390,LLAVE2_09,SP,ALIM2_035,SET2_09,100,1,2025
RED AEREA,SED2_00228,LLAVE2_09,SP,ALIM2_097,SET2_33,160,1,2025
RED AEREA,SED2_09140,LLAVE2_19,SP,ALIM2_280,SET2_24,10,1,2025
RED AEREA,SED2_09707,LLAVE2_15,SP,ALIM2_280,SET2_24,40,1,2025
RED AEREA,SED2_05132,LLAVE2_19,SP,ALIM2_162,SET2_37,50,1,2025
RED SUBTERRANEA,SED2_08576,LLAVE2_19,SP,ALIM2_420,SET2_21,75,1,2025
RED SUBTERRANEA,SED2_08576,LLAVE2_09,SP,ALIM2_420,SET2_21,75,1,2025
RED AEREA,SED2_07963,LLAVE2_09,SP,ALIM2_267,SET2_23,160,1,2025
RED SUBTERRANEA,SED2_07963,LLAVE2_09,SP,ALIM2_267,SET2_23,160,1,2025
RED SUBTERRANEA,SED2_00158,LLAVE2_21,SP,ALIM2_020,SET2_46,275,1,2025
RED AEREA,SED2_02304,LLAVE2_19,SP,ALIM2_055,SET2_35,100,1,2025
RED AEREA,SED2_02304,LLAVE2_09,SP,ALIM2_055,SET2_35,100,1,2025
RED SUBTERRANEA,SED2_02304,LLAVE2_15,SP,ALIM2_055,SET2_35,100,1,2025
RED AEREA,SED2_08582,LLAVE2_09,SP,ALIM2_263,SET2_31,50,1,2025
RED AEREA,SED2_03392,LLAVE2_19,SP,ALIM2_263,SET2_31,100,1,2025
RED SUBTERRANEA,SED2_03392,LLAVE2_19,SP,ALIM2_263,SET2_31,100,1,2025
RED AEREA,SED2_03392,LLAVE2_09,SP,ALIM2_263,SET2_31,100,1,2025
RED SUBTERRANEA,SED2_03392,LLAVE2_09,SP,ALIM2_263,SET2_31,100,1,2025
RED AEREA,SED2_04841,LLAVE2_19,SP,ALIM2_022,SET2_43,160,1,2025
LLAVE,SED2_04841,LLAVE2_09,SP,ALIM2_022,SET2_43,160,1,2025
FUSIBLE,SED2_06004,LLAVE2_15,SP,ALIM2_373,SET2_17,250,1,2025
RED SUBTERRANEA,SED2_08189,LLAVE2_15,SP,ALIM2_150,SET2_16,400,1,2025
LLAVE,SED2_01127,LLAVE2_09,SP,ALIM2_100,SET2_12,250,1,2025
RED AEREA,SED2_01127,LLAVE2_09,SP,ALIM2_100,SET2_12,250,1,2025
RED SUBTERRANEA,SED2_06796,LLAVE2_19,SP,ALIM2_402,SET2_10,160,1,2025
RED SUBTERRANEA,SED2_06796,LLAVE2_09,SP,ALIM2_402,SET2_10,160,1,2025
RED AEREA,SED2_09438,LLAVE2_09,SP,ALIM2_328,SET2_23,250,1,2025
RED AEREA,SED2_01082,LLAVE2_21,SP,ALIM2_328,SET2_23,250,1,2025
RED SUBTERRANEA,SED2_01884,LLAVE2_19,SP,ALIM2_088,SET2_06,160,1,2025
RED SUBTERRANEA,SED2_05385,LLAVE2_19,SP,ALIM2_470,SET2_02,160,1,2025
RED AEREA,SED2_05385,LLAVE2_09,SP,ALIM2_470,SET2_02,160,1,2025
RED AEREA,SED2_00715,LLAVE2_19,SP,ALIM2_233,SET2_41,160,1,2025
RED AEREA,SED2_06375,LLAVE2_19,SP,ALIM2_241,SET2_35,100,1,2025
RED AEREA,SED2_08588,LLAVE2_09,SP,ALIM2_305,SET2_33,100,1,2025
RED SUBTERRANEA,SED2_08588,LLAVE2_21,SP,ALIM2_305,SET2_33,100,1,2025
RED AEREA,SED2_07825,LLAVE2_09,SP,ALIM2_305,SET2_33,100,1,2025
RED AEREA,SED2_04299,LLAVE2_09,SP,ALIM2_318,SET2_33,100,1,2025
RED AEREA,SED2_03105,LLAVE2_09,SP,ALIM2_318,SET2_33,100,1,2025
RED AEREA,SED2_04471,LLAVE2_19,SP,ALIM2_042,SET2_06,50,1,2025
RED AEREA,SED2_06340,LLAVE2_19,SP,ALIM2_042,SET2_06,160,1,2025
RED AEREA,SED2_06340,LLAVE2_09,SP,ALIM2_042,SET2_06,160,1,2025
RED SUBTERRANEA,SED2_09462,LLAVE2_19,SP,ALIM2_065,SET2_17,250,1,2025
RED AEREA,SED2_02268,LLAVE2_19,SP,ALIM2_363,SET2_12,250,1,2025
RED AEREA,SED2_02268,LLAVE2_09,SP,ALIM2_363,SET2_12,250,1,2025
RED AEREA,SED2_02268,LLAVE2_21,SP,ALIM2_363,SET2_12,250,1,2025
RED SUBTERRANEA,SED2_04163,LLAVE2_15,SP,ALIM2_403,SET2_31,400,1,2025
RED SUBTERRANEA,SED2_04163,LLAVE2_21,SP,ALIM2_403,SET2_31,400,1,2025
RED AEREA,SED2_08282,LLAVE2_19,SP,ALIM2_421,SET2_10,50,1,2025
RED AEREA,SED2_01584,LLAVE2_19,SP,ALIM2_237,SET2_33,160,1,2025
RED AEREA,SED2_02646,LLAVE2_19,SP,ALIM2_219,SET2_10,100,1,2025
RED SUBTERRANEA,SED2_02763,LLAVE2_19,SP,ALIM2_065,SET2_17,630,1,2025
RED SUBTERRANEA,SED2_01567,LLAVE2_19,SP,ALIM2_062,SET2_06,250,1,2025
RED AEREA,SED2_01567,LLAVE2_09,SP,ALIM2_062,SET2_06,250,1,2025
RED SUBTERRANEA,SED2_01420,LLAVE2_15,SP,ALIM2_455,SET2_08,400,1,2025
LLAVE,SED2_07242,LLAVE2_09,SP,SIN DATA,SIN DATA,SIN DATA,1,2025
RED SUBTERRANEA,SED2_07242,LLAVE2_09,SP,ALIM2_065,SET2_17,250,1,2025
RED SUBTERRANEA,SED2_05963,LLAVE2_09,SP,ALIM2_355,SET2_30,100,1,2025
RED AEREA,SED2_08680,LLAVE2_09,SP,ALIM2_208,SET2_13,100,1,2025
RED SUBTERRANEA,SED2_03098,LLAVE2_09,SP,ALIM2_238,SET2_36,250,1,2025
LLAVE,SED2_03098,LLAVE2_15,SP,ALIM2_238,SET2_36,250,1,2025
RED AEREA,SED2_03098,LLAVE2_15,SP,ALIM2_238,SET2_36,250,1,2025
RED SUBTERRANEA,SED2_09276,LLAVE2_09,SP,ALIM2_083,SET2_23,160,1,2025
RED SUBTERRANEA,SED2_03284,LLAVE2_15,SP,ALIM2_267,SET2_23,160,1,2025
RED SUBTERRANEA,SED2_05463,LLAVE2_19,SP,ALIM2_016,SET2_36,250,1,2025
RED AEREA,SED2_02693,LLAVE2_09,SP,ALIM2_092,SET2_13,100,1,2025
RED AEREA,SED2_04329,LLAVE2_09,SP,ALIM2_208,SET2_13,160,1,2025
RED AEREA,SED2_05199,LLAVE2_09,SP,ALIM2_092,SET2_13,100,1,2025
RED AEREA,SED2_08494,LLAVE2_19,SP,ALIM2_208,SET2_13,100,1,2025
RED AEREA,SED2_09210,LLAVE2_19,SP,ALIM2_284,SET2_32,160,1,2025
RED AEREA,SED2_09210,LLAVE2_15,SP,ALIM2_284,SET2_32,160,1,2025
RED SUBTERRANEA,SED2_09210,LLAVE2_21,SP,ALIM2_284,SET2_32,160,1,2025
RED AEREA,SED2_04313,LLAVE2_19,SP,ALIM2_208,SET2_13,100,1,2025
RED AEREA,SED2_04313,LLAVE2_09,SP,ALIM2_208,SET2_13,100,1,2025
RED AEREA,SED2_03136,LLAVE2_09,SP,ALIM2_135,SET2_43,160,1,2025
RED SUBTERRANEA,SED2_05251,LLAVE2_19,SP,ALIM2_202,SET2_29,100,1,2025
RED AEREA,SED2_03648,LLAVE2_15,SP,ALIM2_227,SET2_45,100,1,2025
RED AEREA,SED2_02374,LLAVE2_19,SP,ALIM2_227,SET2_45,400,1,2025
RED AEREA,SED2_02374,LLAVE2_15,SP,ALIM2_227,SET2_45,400,1,2025
RED AEREA,SED2_06705,LLAVE2_19,SP,ALIM2_312,SET2_09,100,1,2025
RED AEREA,SED2_08868,LLAVE2_19,SP,ALIM2_382,SET2_13,250,1,2025
RED AEREA,SED2_00475,LLAVE2_09,SP,ALIM2_183,SET2_12,100,1,2025
FUSIBLE,SED2_00743,LLAVE2_09,SP,ALIM2_161,SET2_04,160,1,2025
RED AEREA,SED2_00243,LLAVE2_19,SP,ALIM2_241,SET2_35,50,1,2025
RED AEREA,SED2_00243,LLAVE2_09,SP,ALIM2_241,SET2_35,50,1,2025
RED AEREA,SED2_04616,LLAVE2_09,SP,ALIM2_180,SET2_17,100,1,2025
RED SUBTERRANEA,SED2_02399,LLAVE2_21,SP,ALIM2_164,SET2_16,400,1,2025
RED SUBTERRANEA,SED2_01847,LLAVE2_09,SP,ALIM2_042,SET2_06,100,1,2025
RED SUBTERRANEA,SED2_05641,LLAVE2_09,SP,ALIM2_042,SET2_06,75,1,2025
RED SUBTERRANEA,SED2_03797,LLAVE2_19,SP,ALIM2_042,SET2_06,100,1,2025
RED AEREA,SED2_03797,LLAVE2_09,SP,ALIM2_042,SET2_06,100,1,2025
RED AEREA,SED2_07760,LLAVE2_19,SP,ALIM2_204,SET2_02,100,1,2025
FUSIBLE,SED2_04147,LLAVE2_09,SP,ALIM2_244,SET2_32,160,1,2025
RED AEREA,SED2_04147,LLAVE2_09,SP,ALIM2_244,SET2_32,160,1,2025
RED AEREA,SED2_00527,LLAVE2_19,SP,ALIM2_068,SET2_32,250,1,2025
RED AEREA,SED2_00527,LLAVE2_15,SP,ALIM2_068,SET2_32,250,1,2025
RED AEREA,SED2_01260,LLAVE2_09,SP,ALIM2_470,SET2_02,100,1,2025
RED AEREA,SED2_07185,LLAVE2_19,SP,ALIM2_037,SET2_23,100,1,2025
RED SUBTERRANEA,SED2_07847,LLAVE2_19,SP,ALIM2_323,SET2_40,40,1,2025
RED AEREA,SED2_04456,LLAVE2_19,SP,ALIM2_158,SET2_33,160,1,2025
RED AEREA,SED2_02295,LLAVE2_09,SP,ALIM2_237,SET2_33,160,1,2025
RED AEREA,SED2_06450,LLAVE2_19,SP,ALIM2_328,SET2_23,160,1,2025
RED AEREA,SED2_06450,LLAVE2_15,SP,ALIM2_328,SET2_23,160,1,2025
RED AEREA,SED2_06382,LLAVE2_19,SP,ALIM2_328,SET2_23,160,1,2025
RED AEREA,SED2_06382,LLAVE2_09,SP,ALIM2_328,SET2_23,160,1,2025
RED AEREA,SED2_04226,LLAVE2_09,SP,ALIM2_328,SET2_23,50,1,2025
RED AEREA,SED2_00961,LLAVE2_09,SP,ALIM2_204,SET2_02,160,1,2025
RED AEREA,SED2_00961,LLAVE2_21,SP,ALIM2_204,SET2_02,160,1,2025
RED AEREA,SED2_09271,LLAVE2_19,SP,SIN DATA,SIN DATA,SIN DATA,1,2025
RED SUBTERRANEA,SED2_06612,LLAVE2_19,SP,ALIM2_263,SET2_31,100,1,2025
RED AEREA,SED2_01836,LLAVE2_15,SP,ALIM2_132,SET2_12,100,1,2025
RED AEREA,SED2_01891,LLAVE2_19,SP,ALIM2_183,SET2_12,50,1,2025
FUSIBLE,SED2_01891,LLAVE2_09,SP,ALIM2_183,SET2_12,50,1,2025
RED AEREA,SED2_02370,LLAVE2_19,SP,ALIM2_340,SET2_02,160,1,2025
RED AEREA,SED2_02370,LLAVE2_09,SP,ALIM2_340,SET2_02,160,1,2025
RED SUBTERRANEA,SED2_06295,LLAVE2_15,SP,ALIM2_055,SET2_35,250,1,2025
RED SUBTERRANEA,SED2_09122,LLAVE2_09,SP,ALIM2_169,SET2_06,100,1,2025
RED AEREA,SED2_02519,LLAVE2_09,SP,ALIM2_344,SET2_31,250,1,2025
RED SUBTERRANEA,SED2_08038,LLAVE2_09,SP,ALIM2_355,SET2_30,100,1,2025
RED AEREA,SED2_04219,LLAVE2_19,SP,ALIM2_227,SET2_45,50,1,2025
RED AEREA,SED2_09308,LLAVE2_09,SP,ALIM2_108,SET2_22,160,1,2025
RED AEREA,SED2_00220,LLAVE2_19,SP,ALIM2_210,SET2_40,160,1,2025
RED AEREA,SED2_00220,LLAVE2_09,SP,ALIM2_210,SET2_40,160,1,2025
RED SUBTERRANEA,SED2_07350,LLAVE2_19,SP,ALIM2_230,SET2_08,250,1,2025
RED AEREA,SED2_07181,LLAVE2_19,SP,ALIM2_121,SET2_21,100,1,2025
RED AEREA,SED2_01047,LLAVE2_09,SP,ALIM2_024,SET2_40,100,1,2025
RED SUBTERRANEA,SED2_08960,LLAVE2_09,SP,ALIM2_369,SET2_28,160,1,2025
RED AEREA,SED2_01062,LLAVE2_19,SP,ALIM2_210,SET2_40,160,1,2025
RED AEREA,SED2_01062,LLAVE2_09,SP,ALIM2_210,SET2_40,160,1,2025
RED SUBTERRANEA,SED2_03859,LLAVE2_19,SP,ALIM2_121,SET2_21,100,1,2025
RED AEREA,SED2_00297,LLAVE2_19,SP,ALIM2_121,SET2_21,100,1,2025
FUSIBLE,SED2_08902,LLAVE2_19,SP,ALIM2_121,SET2_21,100,1,2025
FUSIBLE,SED2_08287,LLAVE2_15,SP,ALIM2_296,SET2_23,75,1,2025
RED SUBTERRANEA,SED2_00703,LLAVE2_21,SP,ALIM2_296,SET2_23,75,1,2025
RED SUBTERRANEA,SED2_05898,LLAVE2_19,SP,ALIM2_296,SET2_23,50,1,2025
RED SUBTERRANEA,SED2_09421,LLAVE2_09,SP,ALIM2_296,SET2_23,100,1,2025
RED SUBTERRANEA,SED2_08362,LLAVE2_09,SP,ALIM2_296,SET2_23,65,1,2025
FUSIBLE,SED2_01710,LLAVE2_19,SP,ALIM2_296,SET2_23,75,1,2025
RED SUBTERRANEA,SED2_03634,LLAVE2_15,SP,ALIM2_296,SET2_23,100,1,2025
RED AEREA,SED2_00876,LLAVE2_19,SP,ALIM2_296,SET2_23,100,1,2025
RED SUBTERRANEA,SED2_00876,LLAVE2_09,SP,ALIM2_296,SET2_23,100,1,2025
RED SUBTERRANEA,SED2_06500,LLAVE2_15,SP,ALIM2_464,SET2_09,160,1,2025
RED SUBTERRANEA,SED2_01707,LLAVE2_09,SP,ALIM2_296,SET2_23,100,1,2025
RED SUBTERRANEA,SED2_03247,LLAVE2_15,SP,ALIM2_296,SET2_23,100,1,2025
RED SUBTERRANEA,SED2_04372,LLAVE2_09,SP,ALIM2_296,SET2_23,100,1,2025
RED SUBTERRANEA,SED2_05049,LLAVE2_15,SP,ALIM2_296,SET2_23,160,1,2025
RED AEREA,SED2_04380,LLAVE2_09,SP,ALIM2_403,SET2_31,160,1,2025
RED SUBTERRANEA,SED2_04993,LLAVE2_19,SP,ALIM2_464,SET2_09,250,1,2025
RED SUBTERRANEA,SED2_04993,LLAVE2_09,SP,ALIM2_464,SET2_09,250,1,2025
RED SUBTERRANEA,SED2_08646,LLAVE2_21,SP,ALIM2_155,SET2_02,400,1,2025
RED SUBTERRANEA,SED2_04899,LLAVE2_09,SP,ALIM2_305,SET2_33,100,1,2025
RED SUBTERRANEA,SED2_07147,LLAVE2_19,SP,ALIM2_246,SET2_21,250,1,2025
RED AEREA,SED2_09243,LLAVE2_09,SP,ALIM2_241,SET2_35,100,1,2025
RED AEREA,SED2_08067,LLAVE2_09,SP,ALIM2_097,SET2_33,100,1,2025
RED AEREA,SED2_05953,LLAVE2_19,SP,ALIM2_097,SET2_33,100,1,2025
RED AEREA,SED2_04491,LLAVE2_19,SP,ALIM2_101,SET2_33,160,1,2025
RED SUBTERRANEA,SED2_04491,LLAVE2_19,SP,ALIM2_101,SET2_33,160,1,2025
RED AEREA,SED2_08684,LLAVE2_09,SP,ALIM2_101,SET2_33,100,1,2025
RED AEREA,SED2_07351,LLAVE2_19,SP,ALIM2_470,SET2_02,100,1,2025
RED AEREA,SED2_09295,LLAVE2_19,SP,ALIM2_470,SET2_02,160,1,2025
RED SUBTERRANEA,SED2_02743,LLAVE2_19,SP,ALIM2_482,SET2_02,160,1,2025
RED AEREA,SED2_02743,LLAVE2_09,SP,ALIM2_482,SET2_02,160,1,2025
RED AEREA,SED2_02743,LLAVE2_15,SP,ALIM2_482,SET2_02,160,1,2025
RED AEREA,SED2_04585,LLAVE2_09,SP,ALIM2_482,SET2_02,160,1,2025
LLAVE,SED2_03479,LLAVE2_09,SP,ALIM2_482,SET2_02,160,1,2025
RED AEREA,SED2_07368,LLAVE2_19,SP,ALIM2_482,SET2_02,250,1,2025
RED AEREA,SED2_04430,LLAVE2_09,SP,ALIM2_241,SET2_35,40,1,2025
RED AEREA,SED2_06325,LLAVE2_19,SP,ALIM2_361,SET2_23,50,1,2025
FUSIBLE,SED2_03194,LLAVE2_19,SP,ALIM2_093,SET2_21,250,1,2025
RED SUBTERRANEA,SED2_03194,LLAVE2_19,SP,ALIM2_093,SET2_21,250,1,2025
RED SUBTERRANEA,SED2_08087,LLAVE2_09,SP,ALIM2_353,SET2_40,400,1,2025
RED SUBTERRANEA,SED2_09247,LLAVE2_19,SP,SIN DATA,SIN DATA,SIN DATA,1,2025
RED SUBTERRANEA,SED2_03702,LLAVE2_19,SP,ALIM2_069,SET2_41,250,1,2025
RED AEREA,SED2_05434,LLAVE2_19,SP,ALIM2_204,SET2_02,100,1,2025
RED AEREA,SED2_02324,LLAVE2_19,SP,ALIM2_481,SET2_12,250,1,2025
RED AEREA,SED2_02324,LLAVE2_09,SP,ALIM2_481,SET2_12,250,1,2025
RED AEREA,SED2_02324,LLAVE2_15,SP,ALIM2_481,SET2_12,250,1,2025
RED AEREA,SED2_05756,LLAVE2_09,SP,ALIM2_481,SET2_12,50,1,2025
FUSIBLE,SED2_01826,LLAVE2_19,SP,ALIM2_263,SET2_31,400,1,2025
RED AEREA,SED2_04263,LLAVE2_19,SP,ALIM2_112,SET2_35,40,1,2025
RED AEREA,SED2_04263,LLAVE2_09,SP,ALIM2_112,SET2_35,40,1,2025
RED AEREA,SED2_04335,LLAVE2_09,SP,ALIM2_160,SET2_33,50,1,2025
RED AEREA,SED2_03345,LLAVE2_09,SP,ALIM2_237,SET2_33,50,1,2025
RED AEREA,SED2_05236,LLAVE2_19,SP,ALIM2_117,SET2_10,100,1,2025
RED AEREA,SED2_01718,LLAVE2_19,SP,ALIM2_057,SET2_22,100,1,2025
FUSIBLE,SED2_07994,LLAVE2_19,SP,ALIM2_475,SET2_36,100,1,2025
RED AEREA,SED2_04009,LLAVE2_09,SP,ALIM2_093,SET2_21,100,1,2025
RED AEREA,SED2_08995,LLAVE2_09,SP,ALIM2_093,SET2_21,100,1,2025
RED AEREA,SED2_08995,LLAVE2_15,SP,ALIM2_093,SET2_21,100,1,2025
RED AEREA,SED2_02427,LLAVE2_21,SP,ALIM2_390,SET2_09,160,1,2025
RED AEREA,SED2_01558,LLAVE2_19,SP,ALIM2_189,SET2_09,25,1,2025
LLAVE,SED2_08201,LLAVE2_15,SP,ALIM2_381,SET2_45,100,1,2025
RED AEREA,SED2_04160,LLAVE2_15,SP,ALIM2_328,SET2_23,100,1,2025
RED AEREA,SED2_09274,LLAVE2_19,SP,ALIM2_316,SET2_23,160,1,2025
RED SUBTERRANEA,SED2_06106,LLAVE2_15,SP,ALIM2_129,SET2_02,250,1,2025
RED AEREA,SED2_02694,LLAVE2_09,SP,ALIM2_024,SET2_40,15,1,2025
RED SUBTERRANEA,SED2_02694,LLAVE2_09,SP,ALIM2_024,SET2_40,15,1,2025
RED SUBTERRANEA,SED2_00565,LLAVE2_19,SP,ALIM2_080,SET2_13,100,1,2025
RED SUBTERRANEA,SED2_00565,LLAVE2_09,SP,ALIM2_080,SET2_13,100,1,2025
RED SUBTERRANEA,SED2_00895,LLAVE2_15,SP,ALIM2_199,SET2_36,250,1,2025
RED AEREA,SED2_08685,LLAVE2_15,SP,ALIM2_132,SET2_12,160,1,2025
RED AEREA,SED2_04190,LLAVE2_19,SP,ALIM2_180,SET2_17,100,1,2025
RED SUBTERRANEA,SED2_07677,LLAVE2_09,SP,ALIM2_100,SET2_12,400,1,2025
RED AEREA,SED2_07677,LLAVE2_15,SP,ALIM2_100,SET2_12,400,1,2025
RED AEREA,SED2_01550,LLAVE2_09,SP,ALIM2_053,SET2_12,100,1,2025
RED AEREA,SED2_02332,LLAVE2_15,SP,ALIM2_121,SET2_21,160,1,2025
RED AEREA,SED2_06455,LLAVE2_09,SP,ALIM2_355,SET2_30,160,1,2025
RED SUBTERRANEA,SED2_07952,LLAVE2_21,SP,ALIM2_458,SET2_43,250,1,2025
RED SUBTERRANEA,SED2_05035,LLAVE2_19,SP,ALIM2_217,SET2_35,250,1,2025
LLAVE,SED2_00247,LLAVE2_19,SP,ALIM2_306,SET2_12,100,1,2025
RED AEREA,SED2_00247,LLAVE2_19,SP,ALIM2_306,SET2_12,100,1,2025
RED AEREA,SED2_09316,LLAVE2_09,SP,ALIM2_208,SET2_13,100,1,2025
RED AEREA,SED2_07931,LLAVE2_09,SP,ALIM2_128,SET2_28,250,1,2025
RED SUBTERRANEA,SED2_06596,LLAVE2_09,SP,ALIM2_173,SET2_16,400,1,2025
RED AEREA,SED2_08053,LLAVE2_15,SP,ALIM2_128,SET2_28,160,1,2025
RED SUBTERRANEA,SED2_06469,LLAVE2_15,SP,ALIM2_242,SET2_03,400,1,2025
RED AEREA,SED2_01288,LLAVE2_09,SP,ALIM2_481,SET2_12,250,1,2025
RED AEREA,SED2_06057,LLAVE2_09,SP,ALIM2_481,SET2_12,250,1,2025
RED AEREA,SED2_03001,LLAVE2_19,SP,ALIM2_481,SET2_12,400,1,2025
RED AEREA,SED2_03001,LLAVE2_15,SP,ALIM2_481,SET2_12,400,1,2025
RED AEREA,SED2_01151,LLAVE2_19,SP,ALIM2_013,SET2_09,160,1,2025
RED AEREA,SED2_04906,LLAVE2_21,SP,ALIM2_204,SET2_02,250,1,2025
RED SUBTERRANEA,SED2_01893,LLAVE2_19,SP,ALIM2_204,SET2_02,160,1,2025
FUSIBLE,SED2_01893,LLAVE2_09,SP,ALIM2_204,SET2_02,160,1,2025
RED SUBTERRANEA,SED2_00219,LLAVE2_21,SP,ALIM2_204,SET2_02,160,1,2025
RED AEREA,SED2_00951,LLAVE2_09,SP,ALIM2_481,SET2_12,160,1,2025
RED SUBTERRANEA,SED2_06117,LLAVE2_15,SP,ALIM2_458,SET2_43,160,1,2025
FUSIBLE,SED2_08537,LLAVE2_19,SP,ALIM2_124,SET2_32,250,1,2025
RED AEREA,SED2_08537,LLAVE2_09,SP,ALIM2_124,SET2_32,250,1,2025
RED SUBTERRANEA,SED2_08537,LLAVE2_09,SP,ALIM2_124,SET2_32,250,1,2025
RED AEREA,SED2_03849,LLAVE2_19,SP,ALIM2_472,SET2_10,100,1,2025
RED AEREA,SED2_08076,LLAVE2_15,SP,ALIM2_053,SET2_12,50,1,2025
RED SUBTERRANEA,SED2_06293,LLAVE2_19,SP,ALIM2_421,SET2_10,100,1,2025
RED SUBTERRANEA,SED2_09222,LLAVE2_21,SP,ALIM2_312,SET2_09,160,1,2025
RED AEREA,SED2_02322,LLAVE2_09,SP,ALIM2_328,SET2_23,100,1,2025
RED AEREA,SED2_02322,LLAVE2_21,SP,ALIM2_328,SET2_23,100,1,2025
RED AEREA,SED2_00818,LLAVE2_09,SP,ALIM2_328,SET2_23,50,1,2025
RED AEREA,SED2_03444,LLAVE2_19,SP,ALIM2_244,SET2_32,100,1,2025
RED AEREA,SED2_05151,LLAVE2_09,SP,ALIM2_065,SET2_17,100,1,2025
RED SUBTERRANEA,SED2_07886,LLAVE2_09,SP,SIN DATA,SIN DATA,SIN DATA,1,2025
LLAVE,SED2_07886,LLAVE2_19,SP,ALIM2_439,SET2_08,250,1,2025
RED SUBTERRANEA,SED2_07886,LLAVE2_19,SP,ALIM2_439,SET2_08,250,1,2025
RED SUBTERRANEA,SED2_07886,LLAVE2_09,SP,ALIM2_439,SET2_08,250,1,2025
RED AEREA,SED2_07886,LLAVE2_15,SP,ALIM2_439,SET2_08,250,1,2025
RED SUBTERRANEA,SED2_06089,LLAVE2_19,SP,ALIM2_208,SET2_13,160,1,2025
RED AEREA,SED2_06089,LLAVE2_09,SP,ALIM2_208,SET2_13,160,1,2025
RED AEREA,SED2_05261,LLAVE2_19,SP,ALIM2_231,SET2_43,100,1,2025
RED AEREA,SED2_05450,LLAVE2_19,SP,ALIM2_301,SET2_38,250,1,2025
RED SUBTERRANEA,SED2_05450,LLAVE2_09,SP,ALIM2_301,SET2_38,250,1,2025
RED AEREA,SED2_01598,LLAVE2_15,SP,ALIM2_296,SET2_23,160,1,2025
RED AEREA,SED2_04658,LLAVE2_19,SP,ALIM2_194,SET2_35,400,1,2025
RED SUBTERRANEA,SED2_01725,LLAVE2_15,SP,ALIM2_476,SET2_02,250,1,2025
RED SUBTERRANEA,SED2_01373,LLAVE2_19,SP,ALIM2_199,SET2_36,250,1,2025
RED AEREA,SED2_01412,LLAVE2_09,SP,ALIM2_481,SET2_12,160,1,2025
RED SUBTERRANEA,SED2_01412,LLAVE2_09,SP,ALIM2_481,SET2_12,160,1,2025
RED AEREA,SED2_01243,LLAVE2_19,SP,ALIM2_242,SET2_03,40,1,2025
FUSIBLE,SED2_04406,LLAVE2_09,SP,ALIM2_073,SET2_21,100,1,2025
RED AEREA,SED2_01835,LLAVE2_09,SP,ALIM2_167,SET2_35,100,1,2025
RED AEREA,SED2_00136,LLAVE2_09,SP,ALIM2_421,SET2_10,100,1,2025
RED SUBTERRANEA,SED2_03826,LLAVE2_19,SP,ALIM2_435,SET2_38,250,1,2025
RED SUBTERRANEA,SED2_03826,LLAVE2_09,SP,ALIM2_435,SET2_38,250,1,2025
RED SUBTERRANEA,SED2_00170,LLAVE2_09,SP,ALIM2_205,SET2_22,160,1,2025
RED SUBTERRANEA,SED2_05541,LLAVE2_09,SP,ALIM2_205,SET2_22,100,1,2025
RED SUBTERRANEA,SED2_04127,LLAVE2_09,SP,ALIM2_179,SET2_38,400,1,2025
RED AEREA,SED2_04833,LLAVE2_19,SP,ALIM2_194,SET2_35,15,1,2025
LLAVE,SED2_06476,LLAVE2_09,SP,ALIM2_208,SET2_13,100,1,2025
RED SUBTERRANEA,SED2_04891,LLAVE2_19,SP,ALIM2_381,SET2_45,100,1,2025
RED AEREA,SED2_07398,LLAVE2_19,SP,ALIM2_317,SET2_04,100,1,2025
RED AEREA,SED2_07398,LLAVE2_09,SP,ALIM2_317,SET2_04,100,1,2025
RED SUBTERRANEA,SED2_02368,LLAVE2_19,SP,ALIM2_079,SET2_26,160,1,2025
RED SUBTERRANEA,SED2_08620,LLAVE2_09,SP,ALIM2_204,SET2_02,250,1,2025
RED AEREA,SED2_04644,LLAVE2_09,SP,ALIM2_093,SET2_21,100,1,2025
RED AEREA,SED2_06034,LLAVE2_19,SP,ALIM2_053,SET2_12,100,1,2025
RED AEREA,SED2_05879,LLAVE2_19,SP,ALIM2_053,SET2_12,75,1,2025
RED AEREA,SED2_06403,LLAVE2_19,SP,ALIM2_239,SET2_08,40,1,2025
RED SUBTERRANEA,SED2_01582,LLAVE2_19,SP,ALIM2_458,SET2_43,160,1,2025
RED SUBTERRANEA,SED2_01582,LLAVE2_21,SP,ALIM2_458,SET2_43,160,1,2025
RED AEREA,SED2_07628,LLAVE2_09,SP,ALIM2_093,SET2_21,100,1,2025
FUSIBLE,SED2_07637,LLAVE2_19,SP,ALIM2_336,SET2_02,250,1,2025
RED AEREA,SED2_07637,LLAVE2_19,SP,ALIM2_336,SET2_02,250,1,2025
RED AEREA,SED2_07637,LLAVE2_09,SP,ALIM2_336,SET2_02,250,1,2025
RED SUBTERRANEA,SED2_07704,LLAVE2_15,SP,ALIM2_260,SET2_13,250,1,2025
RED AEREA,SED2_02498,LLAVE2_15,SP,ALIM2_204,SET2_02,100,1,2025
RED AEREA,SED2_08854,LLAVE2_19,SP,ALIM2_306,SET2_12,100,1,2025
RED SUBTERRANEA,SED2_04914,LLAVE2_19,SP,ALIM2_193,SET2_31,100,1,2025
RED AEREA,SED2_01194,LLAVE2_19,SP,ALIM2_241,SET2_35,15,1,2025
RED AEREA,SED2_04487,LLAVE2_19,SP,ALIM2_241,SET2_35,100,1,2025
RED SUBTERRANEA,SED2_04487,LLAVE2_19,SP,ALIM2_241,SET2_35,100,1,2025
RED AEREA,SED2_02366,LLAVE2_19,SP,ALIM2_093,SET2_21,100,1,2025
RED SUBTERRANEA,SED2_05116,LLAVE2_19,SP,ALIM2_072,SET2_23,80,1,2025
RED SUBTERRANEA,SED2_05116,LLAVE2_09,SP,ALIM2_072,SET2_23,80,1,2025
RED AEREA,SED2_06736,LLAVE2_19,SP,ALIM2_072,SET2_23,100,1,2025
RED SUBTERRANEA,SED2_06736,LLAVE2_19,SP,ALIM2_072,SET2_23,100,1,2025
RED SUBTERRANEA,SED2_03110,LLAVE2_19,SP,ALIM2_356,SET2_31,160,1,2025
RED SUBTERRANEA,SED2_03110,LLAVE2_15,SP,ALIM2_356,SET2_31,160,1,2025
RED SUBTERRANEA,SED2_01235,LLAVE2_19,SP,ALIM2_356,SET2_31,250,1,2025
RED SUBTERRANEA,SED2_06506,LLAVE2_19,SP,ALIM2_255,SET2_21,50,1,2025
RED AEREA,SED2_06506,LLAVE2_09,SP,ALIM2_255,SET2_21,50,1,2025
RED SUBTERRANEA,SED2_02978,LLAVE2_15,SP,ALIM2_296,SET2_23,160,1,2025
RED AEREA,SED2_02620,LLAVE2_09,SP,ALIM2_474,SET2_02,160,1,2025
RED AEREA,SED2_00652,LLAVE2_15,SP,ALIM2_482,SET2_02,160,1,2025
RED SUBTERRANEA,SED2_08069,LLAVE2_21,SP,ALIM2_178,SET2_21,250,1,2025
LLAVE,SED2_05355,LLAVE2_19,SP,ALIM2_078,SET2_10,100,1,2025
RED AEREA,SED2_05355,LLAVE2_19,SP,ALIM2_078,SET2_10,100,1,2025
RED SUBTERRANEA,SED2_06381,LLAVE2_09,SP,ALIM2_310,SET2_40,400,1,2025
RED SUBTERRANEA,SED2_06381,LLAVE2_21,SP,ALIM2_310,SET2_40,400,1,2025
RED AEREA,SED2_07719,LLAVE2_09,SP,ALIM2_312,SET2_09,250,1,2025
RED SUBTERRANEA,SED2_07719,LLAVE2_15,SP,ALIM2_312,SET2_09,250,1,2025
RED AEREA,SED2_00646,LLAVE2_09,SP,ALIM2_478,SET2_44,100,1,2025
RED AEREA,SED2_09329,LLAVE2_19,SP,ALIM2_295,SET2_23,100,1,2025
RED AEREA,SED2_06061,LLAVE2_15,SP,ALIM2_025,SET2_13,250,1,2025
RED SUBTERRANEA,SED2_02589,LLAVE2_19,SP,ALIM2_121,SET2_21,160,1,2025
RED SUBTERRANEA,SED2_07623,LLAVE2_19,SP,ALIM2_447,SET2_26,160,1,2025
RED SUBTERRANEA,SED2_09001,LLAVE2_09,SP,ALIM2_076,SET2_13,160,1,2025
RED SUBTERRANEA,SED2_02228,LLAVE2_15,SP,ALIM2_193,SET2_31,250,1,2025
RED SUBTERRANEA,SED2_07809,LLAVE2_15,SP,SIN DATA,SIN DATA,SIN DATA,1,2025
RED SUBTERRANEA,SED2_07809,LLAVE2_09,SP,ALIM2_262,SET2_01,160,1,2025
FUSIBLE,SED2_03101,LLAVE2_19,SP,ALIM2_481,SET2_12,50,1,2025
RED AEREA,SED2_03101,LLAVE2_19,SP,ALIM2_481,SET2_12,50,1,2025
RED AEREA,SED2_03364,LLAVE2_19,SP,ALIM2_318,SET2_33,250,1,2025
RED SUBTERRANEA,SED2_03364,LLAVE2_15,SP,ALIM2_318,SET2_33,250,1,2025
RED AEREA,SED2_06541,LLAVE2_09,SP,ALIM2_481,SET2_12,100,1,2025
RED AEREA,SED2_09653,LLAVE2_19,SP,ALIM2_481,SET2_12,50,1,2025
RED AEREA,SED2_06651,LLAVE2_09,SP,ALIM2_101,SET2_33,160,1,2025
RED SUBTERRANEA,SED2_06651,LLAVE2_09,SP,ALIM2_101,SET2_33,160,1,2025
RED AEREA,SED2_06718,LLAVE2_21,SP,ALIM2_101,SET2_33,160,1,2025
RED AEREA,SED2_05758,LLAVE2_09,SP,ALIM2_101,SET2_33,160,1,2025
RED AEREA,SED2_05758,LLAVE2_15,SP,ALIM2_101,SET2_33,160,1,2025
RED AEREA,SED2_01518,LLAVE2_21,SP,ALIM2_101,SET2_33,160,1,2025
RED AEREA,SED2_09268,LLAVE2_19,SP,ALIM2_158,SET2_33,160,1,2025
RED AEREA,SED2_09268,LLAVE2_15,SP,ALIM2_158,SET2_33,160,1,2025
RED AEREA,SED2_00328,LLAVE2_09,SP,ALIM2_158,SET2_33,160,1,2025
RED AEREA,SED2_00498,LLAVE2_09,SP,ALIM2_158,SET2_33,160,1,2025
RED AEREA,SED2_05618,LLAVE2_09,SP,ALIM2_323,SET2_40,400,1,2025
RED SUBTERRANEA,SED2_05618,LLAVE2_09,SP,ALIM2_323,SET2_40,400,1,2025
RED AEREA,SED2_01481,LLAVE2_09,SP,ALIM2_371,SET2_02,250,1,2025
RED AEREA,SED2_08650,LLAVE2_09,SP,ALIM2_336,SET2_02,400,1,2025
RED SUBTERRANEA,SED2_02501,LLAVE2_09,SP,ALIM2_105,SET2_09,400,1,2025
RED AEREA,SED2_06933,LLAVE2_21,SP,ALIM2_097,SET2_33,160,1,2025
RED SUBTERRANEA,SED2_07117,LLAVE2_15,SP,ALIM2_097,SET2_33,160,1,2025
RED AEREA,SED2_04755,LLAVE2_19,SP,ALIM2_097,SET2_33,160,1,2025
RED SUBTERRANEA,SED2_02390,LLAVE2_09,SP,ALIM2_318,SET2_33,160,1,2025
RED AEREA,SED2_09777,LLAVE2_19,SP,ALIM2_204,SET2_02,160,1,2025
RED AEREA,SED2_08070,LLAVE2_19,SP,ALIM2_204,SET2_02,160,1,2025
LLAVE,SED2_03471,LLAVE2_09,SP,ALIM2_318,SET2_33,100,1,2025
RED AEREA,SED2_05724,LLAVE2_15,SP,ALIM2_318,SET2_33,200,1,2025
RED AEREA,SED2_06559,LLAVE2_19,SP,ALIM2_318,SET2_33,250,1,2025
RED AEREA,SED2_09145,LLAVE2_15,SP,ALIM2_318,SET2_33,160,1,2025
RED AEREA,SED2_03737,LLAVE2_15,SP,ALIM2_373,SET2_17,250,1,2025
RED SUBTERRANEA,SED2_02200,LLAVE2_09,SP,ALIM2_353,SET2_40,250,1,2025
RED AEREA,SED2_03987,LLAVE2_09,SP,ALIM2_363,SET2_12,160,1,2025
RED AEREA,SED2_01685,LLAVE2_19,SP,ALIM2_363,SET2_12,160,1,2025
RED AEREA,SED2_06749,LLAVE2_19,SP,ALIM2_232,SET2_28,250,1,2025
RED AEREA,SED2_06749,LLAVE2_09,SP,ALIM2_232,SET2_28,250,1,2025
RED AEREA,SED2_06367,LLAVE2_09,SP,ALIM2_475,SET2_36,50,1,2025
RED AEREA,SED2_05392,LLAVE2_19,SP,ALIM2_465,SET2_28,160,1,2025
RED SUBTERRANEA,SED2_01150,LLAVE2_09,SP,ALIM2_055,SET2_35,630,1,2025
RED AEREA,SED2_04359,LLAVE2_19,SP,ALIM2_248,SET2_21,100,1,2025
RED AEREA,SED2_04359,LLAVE2_09,SP,ALIM2_248,SET2_21,100,1,2025
RED AEREA,SED2_03217,LLAVE2_09,SP,ALIM2_055,SET2_35,160,1,2025
FUSIBLE,SED2_07902,LLAVE2_09,SP,ALIM2_194,SET2_35,400,1,2025
RED SUBTERRANEA,SED2_07902,LLAVE2_09,SP,ALIM2_194,SET2_35,400,1,2025
FUSIBLE,SED2_08020,LLAVE2_09,SP,ALIM2_128,SET2_28,400,1,2025
RED SUBTERRANEA,SED2_05951,LLAVE2_09,SP,ALIM2_006,SET2_08,400,1,2025
RED SUBTERRANEA,SED2_09872,LLAVE2_19,SP,ALIM2_249,SET2_08,250,1,2025
RED SUBTERRANEA,SED2_09872,LLAVE2_15,SP,ALIM2_249,SET2_08,250,1,2025
RED SUBTERRANEA,SED2_09541,LLAVE2_19,SP,ALIM2_367,SET2_26,400,1,2025
RED SUBTERRANEA,SED2_05028,LLAVE2_09,SP,ALIM2_460,SET2_16,250,1,2025
RED SUBTERRANEA,SED2_09810,LLAVE2_09,SP,ALIM2_075,SET2_36,160,1,2025
RED SUBTERRANEA,SED2_05563,LLAVE2_09,SP,ALIM2_201,SET2_41,160,1,2025
RED AEREA,SED2_05157,LLAVE2_19,SP,ALIM2_169,SET2_06,50,1,2025
RED AEREA,SED2_00719,LLAVE2_19,SP,ALIM2_055,SET2_35,100,1,2025
RED AEREA,SED2_04646,LLAVE2_19,SP,ALIM2_055,SET2_35,400,1,2025
RED AEREA,SED2_04646,LLAVE2_09,SP,ALIM2_055,SET2_35,400,1,2025
RED AEREA,SED2_04829,LLAVE2_09,SP,ALIM2_355,SET2_30,50,1,2025
RED SUBTERRANEA,SED2_03571,LLAVE2_19,SP,ALIM2_196,SET2_38,275,1,2025
RED AEREA,SED2_09704,LLAVE2_09,SP,ALIM2_134,SET2_16,160,1,2025
RED AEREA,SED2_09704,LLAVE2_15,SP,ALIM2_134,SET2_16,160,1,2025
RED AEREA,SED2_09492,LLAVE2_19,SP,ALIM2_336,SET2_02,250,1,2025
RED AEREA,SED2_09492,LLAVE2_09,SP,ALIM2_336,SET2_02,250,1,2025
RED AEREA,SED2_04507,LLAVE2_09,SP,ALIM2_340,SET2_02,250,1,2025
RED SUBTERRANEA,SED2_01867,LLAVE2_19,SP,ALIM2_373,SET2_17,100,1,2025
RED AEREA,SED2_05389,LLAVE2_09,SP,ALIM2_336,SET2_02,250,1,2025
RED SUBTERRANEA,SED2_03311,LLAVE2_15,SP,ALIM2_323,SET2_40,250,1,2025
RED AEREA,SED2_05421,LLAVE2_15,SP,ALIM2_323,SET2_40,250,1,2025
RED SUBTERRANEA,SED2_05421,LLAVE2_21,SP,ALIM2_323,SET2_40,250,1,2025
RED AEREA,SED2_06081,LLAVE2_19,SP,ALIM2_100,SET2_12,40,1,2025
RED AEREA,SED2_06308,LLAVE2_09,SP,ALIM2_340,SET2_02,160,1,2025
RED AEREA,SED2_07381,LLAVE2_09,SP,ALIM2_322,SET2_13,160,1,2025
RED AEREA,SED2_00064,LLAVE2_19,SP,ALIM2_322,SET2_13,160,1,2025
RED AEREA,SED2_05333,LLAVE2_09,SP,ALIM2_322,SET2_13,100,1,2025
RED AEREA,SED2_05333,LLAVE2_15,SP,ALIM2_322,SET2_13,100,1,2025
RED AEREA,SED2_00696,LLAVE2_09,SP,ALIM2_322,SET2_13,100,1,2025
RED SUBTERRANEA,SED2_00579,LLAVE2_19,SP,ALIM2_387,SET2_26,160,1,2025
RED SUBTERRANEA,SED2_00579,LLAVE2_15,SP,ALIM2_387,SET2_26,160,1,2025
RED SUBTERRANEA,SED2_08176,LLAVE2_09,SP,ALIM2_073,SET2_21,250,1,2025
LLAVE,SED2_05512,LLAVE2_19,SP,ALIM2_202,SET2_29,160,1,2025
RED SUBTERRANEA,SED2_07208,LLAVE2_09,SP,ALIM2_202,SET2_29,160,1,2025
RED SUBTERRANEA,SED2_02238,LLAVE2_09,SP,ALIM2_455,SET2_08,400,1,2025
RED SUBTERRANEA,SED2_01147,LLAVE2_19,SP,ALIM2_149,SET2_45,250,1,2025
RED SUBTERRANEA,SED2_01094,LLAVE2_19,SP,ALIM2_242,SET2_03,250,1,2025
RED SUBTERRANEA,SED2_01094,LLAVE2_21,SP,ALIM2_242,SET2_03,250,1,2025
RED AEREA,SED2_03009,LLAVE2_19,SP,ALIM2_322,SET2_13,160,1,2025
RED AEREA,SED2_03009,LLAVE2_09,SP,ALIM2_322,SET2_13,160,1,2025
RED AEREA,SED2_07471,LLAVE2_09,SP,ALIM2_012,SET2_13,100,1,2025
RED AEREA,SED2_07184,LLAVE2_19,SP,ALIM2_012,SET2_13,160,1,2025
RED AEREA,SED2_04943,LLAVE2_19,SP,ALIM2_012,SET2_13,250,1,2025
RED AEREA,SED2_00736,LLAVE2_19,SP,ALIM2_012,SET2_13,50,1,2025
RED SUBTERRANEA,SED2_09017,LLAVE2_19,SP,ALIM2_031,SET2_21,250,1,2025
RED AEREA,SED2_09780,LLAVE2_09,SP,ALIM2_012,SET2_13,50,1,2025
RED SUBTERRANEA,SED2_05698,LLAVE2_19,SP,ALIM2_149,SET2_45,160,1,2025
RED AEREA,SED2_09359,LLAVE2_19,SP,ALIM2_363,SET2_12,25,1,2025
RED AEREA,SED2_07911,LLAVE2_19,SP,ALIM2_076,SET2_13,250,1,2025
RED AEREA,SED2_07925,LLAVE2_21,SP,ALIM2_076,SET2_13,160,1,2025
RED AEREA,SED2_06600,LLAVE2_09,SP,ALIM2_076,SET2_13,250,1,2025
RED AEREA,SED2_03936,LLAVE2_09,SP,ALIM2_095,SET2_28,160,1,2025
RED AEREA,SED2_02808,LLAVE2_19,SP,ALIM2_255,SET2_21,160,1,2025
RED SUBTERRANEA,SED2_05071,LLAVE2_09,SP,ALIM2_050,SET2_28,160,1,2025
RED SUBTERRANEA,SED2_08136,LLAVE2_19,SP,ALIM2_465,SET2_28,100,1,2025
RED SUBTERRANEA,SED2_03145,LLAVE2_19,SP,ALIM2_227,SET2_45,100,1,2025
RED SUBTERRANEA,SED2_03341,LLAVE2_19,SP,ALIM2_227,SET2_45,250,1,2025
RED SUBTERRANEA,SED2_03341,LLAVE2_15,SP,ALIM2_227,SET2_45,250,1,2025
RED SUBTERRANEA,SED2_07148,LLAVE2_19,SP,ALIM2_227,SET2_45,160,1,2025
RED SUBTERRANEA,SED2_07148,LLAVE2_09,SP,ALIM2_227,SET2_45,160,1,2025
RED SUBTERRANEA,SED2_09021,LLAVE2_19,SP,ALIM2_227,SET2_45,160,1,2025
RED SUBTERRANEA,SED2_00933,LLAVE2_19,SP,ALIM2_297,SET2_33,400,1,2025
RED SUBTERRANEA,SED2_00933,LLAVE2_21,SP,ALIM2_297,SET2_33,400,1,2025
RED SUBTERRANEA,SED2_09494,LLAVE2_09,SP,ALIM2_297,SET2_33,250,1,2025
RED SUBTERRANEA,SED2_09494,LLAVE2_15,SP,ALIM2_297,SET2_33,250,1,2025
RED SUBTERRANEA,SED2_02852,LLAVE2_19,SP,ALIM2_129,SET2_02,250,1,2025
RED SUBTERRANEA,SED2_02852,LLAVE2_15,SP,ALIM2_129,SET2_02,250,1,2025
RED AEREA,SED2_04825,LLAVE2_19,SP,ALIM2_232,SET2_28,160,1,2025
RED SUBTERRANEA,SED2_01595,LLAVE2_19,SP,ALIM2_267,SET2_23,160,1,2025
RED SUBTERRANEA,SED2_01595,LLAVE2_09,SP,ALIM2_267,SET2_23,160,1,2025
RED AEREA,SED2_01595,LLAVE2_21,SP,ALIM2_267,SET2_23,160,1,2025
RED SUBTERRANEA,SED2_07652,LLAVE2_15,SP,ALIM2_332,SET2_08,250,1,2025
FUSIBLE,SED2_05965,LLAVE2_19,SP,ALIM2_297,SET2_33,250,1,2025
RED SUBTERRANEA,SED2_01524,LLAVE2_09,SP,ALIM2_297,SET2_33,250,1,2025
RED SUBTERRANEA,SED2_01524,LLAVE2_15,SP,ALIM2_297,SET2_33,250,1,2025
RED AEREA,SED2_02591,LLAVE2_19,SP,ALIM2_241,SET2_35,100,1,2025
RED AEREA,SED2_02591,LLAVE2_09,SP,ALIM2_241,SET2_35,100,1,2025
RED AEREA,SED2_07397,LLAVE2_19,SP,ALIM2_356,SET2_31,100,1,2025
RED AEREA,SED2_07397,LLAVE2_09,SP,ALIM2_356,SET2_31,100,1,2025
RED AEREA,SED2_08926,LLAVE2_19,SP,ALIM2_255,SET2_21,100,1,2025
RED SUBTERRANEA,SED2_08926,LLAVE2_09,SP,ALIM2_255,SET2_21,100,1,2025
RED AEREA,SED2_01485,LLAVE2_19,SP,ALIM2_022,SET2_43,250,1,2025
LLAVE,SED2_08379,LLAVE2_09,SP,ALIM2_265,SET2_33,250,1,2025
RED SUBTERRANEA,SED2_07685,LLAVE2_15,SP,ALIM2_237,SET2_33,125,1,2025
RED SUBTERRANEA,SED2_06910,LLAVE2_19,SP,ALIM2_086,SET2_33,400,1,2025
RED SUBTERRANEA,SED2_06910,LLAVE2_15,SP,ALIM2_086,SET2_33,400,1,2025
RED SUBTERRANEA,SED2_08837,LLAVE2_09,SP,ALIM2_334,SET2_22,160,1,2025
RED AEREA,SED2_01332,LLAVE2_19,SP,ALIM2_237,SET2_33,100,1,2025
RED SUBTERRANEA,SED2_00078,LLAVE2_19,SP,ALIM2_237,SET2_33,100,1,2025
RED SUBTERRANEA,SED2_05137,LLAVE2_09,SP,ALIM2_158,SET2_33,100,1,2025
RED SUBTERRANEA,SED2_05984,LLAVE2_19,SP,ALIM2_334,SET2_22,250,1,2025
RED SUBTERRANEA,SED2_01340,LLAVE2_09,SP,SIN DATA,SIN DATA,SIN DATA,1,2025
RED SUBTERRANEA,SED2_05472,LLAVE2_15,SP,SIN DATA,SIN DATA,SIN DATA,1,2025
RED SUBTERRANEA,SED2_05472,LLAVE2_14,SP,SIN DATA,SIN DATA,SIN DATA,1,2025
RED SUBTERRANEA,SED2_00185,LLAVE2_19,SP,SIN DATA,SIN DATA,SIN DATA,1,2025
RED SUBTERRANEA,SED2_00185,LLAVE2_09,SP,SIN DATA,SIN DATA,SIN DATA,1,2025
RED SUBTERRANEA,SED2_08593,LLAVE2_19,SP,ALIM2_334,SET2_22,100,1,2025
RED SUBTERRANEA,SED2_08340,LLAVE2_09,SP,ALIM2_334,SET2_22,100,1,2025
RED SUBTERRANEA,SED2_08340,LLAVE2_15,SP,ALIM2_334,SET2_22,100,1,2025
RED SUBTERRANEA,SED2_07785,LLAVE2_19,SP,ALIM2_334,SET2_22,250,1,2025
RED SUBTERRANEA,SED2_07785,LLAVE2_15,SP,ALIM2_334,SET2_22,250,1,2025
RED AEREA,SED2_01140,LLAVE2_19,SP,ALIM2_237,SET2_33,160,1,2025
RED AEREA,SED2_08657,LLAVE2_19,SP,ALIM2_057,SET2_22,100,1,2025
RED SUBTERRANEA,SED2_08657,LLAVE2_19,SP,ALIM2_057,SET2_22,100,1,2025
RED AEREA,SED2_08657,LLAVE2_15,SP,ALIM2_057,SET2_22,100,1,2025
RED SUBTERRANEA,SED2_08657,LLAVE2_15,SP,ALIM2_057,SET2_22,100,1,2025
RED SUBTERRANEA,SED2_03393,LLAVE2_09,SP,ALIM2_057,SET2_22,160,1,2025
RED SUBTERRANEA,SED2_02909,LLAVE2_19,SP,ALIM2_057,SET2_22,160,1,2025
RED SUBTERRANEA,SED2_02909,LLAVE2_09,SP,ALIM2_057,SET2_22,160,1,2025
RED SUBTERRANEA,SED2_01801,LLAVE2_09,SP,ALIM2_057,SET2_22,250,1,2025
RED AEREA,SED2_01371,LLAVE2_15,SP,SIN DATA,SIN DATA,SIN DATA,1,2025
RED AEREA,SED2_03227,LLAVE2_09,SP,ALIM2_266,SET2_26,400,1,2025
RED AEREA,SED2_02453,LLAVE2_09,SP,ALIM2_266,SET2_26,160,1,2025
RED AEREA,SED2_08001,LLAVE2_19,SP,ALIM2_304,SET2_02,100,1,2025
RED SUBTERRANEA,SED2_08001,LLAVE2_09,SP,ALIM2_304,SET2_02,100,1,2025
RED SUBTERRANEA,SED2_07745,LLAVE2_19,SP,ALIM2_306,SET2_12,250,1,2025
RED AEREA,SED2_04078,LLAVE2_09,SP,ALIM2_266,SET2_26,250,1,2025
FUSIBLE,SED2_04078,LLAVE2_15,SP,ALIM2_266,SET2_26,250,1,2025
RED AEREA,SED2_09290,LLAVE2_09,SP,ALIM2_266,SET2_26,50,1,2025
RED AEREA,SED2_04044,LLAVE2_19,SP,ALIM2_266,SET2_26,100,1,2025
RED AEREA,SED2_04044,LLAVE2_09,SP,ALIM2_266,SET2_26,100,1,2025
RED AEREA,SED2_04053,LLAVE2_19,SP,ALIM2_266,SET2_26,50,1,2025
RED AEREA,SED2_05857,LLAVE2_19,SP,ALIM2_024,SET2_40,50,1,2025
RED SUBTERRANEA,SED2_09581,LLAVE2_19,SP,ALIM2_474,SET2_02,160,1,2025
RED SUBTERRANEA,SED2_09581,LLAVE2_21,SP,ALIM2_474,SET2_02,160,1,2025
RED AEREA,SED2_03417,LLAVE2_19,SP,ALIM2_481,SET2_12,100,1,2025
RED AEREA,SED2_03417,LLAVE2_09,SP,ALIM2_481,SET2_12,100,1,2025
RED AEREA,SED2_07229,LLAVE2_09,SP,ALIM2_361,SET2_23,50,1,2025
RED AEREA,SED2_01329,LLAVE2_09,SP,ALIM2_245,SET2_04,100,1,2025
RED AEREA,SED2_05293,LLAVE2_09,SP,ALIM2_245,SET2_04,100,1,2025
RED SUBTERRANEA,SED2_06772,LLAVE2_19,SP,ALIM2_457,SET2_26,100,1,2025
RED SUBTERRANEA,SED2_02649,LLAVE2_15,SP,ALIM2_083,SET2_23,250,1,2025
RED SUBTERRANEA,SED2_02306,LLAVE2_19,SP,ALIM2_083,SET2_23,160,1,2025
RED SUBTERRANEA,SED2_09497,LLAVE2_19,SP,ALIM2_083,SET2_23,250,1,2025
RED SUBTERRANEA,SED2_05761,LLAVE2_19,SP,ALIM2_083,SET2_23,250,1,2025
RED SUBTERRANEA,SED2_05761,LLAVE2_09,SP,ALIM2_083,SET2_23,250,1,2025
RED SUBTERRANEA,SED2_06818,LLAVE2_09,SP,ALIM2_083,SET2_23,250,1,2025
RED SUBTERRANEA,SED2_06818,LLAVE2_21,SP,ALIM2_083,SET2_23,250,1,2025
RED SUBTERRANEA,SED2_04084,LLAVE2_09,SP,ALIM2_480,SET2_03,250,1,2025
RED SUBTERRANEA,SED2_02716,LLAVE2_15,SP,ALIM2_480,SET2_03,400,1,2025
RED SUBTERRANEA,SED2_08409,LLAVE2_19,SP,ALIM2_209,SET2_43,250,1,2025
RED SUBTERRANEA,SED2_08409,LLAVE2_21,SP,ALIM2_209,SET2_43,250,1,2025
RED SUBTERRANEA,SED2_03654,LLAVE2_19,SP,ALIM2_261,SET2_38,250,1,2025
RED SUBTERRANEA,SED2_03654,LLAVE2_15,SP,ALIM2_261,SET2_38,250,1,2025
RED SUBTERRANEA,SED2_07183,LLAVE2_21,SP,ALIM2_371,SET2_02,250,1,2025
RED SUBTERRANEA,SED2_04285,LLAVE2_09,SP,ALIM2_082,SET2_03,250,1,2025
RED SUBTERRANEA,SED2_08787,LLAVE2_09,SP,ALIM2_015,SET2_25,50,1,2025
RED SUBTERRANEA,SED2_00241,LLAVE2_09,SP,ALIM2_015,SET2_25,100,1,2025
RED SUBTERRANEA,SED2_08506,LLAVE2_19,SP,ALIM2_015,SET2_25,250,1,2025
RED SUBTERRANEA,SED2_07969,LLAVE2_15,SP,ALIM2_015,SET2_25,160,1,2025
RED SUBTERRANEA,SED2_07358,LLAVE2_19,SP,ALIM2_015,SET2_25,100,1,2025
RED SUBTERRANEA,SED2_06202,LLAVE2_09,SP,ALIM2_015,SET2_25,160,1,2025
RED SUBTERRANEA,SED2_07119,LLAVE2_09,SP,ALIM2_015,SET2_25,100,1,2025
RED SUBTERRANEA,SED2_07949,LLAVE2_19,SP,ALIM2_015,SET2_25,160,1,2025
RED SUBTERRANEA,SED2_07949,LLAVE2_09,SP,ALIM2_015,SET2_25,160,1,2025
RED SUBTERRANEA,SED2_05281,LLAVE2_04,SP,ALIM2_408,SET2_36,630,1,2025
RED SUBTERRANEA,SED2_09891,LLAVE2_21,SP,ALIM2_176,SET2_31,250,1,2025
RED SUBTERRANEA,SED2_00154,LLAVE2_19,SP,ALIM2_176,SET2_31,100,1,2025
RED SUBTERRANEA,SED2_03665,LLAVE2_19,SP,ALIM2_049,SET2_41,250,1,2025
RED SUBTERRANEA,SED2_02560,LLAVE2_19,SP,ALIM2_043,SET2_41,400,1,2025
RED SUBTERRANEA,SED2_05678,LLAVE2_19,SP,ALIM2_176,SET2_31,100,1,2025
RED AEREA,SED2_07288,LLAVE2_09,SP,ALIM2_076,SET2_13,250,1,2025
RED SUBTERRANEA,SED2_07683,LLAVE2_15,SP,ALIM2_358,SET2_38,400,1,2025
RED SUBTERRANEA,SED2_03537,LLAVE2_09,SP,ALIM2_082,SET2_03,250,1,2025
RED SUBTERRANEA,SED2_03537,LLAVE2_15,SP,ALIM2_082,SET2_03,250,1,2025
RED SUBTERRANEA,SED2_03537,LLAVE2_21,SP,ALIM2_082,SET2_03,250,1,2025
RED SUBTERRANEA,SED2_01516,LLAVE2_09,SP,ALIM2_242,SET2_03,400,1,2025
FUSIBLE,SED2_01516,LLAVE2_15,SP,ALIM2_242,SET2_03,400,1,2025
RED SUBTERRANEA,SED2_03497,LLAVE2_09,SP,ALIM2_466,SET2_31,160,1,2025
RED SUBTERRANEA,SED2_04878,LLAVE2_09,SP,ALIM2_477,SET2_31,400,1,2025
RED SUBTERRANEA,SED2_04878,LLAVE2_15,SP,ALIM2_477,SET2_31,400,1,2025
RED SUBTERRANEA,SED2_04878,LLAVE2_14,SP,ALIM2_477,SET2_31,400,1,2025
RED AEREA,SED2_07720,LLAVE2_19,SP,ALIM2_410,SET2_23,10,1,2025
RED SUBTERRANEA,SED2_00902,LLAVE2_19,SP,ALIM2_209,SET2_43,160,1,2025
RED AEREA,SED2_03828,LLAVE2_19,SP,ALIM2_155,SET2_02,400,1,2025
RED SUBTERRANEA,SED2_03241,LLAVE2_09,SP,ALIM2_155,SET2_02,250,1,2025
FUSIBLE,SED2_04909,LLAVE2_09,SP,ALIM2_043,SET2_41,100,1,2025
RED SUBTERRANEA,SED2_04909,LLAVE2_15,SP,ALIM2_043,SET2_41,100,1,2025
LLAVE,SED2_09601,LLAVE2_19,SP,ALIM2_155,SET2_02,250,1,2025
RED AEREA,SED2_09601,LLAVE2_19,SP,ALIM2_155,SET2_02,250,1,2025
RED AEREA,SED2_09601,LLAVE2_15,SP,ALIM2_155,SET2_02,250,1,2025
RED SUBTERRANEA,SED2_09861,LLAVE2_09,SP,ALIM2_155,SET2_02,250,1,2025
RED AEREA,SED2_09861,LLAVE2_15,SP,ALIM2_155,SET2_02,250,1,2025
RED SUBTERRANEA,SED2_09861,LLAVE2_15,SP,ALIM2_155,SET2_02,250,1,2025
LLAVE,SED2_08283,LLAVE2_09,SP,ALIM2_155,SET2_02,250,1,2025
RED AEREA,SED2_07991,LLAVE2_19,SP,ALIM2_474,SET2_02,250,1,2025
RED AEREA,SED2_07991,LLAVE2_09,SP,ALIM2_474,SET2_02,250,1,2025
RED AEREA,SED2_03753,LLAVE2_19,SP,ALIM2_155,SET2_02,250,1,2025
RED AEREA,SED2_03753,LLAVE2_15,SP,ALIM2_155,SET2_02,250,1,2025
RED SUBTERRANEA,SED2_03753,LLAVE2_15,SP,ALIM2_155,SET2_02,250,1,2025
RED AEREA,SED2_03753,LLAVE2_14,SP,ALIM2_155,SET2_02,250,1,2025
RED SUBTERRANEA,SED2_03578,LLAVE2_15,SP,ALIM2_355,SET2_30,160,1,2025
RED AEREA,SED2_08301,LLAVE2_09,SP,ALIM2_155,SET2_02,250,1,2025
RED AEREA,SED2_00992,LLAVE2_19,SP,ALIM2_155,SET2_02,40,1,2025
RED SUBTERRANEA,SED2_04383,LLAVE2_09,SP,ALIM2_390,SET2_09,250,1,2025
RED SUBTERRANEA,SED2_03099,LLAVE2_09,SP,ALIM2_390,SET2_09,400,1,2025
RED AEREA,SED2_01890,LLAVE2_19,SP,ALIM2_155,SET2_02,100,1,2025
RED SUBTERRANEA,SED2_00571,LLAVE2_19,SP,ALIM2_390,SET2_09,250,1,2025
RED SUBTERRANEA,SED2_00571,LLAVE2_09,SP,ALIM2_390,SET2_09,250,1,2025
RED AEREA,SED2_00571,LLAVE2_15,SP,ALIM2_390,SET2_09,250,1,2025
RED SUBTERRANEA,SED2_00571,LLAVE2_21,SP,ALIM2_390,SET2_09,250,1,2025
RED SUBTERRANEA,SED2_05398,LLAVE2_19,SP,ALIM2_263,SET2_31,160,1,2025
RED SUBTERRANEA,SED2_01264,LLAVE2_15,SP,ALIM2_263,SET2_31,250,1,2025
RED AEREA,SED2_05971,LLAVE2_15,SP,ALIM2_062,SET2_06,400,1,2025
RED AEREA,SED2_05971,LLAVE2_21,SP,ALIM2_062,SET2_06,400,1,2025
RED AEREA,SED2_07880,LLAVE2_19,SP,ALIM2_026,SET2_30,100,1,2025
RED AEREA,SED2_09765,LLAVE2_19,SP,ALIM2_096,SET2_03,100,1,2025
RED SUBTERRANEA,SED2_08977,LLAVE2_09,SP,ALIM2_214,SET2_36,250,1,2025
RED SUBTERRANEA,SED2_08977,LLAVE2_15,SP,ALIM2_214,SET2_36,250,1,2025
RED AEREA,SED2_03257,LLAVE2_09,SP,ALIM2_117,SET2_10,100,1,2025
RED SUBTERRANEA,SED2_03257,LLAVE2_09,SP,ALIM2_117,SET2_10,100,1,2025
RED AEREA,SED2_02142,LLAVE2_15,SP,ALIM2_117,SET2_10,250,1,2025
RED AEREA,SED2_02142,LLAVE2_21,SP,ALIM2_117,SET2_10,250,1,2025
RED SUBTERRANEA,SED2_02142,LLAVE2_21,SP,ALIM2_117,SET2_10,250,1,2025
RED AEREA,SED2_07858,LLAVE2_09,SP,ALIM2_474,SET2_02,250,1,2025
RED SUBTERRANEA,SED2_07858,LLAVE2_09,SP,ALIM2_474,SET2_02,250,1,2025
RED SUBTERRANEA,SED2_07858,LLAVE2_21,SP,ALIM2_474,SET2_02,250,1,2025
RED SUBTERRANEA,SED2_01417,LLAVE2_15,SP,ALIM2_474,SET2_02,250,1,2025
RED SUBTERRANEA,SED2_05819,LLAVE2_19,SP,ALIM2_072,SET2_23,250,1,2025
RED SUBTERRANEA,SED2_05819,LLAVE2_09,SP,ALIM2_072,SET2_23,250,1,2025
RED AEREA,SED2_00737,LLAVE2_19,SP,ALIM2_117,SET2_10,400,1,2025
RED SUBTERRANEA,SED2_00737,LLAVE2_09,SP,ALIM2_117,SET2_10,400,1,2025
RED SUBTERRANEA,SED2_05320,LLAVE2_15,SP,ALIM2_464,SET2_09,400,1,2025
RED SUBTERRANEA,SED2_02184,LLAVE2_15,SP,ALIM2_464,SET2_09,160,1,2025
RED SUBTERRANEA,SED2_00838,LLAVE2_15,SP,ALIM2_464,SET2_09,250,1,2025
FUSIBLE,SED2_00163,LLAVE2_19,SP,ALIM2_202,SET2_29,100,1,2025
RED SUBTERRANEA,SED2_00163,LLAVE2_15,SP,ALIM2_202,SET2_29,100,1,2025
RED AEREA,SED2_05332,LLAVE2_09,SP,ALIM2_026,SET2_30,100,1,2025
RED SUBTERRANEA,SED2_05281,LLAVE2_18,SP,ALIM2_408,SET2_36,630,1,2025
RED SUBTERRANEA,SED2_05281,LLAVE2_12,SP,ALIM2_408,SET2_36,630,1,2025
LLAVE,SED2_09356,LLAVE2_19,SP,ALIM2_061,SET2_41,160,1,2025
RED SUBTERRANEA,SED2_09356,LLAVE2_19,SP,ALIM2_061,SET2_41,160,1,2025
RED SUBTERRANEA,SED2_01927,LLAVE2_15,SP,ALIM2_428,SET2_17,250,1,2025
RED SUBTERRANEA,SED2_01927,LLAVE2_21,SP,ALIM2_428,SET2_17,250,1,2025
RED SUBTERRANEA,SED2_05003,LLAVE2_09,SP,ALIM2_037,SET2_23,400,1,2025
FUSIBLE,SED2_06357,LLAVE2_09,SP,ALIM2_387,SET2_26,160,1,2025
RED AEREA,SED2_02849,LLAVE2_15,SP,ALIM2_387,SET2_26,160,1,2025
RED AEREA,SED2_06776,LLAVE2_19,SP,ALIM2_387,SET2_26,160,1,2025
RED SUBTERRANEA,SED2_05469,LLAVE2_19,SP,ALIM2_004,SET2_31,400,1,2025
RED AEREA,SED2_09639,LLAVE2_09,SP,ALIM2_176,SET2_31,160,1,2025
RED SUBTERRANEA,SED2_02905,LLAVE2_21,SP,ALIM2_016,SET2_36,400,1,2025
RED SUBTERRANEA,SED2_09032,LLAVE2_09,SP,ALIM2_209,SET2_43,400,1,2025
RED SUBTERRANEA,SED2_09032,LLAVE2_15,SP,ALIM2_209,SET2_43,400,1,2025
RED SUBTERRANEA,SED2_06917,LLAVE2_19,SP,ALIM2_387,SET2_26,160,1,2025
RED AEREA,SED2_06917,LLAVE2_09,SP,ALIM2_387,SET2_26,160,1,2025
RED AEREA,SED2_03052,LLAVE2_09,SP,ALIM2_387,SET2_26,160,1,2025
RED SUBTERRANEA,SED2_05945,LLAVE2_19,SP,ALIM2_387,SET2_26,160,1,2025
RED AEREA,SED2_05945,LLAVE2_09,SP,ALIM2_387,SET2_26,160,1,2025
RED AEREA,SED2_07300,LLAVE2_09,SP,ALIM2_387,SET2_26,160,1,2025
RED AEREA,SED2_02189,LLAVE2_19,SP,ALIM2_387,SET2_26,160,1,2025
RED SUBTERRANEA,SED2_02189,LLAVE2_19,SP,ALIM2_387,SET2_26,160,1,2025
RED SUBTERRANEA,SED2_06306,LLAVE2_19,SP,ALIM2_026,SET2_30,250,1,2025
RED SUBTERRANEA,SED2_08677,LLAVE2_19,SP,ALIM2_219,SET2_10,400,1,2025
RED SUBTERRANEA,SED2_08677,LLAVE2_15,SP,ALIM2_219,SET2_10,400,1,2025
RED SUBTERRANEA,SED2_04668,LLAVE2_19,SP,ALIM2_214,SET2_36,400,1,2025
RED SUBTERRANEA,SED2_04668,LLAVE2_09,SP,ALIM2_214,SET2_36,400,1,2025
RED SUBTERRANEA,SED2_04668,LLAVE2_15,SP,ALIM2_214,SET2_36,400,1,2025
LLAVE,SED2_04593,LLAVE2_09,SP,ALIM2_214,SET2_36,250,1,2025
RED AEREA,SED2_00630,LLAVE2_15,SP,ALIM2_155,SET2_02,400,1,2025
RED AEREA,SED2_04588,LLAVE2_19,SP,ALIM2_305,SET2_33,160,1,2025
RED SUBTERRANEA,SED2_04588,LLAVE2_09,SP,ALIM2_305,SET2_33,160,1,2025
RED AEREA,SED2_05823,LLAVE2_15,SP,ALIM2_233,SET2_41,400,1,2025
RED AEREA,SED2_04978,LLAVE2_19,SP,ALIM2_361,SET2_23,50,1,2025
RED AEREA,SED2_04978,LLAVE2_09,SP,ALIM2_361,SET2_23,50,1,2025
LLAVE,SED2_04367,LLAVE2_09,SP,ALIM2_412,SET2_08,400,1,2025
RED SUBTERRANEA,SED2_00823,LLAVE2_19,SP,ALIM2_305,SET2_33,250,1,2025
FUSIBLE,SED2_00823,LLAVE2_09,SP,ALIM2_305,SET2_33,250,1,2025
RED AEREA,SED2_04661,LLAVE2_19,SP,ALIM2_135,SET2_43,160,1,2025
RED SUBTERRANEA,SED2_04661,LLAVE2_19,SP,ALIM2_135,SET2_43,160,1,2025
RED AEREA,SED2_04661,LLAVE2_09,SP,ALIM2_135,SET2_43,160,1,2025
RED SUBTERRANEA,SED2_04661,LLAVE2_09,SP,ALIM2_135,SET2_43,160,1,2025
RED AEREA,SED2_02460,LLAVE2_09,SP,ALIM2_131,SET2_43,100,1,2025
RED SUBTERRANEA,SED2_02460,LLAVE2_09,SP,ALIM2_131,SET2_43,100,1,2025
RED SUBTERRANEA,SED2_07772,LLAVE2_15,SP,ALIM2_463,SET2_36,250,1,2025
RED SUBTERRANEA,SED2_08141,LLAVE2_15,SP,ALIM2_077,SET2_40,160,1,2025
RED SUBTERRANEA,SED2_08792,LLAVE2_09,SP,ALIM2_458,SET2_43,250,1,2025
RED SUBTERRANEA,SED2_09752,LLAVE2_09,SP,ALIM2_268,SET2_21,250,1,2025
RED SUBTERRANEA,SED2_04569,LLAVE2_19,SP,ALIM2_058,SET2_43,250,1,2025
RED SUBTERRANEA,SED2_04569,LLAVE2_09,SP,ALIM2_058,SET2_43,250,1,2025
RED SUBTERRANEA,SED2_04569,LLAVE2_15,SP,ALIM2_058,SET2_43,250,1,2025
RED SUBTERRANEA,SED2_04569,LLAVE2_21,SP,ALIM2_058,SET2_43,250,1,2025
RED AEREA,SED2_01307,LLAVE2_09,SP,ALIM2_014,SET2_41,100,1,2025
RED AEREA,SED2_03307,LLAVE2_19,SP,ALIM2_194,SET2_35,100,1,2025
RED SUBTERRANEA,SED2_03592,LLAVE2_19,SP,ALIM2_212,SET2_36,100,1,2025
RED AEREA,SED2_05670,LLAVE2_09,SP,ALIM2_134,SET2_16,350,1,2025
RED SUBTERRANEA,SED2_01446,LLAVE2_21,SP,ALIM2_227,SET2_45,250,1,2025
RED SUBTERRANEA,SED2_09254,LLAVE2_19,SP,ALIM2_216,SET2_45,250,1,2025
RED SUBTERRANEA,SED2_07176,LLAVE2_09,SP,ALIM2_055,SET2_35,160,1,2025
RED AEREA,SED2_00605,LLAVE2_19,SP,ALIM2_055,SET2_35,100,1,2025
RED SUBTERRANEA,SED2_00605,LLAVE2_09,SP,ALIM2_055,SET2_35,100,1,2025
RED SUBTERRANEA,SED2_07884,LLAVE2_21,SP,ALIM2_276,SET2_43,160,1,2025
RED AEREA,SED2_04651,LLAVE2_19,SP,ALIM2_217,SET2_35,50,1,2025
RED SUBTERRANEA,SED2_04651,LLAVE2_19,SP,ALIM2_217,SET2_35,50,1,2025
RED SUBTERRANEA,SED2_09665,LLAVE2_09,SP,ALIM2_310,SET2_40,250,1,2025
RED SUBTERRANEA,SED2_03949,LLAVE2_19,SP,ALIM2_475,SET2_36,250,1,2025
RED SUBTERRANEA,SED2_04517,LLAVE2_09,SP,ALIM2_150,SET2_16,250,1,2025
RED AEREA,SED2_05300,LLAVE2_15,SP,ALIM2_216,SET2_45,100,1,2025
RED AEREA,SED2_04170,LLAVE2_09,SP,ALIM2_142,SET2_42,160,1,2025
RED AEREA,SED2_01589,LLAVE2_09,SP,ALIM2_474,SET2_02,50,1,2025
RED AEREA,SED2_08140,LLAVE2_19,SP,ALIM2_108,SET2_22,100,1,2025
RED AEREA,SED2_07660,LLAVE2_15,SP,ALIM2_477,SET2_31,400,1,2025
RED AEREA,SED2_04252,LLAVE2_15,SP,ALIM2_448,SET2_09,300,1,2025
RED AEREA,SED2_02595,LLAVE2_19,SP,ALIM2_448,SET2_09,100,1,2025
RED AEREA,SED2_03137,LLAVE2_19,SP,ALIM2_166,SET2_31,100,1,2025
RED AEREA,SED2_03137,LLAVE2_09,SP,ALIM2_166,SET2_31,100,1,2025
RED AEREA,SED2_06934,LLAVE2_09,SP,ALIM2_157,SET2_09,160,1,2025
RED AEREA,SED2_07026,LLAVE2_09,SP,ALIM2_166,SET2_31,100,1,2025
RED SUBTERRANEA,SED2_06709,LLAVE2_15,SP,ALIM2_157,SET2_09,400,1,2025
RED AEREA,SED2_06709,LLAVE2_21,SP,ALIM2_157,SET2_09,400,1,2025
RED SUBTERRANEA,SED2_01335,LLAVE2_19,SP,ALIM2_017,SET2_03,160,1,2025
RED SUBTERRANEA,SED2_01335,LLAVE2_09,SP,ALIM2_017,SET2_03,160,1,2025
RED SUBTERRANEA,SED2_01335,LLAVE2_15,SP,ALIM2_017,SET2_03,160,1,2025
RED SUBTERRANEA,SED2_05102,LLAVE2_19,SP,ALIM2_480,SET2_03,250,1,2025
RED SUBTERRANEA,SED2_05102,LLAVE2_15,SP,ALIM2_480,SET2_03,250,1,2025
RED AEREA,SED2_01680,LLAVE2_09,SP,ALIM2_157,SET2_09,250,1,2025
RED SUBTERRANEA,SED2_01487,LLAVE2_09,SP,ALIM2_378,SET2_31,400,1,2025
RED AEREA,SED2_09111,LLAVE2_19,SP,ALIM2_157,SET2_09,160,1,2025
RED SUBTERRANEA,SED2_08999,LLAVE2_09,SP,ALIM2_201,SET2_41,250,1,2025
RED SUBTERRANEA,SED2_05181,LLAVE2_19,SP,ALIM2_083,SET2_23,50,1,2025
RED AEREA,SED2_06675,LLAVE2_19,SP,ALIM2_093,SET2_21,160,1,2025
RED AEREA,SED2_05600,LLAVE2_19,SP,ALIM2_108,SET2_22,100,1,2025
RED AEREA,SED2_05600,LLAVE2_09,SP,ALIM2_108,SET2_22,100,1,2025
RED SUBTERRANEA,SED2_04604,LLAVE2_19,SP,ALIM2_381,SET2_45,250,1,2025
FUSIBLE,SED2_00581,LLAVE2_21,SP,ALIM2_279,SET2_17,250,1,2025
RED SUBTERRANEA,SED2_06972,LLAVE2_09,SP,ALIM2_128,SET2_28,160,1,2025
RED SUBTERRANEA,SED2_09389,LLAVE2_19,SP,ALIM2_128,SET2_28,160,1,2025
FUSIBLE,SED2_01122,LLAVE2_09,SP,ALIM2_030,SET2_41,250,1,2025
RED SUBTERRANEA,SED2_01122,LLAVE2_09,SP,ALIM2_030,SET2_41,250,1,2025
RED SUBTERRANEA,SED2_01122,LLAVE2_21,SP,ALIM2_030,SET2_41,250,1,2025
RED SUBTERRANEA,SED2_01183,LLAVE2_19,SP,ALIM2_128,SET2_28,250,1,2025
RED SUBTERRANEA,SED2_08057,LLAVE2_15,SP,ALIM2_408,SET2_36,400,1,2025
RED SUBTERRANEA,SED2_00178,LLAVE2_19,SP,ALIM2_135,SET2_43,250,1,2025
RED SUBTERRANEA,SED2_00178,LLAVE2_09,SP,ALIM2_135,SET2_43,250,1,2025
RED SUBTERRANEA,SED2_02924,LLAVE2_09,SP,ALIM2_080,SET2_13,160,1,2025
RED SUBTERRANEA,SED2_02924,LLAVE2_15,SP,ALIM2_080,SET2_13,160,1,2025
FUSIBLE,SED2_07654,LLAVE2_09,SP,ALIM2_157,SET2_09,400,1,2025
RED SUBTERRANEA,SED2_03021,LLAVE2_19,SP,ALIM2_226,SET2_02,250,1,2025
RED SUBTERRANEA,SED2_03021,LLAVE2_15,SP,ALIM2_226,SET2_02,250,1,2025
RED SUBTERRANEA,SED2_02964,LLAVE2_15,SP,ALIM2_004,SET2_31,400,1,2025
RED AEREA,SED2_05051,LLAVE2_19,SP,ALIM2_172,SET2_02,160,1,2025
RED SUBTERRANEA,SED2_05859,LLAVE2_21,SP,ALIM2_325,SET2_23,160,1,2025
RED SUBTERRANEA,SED2_08026,LLAVE2_15,SP,ALIM2_431,SET2_36,400,1,2025
RED SUBTERRANEA,SED2_00192,LLAVE2_15,SP,ALIM2_210,SET2_40,250,1,2025
RED AEREA,SED2_09141,LLAVE2_09,SP,ALIM2_472,SET2_10,160,1,2025
RED SUBTERRANEA,SED2_08328,LLAVE2_19,SP,ALIM2_431,SET2_36,250,1,2025
RED SUBTERRANEA,SED2_08328,LLAVE2_09,SP,ALIM2_431,SET2_36,250,1,2025
RED SUBTERRANEA,SED2_05107,LLAVE2_15,SP,ALIM2_177,SET2_08,400,1,2025
RED SUBTERRANEA,SED2_01711,LLAVE2_09,SP,ALIM2_373,SET2_17,250,1,2025
RED SUBTERRANEA,SED2_01696,LLAVE2_19,SP,ALIM2_058,SET2_43,160,1,2025
RED SUBTERRANEA,SED2_03153,LLAVE2_15,SP,ALIM2_158,SET2_33,160,1,2025
RED AEREA,SED2_06489,LLAVE2_19,SP,SIN DATA,SIN DATA,SIN DATA,1,2025
RED SUBTERRANEA,SED2_06489,LLAVE2_09,SP,SIN DATA,SIN DATA,SIN DATA,1,2025
RED AEREA,SED2_06489,LLAVE2_15,SP,SIN DATA,SIN DATA,SIN DATA,1,2025
RED SUBTERRANEA,SED2_08011,LLAVE2_21,SP,ALIM2_158,SET2_33,100,1,2025
RED AEREA,SED2_02424,LLAVE2_19,SP,ALIM2_158,SET2_33,400,1,2025
RED SUBTERRANEA,SED2_02424,LLAVE2_15,SP,ALIM2_158,SET2_33,400,1,2025
RED SUBTERRANEA,SED2_07520,LLAVE2_15,SP,ALIM2_160,SET2_33,160,1,2025
RED AEREA,SED2_07828,LLAVE2_09,SP,ALIM2_160,SET2_33,250,1,2025
FUSIBLE,SED2_03468,LLAVE2_09,SP,ALIM2_232,SET2_28,160,1,2025
RED SUBTERRANEA,SED2_03468,LLAVE2_09,SP,ALIM2_232,SET2_28,160,1,2025
LLAVE,SED2_00296,LLAVE2_19,SP,ALIM2_431,SET2_36,400,1,2025
RED SUBTERRANEA,SED2_00296,LLAVE2_19,SP,ALIM2_431,SET2_36,400,1,2025
RED AEREA,SED2_00296,LLAVE2_09,SP,ALIM2_431,SET2_36,400,1,2025
LLAVE,SED2_02777,LLAVE2_19,SP,ALIM2_404,SET2_22,100,1,2025
RED AEREA,SED2_09839,LLAVE2_19,SP,ALIM2_481,SET2_12,160,1,2025
RED SUBTERRANEA,SED2_09839,LLAVE2_09,SP,ALIM2_481,SET2_12,160,1,2025
RED AEREA,SED2_09839,LLAVE2_21,SP,ALIM2_481,SET2_12,160,1,2025
RED AEREA,SED2_09839,LLAVE2_14,SP,ALIM2_481,SET2_12,160,1,2025
RED SUBTERRANEA,SED2_09429,LLAVE2_09,SP,ALIM2_183,SET2_12,160,1,2025
RED SUBTERRANEA,SED2_04354,LLAVE2_09,SP,ALIM2_132,SET2_12,100,1,2025
RED SUBTERRANEA,SED2_03904,LLAVE2_09,SP,ALIM2_132,SET2_12,250,1,2025
MANTENIMIENTO,SED2_04208,LLAVE2_21,SP,ALIM2_205,SET2_22,250,1,2025
RED SUBTERRANEA,SED2_00008,LLAVE2_19,SP,ALIM2_205,SET2_22,160,1,2025
RED SUBTERRANEA,SED2_00008,LLAVE2_09,SP,ALIM2_205,SET2_22,160,1,2025
RED SUBTERRANEA,SED2_09029,LLAVE2_19,SP,ALIM2_205,SET2_22,160,1,2025
LLAVE,SED2_02874,LLAVE2_19,SP,ALIM2_205,SET2_22,160,1,2025
RED AEREA,SED2_02874,LLAVE2_19,SP,ALIM2_205,SET2_22,160,1,2025
RED SUBTERRANEA,SED2_02874,LLAVE2_09,SP,ALIM2_205,SET2_22,160,1,2025
RED AEREA,SED2_07914,LLAVE2_21,SP,ALIM2_205,SET2_22,250,1,2025
RED SUBTERRANEA,SED2_08078,LLAVE2_15,SP,ALIM2_205,SET2_22,160,1,2025
RED SUBTERRANEA,SED2_05384,LLAVE2_15,SP,ALIM2_416,SET2_33,160,1,2025
RED SUBTERRANEA,SED2_05321,LLAVE2_19,SP,ALIM2_416,SET2_33,250,1,2025
RED SUBTERRANEA,SED2_05321,LLAVE2_15,SP,ALIM2_416,SET2_33,250,1,2025
RED SUBTERRANEA,SED2_08737,LLAVE2_09,SP,ALIM2_404,SET2_22,250,1,2025
RED AEREA,SED2_05162,LLAVE2_09,SP,ALIM2_194,SET2_35,50,1,2025
RED AEREA,SED2_02561,LLAVE2_19,SP,ALIM2_404,SET2_22,160,1,2025
RED AEREA,SED2_03507,LLAVE2_19,SP,ALIM2_404,SET2_22,250,1,2025
RED SUBTERRANEA,SED2_03507,LLAVE2_09,SP,ALIM2_404,SET2_22,250,1,2025
RED AEREA,SED2_08313,LLAVE2_19,SP,ALIM2_205,SET2_22,160,1,2025
RED AEREA,SED2_08313,LLAVE2_15,SP,ALIM2_205,SET2_22,160,1,2025
RED AEREA,SED2_04663,LLAVE2_15,SP,ALIM2_305,SET2_33,250,1,2025
RED SUBTERRANEA,SED2_01169,LLAVE2_19,SP,ALIM2_120,SET2_29,160,1,2025
RED SUBTERRANEA,SED2_01676,LLAVE2_19,SP,ALIM2_463,SET2_36,250,1,2025
RED AEREA,SED2_03881,LLAVE2_19,SP,ALIM2_202,SET2_29,75,1,2025
RED SUBTERRANEA,SED2_03881,LLAVE2_19,SP,ALIM2_202,SET2_29,75,1,2025
RED AEREA,SED2_07923,LLAVE2_09,SP,ALIM2_006,SET2_08,250,1,2025
RED AEREA,SED2_08118,LLAVE2_15,SP,ALIM2_014,SET2_41,400,1,2025
FUSIBLE,SED2_00268,LLAVE2_19,SP,ALIM2_008,SET2_35,160,1,2025
RED SUBTERRANEA,SED2_00268,LLAVE2_15,SP,ALIM2_008,SET2_35,160,1,2025
RED SUBTERRANEA,SED2_03693,LLAVE2_09,SP,ALIM2_390,SET2_09,250,1,2025
RED AEREA,SED2_07593,LLAVE2_19,SP,ALIM2_371,SET2_02,250,1,2025
RED AEREA,SED2_08239,LLAVE2_09,SP,ALIM2_108,SET2_22,100,1,2025
RED AEREA,SED2_03070,LLAVE2_19,SP,SIN DATA,SIN DATA,SIN DATA,1,2025
RED SUBTERRANEA,SED2_05825,LLAVE2_21,SP,ALIM2_064,SET2_01,400,1,2025
RED SUBTERRANEA,SED2_01388,LLAVE2_09,SP,ALIM2_233,SET2_41,100,1,2025
RED SUBTERRANEA,SED2_06773,LLAVE2_09,SP,ALIM2_332,SET2_08,400,1,2025
RED SUBTERRANEA,SED2_06773,LLAVE2_15,SP,ALIM2_332,SET2_08,400,1,2025
FUSIBLE,SED2_05009,LLAVE2_19,SP,ALIM2_303,SET2_38,160,1,2025
RED SUBTERRANEA,SED2_05009,LLAVE2_19,SP,ALIM2_303,SET2_38,160,1,2025
FUSIBLE,SED2_05009,LLAVE2_09,SP,ALIM2_303,SET2_38,160,1,2025
RED AEREA,SED2_07424,LLAVE2_09,SP,ALIM2_308,SET2_29,100,1,2025
RED SUBTERRANEA,SED2_07424,LLAVE2_09,SP,ALIM2_308,SET2_29,100,1,2025
RED AEREA,SED2_01919,LLAVE2_09,SP,ALIM2_296,SET2_23,160,1,2025
RED AEREA,SED2_02636,LLAVE2_09,SP,ALIM2_381,SET2_45,40,1,2025
RED AEREA,SED2_05045,LLAVE2_09,SP,ALIM2_025,SET2_13,100,1,2025
RED SUBTERRANEA,SED2_01980,LLAVE2_19,SP,ALIM2_344,SET2_31,160,1,2025
RED SUBTERRANEA,SED2_01448,LLAVE2_19,SP,ALIM2_131,SET2_43,50,1,2025
RED AEREA,SED2_01448,LLAVE2_15,SP,ALIM2_131,SET2_43,50,1,2025
RED AEREA,SED2_03279,LLAVE2_19,SP,ALIM2_267,SET2_23,15,1,2025
RED SUBTERRANEA,SED2_03891,LLAVE2_19,SP,ALIM2_022,SET2_43,160,1,2025
RED SUBTERRANEA,SED2_03873,LLAVE2_15,SP,ALIM2_129,SET2_02,250,1,2025
RED AEREA,SED2_08866,LLAVE2_19,SP,ALIM2_482,SET2_02,160,1,2025
RED AEREA,SED2_08866,LLAVE2_09,SP,ALIM2_482,SET2_02,160,1,2025
RED AEREA,SED2_06114,LLAVE2_19,SP,ALIM2_101,SET2_33,160,1,2025
RED SUBTERRANEA,SED2_02476,LLAVE2_19,SP,ALIM2_086,SET2_33,160,1,2025
RED SUBTERRANEA,SED2_02476,LLAVE2_09,SP,ALIM2_086,SET2_33,160,1,2025
RED SUBTERRANEA,SED2_08033,LLAVE2_21,SP,ALIM2_042,SET2_06,400,1,2025
RED SUBTERRANEA,SED2_03638,LLAVE2_19,SP,ALIM2_264,SET2_26,250,1,2025
RED SUBTERRANEA,SED2_02351,LLAVE2_09,SP,ALIM2_026,SET2_30,25,1,2025
RED AEREA,SED2_01425,LLAVE2_09,SP,ALIM2_055,SET2_35,50,1,2025
RED AEREA,SED2_01484,LLAVE2_09,SP,ALIM2_055,SET2_35,250,1,2025
RED AEREA,SED2_01484,LLAVE2_15,SP,ALIM2_055,SET2_35,250,1,2025
RED AEREA,SED2_04799,LLAVE2_09,SP,ALIM2_330,SET2_23,50,1,2025
RED SUBTERRANEA,SED2_08707,LLAVE2_09,SP,ALIM2_333,SET2_09,400,1,2025
RED SUBTERRANEA,SED2_08707,LLAVE2_15,SP,ALIM2_333,SET2_09,400,1,2025
RED AEREA,SED2_09874,LLAVE2_19,SP,ALIM2_117,SET2_10,50,1,2025
RED SUBTERRANEA,SED2_09874,LLAVE2_19,SP,ALIM2_117,SET2_10,50,1,2025
RED AEREA,SED2_08406,LLAVE2_19,SP,ALIM2_390,SET2_09,50,1,2025
RED SUBTERRANEA,SED2_09816,LLAVE2_09,SP,ALIM2_255,SET2_21,250,1,2025
RED AEREA,SED2_05934,LLAVE2_15,SP,ALIM2_324,SET2_13,160,1,2025
RED AEREA,SED2_02239,LLAVE2_15,SP,ALIM2_472,SET2_10,100,1,2025
RED AEREA,SED2_04368,LLAVE2_09,SP,ALIM2_472,SET2_10,50,1,2025
RED SUBTERRANEA,SED2_04446,LLAVE2_19,SP,ALIM2_233,SET2_41,250,1,2025
RED SUBTERRANEA,SED2_07583,LLAVE2_19,SP,ALIM2_361,SET2_23,250,1,2025
RED SUBTERRANEA,SED2_07583,LLAVE2_09,SP,ALIM2_361,SET2_23,250,1,2025
RED SUBTERRANEA,SED2_09279,LLAVE2_09,SP,ALIM2_453,SET2_43,250,1,2025
RED SUBTERRANEA,SED2_09279,LLAVE2_15,SP,ALIM2_453,SET2_43,250,1,2025
RED SUBTERRANEA,SED2_09756,LLAVE2_09,SP,ALIM2_361,SET2_23,160,1,2025
RED SUBTERRANEA,SED2_09912,LLAVE2_09,SP,ALIM2_447,SET2_26,100,1,2025
RED AEREA,SED2_02070,LLAVE2_19,SP,ALIM2_266,SET2_26,25,1,2025
RED AEREA,SED2_04552,LLAVE2_19,SP,ALIM2_255,SET2_21,250,1,2025
RED AEREA,SED2_03794,LLAVE2_09,SP,ALIM2_255,SET2_21,160,1,2025
RED SUBTERRANEA,SED2_03977,LLAVE2_19,SP,SIN DATA,SIN DATA,SIN DATA,1,2025
RED SUBTERRANEA,SED2_03977,LLAVE2_09,SP,SIN DATA,SIN DATA,SIN DATA,1,2025
RED SUBTERRANEA,SED2_01333,LLAVE2_19,SP,ALIM2_086,SET2_33,160,1,2025
RED SUBTERRANEA,SED2_01333,LLAVE2_09,SP,ALIM2_086,SET2_33,160,1,2025
RED SUBTERRANEA,SED2_08682,LLAVE2_19,SP,ALIM2_086,SET2_33,160,1,2025
RED SUBTERRANEA,SED2_00859,LLAVE2_09,SP,ALIM2_482,SET2_02,250,1,2025
RED SUBTERRANEA,SED2_04043,LLAVE2_09,SP,ALIM2_361,SET2_23,250,1,2025
RED AEREA,SED2_00684,LLAVE2_09,SP,ALIM2_328,SET2_23,100,1,2025
RED SUBTERRANEA,SED2_04920,LLAVE2_19,SP,ALIM2_062,SET2_06,400,1,2025
FUSIBLE,SED2_04920,LLAVE2_21,SP,ALIM2_062,SET2_06,400,1,2025
RED AEREA,SED2_01928,LLAVE2_15,SP,ALIM2_416,SET2_33,100,1,2025
RED SUBTERRANEA,SED2_01928,LLAVE2_15,SP,ALIM2_416,SET2_33,100,1,2025
RED SUBTERRANEA,SED2_07909,LLAVE2_19,SP,ALIM2_160,SET2_33,400,1,2025
RED AEREA,SED2_08510,LLAVE2_09,SP,ALIM2_205,SET2_22,160,1,2025
RED SUBTERRANEA,SED2_08510,LLAVE2_09,SP,ALIM2_205,SET2_22,160,1,2025
RED SUBTERRANEA,SED2_04348,LLAVE2_15,SP,ALIM2_024,SET2_40,160,1,2025
RED SUBTERRANEA,SED2_05498,LLAVE2_09,SP,ALIM2_210,SET2_40,100,1,2025
RED SUBTERRANEA,SED2_01720,LLAVE2_09,SP,ALIM2_160,SET2_33,160,1,2025
RED SUBTERRANEA,SED2_01720,LLAVE2_15,SP,ALIM2_160,SET2_33,160,1,2025
RED AEREA,SED2_00583,LLAVE2_15,SP,ALIM2_160,SET2_33,250,1,2025
RED AEREA,SED2_02051,LLAVE2_19,SP,ALIM2_266,SET2_26,10,1,2025
LLAVE,SED2_07348,LLAVE2_09,SP,ALIM2_160,SET2_33,160,1,2025
RED SUBTERRANEA,SED2_01881,LLAVE2_15,SP,ALIM2_325,SET2_23,160,1,2025
RED SUBTERRANEA,SED2_01881,LLAVE2_21,SP,ALIM2_325,SET2_23,160,1,2025
RED AEREA,SED2_08426,LLAVE2_09,SP,ALIM2_076,SET2_13,160,1,2025
RED AEREA,SED2_01200,LLAVE2_19,SP,ALIM2_076,SET2_13,160,1,2025
RED SUBTERRANEA,SED2_09131,LLAVE2_15,SP,ALIM2_103,SET2_21,100,1,2025
RED AEREA,SED2_01678,LLAVE2_15,SP,ALIM2_255,SET2_21,160,1,2025
RED AEREA,SED2_01678,LLAVE2_21,SP,ALIM2_255,SET2_21,160,1,2025
RED SUBTERRANEA,SED2_01392,LLAVE2_19,SP,ALIM2_042,SET2_06,100,1,2025
RED AEREA,SED2_05068,LLAVE2_09,SP,ALIM2_381,SET2_45,50,1,2025
RED AEREA,SED2_06562,LLAVE2_19,SP,ALIM2_055,SET2_35,100,1,2025
RED SUBTERRANEA,SED2_03088,LLAVE2_09,SP,ALIM2_304,SET2_02,100,1,2025
RED SUBTERRANEA,SED2_08378,LLAVE2_15,SP,ALIM2_407,SET2_30,250,1,2025
RED SUBTERRANEA,SED2_08130,LLAVE2_15,SP,ALIM2_097,SET2_33,250,1,2025
FUSIBLE,SED2_05341,LLAVE2_19,SP,ALIM2_108,SET2_22,250,1,2025
RED AEREA,SED2_08368,LLAVE2_19,SP,ALIM2_086,SET2_33,250,1,2025
RED SUBTERRANEA,SED2_08368,LLAVE2_09,SP,ALIM2_086,SET2_33,250,1,2025
RED SUBTERRANEA,SED2_05399,LLAVE2_15,SP,ALIM2_064,SET2_01,160,1,2025
RED AEREA,SED2_09076,LLAVE2_09,SP,ALIM2_097,SET2_33,250,1,2025
RED SUBTERRANEA,SED2_09076,LLAVE2_21,SP,ALIM2_097,SET2_33,250,1,2025
RED AEREA,SED2_09076,LLAVE2_14,SP,ALIM2_097,SET2_33,250,1,2025
RED AEREA,SED2_09404,LLAVE2_19,SP,ALIM2_257,SET2_31,250,1,2025
RED SUBTERRANEA,SED2_09404,LLAVE2_19,SP,ALIM2_257,SET2_31,250,1,2025
RED AEREA,SED2_09404,LLAVE2_15,SP,ALIM2_257,SET2_31,250,1,2025
RED AEREA,SED2_03745,LLAVE2_15,SP,ALIM2_013,SET2_09,400,1,2025
RED AEREA,SED2_07259,LLAVE2_19,SP,ALIM2_226,SET2_02,160,1,2025
RED SUBTERRANEA,SED2_07259,LLAVE2_19,SP,ALIM2_226,SET2_02,160,1,2025
RED SUBTERRANEA,SED2_07259,LLAVE2_09,SP,ALIM2_226,SET2_02,160,1,2025
FUSIBLE,SED2_01955,LLAVE2_09,SP,SIN DATA,SIN DATA,SIN DATA,1,2025
RED SUBTERRANEA,SED2_01955,LLAVE2_09,SP,SIN DATA,SIN DATA,SIN DATA,1,2025
RED AEREA,SED2_02219,LLAVE2_19,SP,ALIM2_219,SET2_10,160,1,2025
RED SUBTERRANEA,SED2_02219,LLAVE2_19,SP,ALIM2_219,SET2_10,160,1,2025
RED AEREA,SED2_06370,LLAVE2_19,SP,ALIM2_108,SET2_22,100,1,2025
RED AEREA,SED2_00555,LLAVE2_19,SP,ALIM2_219,SET2_10,160,1,2025
RED SUBTERRANEA,SED2_00555,LLAVE2_19,SP,ALIM2_219,SET2_10,160,1,2025
RED SUBTERRANEA,SED2_08147,LLAVE2_09,SP,ALIM2_421,SET2_10,160,1,2025
RED SUBTERRANEA,SED2_03864,LLAVE2_15,SP,ALIM2_421,SET2_10,250,1,2025
RED SUBTERRANEA,SED2_05258,LLAVE2_19,SP,ALIM2_421,SET2_10,250,1,2025
RED AEREA,SED2_08295,LLAVE2_09,SP,ALIM2_057,SET2_22,160,1,2025
RED SUBTERRANEA,SED2_08295,LLAVE2_09,SP,ALIM2_057,SET2_22,160,1,2025
RED SUBTERRANEA,SED2_08295,LLAVE2_15,SP,ALIM2_057,SET2_22,160,1,2025
RED AEREA,SED2_01451,LLAVE2_09,SP,ALIM2_057,SET2_22,160,1,2025
RED SUBTERRANEA,SED2_01451,LLAVE2_21,SP,ALIM2_057,SET2_22,160,1,2025
RED AEREA,SED2_04387,LLAVE2_09,SP,ALIM2_194,SET2_35,160,1,2025
RED AEREA,SED2_09859,LLAVE2_15,SP,ALIM2_241,SET2_35,250,1,2025
RED AEREA,SED2_09859,LLAVE2_21,SP,ALIM2_241,SET2_35,250,1,2025
RED AEREA,SED2_05818,LLAVE2_19,SP,ALIM2_024,SET2_40,100,1,2025
RED AEREA,SED2_07713,LLAVE2_19,SP,ALIM2_024,SET2_40,50,1,2025
RED SUBTERRANEA,SED2_07713,LLAVE2_19,SP,ALIM2_024,SET2_40,50,1,2025
RED AEREA,SED2_01171,LLAVE2_19,SP,ALIM2_053,SET2_12,100,1,2025
RED AEREA,SED2_08874,LLAVE2_09,SP,ALIM2_335,SET2_11,100,1,2025
RED AEREA,SED2_08874,LLAVE2_15,SP,ALIM2_335,SET2_11,100,1,2025
RED AEREA,SED2_00469,LLAVE2_09,SP,ALIM2_335,SET2_11,50,1,2025
FUSIBLE,SED2_02979,LLAVE2_19,SP,SIN DATA,SIN DATA,SIN DATA,1,2025
LLAVE,SED2_02979,LLAVE2_19,SP,SIN DATA,SIN DATA,SIN DATA,1,2025
RED AEREA,SED2_02979,LLAVE2_19,SP,SIN DATA,SIN DATA,SIN DATA,1,2025
RED AEREA,SED2_02223,LLAVE2_15,SP,ALIM2_305,SET2_33,250,1,2025
RED AEREA,SED2_02223,LLAVE2_21,SP,ALIM2_305,SET2_33,250,1,2025
RED AEREA,SED2_06775,LLAVE2_09,SP,ALIM2_335,SET2_11,100,1,2025
RED AEREA,SED2_07006,LLAVE2_15,SP,ALIM2_024,SET2_40,250,1,2025
RED AEREA,SED2_07006,LLAVE2_14,SP,ALIM2_024,SET2_40,250,1,2025
RED SUBTERRANEA,SED2_07006,LLAVE2_14,SP,ALIM2_024,SET2_40,250,1,2025
FUSIBLE,SED2_01775,LLAVE2_19,SP,ALIM2_425,SET2_11,50,1,2025
RED AEREA,SED2_01775,LLAVE2_19,SP,ALIM2_425,SET2_11,50,1,2025
RED AEREA,SED2_01775,LLAVE2_09,SP,ALIM2_425,SET2_11,50,1,2025
RED AEREA,SED2_03499,LLAVE2_19,SP,ALIM2_396,SET2_11,50,1,2025
RED AEREA,SED2_03499,LLAVE2_09,SP,ALIM2_396,SET2_11,50,1,2025
FUSIBLE,SED2_03499,LLAVE2_15,SP,ALIM2_396,SET2_11,50,1,2025
RED AEREA,SED2_04398,LLAVE2_15,SP,ALIM2_396,SET2_11,50,1,2025
RED AEREA,SED2_01215,LLAVE2_19,SP,ALIM2_266,SET2_26,10,1,2025
RED AEREA,SED2_01838,LLAVE2_19,SP,ALIM2_396,SET2_11,50,1,2025
RED AEREA,SED2_02700,LLAVE2_09,SP,SIN DATA,SIN DATA,SIN DATA,1,2025
RED AEREA,SED2_09701,LLAVE2_09,SP,ALIM2_263,SET2_31,160,1,2025
RED SUBTERRANEA,SED2_09701,LLAVE2_15,SP,ALIM2_263,SET2_31,160,1,2025
RED SUBTERRANEA,SED2_04442,LLAVE2_15,SP,ALIM2_155,SET2_02,400,1,2025
RED SUBTERRANEA,SED2_01823,LLAVE2_15,SP,ALIM2_366,SET2_27,400,1,2025
RED SUBTERRANEA,SED2_01823,LLAVE2_21,SP,ALIM2_366,SET2_27,400,1,2025
RED SUBTERRANEA,SED2_01820,LLAVE2_21,SP,ALIM2_305,SET2_33,250,1,2025
RED AEREA,SED2_09634,LLAVE2_19,AP,ALIM2_472,SET2_10,160,1,2025
RED SUBTERRANEA,SED2_09634,LLAVE2_19,AP,ALIM2_472,SET2_10,160,1,2025
FUSIBLE,SED2_09634,LLAVE2_09,SP,ALIM2_472,SET2_10,160,1,2025
RED AEREA,SED2_09634,LLAVE2_09,SP,ALIM2_472,SET2_10,160,1,2025
RED AEREA,SED2_09634,LLAVE2_15,SP,ALIM2_472,SET2_10,160,1,2025
RED AEREA,SED2_09843,LLAVE2_09,SP,ALIM2_472,SET2_10,160,1,2025
RED SUBTERRANEA,SED2_03077,LLAVE2_21,SP,ALIM2_472,SET2_10,160,1,2025
RED SUBTERRANEA,SED2_06214,LLAVE2_15,SP,ALIM2_472,SET2_10,250,1,2025
RED AEREA,SED2_07173,LLAVE2_15,SP,ALIM2_402,SET2_10,250,1,2025
RED AEREA,SED2_07774,LLAVE2_19,SP,ALIM2_100,SET2_12,160,1,2025
RED SUBTERRANEA,SED2_08955,LLAVE2_09,SP,ALIM2_279,SET2_17,250,1,2025
RED SUBTERRANEA,SED2_08955,LLAVE2_15,SP,ALIM2_279,SET2_17,250,1,2025
FUSIBLE,SED2_06911,LLAVE2_19,SP,ALIM2_393,SET2_17,250,1,2025
LLAVE,SED2_06911,LLAVE2_19,SP,ALIM2_393,SET2_17,250,1,2025
RED SUBTERRANEA,SED2_06911,LLAVE2_09,SP,ALIM2_393,SET2_17,250,1,2025
RED SUBTERRANEA,SED2_06911,LLAVE2_15,SP,ALIM2_393,SET2_17,250,1,2025
RED AEREA,SED2_00207,LLAVE2_19,SP,ALIM2_100,SET2_12,160,1,2025
LLAVE,SED2_07905,LLAVE2_09,SP,ALIM2_055,SET2_35,250,1,2025
RED AEREA,SED2_01302,LLAVE2_19,SP,ALIM2_053,SET2_12,50,1,2025
RED SUBTERRANEA,SED2_00801,LLAVE2_19,SP,ALIM2_135,SET2_43,250,1,2025
RED SUBTERRANEA,SED2_01831,LLAVE2_09,SP,ALIM2_135,SET2_43,250,1,2025
RED SUBTERRANEA,SED2_01831,LLAVE2_21,SP,ALIM2_135,SET2_43,250,1,2025
RED SUBTERRANEA,SED2_01976,LLAVE2_19,SP,ALIM2_242,SET2_03,400,1,2025
RED SUBTERRANEA,SED2_01976,LLAVE2_21,SP,ALIM2_242,SET2_03,400,1,2025
RED SUBTERRANEA,SED2_08108,LLAVE2_19,SP,ALIM2_360,SET2_06,250,1,2025
RED SUBTERRANEA,SED2_02504,LLAVE2_15,SP,ALIM2_265,SET2_33,250,1,2025
RED AEREA,SED2_06830,LLAVE2_21,SP,ALIM2_340,SET2_02,250,1,2025
FUSIBLE,SED2_07450,LLAVE2_19,SP,ALIM2_280,SET2_24,50,1,2025
RED AEREA,SED2_01625,LLAVE2_19,SP,ALIM2_443,SET2_14,160,1,2025
RED AEREA,SED2_08034,LLAVE2_09,SP,ALIM2_092,SET2_13,160,1,2025
RED SUBTERRANEA,SED2_06589,LLAVE2_19,SP,ALIM2_305,SET2_33,160,1,2025
RED SUBTERRANEA,SED2_06589,LLAVE2_09,SP,ALIM2_305,SET2_33,160,1,2025
RED AEREA,SED2_00176,LLAVE2_09,SP,ALIM2_443,SET2_14,160,1,2025
RED SUBTERRANEA,SED2_00176,LLAVE2_09,SP,ALIM2_443,SET2_14,160,1,2025
RED SUBTERRANEA,SED2_00176,LLAVE2_15,SP,ALIM2_443,SET2_14,160,1,2025
RED AEREA,SED2_03995,LLAVE2_09,SP,ALIM2_443,SET2_14,160,1,2025
RED AEREA,SED2_09135,LLAVE2_09,SP,ALIM2_443,SET2_14,160,1,2025
RED AEREA,SED2_09830,LLAVE2_19,SP,ALIM2_306,SET2_12,100,1,2025
RED AEREA,SED2_09830,LLAVE2_09,SP,ALIM2_306,SET2_12,100,1,2025
RED AEREA,SED2_09737,LLAVE2_09,SP,ALIM2_280,SET2_24,100,1,2025
RED AEREA,SED2_05866,LLAVE2_09,SP,ALIM2_046,SET2_23,100,1,2025
RED AEREA,SED2_07235,LLAVE2_19,SP,ALIM2_046,SET2_23,250,1,2025
RED AEREA,SED2_07530,LLAVE2_19,SP,ALIM2_443,SET2_14,250,1,2025
RED SUBTERRANEA,SED2_09564,LLAVE2_09,SP,ALIM2_477,SET2_31,630,1,2025
RED AEREA,SED2_00954,LLAVE2_09,SP,ALIM2_413,SET2_13,160,1,2025
RED SUBTERRANEA,SED2_08517,LLAVE2_15,SP,ALIM2_096,SET2_03,250,1,2025
FUSIBLE,SED2_04035,LLAVE2_09,SP,ALIM2_068,SET2_32,160,1,2025
RED SUBTERRANEA,SED2_04352,LLAVE2_19,SP,ALIM2_068,SET2_32,160,1,2025
RED SUBTERRANEA,SED2_05777,LLAVE2_15,SP,ALIM2_415,SET2_03,160,1,2025
RED SUBTERRANEA,SED2_02475,LLAVE2_19,SP,ALIM2_291,SET2_09,400,1,2025
RED SUBTERRANEA,SED2_08784,LLAVE2_15,SP,ALIM2_291,SET2_09,160,1,2025
RED AEREA,SED2_07948,LLAVE2_19,SP,ALIM2_093,SET2_21,100,1,2025
RED AEREA,SED2_07405,LLAVE2_19,SP,ALIM2_093,SET2_21,100,1,2025
RED AEREA,SED2_07405,LLAVE2_09,SP,ALIM2_093,SET2_21,100,1,2025
RED SUBTERRANEA,SED2_07405,LLAVE2_09,SP,ALIM2_093,SET2_21,100,1,2025
RED SUBTERRANEA,SED2_04108,LLAVE2_09,SP,ALIM2_093,SET2_21,100,1,2025
RED AEREA,SED2_02538,LLAVE2_19,SP,ALIM2_266,SET2_26,15,1,2025
RED AEREA,SED2_06389,LLAVE2_09,SP,ALIM2_093,SET2_21,100,1,2025
RED AEREA,SED2_03642,LLAVE2_21,SP,ALIM2_380,SET2_08,630,1,2025
RED SUBTERRANEA,SED2_01027,LLAVE2_19,SP,ALIM2_064,SET2_01,400,1,2025
FUSIBLE,SED2_01027,LLAVE2_09,SP,ALIM2_064,SET2_01,400,1,2025
RED SUBTERRANEA,SED2_01027,LLAVE2_15,SP,ALIM2_064,SET2_01,400,1,2025
FUSIBLE,SED2_01027,LLAVE2_21,SP,ALIM2_064,SET2_01,400,1,2025
RED AEREA,SED2_03167,LLAVE2_21,SP,ALIM2_372,SET2_44,400,1,2025
LLAVE,SED2_09349,LLAVE2_09,SP,ALIM2_443,SET2_14,250,1,2025
RED AEREA,SED2_09349,LLAVE2_09,SP,ALIM2_443,SET2_14,250,1,2025
RED SUBTERRANEA,SED2_04113,LLAVE2_19,SP,ALIM2_208,SET2_13,250,1,2025
RED AEREA,SED2_04427,LLAVE2_09,SP,ALIM2_313,SET2_42,160,1,2025
RED AEREA,SED2_02785,LLAVE2_09,SP,ALIM2_251,SET2_40,100,1,2025
RED SUBTERRANEA,SED2_02785,LLAVE2_09,SP,ALIM2_251,SET2_40,100,1,2025
RED AEREA,SED2_05335,LLAVE2_09,SP,ALIM2_053,SET2_12,50,1,2025
RED AEREA,SED2_05335,LLAVE2_15,SP,ALIM2_053,SET2_12,50,1,2025
RED SUBTERRANEA,SED2_02012,LLAVE2_19,SP,ALIM2_202,SET2_29,160,1,2025
FUSIBLE,SED2_01233,LLAVE2_19,SP,ALIM2_282,SET2_29,250,1,2025
RED AEREA,SED2_01233,LLAVE2_09,SP,ALIM2_282,SET2_29,250,1,2025
RED SUBTERRANEA,SED2_01233,LLAVE2_09,SP,ALIM2_282,SET2_29,250,1,2025
RED AEREA,SED2_05282,LLAVE2_09,SP,ALIM2_316,SET2_23,160,1,2025
RED AEREA,SED2_01992,LLAVE2_09,SP,ALIM2_316,SET2_23,100,1,2025
RED SUBTERRANEA,SED2_08702,LLAVE2_15,SP,ALIM2_014,SET2_41,250,1,2025
RED SUBTERRANEA,SED2_07538,LLAVE2_19,SP,ALIM2_053,SET2_12,50,1,2025
RED AEREA,SED2_06664,LLAVE2_19,SP,ALIM2_216,SET2_45,50,1,2025
RED AEREA,SED2_01459,LLAVE2_09,SP,ALIM2_316,SET2_23,100,1,2025
RED SUBTERRANEA,SED2_01755,LLAVE2_19,SP,ALIM2_305,SET2_33,160,1,2025
RED SUBTERRANEA,SED2_05372,LLAVE2_09,SP,ALIM2_227,SET2_45,250,1,2025
RED SUBTERRANEA,SED2_08411,LLAVE2_19,SP,ALIM2_399,SET2_17,630,1,2025
RED AEREA,SED2_00298,LLAVE2_09,SP,ALIM2_224,SET2_45,160,1,2025
RED AEREA,SED2_05442,LLAVE2_19,SP,ALIM2_453,SET2_43,100,1,2025
RED AEREA,SED2_06834,LLAVE2_19,SP,ALIM2_224,SET2_45,160,1,2025
RED AEREA,SED2_07146,LLAVE2_19,SP,ALIM2_095,SET2_28,100,1,2025
RED AEREA,SED2_07146,LLAVE2_09,SP,ALIM2_095,SET2_28,100,1,2025
RED AEREA,SED2_08741,LLAVE2_19,SP,ALIM2_316,SET2_23,25,1,2025
RED AEREA,SED2_05057,LLAVE2_09,SP,ALIM2_318,SET2_33,160,1,2025
RED SUBTERRANEA,SED2_05057,LLAVE2_09,SP,ALIM2_318,SET2_33,160,1,2025
FUSIBLE,SED2_06165,LLAVE2_19,SP,ALIM2_388,SET2_13,160,1,2025
RED SUBTERRANEA,SED2_06165,LLAVE2_09,SP,ALIM2_388,SET2_13,160,1,2025
FUSIBLE,SED2_06165,LLAVE2_21,SP,ALIM2_388,SET2_13,160,1,2025
RED AEREA,SED2_09260,LLAVE2_09,SP,ALIM2_416,SET2_33,250,1,2025
RED AEREA,SED2_03721,LLAVE2_19,SP,ALIM2_232,SET2_28,160,1,2025
RED SUBTERRANEA,SED2_09059,LLAVE2_19,SP,ALIM2_305,SET2_33,160,1,2025
RED SUBTERRANEA,SED2_02069,LLAVE2_09,SP,ALIM2_305,SET2_33,160,1,2025
RED SUBTERRANEA,SED2_00881,LLAVE2_19,SP,ALIM2_305,SET2_33,160,1,2025
RED AEREA,SED2_05956,LLAVE2_21,SP,ALIM2_305,SET2_33,250,1,2025
RED AEREA,SED2_01452,LLAVE2_09,SP,ALIM2_305,SET2_33,160,1,2025
RED SUBTERRANEA,SED2_01452,LLAVE2_09,SP,ALIM2_305,SET2_33,160,1,2025
RED AEREA,SED2_03255,LLAVE2_19,SP,SIN DATA,SIN DATA,SIN DATA,1,2025
RED SUBTERRANEA,SED2_05050,LLAVE2_15,SP,ALIM2_390,SET2_09,160,1,2025
RED SUBTERRANEA,SED2_07705,LLAVE2_19,SP,ALIM2_132,SET2_12,250,1,2025
RED AEREA,SED2_06422,LLAVE2_09,SP,ALIM2_024,SET2_40,160,1,2025
RED SUBTERRANEA,SED2_06422,LLAVE2_09,SP,ALIM2_024,SET2_40,160,1,2025
RED AEREA,SED2_06422,LLAVE2_15,SP,ALIM2_024,SET2_40,160,1,2025
RED SUBTERRANEA,SED2_09090,LLAVE2_09,SP,ALIM2_208,SET2_13,250,1,2025
RED SUBTERRANEA,SED2_07322,LLAVE2_09,SP,ALIM2_407,SET2_30,100,1,2025
RED SUBTERRANEA,SED2_08957,LLAVE2_19,SP,ALIM2_108,SET2_22,400,1,2025
RED SUBTERRANEA,SED2_00434,LLAVE2_09,SP,ALIM2_108,SET2_22,160,1,2025
RED AEREA,SED2_04451,LLAVE2_09,SP,ALIM2_108,SET2_22,100,1,2025
RED SUBTERRANEA,SED2_05309,LLAVE2_09,SP,ALIM2_057,SET2_22,160,1,2025
RED SUBTERRANEA,SED2_05909,LLAVE2_19,SP,ALIM2_108,SET2_22,160,1,2025
RED SUBTERRANEA,SED2_05909,LLAVE2_09,SP,ALIM2_108,SET2_22,160,1,2025
RED SUBTERRANEA,SED2_05909,LLAVE2_15,SP,ALIM2_108,SET2_22,160,1,2025
RED SUBTERRANEA,SED2_08081,LLAVE2_19,SP,ALIM2_108,SET2_22,400,1,2025
RED SUBTERRANEA,SED2_06142,LLAVE2_15,SP,ALIM2_108,SET2_22,250,1,2025
RED SUBTERRANEA,SED2_02550,LLAVE2_19,SP,ALIM2_268,SET2_21,100,1,2025
RED SUBTERRANEA,SED2_01465,LLAVE2_19,SP,ALIM2_427,SET2_06,250,1,2025
RED SUBTERRANEA,SED2_02537,LLAVE2_21,SP,ALIM2_408,SET2_36,630,1,2025
RED AEREA,SED2_05903,LLAVE2_09,SP,ALIM2_002,SET2_10,250,1,2025
RED AEREA,SED2_02632,LLAVE2_19,SP,ALIM2_402,SET2_10,25,1,2025
RED AEREA,SED2_03152,LLAVE2_09,SP,ALIM2_222,SET2_16,400,1,2025
RED SUBTERRANEA,SED2_00637,LLAVE2_19,SP,ALIM2_415,SET2_03,250,1,2025
RED SUBTERRANEA,SED2_00637,LLAVE2_09,SP,ALIM2_415,SET2_03,250,1,2025
RED SUBTERRANEA,SED2_04233,LLAVE2_15,SP,ALIM2_233,SET2_41,250,1,2025
FUSIBLE,SED2_00840,LLAVE2_09,SP,ALIM2_233,SET2_41,250,1,2025
RED SUBTERRANEA,SED2_00840,LLAVE2_15,SP,ALIM2_233,SET2_41,250,1,2025
FUSIBLE,SED2_00840,LLAVE2_21,SP,ALIM2_233,SET2_41,250,1,2025
RED SUBTERRANEA,SED2_00840,LLAVE2_21,SP,ALIM2_233,SET2_41,250,1,2025
RED SUBTERRANEA,SED2_03313,LLAVE2_19,SP,ALIM2_470,SET2_02,160,1,2025
RED SUBTERRANEA,SED2_03313,LLAVE2_09,SP,ALIM2_470,SET2_02,160,1,2025
RED SUBTERRANEA,SED2_02854,LLAVE2_15,SP,ALIM2_470,SET2_02,160,1,2025
RED SUBTERRANEA,SED2_03969,LLAVE2_09,SP,ALIM2_196,SET2_38,250,1,2025
RED SUBTERRANEA,SED2_07678,LLAVE2_19,SP,ALIM2_109,SET2_17,630,1,2025
RED SUBTERRANEA,SED2_07678,LLAVE2_13,SP,ALIM2_109,SET2_17,630,1,2025
RED SUBTERRANEA,SED2_03831,LLAVE2_15,SP,ALIM2_435,SET2_38,250,1,2025
RED SUBTERRANEA,SED2_03831,LLAVE2_21,SP,ALIM2_435,SET2_38,250,1,2025
RED SUBTERRANEA,SED2_07619,LLAVE2_09,SP,ALIM2_082,SET2_03,250,1,2025
RED AEREA,SED2_02414,LLAVE2_09,SP,ALIM2_255,SET2_21,160,1,2025
RED SUBTERRANEA,SED2_05443,LLAVE2_19,SP,ALIM2_393,SET2_17,250,1,2025
RED SUBTERRANEA,SED2_05443,LLAVE2_21,SP,ALIM2_393,SET2_17,250,1,2025
RED SUBTERRANEA,SED2_01997,LLAVE2_19,SP,ALIM2_393,SET2_17,250,1,2025
RED SUBTERRANEA,SED2_01997,LLAVE2_09,SP,ALIM2_393,SET2_17,250,1,2025
RED AEREA,SED2_00842,LLAVE2_15,SP,ALIM2_333,SET2_09,250,1,2025
RED AEREA,SED2_00842,LLAVE2_21,SP,ALIM2_333,SET2_09,250,1,2025
RED AEREA,SED2_08770,LLAVE2_19,SP,ALIM2_386,SET2_24,50,1,2025
RED AEREA,SED2_05689,LLAVE2_21,SP,ALIM2_305,SET2_33,160,1,2025
RED SUBTERRANEA,SED2_06035,LLAVE2_19,SP,ALIM2_407,SET2_30,400,1,2025
RED SUBTERRANEA,SED2_06035,LLAVE2_09,SP,ALIM2_407,SET2_30,400,1,2025
RED SUBTERRANEA,SED2_03747,LLAVE2_09,SP,ALIM2_412,SET2_08,400,1,2025
RED SUBTERRANEA,SED2_04539,LLAVE2_09,SP,ALIM2_282,SET2_29,160,1,2025
RED SUBTERRANEA,SED2_04539,LLAVE2_15,SP,ALIM2_282,SET2_29,160,1,2025
RED SUBTERRANEA,SED2_06798,LLAVE2_19,AP,ALIM2_282,SET2_29,160,1,2025
RED SUBTERRANEA,SED2_08495,LLAVE2_19,SP,ALIM2_282,SET2_29,160,1,2025
RED SUBTERRANEA,SED2_06633,LLAVE2_15,SP,ALIM2_282,SET2_29,160,1,2025
RED AEREA,SED2_06402,LLAVE2_09,SP,ALIM2_124,SET2_32,160,1,2025
RED SUBTERRANEA,SED2_02458,LLAVE2_21,SP,ALIM2_475,SET2_36,250,1,2025
FUSIBLE,SED2_06580,LLAVE2_19,SP,ALIM2_412,SET2_08,400,1,2025
RED AEREA,SED2_06799,LLAVE2_09,SP,ALIM2_416,SET2_33,100,1,2025
RED SUBTERRANEA,SED2_02557,LLAVE2_19,SP,ALIM2_268,SET2_21,250,1,2025
RED AEREA,SED2_05110,LLAVE2_09,SP,ALIM2_268,SET2_21,160,1,2025
RED SUBTERRANEA,SED2_03133,LLAVE2_09,SP,ALIM2_427,SET2_06,250,1,2025
LLAVE,SED2_04309,LLAVE2_19,SP,ALIM2_427,SET2_06,250,1,2025
RED SUBTERRANEA,SED2_04309,LLAVE2_09,SP,ALIM2_427,SET2_06,250,1,2025
RED AEREA,SED2_04386,LLAVE2_19,SP,ALIM2_419,SET2_26,250,1,2025
RED SUBTERRANEA,SED2_04386,LLAVE2_21,SP,ALIM2_419,SET2_26,250,1,2025
RED SUBTERRANEA,SED2_01008,LLAVE2_19,SP,ALIM2_305,SET2_33,250,1,2025
RED SUBTERRANEA,SED2_01008,LLAVE2_15,SP,ALIM2_305,SET2_33,250,1,2025
FUSIBLE,SED2_05690,LLAVE2_19,SP,ALIM2_194,SET2_35,250,1,2025
RED SUBTERRANEA,SED2_07906,LLAVE2_19,SP,ALIM2_279,SET2_17,250,1,2025
RED SUBTERRANEA,SED2_07906,LLAVE2_09,SP,ALIM2_279,SET2_17,250,1,2025
RED SUBTERRANEA,SED2_01645,LLAVE2_19,SP,ALIM2_093,SET2_21,100,1,2025
RED AEREA,SED2_09291,LLAVE2_15,SP,ALIM2_194,SET2_35,400,1,2025
FUSIBLE,SED2_02988,LLAVE2_19,SP,ALIM2_194,SET2_35,250,1,2025
RED AEREA,SED2_02988,LLAVE2_09,SP,ALIM2_194,SET2_35,250,1,2025
RED SUBTERRANEA,SED2_08111,LLAVE2_19,SP,ALIM2_140,SET2_21,250,1,2025
RED SUBTERRANEA,SED2_08111,LLAVE2_15,SP,ALIM2_140,SET2_21,250,1,2025
RED AEREA,SED2_07362,LLAVE2_19,SP,ALIM2_194,SET2_35,100,1,2025
RED AEREA,SED2_08763,LLAVE2_19,SP,ALIM2_135,SET2_43,160,1,2025
RED SUBTERRANEA,SED2_08763,LLAVE2_19,SP,ALIM2_135,SET2_43,160,1,2025
RED SUBTERRANEA,SED2_08763,LLAVE2_15,SP,ALIM2_135,SET2_43,160,1,2025
RED AEREA,SED2_07597,LLAVE2_15,SP,ALIM2_481,SET2_12,160,1,2025
RED AEREA,SED2_07609,LLAVE2_15,SP,ALIM2_183,SET2_12,160,1,2025
RED AEREA,SED2_07635,LLAVE2_09,SP,ALIM2_183,SET2_12,160,1,2025
RED SUBTERRANEA,SED2_05092,LLAVE2_09,SP,ALIM2_177,SET2_08,630,1,2025
RED SUBTERRANEA,SED2_05092,LLAVE2_21,SP,ALIM2_177,SET2_08,630,1,2025
RED SUBTERRANEA,SED2_05092,LLAVE2_14,SP,ALIM2_177,SET2_08,630,1,2025
RED AEREA,SED2_05092,LLAVE2_13,SP,ALIM2_177,SET2_08,630,1,2025
FUSIBLE,SED2_07680,LLAVE2_15,SP,ALIM2_213,SET2_41,250,1,2025
RED SUBTERRANEA,SED2_05364,LLAVE2_19,SP,ALIM2_213,SET2_41,250,1,2025
RED SUBTERRANEA,SED2_05364,LLAVE2_09,SP,ALIM2_213,SET2_41,250,1,2025
RED SUBTERRANEA,SED2_05597,LLAVE2_19,SP,ALIM2_014,SET2_41,250,1,2025
RED SUBTERRANEA,SED2_02344,LLAVE2_19,SP,ALIM2_213,SET2_41,250,1,2025
RED SUBTERRANEA,SED2_02886,LLAVE2_09,SP,ALIM2_368,SET2_31,160,1,2025
RED AEREA,SED2_07979,LLAVE2_19,SP,ALIM2_134,SET2_16,50,1,2025
RED AEREA,SED2_08621,LLAVE2_19,SP,ALIM2_237,SET2_33,100,1,2025
FUSIBLE,SED2_00425,LLAVE2_19,SP,ALIM2_455,SET2_08,630,1,2025
FUSIBLE,SED2_00425,LLAVE2_21,SP,ALIM2_455,SET2_08,630,1,2025
RED SUBTERRANEA,SED2_07757,LLAVE2_09,SP,ALIM2_453,SET2_43,400,1,2025
RED SUBTERRANEA,SED2_07757,LLAVE2_21,SP,ALIM2_453,SET2_43,400,1,2025
LLAVE,SED2_04678,LLAVE2_21,SP,ALIM2_353,SET2_40,400,1,2025
RED SUBTERRANEA,SED2_07064,LLAVE2_19,SP,ALIM2_112,SET2_35,250,1,2025
RED AEREA,SED2_07064,LLAVE2_09,SP,ALIM2_112,SET2_35,250,1,2025
RED SUBTERRANEA,SED2_07458,LLAVE2_09,SP,ALIM2_233,SET2_41,250,1,2025
RED SUBTERRANEA,SED2_04453,LLAVE2_09,SP,ALIM2_279,SET2_17,400,1,2025
RED SUBTERRANEA,SED2_04453,LLAVE2_21,SP,ALIM2_279,SET2_17,400,1,2025
RED SUBTERRANEA,SED2_09887,LLAVE2_19,SP,ALIM2_387,SET2_26,250,1,2025
FUSIBLE,SED2_01764,LLAVE2_09,SP,ALIM2_254,SET2_31,400,1,2025
RED AEREA,SED2_01764,LLAVE2_15,SP,ALIM2_254,SET2_31,400,1,2025
RED SUBTERRANEA,SED2_01764,LLAVE2_15,SP,ALIM2_254,SET2_31,400,1,2025
FUSIBLE,SED2_01764,LLAVE2_21,SP,ALIM2_254,SET2_31,400,1,2025
RED SUBTERRANEA,SED2_09273,LLAVE2_09,SP,ALIM2_024,SET2_40,250,1,2025
RED AEREA,SED2_03176,LLAVE2_15,SP,ALIM2_097,SET2_33,160,1,2025
RED AEREA,SED2_00124,LLAVE2_09,SP,ALIM2_474,SET2_02,250,1,2025
LLAVE,SED2_07773,LLAVE2_15,SP,ALIM2_022,SET2_43,250,1,2025
RED AEREA,SED2_08661,LLAVE2_19,SP,ALIM2_061,SET2_41,400,1,2025
RED SUBTERRANEA,SED2_05129,LLAVE2_09,SP,ALIM2_135,SET2_43,160,1,2025
RED SUBTERRANEA,SED2_05129,LLAVE2_15,SP,ALIM2_135,SET2_43,160,1,2025
RED SUBTERRANEA,SED2_01406,LLAVE2_15,SP,ALIM2_061,SET2_41,250,1,2025
RED AEREA,SED2_04792,LLAVE2_19,SP,ALIM2_342,SET2_10,250,1,2025
RED AEREA,SED2_04792,LLAVE2_09,SP,ALIM2_342,SET2_10,250,1,2025
RED SUBTERRANEA,SED2_04792,LLAVE2_21,SP,ALIM2_342,SET2_10,250,1,2025
FUSIBLE,SED2_02708,LLAVE2_09,SP,ALIM2_342,SET2_10,250,1,2025
RED SUBTERRANEA,SED2_08940,LLAVE2_19,SP,ALIM2_358,SET2_38,100,1,2025
FUSIBLE,SED2_08229,LLAVE2_15,SP,ALIM2_131,SET2_43,100,1,2025
RED SUBTERRANEA,SED2_08229,LLAVE2_15,SP,ALIM2_131,SET2_43,100,1,2025
RED SUBTERRANEA,SED2_04880,LLAVE2_19,SP,ALIM2_131,SET2_43,160,1,2025
RED AEREA,SED2_04880,LLAVE2_15,SP,ALIM2_131,SET2_43,160,1,2025
RED SUBTERRANEA,SED2_09595,LLAVE2_09,SP,ALIM2_058,SET2_43,100,1,2025
RED SUBTERRANEA,SED2_03812,LLAVE2_19,SP,ALIM2_131,SET2_43,160,1,2025
RED SUBTERRANEA,SED2_05665,LLAVE2_19,SP,ALIM2_131,SET2_43,100,1,2025
RED SUBTERRANEA,SED2_04182,LLAVE2_21,SP,ALIM2_020,SET2_46,630,1,2025
RED SUBTERRANEA,SED2_02242,LLAVE2_19,SP,ALIM2_315,SET2_08,400,1,2025
RED SUBTERRANEA,SED2_01114,LLAVE2_19,SP,ALIM2_420,SET2_21,100,1,2025
RED SUBTERRANEA,SED2_08450,LLAVE2_09,SP,ALIM2_420,SET2_21,160,1,2025
RED SUBTERRANEA,SED2_05528,LLAVE2_19,SP,ALIM2_420,SET2_21,100,1,2025
RED SUBTERRANEA,SED2_05528,LLAVE2_15,SP,ALIM2_420,SET2_21,100,1,2025
RED SUBTERRANEA,SED2_08047,LLAVE2_09,SP,ALIM2_420,SET2_21,100,1,2025
RED SUBTERRANEA,SED2_09461,LLAVE2_09,SP,ALIM2_420,SET2_21,160,1,2025
RED SUBTERRANEA,SED2_08948,LLAVE2_19,SP,ALIM2_420,SET2_21,100,1,2025
RED SUBTERRANEA,SED2_09798,LLAVE2_19,SP,ALIM2_420,SET2_21,160,1,2025
RED SUBTERRANEA,SED2_05519,LLAVE2_19,SP,ALIM2_420,SET2_21,160,1,2025
RED SUBTERRANEA,SED2_05519,LLAVE2_21,SP,ALIM2_420,SET2_21,160,1,2025
RED SUBTERRANEA,SED2_06708,LLAVE2_19,SP,ALIM2_073,SET2_21,250,1,2025
RED SUBTERRANEA,SED2_04179,LLAVE2_19,SP,ALIM2_121,SET2_21,101,1,2025
RED SUBTERRANEA,SED2_03212,LLAVE2_15,SP,ALIM2_073,SET2_21,160,1,2025
LLAVE,SED2_05056,LLAVE2_09,SP,ALIM2_073,SET2_21,100,1,2025
RED SUBTERRANEA,SED2_08514,LLAVE2_19,SP,ALIM2_420,SET2_21,160,1,2025
RED SUBTERRANEA,SED2_00692,LLAVE2_19,SP,ALIM2_140,SET2_21,250,1,2025
RED AEREA,SED2_00692,LLAVE2_09,SP,ALIM2_140,SET2_21,250,1,2025
RED SUBTERRANEA,SED2_09604,LLAVE2_09,SP,ALIM2_058,SET2_43,250,1,2025
RED SUBTERRANEA,SED2_02662,LLAVE2_09,SP,ALIM2_058,SET2_43,160,1,2025
RED SUBTERRANEA,SED2_08832,LLAVE2_09,SP,ALIM2_135,SET2_43,160,1,2025
RED SUBTERRANEA,SED2_07496,LLAVE2_09,SP,ALIM2_135,SET2_43,100,1,2025
RED SUBTERRANEA,SED2_05980,LLAVE2_09,SP,ALIM2_135,SET2_43,100,1,2025
RED AEREA,SED2_05967,LLAVE2_09,SP,ALIM2_135,SET2_43,250,1,2025
RED SUBTERRANEA,SED2_08534,LLAVE2_19,SP,ALIM2_135,SET2_43,160,1,2025
RED SUBTERRANEA,SED2_06186,LLAVE2_15,SP,ALIM2_135,SET2_43,150,1,2025
RED SUBTERRANEA,SED2_06186,LLAVE2_21,SP,ALIM2_135,SET2_43,150,1,2025
RED SUBTERRANEA,SED2_05770,LLAVE2_21,SP,ALIM2_020,SET2_46,630,1,2025
RED SUBTERRANEA,SED2_00061,LLAVE2_09,SP,ALIM2_135,SET2_43,100,1,2025
RED SUBTERRANEA,SED2_02916,LLAVE2_09,SP,ALIM2_135,SET2_43,160,1,2025
RED SUBTERRANEA,SED2_07031,LLAVE2_19,SP,ALIM2_135,SET2_43,250,1,2025
RED SUBTERRANEA,SED2_02756,LLAVE2_19,SP,ALIM2_140,SET2_21,160,1,2025
RED SUBTERRANEA,SED2_02756,LLAVE2_09,SP,ALIM2_140,SET2_21,160,1,2025
RED SUBTERRANEA,SED2_02805,LLAVE2_21,SP,ALIM2_131,SET2_43,400,1,2025
RED SUBTERRANEA,SED2_07401,LLAVE2_09,SP,ALIM2_131,SET2_43,160,1,2025
RED SUBTERRANEA,SED2_07401,LLAVE2_15,SP,ALIM2_131,SET2_43,160,1,2025
RED SUBTERRANEA,SED2_07401,LLAVE2_21,SP,ALIM2_131,SET2_43,160,1,2025
RED AEREA,SED2_04611,LLAVE2_19,SP,ALIM2_131,SET2_43,100,1,2025
RED SUBTERRANEA,SED2_04611,LLAVE2_09,SP,ALIM2_131,SET2_43,100,1,2025
RED SUBTERRANEA,SED2_02661,LLAVE2_09,SP,ALIM2_131,SET2_43,160,1,2025
RED SUBTERRANEA,SED2_09294,LLAVE2_15,SP,ALIM2_073,SET2_21,100,1,2025
RED SUBTERRANEA,SED2_09294,LLAVE2_21,SP,ALIM2_073,SET2_21,100,1,2025
RED SUBTERRANEA,SED2_01287,LLAVE2_19,SP,ALIM2_073,SET2_21,100,1,2025
RED SUBTERRANEA,SED2_05834,LLAVE2_15,SP,ALIM2_073,SET2_21,160,1,2025
RED SUBTERRANEA,SED2_06782,LLAVE2_19,SP,ALIM2_121,SET2_21,100,1,2025
RED SUBTERRANEA,SED2_06782,LLAVE2_15,SP,ALIM2_121,SET2_21,100,1,2025
RED AEREA,SED2_04451,LLAVE2_15,SP,ALIM2_108,SET2_22,100,1,2025
RED SUBTERRANEA,SED2_07958,LLAVE2_19,SP,ALIM2_108,SET2_22,160,1,2025
RED SUBTERRANEA,SED2_07958,LLAVE2_15,SP,ALIM2_108,SET2_22,160,1,2025
RED AEREA,SED2_03584,LLAVE2_15,SP,ALIM2_404,SET2_22,160,1,2025
RED SUBTERRANEA,SED2_07248,LLAVE2_15,SP,ALIM2_121,SET2_21,250,1,2025
RED SUBTERRANEA,SED2_06485,LLAVE2_19,SP,ALIM2_121,SET2_21,160,1,2025
FUSIBLE,SED2_09405,LLAVE2_19,SP,ALIM2_121,SET2_21,250,1,2025
FUSIBLE,SED2_00686,LLAVE2_19,SP,ALIM2_121,SET2_21,250,1,2025
LLAVE,SED2_00686,LLAVE2_19,SP,ALIM2_121,SET2_21,250,1,2025
RED SUBTERRANEA,SED2_00686,LLAVE2_19,SP,ALIM2_121,SET2_21,250,1,2025
RED SUBTERRANEA,SED2_05915,LLAVE2_09,SP,ALIM2_121,SET2_21,160,1,2025
RED SUBTERRANEA,SED2_03675,LLAVE2_15,SP,ALIM2_073,SET2_21,160,1,2025
RED SUBTERRANEA,SED2_01731,LLAVE2_19,SP,ALIM2_073,SET2_21,250,1,2025
RED SUBTERRANEA,SED2_01731,LLAVE2_09,SP,ALIM2_073,SET2_21,250,1,2025
RED SUBTERRANEA,SED2_05861,LLAVE2_19,SP,ALIM2_309,SET2_30,101,1,2025
RED SUBTERRANEA,SED2_05861,LLAVE2_09,SP,ALIM2_309,SET2_30,101,1,2025
RED SUBTERRANEA,SED2_01124,LLAVE2_19,SP,ALIM2_309,SET2_30,100,1,2025
RED SUBTERRANEA,SED2_04765,LLAVE2_19,SP,ALIM2_309,SET2_30,160,1,2025
RED SUBTERRANEA,SED2_04765,LLAVE2_09,SP,ALIM2_309,SET2_30,160,1,2025
RED SUBTERRANEA,SED2_04457,LLAVE2_15,SP,ALIM2_309,SET2_30,160,1,2025
RED SUBTERRANEA,SED2_05193,LLAVE2_09,SP,ALIM2_309,SET2_30,100,1,2025
RED AEREA,SED2_01561,LLAVE2_15,SP,ALIM2_355,SET2_30,100,1,2025
RED SUBTERRANEA,SED2_01561,LLAVE2_15,SP,ALIM2_355,SET2_30,100,1,2025
RED SUBTERRANEA,SED2_01135,LLAVE2_09,SP,ALIM2_355,SET2_30,250,1,2025
RED SUBTERRANEA,SED2_03990,LLAVE2_09,SP,ALIM2_355,SET2_30,160,1,2025
RED SUBTERRANEA,SED2_02875,LLAVE2_15,SP,ALIM2_355,SET2_30,250,1,2025
RED SUBTERRANEA,SED2_02875,LLAVE2_21,SP,ALIM2_355,SET2_30,250,1,2025
RED SUBTERRANEA,SED2_09414,LLAVE2_15,SP,ALIM2_153,SET2_31,250,1,2025
RED SUBTERRANEA,SED2_07960,LLAVE2_09,SP,ALIM2_368,SET2_31,160,1,2025
RED SUBTERRANEA,SED2_07960,LLAVE2_15,SP,ALIM2_368,SET2_31,160,1,2025
RED SUBTERRANEA,SED2_08153,LLAVE2_09,SP,ALIM2_368,SET2_31,250,1,2025
RED AEREA,SED2_08665,LLAVE2_19,SP,ALIM2_375,SET2_22,100,1,2025
RED SUBTERRANEA,SED2_07746,LLAVE2_15,SP,ALIM2_173,SET2_16,250,1,2025
RED AEREA,SED2_05773,LLAVE2_19,SP,ALIM2_192,SET2_46,100,1,2025
RED SUBTERRANEA,SED2_09352,LLAVE2_19,SP,ALIM2_185,SET2_31,100,1,2025
RED SUBTERRANEA,SED2_00738,LLAVE2_21,SP,ALIM2_090,SET2_46,400,1,2025
RED SUBTERRANEA,SED2_00813,LLAVE2_19,SP,ALIM2_263,SET2_31,250,1,2025
FUSIBLE,SED2_09454,LLAVE2_15,SP,ALIM2_323,SET2_40,50,1,2025
RED SUBTERRANEA,SED2_05786,LLAVE2_19,SP,ALIM2_323,SET2_40,100,1,2025
RED SUBTERRANEA,SED2_05786,LLAVE2_15,SP,ALIM2_323,SET2_40,100,1,2025
RED SUBTERRANEA,SED2_03778,LLAVE2_09,SP,ALIM2_323,SET2_40,250,1,2025
RED AEREA,SED2_00923,LLAVE2_15,SP,ALIM2_077,SET2_40,100,1,2025
RED SUBTERRANEA,SED2_05242,LLAVE2_19,SP,ALIM2_077,SET2_40,100,1,2025
RED SUBTERRANEA,SED2_05242,LLAVE2_15,SP,ALIM2_077,SET2_40,100,1,2025
RED SUBTERRANEA,SED2_00631,LLAVE2_15,SP,ALIM2_302,SET2_27,250,1,2025
RED SUBTERRANEA,SED2_02675,LLAVE2_09,SP,ALIM2_440,SET2_09,400,1,2025
RED SUBTERRANEA,SED2_02675,LLAVE2_15,SP,ALIM2_440,SET2_09,400,1,2025
RED SUBTERRANEA,SED2_05374,LLAVE2_15,SP,ALIM2_279,SET2_17,160,1,2025
RED SUBTERRANEA,SED2_06272,LLAVE2_15,SP,ALIM2_221,SET2_36,250,1,2025
FUSIBLE,SED2_02976,LLAVE2_21,SP,ALIM2_302,SET2_27,630,1,2025
FUSIBLE,SED2_01740,LLAVE2_19,SP,ALIM2_035,SET2_09,400,1,2025
RED SUBTERRANEA,SED2_01740,LLAVE2_15,SP,ALIM2_035,SET2_09,400,1,2025
RED AEREA,SED2_06665,LLAVE2_09,SP,ALIM2_362,SET2_46,250,1,2025
RED SUBTERRANEA,SED2_06665,LLAVE2_09,SP,ALIM2_362,SET2_46,250,1,2025
RED AEREA,SED2_09060,LLAVE2_15,SP,ALIM2_319,SET2_36,400,1,2025
RED SUBTERRANEA,SED2_09060,LLAVE2_15,SP,ALIM2_319,SET2_36,400,1,2025
RED SUBTERRANEA,SED2_02355,LLAVE2_09,SP,ALIM2_220,SET2_29,160,1,2025
RED SUBTERRANEA,SED2_09523,LLAVE2_09,SP,ALIM2_256,SET2_38,250,1,2025
RED SUBTERRANEA,SED2_02726,LLAVE2_14,SP,ALIM2_020,SET2_46,630,1,2025
RED SUBTERRANEA,SED2_08985,LLAVE2_19,SP,ALIM2_460,SET2_16,400,1,2025
RED AEREA,SED2_07260,LLAVE2_15,SP,ALIM2_320,SET2_37,400,1,2025
RED SUBTERRANEA,SED2_06787,LLAVE2_09,SP,ALIM2_206,SET2_46,400,1,2025
RED SUBTERRANEA,SED2_00271,LLAVE2_19,SP,ALIM2_479,SET2_31,250,1,2025
FUSIBLE,SED2_01368,LLAVE2_19,SP,ALIM2_006,SET2_08,400,1,2025
RED SUBTERRANEA,SED2_01368,LLAVE2_19,SP,ALIM2_006,SET2_08,400,1,2025
RED AEREA,SED2_06490,LLAVE2_09,SP,ALIM2_261,SET2_38,250,1,2025
RED SUBTERRANEA,SED2_03023,LLAVE2_19,SP,ALIM2_358,SET2_38,300,1,2025
RED SUBTERRANEA,SED2_03023,LLAVE2_09,SP,ALIM2_358,SET2_38,300,1,2025
RED SUBTERRANEA,SED2_03023,LLAVE2_21,SP,ALIM2_358,SET2_38,300,1,2025
RED SUBTERRANEA,SED2_00282,LLAVE2_09,SP,ALIM2_220,SET2_29,250,1,2025
RED AEREA,SED2_05256,LLAVE2_09,SP,ALIM2_370,SET2_21,250,1,2025
RED AEREA,SED2_04528,LLAVE2_19,SP,ALIM2_370,SET2_21,101,1,2025
RED SUBTERRANEA,SED2_02197,LLAVE2_09,SP,ALIM2_370,SET2_21,250,1,2025
RED AEREA,SED2_05733,LLAVE2_19,SP,ALIM2_248,SET2_21,100,1,2025
RED AEREA,SED2_06486,LLAVE2_19,SP,ALIM2_248,SET2_21,160,1,2025
FUSIBLE,SED2_08410,LLAVE2_19,SP,ALIM2_046,SET2_23,400,1,2025
RED SUBTERRANEA,SED2_08410,LLAVE2_09,SP,ALIM2_046,SET2_23,400,1,2025
FUSIBLE,SED2_08410,LLAVE2_15,SP,ALIM2_046,SET2_23,400,1,2025
RED SUBTERRANEA,SED2_08410,LLAVE2_15,SP,ALIM2_046,SET2_23,400,1,2025
RED SUBTERRANEA,SED2_04048,LLAVE2_09,SP,ALIM2_046,SET2_23,630,1,2025
RED SUBTERRANEA,SED2_04048,LLAVE2_21,SP,ALIM2_046,SET2_23,630,1,2025
RED SUBTERRANEA,SED2_07057,LLAVE2_19,SP,ALIM2_355,SET2_30,160,1,2025
RED SUBTERRANEA,SED2_02941,LLAVE2_09,SP,ALIM2_355,SET2_30,160,1,2025
RED SUBTERRANEA,SED2_02941,LLAVE2_15,SP,ALIM2_355,SET2_30,160,1,2025
RED AEREA,SED2_01840,LLAVE2_09,SP,ALIM2_355,SET2_30,250,1,2025
RED SUBTERRANEA,SED2_01840,LLAVE2_09,SP,ALIM2_355,SET2_30,250,1,2025
RED SUBTERRANEA,SED2_08051,LLAVE2_19,SP,ALIM2_287,SET2_30,250,1,2025
RED SUBTERRANEA,SED2_08982,LLAVE2_19,SP,ALIM2_065,SET2_17,250,1,2025
RED SUBTERRANEA,SED2_07085,LLAVE2_09,SP,ALIM2_065,SET2_17,160,1,2025
RED SUBTERRANEA,SED2_05488,LLAVE2_19,SP,ALIM2_065,SET2_17,160,1,2025
RED SUBTERRANEA,SED2_07568,LLAVE2_09,SP,ALIM2_065,SET2_17,160,1,2025
RED SUBTERRANEA,SED2_04797,LLAVE2_09,SP,ALIM2_011,SET2_17,160,1,2025
RED AEREA,SED2_08665,LLAVE2_09,SP,ALIM2_375,SET2_22,100,1,2025
FUSIBLE,SED2_08564,LLAVE2_15,SP,ALIM2_011,SET2_17,250,1,2025
RED SUBTERRANEA,SED2_07974,LLAVE2_09,SP,ALIM2_065,SET2_17,160,1,2025
RED SUBTERRANEA,SED2_00826,LLAVE2_21,SP,ALIM2_177,SET2_08,400,1,2025
RED SUBTERRANEA,SED2_02984,LLAVE2_15,SP,ALIM2_180,SET2_17,400,1,2025
RED SUBTERRANEA,SED2_01231,LLAVE2_19,SP,ALIM2_123,SET2_38,400,1,2025
FUSIBLE,SED2_01231,LLAVE2_15,SP,ALIM2_123,SET2_38,400,1,2025
RED SUBTERRANEA,SED2_01231,LLAVE2_15,SP,ALIM2_123,SET2_38,400,1,2025
RED SUBTERRANEA,SED2_05306,LLAVE2_21,SP,ALIM2_392,SET2_08,630,1,2025
RED SUBTERRANEA,SED2_04066,LLAVE2_15,SP,ALIM2_143,SET2_08,400,1,2025
RED AEREA,SED2_08356,LLAVE2_19,SP,ALIM2_109,SET2_17,250,1,2025
RED AEREA,SED2_08356,LLAVE2_09,SP,ALIM2_109,SET2_17,250,1,2025
RED SUBTERRANEA,SED2_04231,LLAVE2_19,SP,ALIM2_358,SET2_38,400,1,2025
RED SUBTERRANEA,SED2_07201,LLAVE2_15,SP,ALIM2_186,SET2_08,630,1,2025
RED SUBTERRANEA,SED2_06581,LLAVE2_21,SP,ALIM2_006,SET2_08,400,1,2025
RED SUBTERRANEA,SED2_02478,LLAVE2_19,SP,ALIM2_355,SET2_30,250,1,2025
RED SUBTERRANEA,SED2_05032,LLAVE2_09,SP,ALIM2_177,SET2_08,400,1,2025
RED SUBTERRANEA,SED2_08909,LLAVE2_19,SP,ALIM2_197,SET2_46,400,1,2025
RED SUBTERRANEA,SED2_08909,LLAVE2_09,SP,ALIM2_197,SET2_46,400,1,2025
RED SUBTERRANEA,SED2_04527,LLAVE2_15,SP,ALIM2_233,SET2_41,400,1,2025
RED SUBTERRANEA,SED2_05094,LLAVE2_15,SP,ALIM2_233,SET2_41,400,1,2025
RED SUBTERRANEA,SED2_03024,LLAVE2_09,SP,ALIM2_233,SET2_41,400,1,2025
FUSIBLE,SED2_03024,LLAVE2_15,SP,ALIM2_233,SET2_41,400,1,2025
RED SUBTERRANEA,SED2_03024,LLAVE2_15,SP,ALIM2_233,SET2_41,400,1,2025
RED SUBTERRANEA,SED2_03332,LLAVE2_19,SP,ALIM2_439,SET2_08,400,1,2025
RED SUBTERRANEA,SED2_01380,LLAVE2_21,SP,ALIM2_463,SET2_36,400,1,2025
RED SUBTERRANEA,SED2_04922,LLAVE2_19,SP,ALIM2_020,SET2_46,400,1,2025
RED SUBTERRANEA,SED2_04922,LLAVE2_09,SP,ALIM2_020,SET2_46,400,1,2025
RED SUBTERRANEA,SED2_04673,LLAVE2_09,SP,ALIM2_387,SET2_26,160,1,2025
RED AEREA,SED2_08993,LLAVE2_19,SP,ALIM2_294,SET2_18,250,1,2025
RED SUBTERRANEA,SED2_01934,LLAVE2_09,SP,ALIM2_430,SET2_08,400,1,2025
RED SUBTERRANEA,SED2_09396,LLAVE2_09,SP,ALIM2_383,SET2_08,160,1,2025
RED SUBTERRANEA,SED2_01586,LLAVE2_09,SP,ALIM2_222,SET2_16,400,1,2025
RED SUBTERRANEA,SED2_09867,LLAVE2_21,SP,ALIM2_118,SET2_08,400,1,2025
RED SUBTERRANEA,SED2_03660,LLAVE2_09,SP,ALIM2_197,SET2_46,630,1,2025
FUSIBLE,SED2_03660,LLAVE2_21,SP,ALIM2_197,SET2_46,630,1,2025
RED SUBTERRANEA,SED2_05136,LLAVE2_15,SP,ALIM2_233,SET2_41,250,1,2025
RED SUBTERRANEA,SED2_07833,LLAVE2_15,SP,ALIM2_302,SET2_27,400,1,2025
RED AEREA,SED2_07739,LLAVE2_09,SP,ALIM2_252,SET2_22,100,1,2025
RED SUBTERRANEA,SED2_09322,LLAVE2_09,SP,ALIM2_252,SET2_22,160,1,2025
RED AEREA,SED2_09488,LLAVE2_15,SP,ALIM2_192,SET2_46,160,1,2025
RED SUBTERRANEA,SED2_09488,LLAVE2_15,SP,ALIM2_192,SET2_46,160,1,2025
RED SUBTERRANEA,SED2_08317,LLAVE2_19,SP,ALIM2_339,SET2_15,100,1,2025
RED SUBTERRANEA,SED2_01555,LLAVE2_19,SP,ALIM2_186,SET2_08,250,1,2025
RED SUBTERRANEA,SED2_02256,LLAVE2_15,SP,ALIM2_382,SET2_13,400,1,2025
RED SUBTERRANEA,SED2_04746,LLAVE2_15,SP,ALIM2_186,SET2_08,630,1,2025
RED SUBTERRANEA,SED2_03025,LLAVE2_19,SP,ALIM2_412,SET2_08,250,1,2025
RED SUBTERRANEA,SED2_03025,LLAVE2_15,SP,ALIM2_412,SET2_08,250,1,2025
RED SUBTERRANEA,SED2_03803,LLAVE2_09,SP,ALIM2_455,SET2_08,400,1,2025
RED SUBTERRANEA,SED2_08845,LLAVE2_15,SP,ALIM2_047,SET2_31,400,1,2025
RED SUBTERRANEA,SED2_08845,LLAVE2_14,SP,ALIM2_047,SET2_31,400,1,2025
RED SUBTERRANEA,SED2_08324,LLAVE2_19,SP,ALIM2_193,SET2_31,250,1,2025
RED SUBTERRANEA,SED2_08324,LLAVE2_09,SP,ALIM2_193,SET2_31,250,1,2025
RED SUBTERRANEA,SED2_08912,LLAVE2_19,SP,ALIM2_230,SET2_08,250,1,2025
RED SUBTERRANEA,SED2_08912,LLAVE2_15,SP,ALIM2_230,SET2_08,250,1,2025
RED SUBTERRANEA,SED2_00975,LLAVE2_09,SP,ALIM2_406,SET2_46,250,1,2025
RED SUBTERRANEA,SED2_05659,LLAVE2_19,SP,ALIM2_388,SET2_13,400,1,2025
RED AEREA,SED2_05659,LLAVE2_09,SP,ALIM2_388,SET2_13,400,1,2025
RED SUBTERRANEA,SED2_05659,LLAVE2_09,SP,ALIM2_388,SET2_13,400,1,2025
RED SUBTERRANEA,SED2_01739,LLAVE2_15,SP,ALIM2_070,SET2_16,250,1,2025
RED SUBTERRANEA,SED2_09905,LLAVE2_15,SP,ALIM2_435,SET2_38,400,1,2025
RED SUBTERRANEA,SED2_06739,LLAVE2_09,SP,ALIM2_070,SET2_16,400,1,2025
RED SUBTERRANEA,SED2_06739,LLAVE2_21,SP,ALIM2_070,SET2_16,400,1,2025
RED SUBTERRANEA,SED2_08600,LLAVE2_09,SP,ALIM2_195,SET2_27,250,1,2025
RED SUBTERRANEA,SED2_00617,LLAVE2_09,SP,ALIM2_064,SET2_01,400,1,2025
RED SUBTERRANEA,SED2_00617,LLAVE2_21,SP,ALIM2_064,SET2_01,400,1,2025
RED SUBTERRANEA,SED2_08464,LLAVE2_19,SP,ALIM2_332,SET2_08,400,1,2025
RED SUBTERRANEA,SED2_00613,LLAVE2_19,SP,ALIM2_470,SET2_02,630,1,2025
LLAVE,SED2_01904,LLAVE2_19,SP,ALIM2_027,SET2_41,250,1,2025
RED SUBTERRANEA,SED2_03947,LLAVE2_21,SP,ALIM2_221,SET2_36,250,1,2025
RED SUBTERRANEA,SED2_07453,LLAVE2_15,SP,ALIM2_173,SET2_16,250,1,2025
RED SUBTERRANEA,SED2_02993,LLAVE2_09,SP,ALIM2_164,SET2_16,400,1,2025
RED SUBTERRANEA,SED2_09519,LLAVE2_09,SP,ALIM2_003,SET2_26,400,1,2025
FUSIBLE,SED2_08651,LLAVE2_19,SP,ALIM2_473,SET2_46,400,1,2025
RED SUBTERRANEA,SED2_08651,LLAVE2_19,SP,ALIM2_473,SET2_46,400,1,2025
RED SUBTERRANEA,SED2_01503,LLAVE2_15,SP,ALIM2_118,SET2_08,400,1,2025
RED SUBTERRANEA,SED2_08860,LLAVE2_19,SP,ALIM2_045,SET2_38,250,1,2025
FUSIBLE,SED2_03730,LLAVE2_09,SP,ALIM2_372,SET2_44,400,1,2025
RED AEREA,SED2_03730,LLAVE2_09,SP,ALIM2_372,SET2_44,400,1,2025
RED SUBTERRANEA,SED2_08472,LLAVE2_15,SP,ALIM2_229,SET2_38,400,1,2025
RED SUBTERRANEA,SED2_03296,LLAVE2_09,SP,ALIM2_123,SET2_38,250,1,2025
FUSIBLE,SED2_02615,LLAVE2_21,SP,ALIM2_453,SET2_43,400,1,2025
RED SUBTERRANEA,SED2_01653,LLAVE2_15,SP,ALIM2_118,SET2_08,400,1,2025
RED SUBTERRANEA,SED2_06251,LLAVE2_09,SP,ALIM2_455,SET2_08,400,1,2025
RED SUBTERRANEA,SED2_06620,LLAVE2_19,SP,ALIM2_164,SET2_16,400,1,2025
RED SUBTERRANEA,SED2_06620,LLAVE2_09,SP,ALIM2_164,SET2_16,400,1,2025
RED SUBTERRANEA,SED2_09733,LLAVE2_19,SP,ALIM2_439,SET2_08,400,1,2025
RED SUBTERRANEA,SED2_05969,LLAVE2_19,SP,ALIM2_393,SET2_17,160,1,2025
RED SUBTERRANEA,SED2_02169,LLAVE2_19,SP,ALIM2_393,SET2_17,250,1,2025
RED SUBTERRANEA,SED2_04572,LLAVE2_19,SP,ALIM2_393,SET2_17,250,1,2025
FUSIBLE,SED2_08889,LLAVE2_21,SP,ALIM2_439,SET2_08,630,1,2025
RED SUBTERRANEA,SED2_03204,LLAVE2_19,SP,ALIM2_439,SET2_08,400,1,2025
RED SUBTERRANEA,SED2_03781,LLAVE2_15,SP,ALIM2_352,SET2_27,250,1,2025
RED SUBTERRANEA,SED2_03399,LLAVE2_09,SP,ALIM2_020,SET2_46,630,1,2025
RED SUBTERRANEA,SED2_08316,LLAVE2_15,SP,ALIM2_006,SET2_08,400,1,2025
RED SUBTERRANEA,SED2_01525,LLAVE2_19,SP,ALIM2_406,SET2_46,400,1,2025
RED SUBTERRANEA,SED2_01974,LLAVE2_09,SP,ALIM2_118,SET2_08,400,1,2025
RED SUBTERRANEA,SED2_01974,LLAVE2_15,SP,ALIM2_118,SET2_08,400,1,2025
RED SUBTERRANEA,SED2_01974,LLAVE2_21,SP,ALIM2_118,SET2_08,400,1,2025
RED SUBTERRANEA,SED2_00344,LLAVE2_19,SP,ALIM2_366,SET2_27,400,1,2025
RED SUBTERRANEA,SED2_07935,LLAVE2_19,SP,ALIM2_020,SET2_46,400,1,2025
RED SUBTERRANEA,SED2_09288,LLAVE2_19,SP,ALIM2_193,SET2_31,160,1,2025
RED AEREA,SED2_09288,LLAVE2_09,SP,ALIM2_193,SET2_31,160,1,2025
RED SUBTERRANEA,SED2_02740,LLAVE2_19,SP,ALIM2_406,SET2_46,630,1,2025
RED SUBTERRANEA,SED2_02740,LLAVE2_15,SP,ALIM2_406,SET2_46,630,1,2025
RED SUBTERRANEA,SED2_07839,LLAVE2_15,SP,ALIM2_332,SET2_08,400,1,2025
RED SUBTERRANEA,SED2_04612,LLAVE2_19,SP,ALIM2_439,SET2_08,400,1,2025
RED AEREA,SED2_04612,LLAVE2_09,SP,ALIM2_439,SET2_08,400,1,2025
RED SUBTERRANEA,SED2_04612,LLAVE2_15,SP,ALIM2_439,SET2_08,400,1,2025
RED SUBTERRANEA,SED2_09253,LLAVE2_15,SP,ALIM2_135,SET2_43,250,1,2025
RED SUBTERRANEA,SED2_09647,LLAVE2_21,SP,ALIM2_439,SET2_08,400,1,2025
RED SUBTERRANEA,SED2_03582,LLAVE2_19,SP,ALIM2_383,SET2_08,630,1,2025
RED SUBTERRANEA,SED2_03413,LLAVE2_09,SP,ALIM2_248,SET2_21,250,1,2025
RED SUBTERRANEA,SED2_08250,LLAVE2_19,SP,ALIM2_027,SET2_41,250,1,2025
RED SUBTERRANEA,SED2_04317,LLAVE2_19,SP,ALIM2_279,SET2_17,315,1,2025
RED SUBTERRANEA,SED2_04317,LLAVE2_09,SP,ALIM2_279,SET2_17,315,1,2025
FUSIBLE,SED2_04317,LLAVE2_15,SP,ALIM2_279,SET2_17,315,1,2025
RED SUBTERRANEA,SED2_04317,LLAVE2_15,SP,ALIM2_279,SET2_17,315,1,2025
RED SUBTERRANEA,SED2_07718,LLAVE2_09,SP,ALIM2_310,SET2_40,250,1,2025
FUSIBLE,SED2_00010,LLAVE2_19,SP,ALIM2_435,SET2_38,250,1,2025
RED SUBTERRANEA,SED2_00010,LLAVE2_09,SP,ALIM2_435,SET2_38,250,1,2025
RED SUBTERRANEA,SED2_09864,LLAVE2_21,SP,ALIM2_417,SET2_36,200,1,2025
LLAVE,SED2_05672,LLAVE2_15,SP,ALIM2_249,SET2_08,630,1,2025
RED SUBTERRANEA,SED2_05672,LLAVE2_15,SP,ALIM2_249,SET2_08,630,1,2025
RED SUBTERRANEA,SED2_07297,LLAVE2_21,SP,ALIM2_445,SET2_46,630,1,2025
FUSIBLE,SED2_06976,LLAVE2_21,SP,ALIM2_272,SET2_08,400,1,2025
RED AEREA,SED2_03233,LLAVE2_21,SP,ALIM2_302,SET2_27,400,1,2025
RED SUBTERRANEA,SED2_03233,LLAVE2_21,SP,ALIM2_302,SET2_27,400,1,2025
RED SUBTERRANEA,SED2_02236,LLAVE2_15,SP,ALIM2_301,SET2_38,400,1,2025
RED SUBTERRANEA,SED2_08625,LLAVE2_15,SP,ALIM2_064,SET2_01,250,1,2025
FUSIBLE,SED2_00529,LLAVE2_19,SP,ALIM2_435,SET2_38,630,1,2025
FUSIBLE,SED2_00529,LLAVE2_09,SP,ALIM2_435,SET2_38,630,1,2025
RED SUBTERRANEA,SED2_00529,LLAVE2_15,SP,ALIM2_435,SET2_38,630,1,2025
RED SUBTERRANEA,SED2_01804,LLAVE2_19,SP,ALIM2_064,SET2_01,630,1,2025
RED SUBTERRANEA,SED2_01804,LLAVE2_09,SP,ALIM2_064,SET2_01,630,1,2025
RED SUBTERRANEA,SED2_06726,LLAVE2_09,SP,ALIM2_084,SET2_35,630,1,2025
FUSIBLE,SED2_06726,LLAVE2_15,SP,ALIM2_084,SET2_35,630,1,2025
RED SUBTERRANEA,SED2_06726,LLAVE2_15,SP,ALIM2_084,SET2_35,630,1,2025
RED SUBTERRANEA,SED2_06726,LLAVE2_21,SP,ALIM2_084,SET2_35,630,1,2025
RED SUBTERRANEA,SED2_09144,LLAVE2_19,SP,ALIM2_177,SET2_08,250,1,2025
RED SUBTERRANEA,SED2_02657,LLAVE2_09,SP,ALIM2_285,SET2_46,400,1,2025
RED SUBTERRANEA,SED2_02657,LLAVE2_21,SP,ALIM2_285,SET2_46,400,1,2025
RED SUBTERRANEA,SED2_02663,LLAVE2_15,SP,ALIM2_222,SET2_16,400,1,2025
RED SUBTERRANEA,SED2_00811,LLAVE2_21,SP,ALIM2_315,SET2_08,400,1,2025
FUSIBLE,SED2_06640,LLAVE2_09,SP,ALIM2_020,SET2_46,630,1,2025
RED SUBTERRANEA,SED2_00562,LLAVE2_09,SP,ALIM2_006,SET2_08,250,1,2025
RED SUBTERRANEA,SED2_00562,LLAVE2_15,SP,ALIM2_006,SET2_08,250,1,2025
RED SUBTERRANEA,SED2_04433,LLAVE2_19,SP,ALIM2_352,SET2_27,400,1,2025
FUSIBLE,SED2_04433,LLAVE2_21,SP,ALIM2_352,SET2_27,400,1,2025
RED SUBTERRANEA,SED2_04897,LLAVE2_21,SP,ALIM2_173,SET2_16,400,1,2025
RED SUBTERRANEA,SED2_03343,LLAVE2_09,SP,ALIM2_058,SET2_43,400,1,2025
RED SUBTERRANEA,SED2_03095,LLAVE2_19,SP,ALIM2_150,SET2_16,400,1,2025
RED SUBTERRANEA,SED2_03095,LLAVE2_15,SP,ALIM2_150,SET2_16,400,1,2025
RED SUBTERRANEA,SED2_09602,LLAVE2_09,SP,ALIM2_314,SET2_46,250,1,2025
RED SUBTERRANEA,SED2_09602,LLAVE2_15,SP,ALIM2_314,SET2_46,250,1,2025
RED SUBTERRANEA,SED2_09782,LLAVE2_19,SP,ALIM2_230,SET2_08,250,1,2025
RED SUBTERRANEA,SED2_06891,LLAVE2_19,SP,ALIM2_298,SET2_26,160,1,2025
RED SUBTERRANEA,SED2_06891,LLAVE2_09,SP,ALIM2_298,SET2_26,160,1,2025
RED SUBTERRANEA,SED2_01296,LLAVE2_09,SP,ALIM2_118,SET2_08,400,1,2025
RED SUBTERRANEA,SED2_04302,LLAVE2_21,SP,ALIM2_435,SET2_38,400,1,2025
RED SUBTERRANEA,SED2_05194,LLAVE2_15,SP,ALIM2_250,SET2_27,630,1,2025
RED SUBTERRANEA,SED2_09025,LLAVE2_19,SP,ALIM2_020,SET2_46,400,1,2025
RED SUBTERRANEA,SED2_09025,LLAVE2_09,SP,ALIM2_020,SET2_46,400,1,2025
RED SUBTERRANEA,SED2_00770,LLAVE2_09,SP,ALIM2_431,SET2_36,160,1,2025
RED SUBTERRANEA,SED2_05552,LLAVE2_09,SP,ALIM2_020,SET2_46,630,1,2025
RED SUBTERRANEA,SED2_03476,LLAVE2_09,SP,ALIM2_250,SET2_27,630,1,2025
RED AEREA,SED2_08483,LLAVE2_19,SP,ALIM2_150,SET2_16,400,1,2025
FUSIBLE,SED2_06974,LLAVE2_09,SP,ALIM2_230,SET2_08,250,1,2025
RED SUBTERRANEA,SED2_04822,LLAVE2_15,SP,ALIM2_179,SET2_38,630,1,2025
RED SUBTERRANEA,SED2_01433,LLAVE2_19,SP,ALIM2_408,SET2_36,250,1,2025
RED SUBTERRANEA,SED2_08129,LLAVE2_19,SP,ALIM2_266,SET2_26,160,1,2025
RED SUBTERRANEA,SED2_08129,LLAVE2_09,SP,ALIM2_266,SET2_26,160,1,2025
RED SUBTERRANEA,SED2_06051,LLAVE2_15,SP,ALIM2_177,SET2_08,400,1,2025
RED AEREA,SED2_09772,LLAVE2_09,SP,ALIM2_301,SET2_38,400,1,2025
RED SUBTERRANEA,SED2_05191,LLAVE2_15,SP,ALIM2_262,SET2_01,400,1,2025
RED SUBTERRANEA,SED2_07065,LLAVE2_15,SP,ALIM2_453,SET2_43,630,1,2025
RED SUBTERRANEA,SED2_00217,LLAVE2_19,SP,ALIM2_263,SET2_31,400,1,2025
RED AEREA,SED2_00217,LLAVE2_09,SP,ALIM2_263,SET2_31,400,1,2025
RED SUBTERRANEA,SED2_00217,LLAVE2_15,SP,ALIM2_263,SET2_31,400,1,2025
LLAVE,SED2_02130,LLAVE2_21,SP,ALIM2_006,SET2_08,400,1,2025
FUSIBLE,SED2_02130,LLAVE2_14,SP,ALIM2_006,SET2_08,400,1,2025
RED SUBTERRANEA,SED2_06882,LLAVE2_19,SP,ALIM2_244,SET2_32,250,1,2025
RED SUBTERRANEA,SED2_09209,LLAVE2_15,SP,ALIM2_332,SET2_08,400,1,2025
RED SUBTERRANEA,SED2_02508,LLAVE2_19,SP,ALIM2_427,SET2_06,250,1,2025
RED SUBTERRANEA,SED2_02508,LLAVE2_09,SP,ALIM2_427,SET2_06,250,1,2025
RED SUBTERRANEA,SED2_09265,LLAVE2_09,SP,ALIM2_261,SET2_38,250,1,2025
RED SUBTERRANEA,SED2_01773,LLAVE2_09,SP,ALIM2_195,SET2_27,400,1,2025
RED SUBTERRANEA,SED2_03806,LLAVE2_09,SP,ALIM2_181,SET2_40,250,1,2025
RED SUBTERRANEA,SED2_03806,LLAVE2_15,SP,ALIM2_181,SET2_40,250,1,2025
RED SUBTERRANEA,SED2_09070,LLAVE2_15,SP,ALIM2_134,SET2_16,250,1,2025
LLAVE,SED2_00444,LLAVE2_19,SP,ALIM2_291,SET2_09,630,1,2025
RED SUBTERRANEA,SED2_00444,LLAVE2_09,SP,ALIM2_291,SET2_09,630,1,2025
RED SUBTERRANEA,SED2_04495,LLAVE2_09,SP,ALIM2_226,SET2_02,250,1,2025
RED SUBTERRANEA,SED2_02510,LLAVE2_19,SP,ALIM2_126,SET2_02,250,1,2025
RED SUBTERRANEA,SED2_04477,LLAVE2_19,SP,ALIM2_257,SET2_31,250,1,2025
RED SUBTERRANEA,SED2_09053,LLAVE2_19,SP,ALIM2_257,SET2_31,250,1,2025
RED SUBTERRANEA,SED2_09053,LLAVE2_09,SP,ALIM2_257,SET2_31,250,1,2025
RED SUBTERRANEA,SED2_02902,LLAVE2_19,SP,ALIM2_257,SET2_31,200,1,2025
RED SUBTERRANEA,SED2_02902,LLAVE2_09,SP,ALIM2_257,SET2_31,200,1,2025
LLAVE,SED2_02902,LLAVE2_15,SP,ALIM2_257,SET2_31,200,1,2025
RED SUBTERRANEA,SED2_02321,LLAVE2_09,SP,ALIM2_476,SET2_02,250,1,2025
RED SUBTERRANEA,SED2_02259,LLAVE2_19,SP,ALIM2_189,SET2_09,250,1,2025
RED SUBTERRANEA,SED2_01106,LLAVE2_19,SP,ALIM2_250,SET2_27,250,1,2025
LLAVE,SED2_02152,LLAVE2_19,SP,ALIM2_476,SET2_02,250,1,2025
RED SUBTERRANEA,SED2_08559,LLAVE2_19,SP,ALIM2_034,SET2_31,160,1,2025
RED SUBTERRANEA,SED2_08559,LLAVE2_09,SP,ALIM2_034,SET2_31,160,1,2025
RED SUBTERRANEA,SED2_08699,LLAVE2_19,SP,ALIM2_310,SET2_40,630,1,2025
RED SUBTERRANEA,SED2_08699,LLAVE2_15,SP,ALIM2_310,SET2_40,630,1,2025
RED SUBTERRANEA,SED2_09285,LLAVE2_19,SP,ALIM2_236,SET2_38,630,1,2025
RED AEREA,SED2_09270,LLAVE2_15,SP,ALIM2_086,SET2_33,250,1,2025
RED SUBTERRANEA,SED2_03595,LLAVE2_15,SP,ALIM2_430,SET2_08,250,1,2025
RED SUBTERRANEA,SED2_09899,LLAVE2_19,SP,ALIM2_435,SET2_38,400,1,2025
RED SUBTERRANEA,SED2_09899,LLAVE2_21,SP,ALIM2_435,SET2_38,400,1,2025
RED AEREA,SED2_07303,LLAVE2_21,SP,ALIM2_363,SET2_12,630,1,2025
RED AEREA,SED2_07342,LLAVE2_09,SP,ALIM2_208,SET2_13,250,1,2025
RED SUBTERRANEA,SED2_03616,LLAVE2_09,SP,ALIM2_198,SET2_08,630,1,2025
RED SUBTERRANEA,SED2_01370,LLAVE2_19,SP,ALIM2_439,SET2_08,250,1,2025
RED SUBTERRANEA,SED2_01370,LLAVE2_15,SP,ALIM2_439,SET2_08,250,1,2025
RED SUBTERRANEA,SED2_02391,LLAVE2_09,SP,ALIM2_455,SET2_08,630,1,2025
RED SUBTERRANEA,SED2_05139,LLAVE2_21,SP,ALIM2_417,SET2_36,300,1,2025
RED SUBTERRANEA,SED2_08558,LLAVE2_19,SP,ALIM2_301,SET2_38,400,1,2025
RED SUBTERRANEA,SED2_08558,LLAVE2_15,SP,ALIM2_301,SET2_38,400,1,2025
RED SUBTERRANEA,SED2_04058,LLAVE2_19,SP,ALIM2_150,SET2_16,400,1,2025
RED SUBTERRANEA,SED2_04141,LLAVE2_19,SP,ALIM2_366,SET2_27,400,1,2025
RED SUBTERRANEA,SED2_04250,LLAVE2_09,SP,ALIM2_150,SET2_16,250,1,2025
RED SUBTERRANEA,SED2_04250,LLAVE2_15,SP,ALIM2_150,SET2_16,250,1,2025
RED SUBTERRANEA,SED2_00495,LLAVE2_09,SP,ALIM2_256,SET2_38,250,1,2025
RED SUBTERRANEA,SED2_06182,LLAVE2_19,SP,ALIM2_143,SET2_08,400,1,2025
RED SUBTERRANEA,SED2_04650,LLAVE2_19,SP,ALIM2_027,SET2_41,160,1,2025
FUSIBLE,SED2_06280,LLAVE2_19,SP,ALIM2_439,SET2_08,400,1,2025
FUSIBLE,SED2_06280,LLAVE2_15,SP,ALIM2_439,SET2_08,400,1,2025
RED SUBTERRANEA,SED2_02430,LLAVE2_19,SP,ALIM2_358,SET2_38,400,1,2025
RED SUBTERRANEA,SED2_03740,LLAVE2_19,SP,ALIM2_239,SET2_08,250,1,2025
RED SUBTERRANEA,SED2_07454,LLAVE2_09,SP,ALIM2_383,SET2_08,630,1,2025
RED SUBTERRANEA,SED2_07502,LLAVE2_19,SP,ALIM2_367,SET2_26,300,1,2025
RED SUBTERRANEA,SED2_00319,LLAVE2_21,SP,ALIM2_196,SET2_38,400,1,2025
RED SUBTERRANEA,SED2_08773,LLAVE2_09,SP,ALIM2_103,SET2_21,400,1,2025
RED AEREA,SED2_08773,LLAVE2_15,SP,ALIM2_103,SET2_21,400,1,2025
RED SUBTERRANEA,SED2_07995,LLAVE2_09,SP,ALIM2_196,SET2_38,630,1,2025
RED SUBTERRANEA,SED2_07330,LLAVE2_19,SP,ALIM2_103,SET2_21,101,1,2025
RED SUBTERRANEA,SED2_07330,LLAVE2_21,SP,ALIM2_103,SET2_21,101,1,2025
RED SUBTERRANEA,SED2_09690,LLAVE2_19,SP,ALIM2_477,SET2_31,250,1,2025
RED SUBTERRANEA,SED2_05359,LLAVE2_15,SP,ALIM2_439,SET2_08,250,1,2025
RED SUBTERRANEA,SED2_01924,LLAVE2_19,SP,ALIM2_330,SET2_23,160,1,2025
RED SUBTERRANEA,SED2_01924,LLAVE2_09,SP,ALIM2_330,SET2_23,160,1,2025
RED SUBTERRANEA,SED2_09526,LLAVE2_15,SP,ALIM2_195,SET2_27,400,1,2025
RED AEREA,SED2_09115,LLAVE2_19,SP,ALIM2_134,SET2_16,160,1,2025
RED SUBTERRANEA,SED2_06510,LLAVE2_21,SP,ALIM2_030,SET2_41,630,1,2025
RED SUBTERRANEA,SED2_04211,LLAVE2_09,SP,ALIM2_177,SET2_08,400,1,2025
RED SUBTERRANEA,SED2_04211,LLAVE2_15,SP,ALIM2_177,SET2_08,400,1,2025
RED SUBTERRANEA,SED2_04211,LLAVE2_21,SP,ALIM2_177,SET2_08,400,1,2025
RED SUBTERRANEA,SED2_04447,LLAVE2_19,SP,ALIM2_439,SET2_08,250,1,2025
RED SUBTERRANEA,SED2_01336,LLAVE2_19,SP,ALIM2_430,SET2_08,250,1,2025
LLAVE,SED2_09580,LLAVE2_15,SP,ALIM2_055,SET2_35,630,1,2025
RED SUBTERRANEA,SED2_01810,LLAVE2_19,SP,ALIM2_123,SET2_38,400,1,2025
RED SUBTERRANEA,SED2_04534,LLAVE2_15,SP,ALIM2_035,SET2_09,630,1,2025
RED SUBTERRANEA,SED2_06957,LLAVE2_19,SP,ALIM2_121,SET2_21,100,1,2025
RED SUBTERRANEA,SED2_06957,LLAVE2_09,SP,ALIM2_121,SET2_21,100,1,2025
RED SUBTERRANEA,SED2_01834,LLAVE2_09,SP,ALIM2_086,SET2_33,250,1,2025
RED SUBTERRANEA,SED2_03944,LLAVE2_09,SP,ALIM2_287,SET2_30,160,1,2025
RED SUBTERRANEA,SED2_03944,LLAVE2_15,SP,ALIM2_287,SET2_30,160,1,2025
RED SUBTERRANEA,SED2_07157,LLAVE2_19,SP,ALIM2_150,SET2_16,150,1,2025
FUSIBLE,SED2_02863,LLAVE2_15,SP,ALIM2_143,SET2_08,630,1,2025
RED SUBTERRANEA,SED2_04734,LLAVE2_19,SP,ALIM2_463,SET2_36,160,1,2025
RED SUBTERRANEA,SED2_01677,LLAVE2_15,SP,ALIM2_248,SET2_21,250,1,2025
RED SUBTERRANEA,SED2_00196,LLAVE2_19,SP,ALIM2_045,SET2_38,160,1,2025
RED SUBTERRANEA,SED2_00196,LLAVE2_09,SP,ALIM2_045,SET2_38,160,1,2025
RED SUBTERRANEA,SED2_08643,LLAVE2_09,SP,ALIM2_460,SET2_16,160,1,2025
RED SUBTERRANEA,SED2_07752,LLAVE2_09,SP,ALIM2_196,SET2_38,400,1,2025
RED SUBTERRANEA,SED2_07289,LLAVE2_15,SP,ALIM2_075,SET2_36,400,1,2025
RED SUBTERRANEA,SED2_05742,LLAVE2_09,SP,ALIM2_431,SET2_36,160,1,2025
RED SUBTERRANEA,SED2_03480,LLAVE2_19,SP,ALIM2_279,SET2_17,160,1,2025
RED SUBTERRANEA,SED2_01523,LLAVE2_19,SP,ALIM2_230,SET2_08,400,1,2025
RED SUBTERRANEA,SED2_01523,LLAVE2_09,SP,ALIM2_230,SET2_08,400,1,2025
RED SUBTERRANEA,SED2_02178,LLAVE2_09,SP,ALIM2_261,SET2_38,250,1,2025
RED SUBTERRANEA,SED2_05128,LLAVE2_19,SP,ALIM2_332,SET2_08,400,1,2025
RED SUBTERRANEA,SED2_05128,LLAVE2_09,SP,ALIM2_332,SET2_08,400,1,2025
RED AEREA,SED2_06828,LLAVE2_19,SP,ALIM2_134,SET2_16,400,1,2025
RED SUBTERRANEA,SED2_06828,LLAVE2_19,SP,ALIM2_134,SET2_16,400,1,2025
RED AEREA,SED2_08210,LLAVE2_09,SP,ALIM2_202,SET2_29,75,1,2025
RED SUBTERRANEA,SED2_00123,LLAVE2_19,SP,ALIM2_344,SET2_31,250,1,2025
RED SUBTERRANEA,SED2_00123,LLAVE2_09,SP,ALIM2_344,SET2_31,250,1,2025
RED SUBTERRANEA,SED2_03869,LLAVE2_19,SP,ALIM2_344,SET2_31,400,1,2025
RED SUBTERRANEA,SED2_02487,LLAVE2_19,SP,ALIM2_344,SET2_31,400,1,2025
RED SUBTERRANEA,SED2_02487,LLAVE2_09,SP,ALIM2_344,SET2_31,400,1,2025
RED SUBTERRANEA,SED2_02487,LLAVE2_21,SP,ALIM2_344,SET2_31,400,1,2025
RED SUBTERRANEA,SED2_08675,LLAVE2_19,SP,ALIM2_304,SET2_02,250,1,2025
LLAVE,SED2_08408,LLAVE2_19,SP,ALIM2_344,SET2_31,630,1,2025
RED SUBTERRANEA,SED2_06016,LLAVE2_21,SP,ALIM2_453,SET2_43,400,1,2025
FUSIBLE,SED2_01627,LLAVE2_15,SP,ALIM2_431,SET2_36,250,1,2025
RED SUBTERRANEA,SED2_01372,LLAVE2_15,SP,ALIM2_454,SET2_13,400,1,2025
RED SUBTERRANEA,SED2_01372,LLAVE2_21,SP,ALIM2_454,SET2_13,400,1,2025
RED SUBTERRANEA,SED2_07217,LLAVE2_13,SP,ALIM2_196,SET2_38,400,1,2025
RED SUBTERRANEA,SED2_03228,LLAVE2_19,SP,ALIM2_271,SET2_26,250,1,2025
RED SUBTERRANEA,SED2_04223,LLAVE2_19,SP,ALIM2_463,SET2_36,250,1,2025
RED AEREA,SED2_01138,LLAVE2_09,SP,ALIM2_381,SET2_45,160,1,2025
RED SUBTERRANEA,SED2_00388,LLAVE2_19,SP,ALIM2_298,SET2_26,160,1,2025
RED SUBTERRANEA,SED2_00588,LLAVE2_19,SP,ALIM2_339,SET2_15,250,1,2025
RED SUBTERRANEA,SED2_01068,LLAVE2_09,SP,ALIM2_370,SET2_21,400,1,2025
RED SUBTERRANEA,SED2_07519,LLAVE2_09,SP,ALIM2_393,SET2_17,250,1,2025
RED SUBTERRANEA,SED2_02347,LLAVE2_19,SP,ALIM2_129,SET2_02,160,1,2025
RED SUBTERRANEA,SED2_02347,LLAVE2_09,SP,ALIM2_129,SET2_02,160,1,2025
RED SUBTERRANEA,SED2_07280,LLAVE2_19,SP,ALIM2_152,SET2_40,250,1,2025
RED SUBTERRANEA,SED2_03992,LLAVE2_19,SP,ALIM2_047,SET2_31,250,1,2025
RED SUBTERRANEA,SED2_07388,LLAVE2_19,SP,ALIM2_250,SET2_27,400,1,2025
RED SUBTERRANEA,SED2_07226,LLAVE2_19,SP,ALIM2_245,SET2_04,250,1,2025
RED SUBTERRANEA,SED2_06275,LLAVE2_09,SP,ALIM2_261,SET2_38,250,1,2025
RED SUBTERRANEA,SED2_06275,LLAVE2_21,SP,ALIM2_261,SET2_38,250,1,2025
RED SUBTERRANEA,SED2_03429,LLAVE2_09,SP,ALIM2_261,SET2_38,400,1,2025
RED SUBTERRANEA,SED2_02987,LLAVE2_19,SP,ALIM2_196,SET2_38,400,1,2025
FUSIBLE,SED2_07978,LLAVE2_19,SP,ALIM2_475,SET2_36,250,1,2025
RED SUBTERRANEA,SED2_07978,LLAVE2_19,SP,ALIM2_475,SET2_36,250,1,2025
RED SUBTERRANEA,SED2_07978,LLAVE2_09,SP,ALIM2_475,SET2_36,250,1,2025
RED SUBTERRANEA,SED2_06587,LLAVE2_09,SP,ALIM2_064,SET2_01,630,1,2025
RED SUBTERRANEA,SED2_04400,LLAVE2_09,SP,ALIM2_301,SET2_38,630,1,2025
FUSIBLE,SED2_04400,LLAVE2_15,SP,ALIM2_301,SET2_38,630,1,2025
RED SUBTERRANEA,SED2_04400,LLAVE2_15,SP,ALIM2_301,SET2_38,630,1,2025
LLAVE,SED2_04400,LLAVE2_14,SP,ALIM2_301,SET2_38,630,1,2025
RED SUBTERRANEA,SED2_02574,LLAVE2_09,SP,ALIM2_180,SET2_17,400,1,2025
RED SUBTERRANEA,SED2_08346,LLAVE2_19,SP,ALIM2_164,SET2_16,400,1,2025
RED SUBTERRANEA,SED2_02676,LLAVE2_19,SP,ALIM2_196,SET2_38,250,1,2025
RED SUBTERRANEA,SED2_02676,LLAVE2_21,SP,ALIM2_196,SET2_38,250,1,2025
RED SUBTERRANEA,SED2_06632,LLAVE2_19,SP,ALIM2_337,SET2_38,100,1,2025
RED SUBTERRANEA,SED2_07575,LLAVE2_14,SP,ALIM2_451,SET2_27,630,1,2025
RED SUBTERRANEA,SED2_07575,LLAVE2_13,SP,ALIM2_451,SET2_27,630,1,2025
RED SUBTERRANEA,SED2_07575,LLAVE2_18,SP,ALIM2_451,SET2_27,630,1,2025
RED SUBTERRANEA,SED2_07861,LLAVE2_09,SP,ALIM2_266,SET2_26,250,1,2025
RED SUBTERRANEA,SED2_01983,LLAVE2_19,SP,ALIM2_153,SET2_31,160,1,2025
RED SUBTERRANEA,SED2_01350,LLAVE2_15,SP,ALIM2_210,SET2_40,400,1,2025
RED SUBTERRANEA,SED2_08972,LLAVE2_09,SP,ALIM2_239,SET2_08,250,1,2025
RED SUBTERRANEA,SED2_00015,LLAVE2_09,SP,ALIM2_303,SET2_38,400,1,2025
FUSIBLE,SED2_07287,LLAVE2_21,SP,ALIM2_303,SET2_38,160,1,2025
RED SUBTERRANEA,SED2_05023,LLAVE2_15,SP,ALIM2_332,SET2_08,160,1,2025
RED SUBTERRANEA,SED2_03062,LLAVE2_09,SP,ALIM2_332,SET2_08,250,1,2025
RED AEREA,SED2_02958,LLAVE2_09,SP,ALIM2_094,SET2_42,630,1,2025
RED AEREA,SED2_08557,LLAVE2_09,SP,ALIM2_465,SET2_28,250,1,2025
RED SUBTERRANEA,SED2_01382,LLAVE2_19,SP,ALIM2_038,SET2_46,100,1,2025
RED SUBTERRANEA,SED2_07019,LLAVE2_15,SP,ALIM2_038,SET2_46,160,1,2025
RED SUBTERRANEA,SED2_07452,LLAVE2_19,SP,ALIM2_038,SET2_46,101,1,2025
RED SUBTERRANEA,SED2_09789,LLAVE2_09,SP,ALIM2_038,SET2_46,250,1,2025
LLAVE,SED2_02637,LLAVE2_09,SP,ALIM2_038,SET2_46,75,1,2025
RED SUBTERRANEA,SED2_02637,LLAVE2_09,SP,ALIM2_038,SET2_46,75,1,2025
RED SUBTERRANEA,SED2_08825,LLAVE2_15,SP,ALIM2_077,SET2_40,250,1,2025
RED SUBTERRANEA,SED2_07589,LLAVE2_19,SP,ALIM2_349,SET2_21,160,1,2025
RED SUBTERRANEA,SED2_03623,LLAVE2_15,SP,ALIM2_164,SET2_16,400,1,2025
RED SUBTERRANEA,SED2_06392,LLAVE2_19,SP,ALIM2_479,SET2_31,250,1,2025
RED SUBTERRANEA,SED2_07631,LLAVE2_18,SP,ALIM2_230,SET2_08,630,1,2025
RED SUBTERRANEA,SED2_02601,LLAVE2_09,SP,ALIM2_261,SET2_38,160,1,2025
RED SUBTERRANEA,SED2_00263,LLAVE2_19,SP,ALIM2_173,SET2_16,250,1,2025
RED SUBTERRANEA,SED2_00814,LLAVE2_19,SP,ALIM2_279,SET2_17,400,1,2025
RED SUBTERRANEA,SED2_01811,LLAVE2_09,SP,ALIM2_352,SET2_27,250,1,2025
RED SUBTERRANEA,SED2_00920,LLAVE2_19,SP,ALIM2_164,SET2_16,250,1,2025
RED SUBTERRANEA,SED2_00920,LLAVE2_09,SP,ALIM2_164,SET2_16,250,1,2025
RED SUBTERRANEA,SED2_02843,LLAVE2_19,SP,ALIM2_325,SET2_23,160,1,2025
RED SUBTERRANEA,SED2_08882,LLAVE2_09,SP,ALIM2_352,SET2_27,400,1,2025
RED SUBTERRANEA,SED2_06303,LLAVE2_09,SP,ALIM2_451,SET2_27,630,1,2025
RED SUBTERRANEA,SED2_01747,LLAVE2_15,SP,ALIM2_172,SET2_02,400,1,2025
RED SUBTERRANEA,SED2_03866,LLAVE2_19,SP,ALIM2_193,SET2_31,160,1,2025
RED SUBTERRANEA,SED2_01297,LLAVE2_15,SP,ALIM2_279,SET2_17,400,1,2025
RED SUBTERRANEA,SED2_01535,LLAVE2_15,SP,ALIM2_373,SET2_17,400,1,2025
FUSIBLE,SED2_01535,LLAVE2_21,SP,ALIM2_373,SET2_17,400,1,2025
RED SUBTERRANEA,SED2_01535,LLAVE2_21,SP,ALIM2_373,SET2_17,400,1,2025
RED AEREA,SED2_00387,LLAVE2_09,SP,ALIM2_167,SET2_35,160,1,2025
RED SUBTERRANEA,SED2_05922,LLAVE2_19,SP,ALIM2_167,SET2_35,250,1,2025
RED SUBTERRANEA,SED2_01639,LLAVE2_19,SP,ALIM2_035,SET2_09,250,1,2025
RED SUBTERRANEA,SED2_01639,LLAVE2_09,SP,ALIM2_035,SET2_09,250,1,2025
FUSIBLE,SED2_06267,LLAVE2_19,SP,ALIM2_196,SET2_38,400,1,2025
LLAVE,SED2_09717,LLAVE2_19,SP,ALIM2_182,SET2_09,300,1,2025
RED SUBTERRANEA,SED2_09717,LLAVE2_19,SP,ALIM2_182,SET2_09,300,1,2025
RED SUBTERRANEA,SED2_09717,LLAVE2_09,SP,ALIM2_182,SET2_09,300,1,2025
RED SUBTERRANEA,SED2_09717,LLAVE2_15,SP,ALIM2_182,SET2_09,300,1,2025
RED SUBTERRANEA,SED2_05120,LLAVE2_19,SP,ALIM2_150,SET2_16,250,1,2025
RED SUBTERRANEA,SED2_05120,LLAVE2_09,SP,ALIM2_150,SET2_16,250,1,2025
RED SUBTERRANEA,SED2_01439,LLAVE2_19,SP,ALIM2_192,SET2_46,100,1,2025
RED SUBTERRANEA,SED2_06086,LLAVE2_21,SP,ALIM2_006,SET2_08,630,1,2025
RED SUBTERRANEA,SED2_09512,LLAVE2_15,SP,ALIM2_182,SET2_09,250,1,2025
RED SUBTERRANEA,SED2_09386,LLAVE2_21,SP,ALIM2_310,SET2_40,400,1,2025
RED AEREA,SED2_03725,LLAVE2_15,SP,ALIM2_330,SET2_23,250,1,2025
RED AEREA,SED2_05684,LLAVE2_19,SP,ALIM2_279,SET2_17,250,1,2025
RED SUBTERRANEA,SED2_05684,LLAVE2_09,SP,ALIM2_279,SET2_17,250,1,2025
RED SUBTERRANEA,SED2_05792,LLAVE2_19,SP,ALIM2_361,SET2_23,160,1,2025
RED SUBTERRANEA,SED2_02119,LLAVE2_15,SP,ALIM2_436,SET2_23,160,1,2025
RED SUBTERRANEA,SED2_06939,LLAVE2_09,SP,ALIM2_436,SET2_23,160,1,2025
RED AEREA,SED2_06939,LLAVE2_15,SP,ALIM2_436,SET2_23,160,1,2025
RED SUBTERRANEA,SED2_06939,LLAVE2_15,SP,ALIM2_436,SET2_23,160,1,2025
RED SUBTERRANEA,SED2_08704,LLAVE2_09,SP,ALIM2_367,SET2_26,400,1,2025
RED AEREA,SED2_00411,LLAVE2_15,SP,ALIM2_367,SET2_26,250,1,2025
RED SUBTERRANEA,SED2_07007,LLAVE2_19,SP,ALIM2_080,SET2_13,400,1,2025
RED SUBTERRANEA,SED2_02490,LLAVE2_19,SP,ALIM2_080,SET2_13,400,1,2025
RED SUBTERRANEA,SED2_02490,LLAVE2_09,SP,ALIM2_080,SET2_13,400,1,2025
RED AEREA,SED2_02490,LLAVE2_15,SP,ALIM2_080,SET2_13,400,1,2025
RED SUBTERRANEA,SED2_02490,LLAVE2_15,SP,ALIM2_080,SET2_13,400,1,2025
RED SUBTERRANEA,SED2_08214,LLAVE2_09,SP,ALIM2_196,SET2_38,250,1,2025
RED SUBTERRANEA,SED2_08119,LLAVE2_09,SP,ALIM2_067,SET2_35,400,1,2025
RED SUBTERRANEA,SED2_05015,LLAVE2_19,SP,ALIM2_406,SET2_46,160,1,2025
RED SUBTERRANEA,SED2_03438,LLAVE2_15,SP,ALIM2_006,SET2_08,630,1,2025
RED SUBTERRANEA,SED2_01131,LLAVE2_19,SP,ALIM2_231,SET2_43,160,1,2025
RED SUBTERRANEA,SED2_02199,LLAVE2_19,SP,ALIM2_387,SET2_26,160,1,2025
RED SUBTERRANEA,SED2_06887,LLAVE2_15,SP,ALIM2_118,SET2_08,250,1,2025
RED SUBTERRANEA,SED2_01294,LLAVE2_21,SP,ALIM2_020,SET2_46,400,1,2025
RED AEREA,SED2_03326,LLAVE2_19,SP,ALIM2_132,SET2_12,160,1,2025
RED SUBTERRANEA,SED2_01490,LLAVE2_19,SP,ALIM2_135,SET2_43,400,1,2025
RED SUBTERRANEA,SED2_03419,LLAVE2_21,SP,ALIM2_123,SET2_38,630,1,2025
RED SUBTERRANEA,SED2_06167,LLAVE2_09,SP,ALIM2_238,SET2_36,400,1,2025
RED SUBTERRANEA,SED2_07853,LLAVE2_19,SP,ALIM2_103,SET2_21,630,1,2025
RED SUBTERRANEA,SED2_07779,LLAVE2_09,SP,ALIM2_103,SET2_21,400,1,2025
RED SUBTERRANEA,SED2_04547,LLAVE2_15,SP,ALIM2_370,SET2_21,400,1,2025
RED SUBTERRANEA,SED2_02060,LLAVE2_09,SP,ALIM2_370,SET2_21,250,1,2025
RED SUBTERRANEA,SED2_01648,LLAVE2_19,SP,ALIM2_349,SET2_21,100,1,2025
RED SUBTERRANEA,SED2_07544,LLAVE2_09,SP,ALIM2_236,SET2_38,160,1,2025
RED AEREA,SED2_07165,LLAVE2_19,SP,ALIM2_037,SET2_23,250,1,2025
RED SUBTERRANEA,SED2_00206,LLAVE2_21,SP,ALIM2_081,SET2_21,250,1,2025
RED SUBTERRANEA,SED2_04782,LLAVE2_19,SP,ALIM2_081,SET2_21,250,1,2025
RED SUBTERRANEA,SED2_04782,LLAVE2_09,SP,ALIM2_081,SET2_21,250,1,2025
RED SUBTERRANEA,SED2_03884,LLAVE2_09,SP,ALIM2_081,SET2_21,400,1,2025
RED SUBTERRANEA,SED2_03048,LLAVE2_19,SP,ALIM2_081,SET2_21,250,1,2025
RED SUBTERRANEA,SED2_08538,LLAVE2_19,SP,ALIM2_397,SET2_08,250,1,2025
RED SUBTERRANEA,SED2_05727,LLAVE2_15,SP,ALIM2_229,SET2_38,400,1,2025
RED SUBTERRANEA,SED2_01249,LLAVE2_19,SP,ALIM2_373,SET2_17,400,1,2025
RED AEREA,SED2_01249,LLAVE2_21,SP,ALIM2_373,SET2_17,400,1,2025
RED SUBTERRANEA,SED2_09818,LLAVE2_21,SP,ALIM2_143,SET2_08,630,1,2025
RED SUBTERRANEA,SED2_03886,LLAVE2_21,SP,ALIM2_254,SET2_31,630,1,2025
RED AEREA,SED2_02037,LLAVE2_09,SP,ALIM2_393,SET2_17,250,1,2025
RED SUBTERRANEA,SED2_02403,LLAVE2_19,SP,ALIM2_393,SET2_17,400,1,2025
RED SUBTERRANEA,SED2_09528,LLAVE2_19,SP,ALIM2_385,SET2_43,160,1,2025
RED SUBTERRANEA,SED2_08386,LLAVE2_09,SP,ALIM2_022,SET2_43,160,1,2025
FUSIBLE,SED2_01033,LLAVE2_15,SP,ALIM2_177,SET2_08,630,1,2025
RED SUBTERRANEA,SED2_06439,LLAVE2_15,SP,ALIM2_022,SET2_43,400,1,2025
RED SUBTERRANEA,SED2_02888,LLAVE2_09,SP,ALIM2_022,SET2_43,400,1,2025
RED SUBTERRANEA,SED2_09696,LLAVE2_09,SP,ALIM2_196,SET2_38,160,1,2025
RED SUBTERRANEA,SED2_03583,LLAVE2_15,SP,ALIM2_455,SET2_08,400,1,2025
RED SUBTERRANEA,SED2_03449,LLAVE2_19,SP,ALIM2_330,SET2_23,250,1,2025
LLAVE,SED2_03449,LLAVE2_09,SP,ALIM2_330,SET2_23,250,1,2025
RED AEREA,SED2_05433,LLAVE2_09,SP,ALIM2_006,SET2_08,250,1,2025
RED SUBTERRANEA,SED2_05433,LLAVE2_21,SP,ALIM2_006,SET2_08,250,1,2025
RED SUBTERRANEA,SED2_00114,LLAVE2_19,SP,ALIM2_470,SET2_02,400,1,2025
RED SUBTERRANEA,SED2_08747,LLAVE2_15,SP,ALIM2_429,SET2_16,250,1,2025
FUSIBLE,SED2_06028,LLAVE2_09,SP,ALIM2_370,SET2_21,250,1,2025
RED SUBTERRANEA,SED2_09732,LLAVE2_09,SP,ALIM2_303,SET2_38,160,1,2025
RED SUBTERRANEA,SED2_06249,LLAVE2_19,SP,ALIM2_387,SET2_26,400,1,2025
RED SUBTERRANEA,SED2_06249,LLAVE2_15,SP,ALIM2_387,SET2_26,400,1,2025
RED SUBTERRANEA,SED2_06743,LLAVE2_19,SP,ALIM2_013,SET2_09,160,1,2025
RED SUBTERRANEA,SED2_02757,LLAVE2_19,SP,ALIM2_453,SET2_43,400,1,2025
RED AEREA,SED2_05078,LLAVE2_09,SP,ALIM2_453,SET2_43,250,1,2025
RED SUBTERRANEA,SED2_05078,LLAVE2_15,SP,ALIM2_453,SET2_43,250,1,2025
RED SUBTERRANEA,SED2_02630,LLAVE2_19,SP,ALIM2_453,SET2_43,160,1,2025
RED SUBTERRANEA,SED2_02630,LLAVE2_09,SP,ALIM2_453,SET2_43,160,1,2025
RED SUBTERRANEA,SED2_06527,LLAVE2_09,SP,ALIM2_453,SET2_43,250,1,2025
RED AEREA,SED2_04637,LLAVE2_09,SP,ALIM2_022,SET2_43,250,1,2025
RED SUBTERRANEA,SED2_04637,LLAVE2_15,SP,ALIM2_022,SET2_43,250,1,2025
RED SUBTERRANEA,SED2_09768,LLAVE2_09,SP,ALIM2_439,SET2_08,250,1,2025
RED SUBTERRANEA,SED2_09768,LLAVE2_21,SP,ALIM2_439,SET2_08,250,1,2025
RED SUBTERRANEA,SED2_01408,LLAVE2_15,SP,ALIM2_129,SET2_02,160,1,2025
RED SUBTERRANEA,SED2_03214,LLAVE2_09,SP,ALIM2_105,SET2_09,160,1,2025
RED SUBTERRANEA,SED2_03214,LLAVE2_15,SP,ALIM2_105,SET2_09,160,1,2025
RED SUBTERRANEA,SED2_06901,LLAVE2_19,SP,ALIM2_182,SET2_09,160,1,2025
RED SUBTERRANEA,SED2_02972,LLAVE2_19,SP,ALIM2_458,SET2_43,250,1,2025
FUSIBLE,SED2_02972,LLAVE2_09,SP,ALIM2_458,SET2_43,250,1,2025
RED SUBTERRANEA,SED2_08908,LLAVE2_19,SP,ALIM2_458,SET2_43,250,1,2025
RED SUBTERRANEA,SED2_03416,LLAVE2_09,SP,ALIM2_476,SET2_02,400,1,2025
RED SUBTERRANEA,SED2_03416,LLAVE2_21,SP,ALIM2_476,SET2_02,400,1,2025
RED SUBTERRANEA,SED2_00410,LLAVE2_09,SP,ALIM2_102,SET2_02,400,1,2025
RED SUBTERRANEA,SED2_07323,LLAVE2_09,SP,ALIM2_102,SET2_02,250,1,2025
RED SUBTERRANEA,SED2_07323,LLAVE2_21,SP,ALIM2_102,SET2_02,250,1,2025
FUSIBLE,SED2_07872,LLAVE2_15,SP,ALIM2_435,SET2_38,250,1,2025
RED AEREA,SED2_05048,LLAVE2_19,SP,ALIM2_037,SET2_23,250,1,2025
RED AEREA,SED2_05048,LLAVE2_09,SP,ALIM2_037,SET2_23,250,1,2025
RED SUBTERRANEA,SED2_09889,LLAVE2_19,SP,ALIM2_080,SET2_13,160,1,2025
RED SUBTERRANEA,SED2_04244,LLAVE2_15,SP,ALIM2_301,SET2_38,250,1,2025
RED SUBTERRANEA,SED2_09700,LLAVE2_15,SP,ALIM2_186,SET2_08,630,1,2025
RED SUBTERRANEA,SED2_03741,LLAVE2_15,SP,ALIM2_195,SET2_27,250,1,2025
FUSIBLE,SED2_04566,LLAVE2_15,SP,ALIM2_070,SET2_16,250,1,2025
RED SUBTERRANEA,SED2_04566,LLAVE2_15,SP,ALIM2_070,SET2_16,250,1,2025
RED SUBTERRANEA,SED2_03792,LLAVE2_19,SP,ALIM2_249,SET2_08,250,1,2025
RED SUBTERRANEA,SED2_03792,LLAVE2_09,SP,ALIM2_249,SET2_08,250,1,2025
RED SUBTERRANEA,SED2_06054,LLAVE2_21,SP,ALIM2_177,SET2_08,400,1,2025
RED SUBTERRANEA,SED2_09282,LLAVE2_19,SP,ALIM2_474,SET2_02,160,1,2025
RED SUBTERRANEA,SED2_03901,LLAVE2_19,SP,ALIM2_474,SET2_02,250,1,2025
RED AEREA,SED2_08655,LLAVE2_09,SP,ALIM2_474,SET2_02,250,1,2025
RED SUBTERRANEA,SED2_06461,LLAVE2_15,SP,ALIM2_474,SET2_02,100,1,2025
RED SUBTERRANEA,SED2_00793,LLAVE2_19,SP,ALIM2_189,SET2_09,160,1,2025
RED SUBTERRANEA,SED2_00793,LLAVE2_15,SP,ALIM2_189,SET2_09,160,1,2025
RED AEREA,SED2_01879,LLAVE2_19,SP,ALIM2_189,SET2_09,160,1,2025
RED SUBTERRANEA,SED2_09904,LLAVE2_09,SP,ALIM2_189,SET2_09,101,1,2025
RED SUBTERRANEA,SED2_09904,LLAVE2_15,SP,ALIM2_189,SET2_09,101,1,2025
RED SUBTERRANEA,SED2_07370,LLAVE2_15,SP,ALIM2_189,SET2_09,50,1,2025
RED SUBTERRANEA,SED2_02523,LLAVE2_19,SP,ALIM2_393,SET2_17,250,1,2025
RED SUBTERRANEA,SED2_03396,LLAVE2_19,SP,ALIM2_349,SET2_21,160,1,2025
FUSIBLE,SED2_02971,LLAVE2_09,SP,ALIM2_035,SET2_09,400,1,2025
RED SUBTERRANEA,SED2_06062,LLAVE2_19,SP,ALIM2_035,SET2_09,250,1,2025
RED SUBTERRANEA,SED2_06062,LLAVE2_15,SP,ALIM2_035,SET2_09,250,1,2025
RED SUBTERRANEA,SED2_07112,LLAVE2_09,SP,ALIM2_214,SET2_36,300,1,2025
RED SUBTERRANEA,SED2_07112,LLAVE2_15,SP,ALIM2_214,SET2_36,300,1,2025
RED SUBTERRANEA,SED2_00378,LLAVE2_19,SP,ALIM2_214,SET2_36,160,1,2025
RED SUBTERRANEA,SED2_01172,LLAVE2_15,SP,ALIM2_250,SET2_27,400,1,2025
RED AEREA,SED2_05276,LLAVE2_19,SP,ALIM2_238,SET2_36,400,1,2025
RED SUBTERRANEA,SED2_05276,LLAVE2_15,SP,ALIM2_238,SET2_36,400,1,2025
FUSIBLE,SED2_05747,LLAVE2_13,SP,ALIM2_006,SET2_08,630,1,2025
RED SUBTERRANEA,SED2_05747,LLAVE2_13,SP,ALIM2_006,SET2_08,630,1,2025
RED SUBTERRANEA,SED2_04112,LLAVE2_15,SP,ALIM2_155,SET2_02,250,1,2025
FUSIBLE,SED2_05994,LLAVE2_19,SP,ALIM2_417,SET2_36,400,1,2025
RED SUBTERRANEA,SED2_05994,LLAVE2_19,SP,ALIM2_417,SET2_36,400,1,2025
RED SUBTERRANEA,SED2_05994,LLAVE2_21,SP,ALIM2_417,SET2_36,400,1,2025
RED SUBTERRANEA,SED2_06225,LLAVE2_09,SP,ALIM2_460,SET2_16,400,1,2025
FUSIBLE,SED2_06225,LLAVE2_21,SP,ALIM2_460,SET2_16,400,1,2025
RED AEREA,SED2_09561,LLAVE2_09,SP,ALIM2_250,SET2_27,150,1,2025
RED SUBTERRANEA,SED2_09561,LLAVE2_15,SP,ALIM2_250,SET2_27,150,1,2025
RED SUBTERRANEA,SED2_00181,LLAVE2_21,SP,ALIM2_263,SET2_31,400,1,2025
RED SUBTERRANEA,SED2_06181,LLAVE2_15,SP,ALIM2_006,SET2_08,400,1,2025
RED SUBTERRANEA,SED2_06778,LLAVE2_14,SP,ALIM2_417,SET2_36,400,1,2025
RED AEREA,SED2_02389,LLAVE2_21,SP,ALIM2_013,SET2_09,630,1,2025
RED SUBTERRANEA,SED2_09763,LLAVE2_09,SP,ALIM2_250,SET2_27,160,1,2025
RED AEREA,SED2_03274,LLAVE2_09,SP,ALIM2_089,SET2_35,100,1,2025
RED SUBTERRANEA,SED2_04277,LLAVE2_09,SP,ALIM2_208,SET2_13,100,1,2025
RED SUBTERRANEA,SED2_08414,LLAVE2_19,SP,ALIM2_040,SET2_40,250,1,2025
RED SUBTERRANEA,SED2_08414,LLAVE2_21,SP,ALIM2_040,SET2_40,250,1,2025
RED SUBTERRANEA,SED2_05820,LLAVE2_09,SP,ALIM2_439,SET2_08,250,1,2025
RED SUBTERRANEA,SED2_06688,LLAVE2_19,SP,ALIM2_412,SET2_08,400,1,2025
RED SUBTERRANEA,SED2_01129,LLAVE2_21,SP,ALIM2_222,SET2_16,400,1,2025
RED AEREA,SED2_08612,LLAVE2_19,SP,ALIM2_204,SET2_02,100,1,2025
RED SUBTERRANEA,SED2_04699,LLAVE2_19,SP,ALIM2_109,SET2_17,630,1,2025
RED SUBTERRANEA,SED2_04699,LLAVE2_09,SP,ALIM2_109,SET2_17,630,1,2025
RED SUBTERRANEA,SED2_04699,LLAVE2_21,SP,ALIM2_109,SET2_17,630,1,2025
RED SUBTERRANEA,SED2_04118,LLAVE2_15,SP,ALIM2_195,SET2_27,400,1,2025
RED AEREA,SED2_08920,LLAVE2_09,SP,ALIM2_436,SET2_23,160,1,2025
RED SUBTERRANEA,SED2_00162,LLAVE2_09,SP,ALIM2_295,SET2_23,160,1,2025
RED SUBTERRANEA,SED2_02548,LLAVE2_19,SP,ALIM2_005,SET2_43,250,1,2025
RED SUBTERRANEA,SED2_02548,LLAVE2_15,SP,ALIM2_005,SET2_43,250,1,2025
RED SUBTERRANEA,SED2_03350,LLAVE2_15,SP,ALIM2_276,SET2_43,400,1,2025
RED SUBTERRANEA,SED2_05441,LLAVE2_09,SP,ALIM2_042,SET2_06,100,1,2025
RED SUBTERRANEA,SED2_00827,LLAVE2_15,SP,ALIM2_268,SET2_21,400,1,2025
RED SUBTERRANEA,SED2_07090,LLAVE2_09,SP,ALIM2_177,SET2_08,630,1,2025
RED SUBTERRANEA,SED2_01737,LLAVE2_19,SP,ALIM2_042,SET2_06,160,1,2025
RED SUBTERRANEA,SED2_04659,LLAVE2_19,SP,ALIM2_295,SET2_23,160,1,2025
RED SUBTERRANEA,SED2_04659,LLAVE2_15,SP,ALIM2_295,SET2_23,160,1,2025
RED SUBTERRANEA,SED2_03141,LLAVE2_19,SP,ALIM2_295,SET2_23,200,1,2025
RED SUBTERRANEA,SED2_02934,LLAVE2_19,SP,ALIM2_295,SET2_23,160,1,2025
RED SUBTERRANEA,SED2_09103,LLAVE2_15,SP,ALIM2_295,SET2_23,100,1,2025
RED SUBTERRANEA,SED2_03520,LLAVE2_15,SP,ALIM2_042,SET2_06,160,1,2025
RED SUBTERRANEA,SED2_02643,LLAVE2_19,SP,ALIM2_295,SET2_23,100,1,2025
RED SUBTERRANEA,SED2_06728,LLAVE2_09,SP,ALIM2_295,SET2_23,100,1,2025
RED SUBTERRANEA,SED2_06729,LLAVE2_19,SP,ALIM2_295,SET2_23,160,1,2025
RED AEREA,SED2_03908,LLAVE2_09,SP,ALIM2_295,SET2_23,250,1,2025
RED AEREA,SED2_02285,LLAVE2_19,SP,ALIM2_295,SET2_23,100,1,2025
RED SUBTERRANEA,SED2_07252,LLAVE2_19,SP,ALIM2_042,SET2_06,160,1,2025
RED SUBTERRANEA,SED2_02967,LLAVE2_19,SP,ALIM2_042,SET2_06,50,1,2025
RED SUBTERRANEA,SED2_01229,LLAVE2_19,SP,ALIM2_042,SET2_06,160,1,2025
RED SUBTERRANEA,SED2_08014,LLAVE2_15,SP,ALIM2_042,SET2_06,100,1,2025
RED SUBTERRANEA,SED2_09432,LLAVE2_09,SP,ALIM2_042,SET2_06,100,1,2025
RED SUBTERRANEA,SED2_06248,LLAVE2_19,SP,ALIM2_042,SET2_06,160,1,2025
RED SUBTERRANEA,SED2_06248,LLAVE2_15,SP,ALIM2_042,SET2_06,160,1,2025
FUSIBLE,SED2_02813,LLAVE2_09,SP,ALIM2_042,SET2_06,100,1,2025
RED SUBTERRANEA,SED2_00305,LLAVE2_19,SP,ALIM2_295,SET2_23,160,1,2025
RED SUBTERRANEA,SED2_00305,LLAVE2_15,SP,ALIM2_295,SET2_23,160,1,2025
RED SUBTERRANEA,SED2_00997,LLAVE2_19,SP,ALIM2_295,SET2_23,200,1,2025
RED SUBTERRANEA,SED2_00997,LLAVE2_09,SP,ALIM2_295,SET2_23,200,1,2025
RED SUBTERRANEA,SED2_00997,LLAVE2_15,SP,ALIM2_295,SET2_23,200,1,2025
RED SUBTERRANEA,SED2_04423,LLAVE2_19,SP,ALIM2_011,SET2_17,160,1,2025
FUSIBLE,SED2_09801,LLAVE2_19,SP,ALIM2_456,SET2_13,250,1,2025
RED SUBTERRANEA,SED2_01352,LLAVE2_09,SP,ALIM2_117,SET2_10,400,1,2025
RED AEREA,SED2_01352,LLAVE2_21,SP,ALIM2_117,SET2_10,400,1,2025
FUSIBLE,SED2_05504,LLAVE2_19,SP,ALIM2_428,SET2_17,630,1,2025
RED SUBTERRANEA,SED2_05504,LLAVE2_19,SP,ALIM2_428,SET2_17,630,1,2025
RED SUBTERRANEA,SED2_05504,LLAVE2_15,SP,ALIM2_428,SET2_17,630,1,2025
FUSIBLE,SED2_09337,LLAVE2_15,SP,ALIM2_428,SET2_17,200,1,2025
FUSIBLE,SED2_06337,LLAVE2_21,SP,ALIM2_174,SET2_06,630,1,2025
RED SUBTERRANEA,SED2_09031,LLAVE2_09,SP,ALIM2_164,SET2_16,630,1,2025
RED SUBTERRANEA,SED2_06270,LLAVE2_15,SP,ALIM2_457,SET2_26,101,1,2025
RED SUBTERRANEA,SED2_09807,LLAVE2_09,SP,ALIM2_457,SET2_26,160,1,2025
LLAVE,SED2_00103,LLAVE2_15,SP,ALIM2_457,SET2_26,250,1,2025
RED SUBTERRANEA,SED2_00103,LLAVE2_15,SP,ALIM2_457,SET2_26,250,1,2025
RED AEREA,SED2_06027,LLAVE2_19,SP,ALIM2_053,SET2_12,160,1,2025
RED SUBTERRANEA,SED2_02132,LLAVE2_19,SP,ALIM2_451,SET2_27,400,1,2025
FUSIBLE,SED2_07556,LLAVE2_19,SP,ALIM2_420,SET2_21,250,1,2025
RED SUBTERRANEA,SED2_07556,LLAVE2_19,SP,ALIM2_420,SET2_21,250,1,2025
RED AEREA,SED2_04994,LLAVE2_09,SP,ALIM2_064,SET2_01,400,1,2025
RED SUBTERRANEA,SED2_04996,LLAVE2_21,SP,ALIM2_150,SET2_16,250,1,2025
RED SUBTERRANEA,SED2_00591,LLAVE2_19,SP,ALIM2_469,SET2_41,250,1,2025
RED SUBTERRANEA,SED2_00591,LLAVE2_09,SP,ALIM2_469,SET2_41,250,1,2025
FUSIBLE,SED2_00591,LLAVE2_15,SP,ALIM2_469,SET2_41,250,1,2025
RED SUBTERRANEA,SED2_03885,LLAVE2_15,SP,ALIM2_469,SET2_41,300,1,2025
RED AEREA,SED2_05677,LLAVE2_09,SP,ALIM2_026,SET2_30,250,1,2025
RED SUBTERRANEA,SED2_01052,LLAVE2_09,SP,ALIM2_189,SET2_09,160,1,2025
RED AEREA,SED2_06283,LLAVE2_19,SP,ALIM2_189,SET2_09,160,1,2025
RED SUBTERRANEA,SED2_06258,LLAVE2_19,SP,ALIM2_189,SET2_09,160,1,2025
RED SUBTERRANEA,SED2_08818,LLAVE2_15,SP,ALIM2_189,SET2_09,100,1,2025
RED SUBTERRANEA,SED2_09538,LLAVE2_19,SP,ALIM2_079,SET2_26,250,1,2025
RED SUBTERRANEA,SED2_08887,LLAVE2_19,SP,ALIM2_135,SET2_43,250,1,2025
RED AEREA,SED2_08887,LLAVE2_09,SP,ALIM2_135,SET2_43,250,1,2025
RED SUBTERRANEA,SED2_07703,LLAVE2_09,SP,ALIM2_135,SET2_43,100,1,2025
RED SUBTERRANEA,SED2_07703,LLAVE2_15,SP,ALIM2_135,SET2_43,100,1,2025
RED SUBTERRANEA,SED2_05295,LLAVE2_19,SP,ALIM2_135,SET2_43,250,1,2025
RED AEREA,SED2_05295,LLAVE2_09,SP,ALIM2_135,SET2_43,250,1,2025
RED SUBTERRANEA,SED2_05295,LLAVE2_15,SP,ALIM2_135,SET2_43,250,1,2025
RED AEREA,SED2_02251,LLAVE2_19,SP,ALIM2_135,SET2_43,160,1,2025
RED AEREA,SED2_02251,LLAVE2_09,SP,ALIM2_135,SET2_43,160,1,2025
RED SUBTERRANEA,SED2_09582,LLAVE2_21,SP,ALIM2_164,SET2_16,400,1,2025
RED SUBTERRANEA,SED2_06322,LLAVE2_09,SP,ALIM2_374,SET2_13,160,1,2025
RED AEREA,SED2_05141,LLAVE2_19,SP,ALIM2_035,SET2_09,400,1,2025
RED SUBTERRANEA,SED2_05141,LLAVE2_19,SP,ALIM2_035,SET2_09,400,1,2025
RED SUBTERRANEA,SED2_05141,LLAVE2_09,SP,ALIM2_035,SET2_09,400,1,2025
RED SUBTERRANEA,SED2_01519,LLAVE2_09,SP,ALIM2_026,SET2_30,250,1,2025
RED SUBTERRANEA,SED2_01519,LLAVE2_15,SP,ALIM2_026,SET2_30,250,1,2025
RED SUBTERRANEA,SED2_07131,LLAVE2_19,SP,ALIM2_261,SET2_38,400,1,2025
RED SUBTERRANEA,SED2_08273,LLAVE2_15,SP,ALIM2_315,SET2_08,400,1,2025
RED SUBTERRANEA,SED2_07204,LLAVE2_09,SP,ALIM2_463,SET2_36,160,1,2025
RED SUBTERRANEA,SED2_04343,LLAVE2_15,SP,ALIM2_261,SET2_38,250,1,2025
RED SUBTERRANEA,SED2_00946,LLAVE2_15,SP,SIN DATA,SIN DATA,SIN DATA,1,2025
RED SUBTERRANEA,SED2_00946,LLAVE2_19,SP,ALIM2_301,SET2_38,400,1,2025
RED SUBTERRANEA,SED2_07767,LLAVE2_09,SP,ALIM2_230,SET2_08,250,1,2025
RED SUBTERRANEA,SED2_02901,LLAVE2_09,SP,ALIM2_059,SET2_46,400,1,2025
RED AEREA,SED2_01066,LLAVE2_19,SP,ALIM2_362,SET2_46,250,1,2025
RED SUBTERRANEA,SED2_09128,LLAVE2_15,SP,ALIM2_309,SET2_30,160,1,2025
RED SUBTERRANEA,SED2_03746,LLAVE2_19,SP,ALIM2_362,SET2_46,400,1,2025
RED AEREA,SED2_05369,LLAVE2_19,SP,ALIM2_235,SET2_46,250,1,2025
RED AEREA,SED2_04614,LLAVE2_19,SP,ALIM2_059,SET2_46,250,1,2025
RED AEREA,SED2_08616,LLAVE2_19,SP,ALIM2_235,SET2_46,250,1,2025
RED SUBTERRANEA,SED2_09542,LLAVE2_09,SP,ALIM2_439,SET2_08,400,1,2025
RED SUBTERRANEA,SED2_03014,LLAVE2_15,SP,ALIM2_045,SET2_38,400,1,2025
FUSIBLE,SED2_00964,LLAVE2_09,SP,ALIM2_302,SET2_27,630,1,2025
RED SUBTERRANEA,SED2_00964,LLAVE2_21,SP,ALIM2_302,SET2_27,630,1,2025
FUSIBLE,SED2_06523,LLAVE2_09,SP,ALIM2_271,SET2_26,400,1,2025
RED AEREA,SED2_07798,LLAVE2_19,SP,ALIM2_271,SET2_26,250,1,2025
RED SUBTERRANEA,SED2_05973,LLAVE2_09,SP,ALIM2_337,SET2_38,400,1,2025
RED SUBTERRANEA,SED2_00188,LLAVE2_19,SP,ALIM2_383,SET2_08,400,1,2025
RED SUBTERRANEA,SED2_00043,LLAVE2_19,SP,ALIM2_006,SET2_08,400,1,2025
RED SUBTERRANEA,SED2_05701,LLAVE2_15,SP,ALIM2_070,SET2_16,400,1,2025
RED SUBTERRANEA,SED2_03848,LLAVE2_19,SP,ALIM2_177,SET2_08,400,1,2025
RED SUBTERRANEA,SED2_03848,LLAVE2_09,SP,ALIM2_177,SET2_08,400,1,2025
RED SUBTERRANEA,SED2_04270,LLAVE2_19,SP,ALIM2_397,SET2_08,400,1,2025
RED SUBTERRANEA,SED2_03056,LLAVE2_15,SP,ALIM2_332,SET2_08,400,1,2025
RED SUBTERRANEA,SED2_01742,LLAVE2_19,SP,ALIM2_194,SET2_35,400,1,2025
RED SUBTERRANEA,SED2_06227,LLAVE2_09,SP,ALIM2_075,SET2_36,400,1,2025
RED SUBTERRANEA,SED2_00440,LLAVE2_19,SP,ALIM2_475,SET2_36,250,1,2025
RED SUBTERRANEA,SED2_00440,LLAVE2_15,SP,ALIM2_475,SET2_36,250,1,2025
RED AEREA,SED2_09368,LLAVE2_15,SP,ALIM2_332,SET2_08,400,1,2025
RED SUBTERRANEA,SED2_09368,LLAVE2_15,SP,ALIM2_332,SET2_08,400,1,2025
RED SUBTERRANEA,SED2_01242,LLAVE2_15,SP,ALIM2_395,SET2_38,630,1,2025
RED SUBTERRANEA,SED2_02804,LLAVE2_21,SP,ALIM2_388,SET2_13,400,1,2025
RED SUBTERRANEA,SED2_00500,LLAVE2_09,SP,ALIM2_227,SET2_45,250,1,2025
RED SUBTERRANEA,SED2_09778,LLAVE2_19,SP,ALIM2_381,SET2_45,160,1,2025
RED SUBTERRANEA,SED2_07976,LLAVE2_19,SP,ALIM2_267,SET2_23,101,1,2025
FUSIBLE,SED2_00924,LLAVE2_09,SP,ALIM2_267,SET2_23,200,1,2025
RED AEREA,SED2_03689,LLAVE2_09,SP,ALIM2_267,SET2_23,160,1,2025
RED SUBTERRANEA,SED2_06319,LLAVE2_15,SP,SIN DATA,SIN DATA,SIN DATA,1,2025
RED SUBTERRANEA,SED2_04484,LLAVE2_15,SP,ALIM2_361,SET2_23,100,1,2025
RED SUBTERRANEA,SED2_09740,LLAVE2_19,SP,ALIM2_361,SET2_23,160,1,2025
RED SUBTERRANEA,SED2_09740,LLAVE2_09,SP,ALIM2_361,SET2_23,160,1,2025
RED SUBTERRANEA,SED2_09740,LLAVE2_21,SP,ALIM2_361,SET2_23,160,1,2025
RED SUBTERRANEA,SED2_08705,LLAVE2_09,SP,ALIM2_361,SET2_23,160,1,2025
RED SUBTERRANEA,SED2_08705,LLAVE2_15,SP,ALIM2_361,SET2_23,160,1,2025
RED SUBTERRANEA,SED2_03033,LLAVE2_21,SP,ALIM2_361,SET2_23,160,1,2025
RED SUBTERRANEA,SED2_09825,LLAVE2_19,SP,ALIM2_072,SET2_23,250,1,2025
RED SUBTERRANEA,SED2_09062,LLAVE2_19,SP,ALIM2_072,SET2_23,160,1,2025
RED SUBTERRANEA,SED2_06269,LLAVE2_09,SP,ALIM2_072,SET2_23,160,1,2025
RED SUBTERRANEA,SED2_06269,LLAVE2_15,SP,ALIM2_072,SET2_23,160,1,2025
RED SUBTERRANEA,SED2_06269,LLAVE2_21,SP,ALIM2_072,SET2_23,160,1,2025
LLAVE,SED2_01869,LLAVE2_15,SP,ALIM2_316,SET2_23,250,1,2025
RED SUBTERRANEA,SED2_09403,LLAVE2_09,SP,ALIM2_316,SET2_23,160,1,2025
RED SUBTERRANEA,SED2_04923,LLAVE2_19,SP,ALIM2_316,SET2_23,250,1,2025
RED SUBTERRANEA,SED2_04923,LLAVE2_09,SP,ALIM2_316,SET2_23,250,1,2025
RED SUBTERRANEA,SED2_01217,LLAVE2_19,SP,ALIM2_083,SET2_23,150,1,2025
RED SUBTERRANEA,SED2_09328,LLAVE2_09,SP,ALIM2_267,SET2_23,250,1,2025
RED SUBTERRANEA,SED2_03752,LLAVE2_09,SP,ALIM2_267,SET2_23,160,1,2025
RED AEREA,SED2_07459,LLAVE2_21,SP,ALIM2_267,SET2_23,250,1,2025
RED SUBTERRANEA,SED2_07459,LLAVE2_21,SP,ALIM2_267,SET2_23,250,1,2025
RED SUBTERRANEA,SED2_05957,LLAVE2_15,SP,ALIM2_070,SET2_16,400,1,2025
RED AEREA,SED2_09126,LLAVE2_09,SP,ALIM2_267,SET2_23,160,1,2025
RED SUBTERRANEA,SED2_07778,LLAVE2_15,SP,ALIM2_147,SET2_46,250,1,2025
RED SUBTERRANEA,SED2_06437,LLAVE2_19,SP,ALIM2_042,SET2_06,400,1,2025
RED SUBTERRANEA,SED2_06437,LLAVE2_15,SP,ALIM2_042,SET2_06,400,1,2025
FUSIBLE,SED2_09113,LLAVE2_19,SP,ALIM2_001,SET2_36,160,1,2025
FUSIBLE,SED2_06716,LLAVE2_19,SP,ALIM2_196,SET2_38,400,1,2025
FUSIBLE,SED2_08224,LLAVE2_15,SP,ALIM2_173,SET2_16,250,1,2025
RED SUBTERRANEA,SED2_00002,LLAVE2_19,SP,ALIM2_464,SET2_09,250,1,2025
FUSIBLE,SED2_05337,LLAVE2_19,SP,ALIM2_370,SET2_21,250,1,2025
RED SUBTERRANEA,SED2_05337,LLAVE2_19,SP,ALIM2_370,SET2_21,250,1,2025
RED SUBTERRANEA,SED2_05337,LLAVE2_15,SP,ALIM2_370,SET2_21,250,1,2025
RED SUBTERRANEA,SED2_01436,LLAVE2_19,SP,ALIM2_370,SET2_21,400,1,2025
RED SUBTERRANEA,SED2_06200,LLAVE2_19,SP,ALIM2_140,SET2_21,400,1,2025
RED SUBTERRANEA,SED2_06200,LLAVE2_15,SP,ALIM2_140,SET2_21,400,1,2025
RED SUBTERRANEA,SED2_00866,LLAVE2_15,SP,ALIM2_349,SET2_21,250,1,2025
RED SUBTERRANEA,SED2_00127,LLAVE2_19,SP,ALIM2_430,SET2_08,630,1,2025
RED SUBTERRANEA,SED2_08676,LLAVE2_15,SP,ALIM2_006,SET2_08,400,1,2025
RED SUBTERRANEA,SED2_04655,LLAVE2_19,SP,ALIM2_447,SET2_26,250,1,2025
RED SUBTERRANEA,SED2_06345,LLAVE2_15,SP,ALIM2_011,SET2_17,250,1,2025
RED SUBTERRANEA,SED2_03382,LLAVE2_19,SP,ALIM2_045,SET2_38,250,1,2025
RED SUBTERRANEA,SED2_03382,LLAVE2_09,SP,ALIM2_045,SET2_38,250,1,2025
FUSIBLE,SED2_00681,LLAVE2_09,SP,ALIM2_439,SET2_08,400,1,2025
RED SUBTERRANEA,SED2_00375,LLAVE2_19,SP,ALIM2_179,SET2_38,250,1,2025
FUSIBLE,SED2_01240,LLAVE2_19,SP,ALIM2_179,SET2_38,400,1,2025
RED SUBTERRANEA,SED2_04364,LLAVE2_09,SP,ALIM2_358,SET2_38,250,1,2025
RED SUBTERRANEA,SED2_00781,LLAVE2_19,SP,ALIM2_358,SET2_38,400,1,2025
FUSIBLE,SED2_00781,LLAVE2_15,SP,ALIM2_358,SET2_38,400,1,2025
RED AEREA,SED2_03230,LLAVE2_19,SP,ALIM2_150,SET2_16,250,1,2025
RED SUBTERRANEA,SED2_03230,LLAVE2_09,SP,ALIM2_150,SET2_16,250,1,2025
RED SUBTERRANEA,SED2_02001,LLAVE2_19,SP,ALIM2_439,SET2_08,400,1,2025
RED SUBTERRANEA,SED2_02001,LLAVE2_15,SP,ALIM2_439,SET2_08,400,1,2025
RED SUBTERRANEA,SED2_02856,LLAVE2_19,SP,ALIM2_011,SET2_17,100,1,2025
FUSIBLE,SED2_02856,LLAVE2_15,SP,ALIM2_011,SET2_17,100,1,2025
RED SUBTERRANEA,SED2_02856,LLAVE2_15,SP,ALIM2_011,SET2_17,100,1,2025
RED SUBTERRANEA,SED2_05380,LLAVE2_15,SP,ALIM2_011,SET2_17,160,1,2025
RED SUBTERRANEA,SED2_06636,LLAVE2_15,SP,ALIM2_011,SET2_17,100,1,2025
RED SUBTERRANEA,SED2_09312,LLAVE2_09,SP,SIN DATA,SIN DATA,SIN DATA,1,2025
RED AEREA,SED2_06585,LLAVE2_15,SP,ALIM2_134,SET2_16,400,1,2025
RED SUBTERRANEA,SED2_08240,LLAVE2_19,SP,ALIM2_457,SET2_26,160,1,2025
RED SUBTERRANEA,SED2_08372,LLAVE2_15,SP,ALIM2_261,SET2_38,250,1,2025
RED SUBTERRANEA,SED2_08864,LLAVE2_15,SP,ALIM2_347,SET2_21,250,1,2025
RED SUBTERRANEA,SED2_08567,LLAVE2_15,SP,ALIM2_397,SET2_08,250,1,2025
RED SUBTERRANEA,SED2_01527,LLAVE2_09,SP,ALIM2_195,SET2_27,400,1,2025
RED SUBTERRANEA,SED2_08761,LLAVE2_15,SP,ALIM2_332,SET2_08,400,1,2025
FUSIBLE,SED2_05831,LLAVE2_21,SP,ALIM2_118,SET2_08,400,1,2025
RED AEREA,SED2_07571,LLAVE2_15,SP,ALIM2_263,SET2_31,250,1,2025
RED SUBTERRANEA,SED2_02254,LLAVE2_19,SP,ALIM2_454,SET2_13,100,1,2025
RED AEREA,SED2_00808,LLAVE2_15,SP,ALIM2_257,SET2_31,250,1,2025
RED SUBTERRANEA,SED2_06768,LLAVE2_19,SP,ALIM2_196,SET2_38,400,1,2025
RED AEREA,SED2_03664,LLAVE2_09,SP,ALIM2_196,SET2_38,315,1,2025
RED SUBTERRANEA,SED2_03664,LLAVE2_15,SP,ALIM2_196,SET2_38,315,1,2025
FUSIBLE,SED2_03976,LLAVE2_19,SP,ALIM2_356,SET2_31,630,1,2025
RED SUBTERRANEA,SED2_03976,LLAVE2_09,SP,ALIM2_356,SET2_31,630,1,2025
RED SUBTERRANEA,SED2_00877,LLAVE2_14,SP,ALIM2_429,SET2_16,400,1,2025
RED SUBTERRANEA,SED2_00768,LLAVE2_19,SP,ALIM2_302,SET2_27,160,1,2025
RED SUBTERRANEA,SED2_00689,LLAVE2_19,SP,ALIM2_230,SET2_08,630,1,2025
RED SUBTERRANEA,SED2_03268,LLAVE2_09,SP,ALIM2_157,SET2_09,400,1,2025
RED AEREA,SED2_03268,LLAVE2_21,SP,ALIM2_157,SET2_09,400,1,2025
RED SUBTERRANEA,SED2_03268,LLAVE2_21,SP,ALIM2_157,SET2_09,400,1,2025
RED SUBTERRANEA,SED2_09034,LLAVE2_09,SP,ALIM2_339,SET2_15,400,1,2025
RED AEREA,SED2_02965,LLAVE2_09,SP,ALIM2_263,SET2_31,160,1,2025
RED SUBTERRANEA,SED2_06118,LLAVE2_21,SP,ALIM2_006,SET2_08,400,1,2025
RED SUBTERRANEA,SED2_07814,LLAVE2_15,SP,SIN DATA,SIN DATA,SIN DATA,1,2025
RED SUBTERRANEA,SED2_05531,LLAVE2_09,SP,ALIM2_254,SET2_31,250,1,2025
RED SUBTERRANEA,SED2_09014,LLAVE2_21,SP,ALIM2_254,SET2_31,400,1,2025
RED AEREA,SED2_09896,LLAVE2_09,SP,ALIM2_079,SET2_26,250,1,2025
RED SUBTERRANEA,SED2_03683,LLAVE2_21,SP,ALIM2_177,SET2_08,400,1,2025
RED AEREA,SED2_04490,LLAVE2_09,SP,ALIM2_248,SET2_21,80,1,2025
RED SUBTERRANEA,SED2_08565,LLAVE2_19,SP,ALIM2_248,SET2_21,400,1,2025
RED SUBTERRANEA,SED2_08565,LLAVE2_09,SP,ALIM2_248,SET2_21,400,1,2025
FUSIBLE,SED2_00626,LLAVE2_19,SP,ALIM2_248,SET2_21,400,1,2025
RED SUBTERRANEA,SED2_00626,LLAVE2_19,SP,ALIM2_248,SET2_21,400,1,2025
RED SUBTERRANEA,SED2_00626,LLAVE2_09,SP,ALIM2_248,SET2_21,400,1,2025
RED SUBTERRANEA,SED2_06356,LLAVE2_15,SP,ALIM2_248,SET2_21,160,1,2025
RED SUBTERRANEA,SED2_06108,LLAVE2_09,SP,ALIM2_248,SET2_21,400,1,2025
RED SUBTERRANEA,SED2_04292,LLAVE2_09,SP,ALIM2_276,SET2_43,160,1,2025
RED SUBTERRANEA,SED2_05695,LLAVE2_19,SP,ALIM2_276,SET2_43,160,1,2025
RED SUBTERRANEA,SED2_00470,LLAVE2_19,SP,ALIM2_276,SET2_43,100,1,2025
RED SUBTERRANEA,SED2_01571,LLAVE2_09,SP,ALIM2_276,SET2_43,160,1,2025
RED AEREA,SED2_08270,LLAVE2_09,SP,SIN DATA,SIN DATA,SIN DATA,1,2025
RED AEREA,SED2_08270,LLAVE2_09,SP,ALIM2_134,SET2_16,250,1,2025
RED SUBTERRANEA,SED2_08760,LLAVE2_09,SP,ALIM2_233,SET2_41,160,1,2025
RED SUBTERRANEA,SED2_05918,LLAVE2_15,SP,ALIM2_193,SET2_31,250,1,2025
RED SUBTERRANEA,SED2_05976,LLAVE2_19,SP,ALIM2_355,SET2_30,250,1,2025
RED SUBTERRANEA,SED2_01071,LLAVE2_09,SP,ALIM2_193,SET2_31,250,1,2025
RED SUBTERRANEA,SED2_08459,LLAVE2_19,SP,ALIM2_256,SET2_38,250,1,2025
LLAVE,SED2_01726,LLAVE2_19,SP,ALIM2_065,SET2_17,160,1,2025
RED AEREA,SED2_01726,LLAVE2_15,SP,ALIM2_065,SET2_17,160,1,2025
RED SUBTERRANEA,SED2_02868,LLAVE2_15,SP,ALIM2_065,SET2_17,160,1,2025
FUSIBLE,SED2_05440,LLAVE2_21,SP,ALIM2_435,SET2_38,400,1,2025
RED SUBTERRANEA,SED2_02488,LLAVE2_09,SP,ALIM2_475,SET2_36,160,1,2025
RED SUBTERRANEA,SED2_04161,LLAVE2_09,SP,ALIM2_475,SET2_36,400,1,2025
FUSIBLE,SED2_03026,LLAVE2_19,SP,ALIM2_475,SET2_36,250,1,2025
RED SUBTERRANEA,SED2_03026,LLAVE2_19,SP,ALIM2_475,SET2_36,250,1,2025
RED SUBTERRANEA,SED2_07696,LLAVE2_15,SP,ALIM2_475,SET2_36,100,1,2025
RED SUBTERRANEA,SED2_08581,LLAVE2_09,SP,ALIM2_475,SET2_36,100,1,2025
RED SUBTERRANEA,SED2_05063,LLAVE2_09,SP,ALIM2_075,SET2_36,250,1,2025
RED SUBTERRANEA,SED2_05063,LLAVE2_21,SP,ALIM2_075,SET2_36,250,1,2025
RED SUBTERRANEA,SED2_07946,LLAVE2_15,SP,ALIM2_261,SET2_38,400,1,2025
RED AEREA,SED2_02140,LLAVE2_09,SP,ALIM2_077,SET2_40,630,1,2025
RED AEREA,SED2_02140,LLAVE2_15,SP,ALIM2_077,SET2_40,630,1,2025
RED SUBTERRANEA,SED2_09508,LLAVE2_19,SP,ALIM2_006,SET2_08,250,1,2025
FUSIBLE,SED2_07313,LLAVE2_15,SP,ALIM2_006,SET2_08,630,1,2025
RED SUBTERRANEA,SED2_02402,LLAVE2_09,SP,ALIM2_233,SET2_41,315,1,2025
RED SUBTERRANEA,SED2_01768,LLAVE2_15,SP,ALIM2_312,SET2_09,400,1,2025
RED SUBTERRANEA,SED2_06273,LLAVE2_09,SP,ALIM2_312,SET2_09,250,1,2025
RED SUBTERRANEA,SED2_06714,LLAVE2_09,SP,ALIM2_017,SET2_03,250,1,2025
RED SUBTERRANEA,SED2_08293,LLAVE2_09,SP,ALIM2_017,SET2_03,250,1,2025
RED SUBTERRANEA,SED2_04155,LLAVE2_09,SP,SIN DATA,SIN DATA,SIN DATA,1,2025
RED SUBTERRANEA,SED2_04155,LLAVE2_19,SP,ALIM2_185,SET2_31,160,1,2025
RED AEREA,SED2_04155,LLAVE2_15,SP,ALIM2_185,SET2_31,160,1,2025
LLAVE,SED2_05917,LLAVE2_19,SP,ALIM2_435,SET2_38,250,1,2025
RED SUBTERRANEA,SED2_02471,LLAVE2_19,SP,ALIM2_261,SET2_38,250,1,2025
RED SUBTERRANEA,SED2_02471,LLAVE2_09,SP,ALIM2_261,SET2_38,250,1,2025
RED SUBTERRANEA,SED2_04760,LLAVE2_19,SP,ALIM2_480,SET2_03,630,1,2025
RED SUBTERRANEA,SED2_06682,LLAVE2_19,SP,ALIM2_080,SET2_13,250,1,2025
RED SUBTERRANEA,SED2_06682,LLAVE2_09,SP,ALIM2_080,SET2_13,250,1,2025
RED SUBTERRANEA,SED2_03450,LLAVE2_09,SP,ALIM2_016,SET2_36,250,1,2025
RED AEREA,SED2_03450,LLAVE2_15,SP,ALIM2_016,SET2_36,250,1,2025
RED AEREA,SED2_07224,LLAVE2_19,SP,ALIM2_094,SET2_42,630,1,2025
RED SUBTERRANEA,SED2_03786,LLAVE2_19,SP,ALIM2_045,SET2_38,250,1,2025
RED SUBTERRANEA,SED2_05244,LLAVE2_09,SP,ALIM2_230,SET2_08,250,1,2025
RED SUBTERRANEA,SED2_02455,LLAVE2_19,SP,ALIM2_004,SET2_31,160,1,2025
RED AEREA,SED2_07360,LLAVE2_19,SP,ALIM2_004,SET2_31,160,1,2025
RED SUBTERRANEA,SED2_07360,LLAVE2_19,SP,ALIM2_004,SET2_31,160,1,2025
RED SUBTERRANEA,SED2_06601,LLAVE2_19,SP,ALIM2_004,SET2_31,100,1,2025
RED AEREA,SED2_06492,LLAVE2_15,SP,ALIM2_370,SET2_21,100,1,2025
RED AEREA,SED2_06312,LLAVE2_09,SP,ALIM2_210,SET2_40,160,1,2025
RED SUBTERRANEA,SED2_03322,LLAVE2_15,SP,ALIM2_046,SET2_23,250,1,2025
RED SUBTERRANEA,SED2_03798,LLAVE2_09,SP,ALIM2_046,SET2_23,630,1,2025
RED SUBTERRANEA,SED2_03798,LLAVE2_15,SP,ALIM2_046,SET2_23,630,1,2025
RED SUBTERRANEA,SED2_04998,LLAVE2_19,SP,ALIM2_165,SET2_06,400,1,2025
RED SUBTERRANEA,SED2_04998,LLAVE2_09,SP,ALIM2_165,SET2_06,400,1,2025
RED SUBTERRANEA,SED2_04998,LLAVE2_15,SP,ALIM2_165,SET2_06,400,1,2025
RED SUBTERRANEA,SED2_04912,LLAVE2_19,SP,ALIM2_165,SET2_06,160,1,2025
FUSIBLE,SED2_03779,LLAVE2_09,SP,SIN DATA,SIN DATA,SIN DATA,1,2025
RED SUBTERRANEA,SED2_03779,LLAVE2_21,SP,SIN DATA,SIN DATA,SIN DATA,1,2025
RED SUBTERRANEA,SED2_02711,LLAVE2_09,SP,ALIM2_383,SET2_08,250,1,2025
RED SUBTERRANEA,SED2_04304,LLAVE2_09,SP,ALIM2_016,SET2_36,400,1,2025
RED SUBTERRANEA,SED2_04304,LLAVE2_15,SP,ALIM2_016,SET2_36,400,1,2025
RED SUBTERRANEA,SED2_06624,LLAVE2_19,SP,ALIM2_016,SET2_36,250,1,2025
RED SUBTERRANEA,SED2_06624,LLAVE2_09,SP,ALIM2_016,SET2_36,250,1,2025
RED AEREA,SED2_08898,LLAVE2_19,SP,ALIM2_016,SET2_36,250,1,2025
RED SUBTERRANEA,SED2_08898,LLAVE2_15,SP,ALIM2_016,SET2_36,250,1,2025
RED SUBTERRANEA,SED2_08898,LLAVE2_21,SP,ALIM2_016,SET2_36,250,1,2025
FUSIBLE,SED2_09650,LLAVE2_19,SP,SIN DATA,SIN DATA,SIN DATA,1,2025
RED SUBTERRANEA,SED2_09650,LLAVE2_09,SP,SIN DATA,SIN DATA,SIN DATA,1,2025
RED SUBTERRANEA,SED2_09509,LLAVE2_15,SP,ALIM2_075,SET2_36,315,1,2025
RED SUBTERRANEA,SED2_05661,LLAVE2_19,SP,ALIM2_436,SET2_23,100,1,2025
RED SUBTERRANEA,SED2_07159,LLAVE2_09,SP,ALIM2_436,SET2_23,100,1,2025
RED SUBTERRANEA,SED2_08662,LLAVE2_19,SP,ALIM2_436,SET2_23,160,1,2025
RED SUBTERRANEA,SED2_05135,LLAVE2_15,SP,ALIM2_296,SET2_23,160,1,2025
RED AEREA,SED2_02369,LLAVE2_19,SP,ALIM2_296,SET2_23,100,1,2025
RED SUBTERRANEA,SED2_02369,LLAVE2_09,SP,ALIM2_296,SET2_23,100,1,2025
RED SUBTERRANEA,SED2_06919,LLAVE2_21,SP,ALIM2_436,SET2_23,160,1,2025
FUSIBLE,SED2_09077,LLAVE2_15,SP,ALIM2_436,SET2_23,250,1,2025
RED AEREA,SED2_09077,LLAVE2_21,SP,ALIM2_436,SET2_23,250,1,2025
RED SUBTERRANEA,SED2_09077,LLAVE2_21,SP,ALIM2_436,SET2_23,250,1,2025
RED SUBTERRANEA,SED2_06711,LLAVE2_21,SP,ALIM2_436,SET2_23,250,1,2025
RED SUBTERRANEA,SED2_04218,LLAVE2_15,SP,ALIM2_436,SET2_23,250,1,2025
FUSIBLE,SED2_09674,LLAVE2_19,SP,ALIM2_436,SET2_23,100,1,2025
RED SUBTERRANEA,SED2_09674,LLAVE2_09,SP,ALIM2_436,SET2_23,100,1,2025
RED AEREA,SED2_01166,LLAVE2_09,SP,ALIM2_436,SET2_23,50,1,2025
RED SUBTERRANEA,SED2_00128,LLAVE2_19,SP,ALIM2_295,SET2_23,160,1,2025
RED SUBTERRANEA,SED2_00128,LLAVE2_09,SP,ALIM2_295,SET2_23,160,1,2025
FUSIBLE,SED2_08524,LLAVE2_19,SP,ALIM2_150,SET2_16,250,1,2025
RED SUBTERRANEA,SED2_08524,LLAVE2_19,SP,ALIM2_150,SET2_16,250,1,2025
RED SUBTERRANEA,SED2_05779,LLAVE2_19,SP,ALIM2_428,SET2_17,250,1,2025
RED SUBTERRANEA,SED2_07897,LLAVE2_15,SP,ALIM2_238,SET2_36,250,1,2025
RED AEREA,SED2_07893,LLAVE2_09,SP,ALIM2_112,SET2_35,250,1,2025
RED SUBTERRANEA,SED2_05190,LLAVE2_09,SP,ALIM2_179,SET2_38,250,1,2025
RED AEREA,SED2_04711,LLAVE2_21,SP,ALIM2_131,SET2_43,250,1,2025
RED AEREA,SED2_03924,LLAVE2_19,SP,ALIM2_090,SET2_46,630,1,2025
LLAVE,SED2_03924,LLAVE2_21,SP,ALIM2_090,SET2_46,630,1,2025
RED SUBTERRANEA,SED2_03610,LLAVE2_19,SP,ALIM2_090,SET2_46,400,1,2025
RED SUBTERRANEA,SED2_03610,LLAVE2_09,SP,ALIM2_090,SET2_46,400,1,2025
RED SUBTERRANEA,SED2_08073,LLAVE2_15,SP,ALIM2_006,SET2_08,400,1,2025
RED SUBTERRANEA,SED2_05021,LLAVE2_09,SP,ALIM2_013,SET2_09,160,1,2025
RED SUBTERRANEA,SED2_09713,LLAVE2_09,SP,ALIM2_257,SET2_31,250,1,2025
RED SUBTERRANEA,SED2_01176,LLAVE2_09,SP,ALIM2_276,SET2_43,630,1,2025
RED AEREA,SED2_07507,LLAVE2_09,SP,ALIM2_255,SET2_21,400,1,2025
RED SUBTERRANEA,SED2_05587,LLAVE2_19,SP,ALIM2_196,SET2_38,250,1,2025
RED SUBTERRANEA,SED2_07743,LLAVE2_09,SP,ALIM2_102,SET2_02,400,1,2025
RED AEREA,SED2_03309,LLAVE2_15,SP,ALIM2_323,SET2_40,250,1,2025
RED SUBTERRANEA,SED2_03309,LLAVE2_15,SP,ALIM2_323,SET2_40,250,1,2025
RED SUBTERRANEA,SED2_01461,LLAVE2_15,SP,ALIM2_079,SET2_26,250,1,2025
RED SUBTERRANEA,SED2_04631,LLAVE2_19,SP,ALIM2_047,SET2_31,630,1,2025
RED SUBTERRANEA,SED2_00202,LLAVE2_15,SP,ALIM2_304,SET2_02,250,1,2025
LLAVE,SED2_00753,LLAVE2_09,SP,ALIM2_312,SET2_09,250,1,2025
RED SUBTERRANEA,SED2_08439,LLAVE2_09,SP,ALIM2_102,SET2_02,250,1,2025
RED SUBTERRANEA,SED2_05838,LLAVE2_15,SP,ALIM2_390,SET2_09,400,1,2025
RED SUBTERRANEA,SED2_06128,LLAVE2_19,SP,SIN DATA,SIN DATA,SIN DATA,1,2025
RED AEREA,SED2_06128,LLAVE2_19,SP,ALIM2_304,SET2_02,250,1,2025
RED SUBTERRANEA,SED2_06128,LLAVE2_09,SP,ALIM2_304,SET2_02,250,1,2025
RED SUBTERRANEA,SED2_07563,LLAVE2_19,SP,ALIM2_312,SET2_09,160,1,2025
RED SUBTERRANEA,SED2_05174,LLAVE2_15,SP,ALIM2_263,SET2_31,630,1,2025
RED SUBTERRANEA,SED2_05174,LLAVE2_21,SP,ALIM2_263,SET2_31,630,1,2025
RED SUBTERRANEA,SED2_06459,LLAVE2_19,SP,ALIM2_189,SET2_09,160,1,2025
RED SUBTERRANEA,SED2_06459,LLAVE2_09,SP,ALIM2_189,SET2_09,160,1,2025
RED AEREA,SED2_06459,LLAVE2_15,SP,ALIM2_189,SET2_09,160,1,2025
RED AEREA,SED2_06459,LLAVE2_21,SP,ALIM2_189,SET2_09,160,1,2025
RED AEREA,SED2_02104,LLAVE2_19,SP,ALIM2_189,SET2_09,400,1,2025
RED AEREA,SED2_02104,LLAVE2_09,SP,ALIM2_189,SET2_09,400,1,2025
RED SUBTERRANEA,SED2_02104,LLAVE2_15,SP,ALIM2_189,SET2_09,400,1,2025
RED SUBTERRANEA,SED2_02104,LLAVE2_21,SP,ALIM2_189,SET2_09,400,1,2025
RED SUBTERRANEA,SED2_03609,LLAVE2_09,SP,ALIM2_427,SET2_06,250,1,2025
RED SUBTERRANEA,SED2_02298,LLAVE2_19,SP,ALIM2_233,SET2_41,250,1,2025
RED SUBTERRANEA,SED2_03395,LLAVE2_15,SP,ALIM2_231,SET2_43,400,1,2025
RED SUBTERRANEA,SED2_08460,LLAVE2_09,SP,ALIM2_027,SET2_41,160,1,2025
RED SUBTERRANEA,SED2_05115,LLAVE2_19,SP,ALIM2_164,SET2_16,300,1,2025
RED AEREA,SED2_05115,LLAVE2_18,SP,ALIM2_164,SET2_16,300,1,2025
RED SUBTERRANEA,SED2_05115,LLAVE2_18,SP,ALIM2_164,SET2_16,300,1,2025
RED SUBTERRANEA,SED2_00553,LLAVE2_09,SP,ALIM2_026,SET2_30,250,1,2025
MANTENIMIENTO,SED2_02616,LLAVE2_19,SP,ALIM2_457,SET2_26,160,1,2025
RED SUBTERRANEA,SED2_09925,LLAVE2_19,SP,ALIM2_387,SET2_26,250,1,2025
RED SUBTERRANEA,SED2_09925,LLAVE2_15,SP,ALIM2_387,SET2_26,250,1,2025
RED SUBTERRANEA,SED2_01222,LLAVE2_15,SP,ALIM2_292,SET2_43,400,1,2025
RED SUBTERRANEA,SED2_05232,LLAVE2_19,SP,ALIM2_193,SET2_31,250,1,2025
RED SUBTERRANEA,SED2_08936,LLAVE2_19,SP,ALIM2_215,SET2_46,160,1,2025
RED SUBTERRANEA,SED2_03824,LLAVE2_15,SP,ALIM2_473,SET2_46,250,1,2025
RED SUBTERRANEA,SED2_02107,LLAVE2_21,SP,ALIM2_077,SET2_40,630,1,2025
RED AEREA,SED2_01545,LLAVE2_09,SP,ALIM2_436,SET2_23,160,1,2025
RED AEREA,SED2_09722,LLAVE2_15,SP,ALIM2_436,SET2_23,100,1,2025
RED SUBTERRANEA,SED2_00676,LLAVE2_15,SP,ALIM2_016,SET2_36,250,1,2025
RED AEREA,SED2_00721,LLAVE2_19,SP,ALIM2_431,SET2_36,250,1,2025
RED SUBTERRANEA,SED2_08162,LLAVE2_19,SP,ALIM2_436,SET2_23,100,1,2025
RED SUBTERRANEA,SED2_08162,LLAVE2_15,SP,ALIM2_436,SET2_23,100,1,2025
RED SUBTERRANEA,SED2_04289,LLAVE2_19,SP,ALIM2_436,SET2_23,50,1,2025
RED SUBTERRANEA,SED2_04628,LLAVE2_19,SP,ALIM2_436,SET2_23,160,1,2025
LLAVE,SED2_09761,LLAVE2_19,SP,ALIM2_027,SET2_41,630,1,2025
RED SUBTERRANEA,SED2_06902,LLAVE2_15,SP,ALIM2_027,SET2_41,400,1,2025
RED SUBTERRANEA,SED2_07795,LLAVE2_15,SP,ALIM2_035,SET2_09,160,1,2025
RED SUBTERRANEA,SED2_03667,LLAVE2_15,SP,ALIM2_076,SET2_13,250,1,2025
RED AEREA,SED2_03667,LLAVE2_21,SP,ALIM2_076,SET2_13,250,1,2025
RED AEREA,SED2_06975,LLAVE2_19,SP,ALIM2_447,SET2_26,100,1,2025
RED SUBTERRANEA,SED2_06210,LLAVE2_19,SP,ALIM2_076,SET2_13,100,1,2025
RED SUBTERRANEA,SED2_04697,LLAVE2_09,SP,ALIM2_447,SET2_26,160,1,2025
RED AEREA,SED2_02633,LLAVE2_09,SP,ALIM2_447,SET2_26,100,1,2025
RED SUBTERRANEA,SED2_02633,LLAVE2_15,SP,ALIM2_447,SET2_26,100,1,2025
FUSIBLE,SED2_04679,LLAVE2_19,SP,ALIM2_175,SET2_30,160,1,2025
RED SUBTERRANEA,SED2_04679,LLAVE2_21,SP,ALIM2_175,SET2_30,160,1,2025
RED AEREA,SED2_03462,LLAVE2_15,SP,ALIM2_455,SET2_08,315,1,2025
RED SUBTERRANEA,SED2_01393,LLAVE2_19,SP,ALIM2_262,SET2_01,250,1,2025
RED SUBTERRANEA,SED2_01393,LLAVE2_15,SP,ALIM2_262,SET2_01,250,1,2025
RED SUBTERRANEA,SED2_06484,LLAVE2_19,SP,ALIM2_198,SET2_08,630,1,2025
RED SUBTERRANEA,SED2_06484,LLAVE2_09,SP,ALIM2_198,SET2_08,630,1,2025
RED SUBTERRANEA,SED2_01136,LLAVE2_21,SP,ALIM2_016,SET2_36,250,1,2025
RED SUBTERRANEA,SED2_04535,LLAVE2_19,SP,ALIM2_255,SET2_21,100,1,2025
RED AEREA,SED2_04466,LLAVE2_09,SP,ALIM2_466,SET2_31,250,1,2025
FUSIBLE,SED2_09708,LLAVE2_19,SP,ALIM2_260,SET2_13,100,1,2025
RED SUBTERRANEA,SED2_09708,LLAVE2_19,SP,ALIM2_260,SET2_13,100,1,2025
RED SUBTERRANEA,SED2_08404,LLAVE2_09,SP,ALIM2_046,SET2_23,160,1,2025
RED AEREA,SED2_01607,LLAVE2_19,SP,ALIM2_026,SET2_30,250,1,2025
RED SUBTERRANEA,SED2_01607,LLAVE2_09,SP,ALIM2_026,SET2_30,250,1,2025
RED SUBTERRANEA,SED2_05249,LLAVE2_19,SP,ALIM2_437,SET2_23,160,1,2025
RED SUBTERRANEA,SED2_05544,LLAVE2_15,SP,ALIM2_255,SET2_21,400,1,2025
RED SUBTERRANEA,SED2_00545,LLAVE2_19,SP,ALIM2_081,SET2_21,630,1,2025
RED SUBTERRANEA,SED2_03942,LLAVE2_19,SP,ALIM2_047,SET2_31,400,1,2025
RED SUBTERRANEA,SED2_01861,LLAVE2_19,SP,ALIM2_339,SET2_15,150,1,2025
RED SUBTERRANEA,SED2_08996,LLAVE2_09,SP,ALIM2_339,SET2_15,160,1,2025
RED SUBTERRANEA,SED2_04638,LLAVE2_15,SP,ALIM2_476,SET2_02,250,1,2025
RED SUBTERRANEA,SED2_04638,LLAVE2_21,SP,ALIM2_476,SET2_02,250,1,2025
RED SUBTERRANEA,SED2_08811,LLAVE2_19,SP,ALIM2_226,SET2_02,250,1,2025
RED SUBTERRANEA,SED2_08811,LLAVE2_09,SP,ALIM2_226,SET2_02,250,1,2025
RED SUBTERRANEA,SED2_08462,LLAVE2_09,SP,ALIM2_027,SET2_41,250,1,2025
RED SUBTERRANEA,SED2_00273,LLAVE2_19,SP,ALIM2_027,SET2_41,250,1,2025
RED SUBTERRANEA,SED2_05240,LLAVE2_15,SP,ALIM2_027,SET2_41,400,1,2025
FUSIBLE,SED2_08631,LLAVE2_19,SP,ALIM2_260,SET2_13,250,1,2025
RED SUBTERRANEA,SED2_07662,LLAVE2_19,SP,ALIM2_304,SET2_02,250,1,2025
RED AEREA,SED2_07662,LLAVE2_09,SP,ALIM2_304,SET2_02,250,1,2025
RED AEREA,SED2_00060,LLAVE2_19,SP,ALIM2_304,SET2_02,250,1,2025
RED SUBTERRANEA,SED2_08897,LLAVE2_15,SP,ALIM2_226,SET2_02,250,1,2025
RED SUBTERRANEA,SED2_05762,LLAVE2_09,SP,ALIM2_192,SET2_46,160,1,2025
RED SUBTERRANEA,SED2_02482,LLAVE2_19,SP,ALIM2_043,SET2_41,400,1,2025
RED SUBTERRANEA,SED2_02482,LLAVE2_09,SP,ALIM2_043,SET2_41,400,1,2025
RED SUBTERRANEA,SED2_07132,LLAVE2_19,SP,ALIM2_475,SET2_36,250,1,2025
RED AEREA,SED2_04369,LLAVE2_09,SP,ALIM2_296,SET2_23,100,1,2025
RED AEREA,SED2_05612,LLAVE2_15,SP,ALIM2_296,SET2_23,250,1,2025
RED SUBTERRANEA,SED2_00329,LLAVE2_19,SP,ALIM2_296,SET2_23,100,1,2025
RED AEREA,SED2_06209,LLAVE2_09,SP,ALIM2_296,SET2_23,160,1,2025
RED SUBTERRANEA,SED2_06209,LLAVE2_09,SP,ALIM2_296,SET2_23,160,1,2025
RED SUBTERRANEA,SED2_03199,LLAVE2_15,SP,ALIM2_038,SET2_46,160,1,2025
RED AEREA,SED2_03692,LLAVE2_09,SP,ALIM2_202,SET2_29,160,1,2025
RED SUBTERRANEA,SED2_03692,LLAVE2_09,SP,ALIM2_202,SET2_29,160,1,2025
RED SUBTERRANEA,SED2_01970,LLAVE2_19,SP,ALIM2_131,SET2_43,250,1,2025
RED SUBTERRANEA,SED2_02929,LLAVE2_09,SP,ALIM2_140,SET2_21,250,1,2025
RED SUBTERRANEA,SED2_07091,LLAVE2_09,SP,ALIM2_140,SET2_21,400,1,2025
RED SUBTERRANEA,SED2_07091,LLAVE2_15,SP,ALIM2_140,SET2_21,400,1,2025
RED SUBTERRANEA,SED2_07091,LLAVE2_21,SP,ALIM2_140,SET2_21,400,1,2025
RED SUBTERRANEA,SED2_03587,LLAVE2_15,SP,ALIM2_140,SET2_21,250,1,2025
RED SUBTERRANEA,SED2_01712,LLAVE2_15,SP,ALIM2_173,SET2_16,160,1,2025
RED SUBTERRANEA,SED2_07515,LLAVE2_09,SP,ALIM2_474,SET2_02,250,1,2025
RED AEREA,SED2_09341,LLAVE2_19,SP,ALIM2_189,SET2_09,160,1,2025
RED SUBTERRANEA,SED2_09341,LLAVE2_19,SP,ALIM2_189,SET2_09,160,1,2025
RED SUBTERRANEA,SED2_03367,LLAVE2_09,SP,ALIM2_268,SET2_21,250,1,2025
RED SUBTERRANEA,SED2_02760,LLAVE2_09,SP,ALIM2_236,SET2_38,250,1,2025
RED SUBTERRANEA,SED2_02760,LLAVE2_21,SP,ALIM2_236,SET2_38,250,1,2025
RED SUBTERRANEA,SED2_06629,LLAVE2_15,SP,ALIM2_026,SET2_30,160,1,2025
FUSIBLE,SED2_09387,LLAVE2_19,SP,ALIM2_267,SET2_23,160,1,2025
RED SUBTERRANEA,SED2_02842,LLAVE2_09,SP,ALIM2_249,SET2_08,250,1,2025
RED SUBTERRANEA,SED2_00172,LLAVE2_19,SP,ALIM2_233,SET2_41,400,1,2025
FUSIBLE,SED2_00172,LLAVE2_09,SP,ALIM2_233,SET2_41,400,1,2025
RED AEREA,SED2_00993,LLAVE2_19,SP,ALIM2_213,SET2_41,400,1,2025
FUSIBLE,SED2_00993,LLAVE2_09,SP,ALIM2_213,SET2_41,400,1,2025
RED SUBTERRANEA,SED2_05614,LLAVE2_19,SP,ALIM2_233,SET2_41,250,1,2025
RED SUBTERRANEA,SED2_07531,LLAVE2_19,SP,ALIM2_233,SET2_41,250,1,2025
RED SUBTERRANEA,SED2_07531,LLAVE2_15,SP,ALIM2_233,SET2_41,250,1,2025
FUSIBLE,SED2_06840,LLAVE2_21,SP,ALIM2_233,SET2_41,400,1,2025
RED SUBTERRANEA,SED2_00558,LLAVE2_15,SP,ALIM2_035,SET2_09,630,1,2025
RED SUBTERRANEA,SED2_09536,LLAVE2_15,SP,ALIM2_332,SET2_08,400,1,2025
RED SUBTERRANEA,SED2_06967,LLAVE2_19,SP,ALIM2_165,SET2_06,250,1,2025
RED SUBTERRANEA,SED2_01107,LLAVE2_19,SP,ALIM2_315,SET2_08,160,1,2025
RED SUBTERRANEA,SED2_09223,LLAVE2_19,SP,ALIM2_017,SET2_03,400,1,2025
RED SUBTERRANEA,SED2_09223,LLAVE2_21,SP,ALIM2_017,SET2_03,400,1,2025
FUSIBLE,SED2_08551,LLAVE2_21,SP,ALIM2_233,SET2_41,250,1,2025
RED SUBTERRANEA,SED2_00643,LLAVE2_19,SP,ALIM2_349,SET2_21,160,1,2025
RED AEREA,SED2_00643,LLAVE2_09,SP,ALIM2_349,SET2_21,160,1,2025
RED SUBTERRANEA,SED2_00643,LLAVE2_09,SP,ALIM2_349,SET2_21,160,1,2025
RED SUBTERRANEA,SED2_04217,LLAVE2_09,SP,ALIM2_349,SET2_21,160,1,2025
RED SUBTERRANEA,SED2_04986,LLAVE2_15,SP,ALIM2_413,SET2_13,250,1,2025
RED SUBTERRANEA,SED2_08796,LLAVE2_09,SP,ALIM2_221,SET2_36,250,1,2025
FUSIBLE,SED2_03811,LLAVE2_15,SP,ALIM2_469,SET2_41,400,1,2025
RED SUBTERRANEA,SED2_03811,LLAVE2_15,SP,ALIM2_469,SET2_41,400,1,2025
RED SUBTERRANEA,SED2_06318,LLAVE2_15,SP,ALIM2_469,SET2_41,250,1,2025
RED SUBTERRANEA,SED2_05940,LLAVE2_15,SP,ALIM2_469,SET2_41,250,1,2025
RED SUBTERRANEA,SED2_02021,LLAVE2_19,SP,ALIM2_096,SET2_03,250,1,2025
RED SUBTERRANEA,SED2_09298,LLAVE2_09,SP,ALIM2_096,SET2_03,250,1,2025
RED SUBTERRANEA,SED2_05919,LLAVE2_09,SP,ALIM2_073,SET2_21,100,1,2025
RED SUBTERRANEA,SED2_04129,LLAVE2_09,SP,ALIM2_368,SET2_31,160,1,2025
RED SUBTERRANEA,SED2_08061,LLAVE2_21,SP,ALIM2_415,SET2_03,400,1,2025
RED SUBTERRANEA,SED2_08022,LLAVE2_09,SP,ALIM2_026,SET2_30,400,1,2025
FUSIBLE,SED2_08022,LLAVE2_15,SP,ALIM2_026,SET2_30,400,1,2025
FUSIBLE,SED2_03541,LLAVE2_21,SP,ALIM2_457,SET2_26,250,1,2025
LLAVE,SED2_03541,LLAVE2_21,SP,ALIM2_457,SET2_26,250,1,2025
FUSIBLE,SED2_03029,LLAVE2_19,SP,ALIM2_079,SET2_26,160,1,2025
RED SUBTERRANEA,SED2_09096,LLAVE2_09,SP,ALIM2_079,SET2_26,250,1,2025
RED SUBTERRANEA,SED2_09096,LLAVE2_21,SP,ALIM2_079,SET2_26,250,1,2025
RED SUBTERRANEA,SED2_00700,LLAVE2_19,SP,ALIM2_150,SET2_16,250,1,2025
RED SUBTERRANEA,SED2_03115,LLAVE2_19,SP,ALIM2_474,SET2_02,250,1,2025
RED AEREA,SED2_08002,LLAVE2_09,SP,ALIM2_355,SET2_30,250,1,2025
RED SUBTERRANEA,SED2_08364,LLAVE2_09,SP,ALIM2_013,SET2_09,630,1,2025
RED SUBTERRANEA,SED2_03378,LLAVE2_09,SP,ALIM2_227,SET2_45,400,1,2025
RED SUBTERRANEA,SED2_06517,LLAVE2_19,SP,ALIM2_081,SET2_21,160,1,2025
RED SUBTERRANEA,SED2_06517,LLAVE2_15,SP,ALIM2_081,SET2_21,160,1,2025
RED SUBTERRANEA,SED2_02121,LLAVE2_15,SP,ALIM2_081,SET2_21,250,1,2025
RED SUBTERRANEA,SED2_00629,LLAVE2_19,SP,ALIM2_330,SET2_23,250,1,2025
RED SUBTERRANEA,SED2_08572,LLAVE2_09,SP,ALIM2_330,SET2_23,250,1,2025
FUSIBLE,SED2_08572,LLAVE2_15,SP,ALIM2_330,SET2_23,250,1,2025
RED SUBTERRANEA,SED2_02286,LLAVE2_15,SP,ALIM2_177,SET2_08,400,1,2025
RED AEREA,SED2_01839,LLAVE2_19,SP,ALIM2_355,SET2_30,100,1,2025
RED SUBTERRANEA,SED2_01839,LLAVE2_19,SP,ALIM2_355,SET2_30,100,1,2025
RED SUBTERRANEA,SED2_01839,LLAVE2_15,SP,ALIM2_355,SET2_30,100,1,2025
RED AEREA,SED2_04947,LLAVE2_09,SP,ALIM2_355,SET2_30,50,1,2025
RED SUBTERRANEA,SED2_02540,LLAVE2_19,SP,ALIM2_040,SET2_40,160,1,2025
RED SUBTERRANEA,SED2_01521,LLAVE2_15,SP,ALIM2_242,SET2_03,250,1,2025
RED SUBTERRANEA,SED2_01521,LLAVE2_21,SP,ALIM2_242,SET2_03,250,1,2025
RED SUBTERRANEA,SED2_06561,LLAVE2_09,SP,ALIM2_371,SET2_02,250,1,2025
RED SUBTERRANEA,SED2_06561,LLAVE2_15,SP,ALIM2_371,SET2_02,250,1,2025
RED SUBTERRANEA,SED2_07869,LLAVE2_15,SP,ALIM2_126,SET2_02,250,1,2025
RED SUBTERRANEA,SED2_02279,LLAVE2_09,SP,ALIM2_126,SET2_02,250,1,2025
FUSIBLE,SED2_02279,LLAVE2_15,SP,ALIM2_126,SET2_02,250,1,2025
RED AEREA,SED2_02750,LLAVE2_19,SP,ALIM2_226,SET2_02,160,1,2025
RED SUBTERRANEA,SED2_02750,LLAVE2_19,SP,ALIM2_226,SET2_02,160,1,2025
RED SUBTERRANEA,SED2_08000,LLAVE2_09,SP,ALIM2_229,SET2_38,250,1,2025
RED SUBTERRANEA,SED2_01280,LLAVE2_15,SP,ALIM2_229,SET2_38,400,1,2025
RED SUBTERRANEA,SED2_01566,LLAVE2_19,SP,ALIM2_358,SET2_38,400,1,2025
RED SUBTERRANEA,SED2_01566,LLAVE2_21,SP,ALIM2_358,SET2_38,400,1,2025
RED SUBTERRANEA,SED2_03793,LLAVE2_09,SP,ALIM2_143,SET2_08,160,1,2025
RED SUBTERRANEA,SED2_09464,LLAVE2_09,SP,ALIM2_011,SET2_17,630,1,2025
RED SUBTERRANEA,SED2_06433,LLAVE2_19,SP,ALIM2_011,SET2_17,250,1,2025
RED SUBTERRANEA,SED2_06433,LLAVE2_21,SP,ALIM2_011,SET2_17,250,1,2025
RED SUBTERRANEA,SED2_03919,LLAVE2_19,SP,ALIM2_390,SET2_09,250,1,2025
RED SUBTERRANEA,SED2_03919,LLAVE2_15,SP,ALIM2_390,SET2_09,250,1,2025
RED SUBTERRANEA,SED2_08173,LLAVE2_19,SP,ALIM2_285,SET2_46,630,1,2025
RED SUBTERRANEA,SED2_08109,LLAVE2_21,SP,ALIM2_077,SET2_40,250,1,2025
RED SUBTERRANEA,SED2_08746,LLAVE2_15,SP,ALIM2_077,SET2_40,250,1,2025
RED SUBTERRANEA,SED2_02776,LLAVE2_15,SP,ALIM2_417,SET2_36,400,1,2025
MANTENIMIENTO,SED2_04592,LLAVE2_19,SP,ALIM2_474,SET2_02,630,1,2025
RED SUBTERRANEA,SED2_04592,LLAVE2_19,SP,ALIM2_474,SET2_02,630,1,2025
RED SUBTERRANEA,SED2_04592,LLAVE2_15,SP,ALIM2_474,SET2_02,630,1,2025
RED SUBTERRANEA,SED2_04429,LLAVE2_09,SP,ALIM2_292,SET2_43,250,1,2025
RED SUBTERRANEA,SED2_09781,LLAVE2_15,SP,ALIM2_064,SET2_01,400,1,2025
RED SUBTERRANEA,SED2_06656,LLAVE2_15,SP,ALIM2_239,SET2_08,250,1,2025
RED SUBTERRANEA,SED2_04393,LLAVE2_21,SP,ALIM2_388,SET2_13,630,1,2025
LLAVE,SED2_04220,LLAVE2_15,SP,ALIM2_134,SET2_16,160,1,2025
RED SUBTERRANEA,SED2_03116,LLAVE2_19,SP,ALIM2_117,SET2_10,160,1,2025
RED SUBTERRANEA,SED2_06219,LLAVE2_09,SP,ALIM2_117,SET2_10,160,1,2025
RED SUBTERRANEA,SED2_06219,LLAVE2_15,SP,ALIM2_117,SET2_10,160,1,2025
RED SUBTERRANEA,SED2_06618,LLAVE2_09,SP,ALIM2_117,SET2_10,160,1,2025
LLAVE,SED2_00017,LLAVE2_19,SP,ALIM2_447,SET2_26,250,1,2025
RED SUBTERRANEA,SED2_07326,LLAVE2_09,SP,ALIM2_382,SET2_13,160,1,2025
RED SUBTERRANEA,SED2_03096,LLAVE2_15,SP,ALIM2_321,SET2_41,250,1,2025
RED SUBTERRANEA,SED2_04134,LLAVE2_15,SP,ALIM2_049,SET2_41,250,1,2025
RED AEREA,SED2_08525,LLAVE2_19,SP,ALIM2_341,SET2_35,160,1,2025
RED SUBTERRANEA,SED2_07264,LLAVE2_15,SP,ALIM2_321,SET2_41,160,1,2025
RED AEREA,SED2_03893,LLAVE2_09,SP,ALIM2_321,SET2_41,160,1,2025
RED SUBTERRANEA,SED2_00775,LLAVE2_09,SP,ALIM2_321,SET2_41,250,1,2025
RED AEREA,SED2_04090,LLAVE2_19,SP,ALIM2_257,SET2_31,160,1,2025
RED AEREA,SED2_04090,LLAVE2_09,SP,ALIM2_257,SET2_31,160,1,2025
RED SUBTERRANEA,SED2_04090,LLAVE2_09,SP,ALIM2_257,SET2_31,160,1,2025
RED AEREA,SED2_09161,LLAVE2_21,SP,ALIM2_430,SET2_08,400,1,2025
RED SUBTERRANEA,SED2_03448,LLAVE2_09,SP,ALIM2_477,SET2_31,250,1,2025
RED SUBTERRANEA,SED2_03448,LLAVE2_15,SP,ALIM2_477,SET2_31,250,1,2025
RED SUBTERRANEA,SED2_03448,LLAVE2_21,SP,ALIM2_477,SET2_31,250,1,2025
RED SUBTERRANEA,SED2_07320,LLAVE2_09,SP,ALIM2_276,SET2_43,400,1,2025
RED SUBTERRANEA,SED2_00143,LLAVE2_19,SP,ALIM2_276,SET2_43,250,1,2025
RED SUBTERRANEA,SED2_00143,LLAVE2_09,SP,ALIM2_276,SET2_43,250,1,2025
RED SUBTERRANEA,SED2_02819,LLAVE2_15,SP,ALIM2_393,SET2_17,630,1,2025
RED AEREA,SED2_00786,LLAVE2_15,SP,ALIM2_279,SET2_17,250,1,2025
RED SUBTERRANEA,SED2_03456,LLAVE2_15,SP,ALIM2_143,SET2_08,400,1,2025
RED SUBTERRANEA,SED2_03456,LLAVE2_21,SP,ALIM2_143,SET2_08,400,1,2025
RED SUBTERRANEA,SED2_08132,LLAVE2_09,SP,ALIM2_176,SET2_31,250,1,2025
RED SUBTERRANEA,SED2_02215,LLAVE2_09,SP,ALIM2_477,SET2_31,250,1,2025
RED SUBTERRANEA,SED2_02215,LLAVE2_15,SP,ALIM2_477,SET2_31,250,1,2025
RED AEREA,SED2_06305,LLAVE2_21,SP,ALIM2_436,SET2_23,100,1,2025
RED SUBTERRANEA,SED2_07010,LLAVE2_19,SP,ALIM2_436,SET2_23,160,1,2025
RED SUBTERRANEA,SED2_07010,LLAVE2_09,SP,ALIM2_436,SET2_23,160,1,2025
RED SUBTERRANEA,SED2_07010,LLAVE2_15,SP,ALIM2_436,SET2_23,160,1,2025
RED SUBTERRANEA,SED2_04821,LLAVE2_19,SP,ALIM2_030,SET2_41,250,1,2025
RED SUBTERRANEA,SED2_04821,LLAVE2_09,SP,ALIM2_030,SET2_41,250,1,2025
RED AEREA,SED2_06666,LLAVE2_15,SP,ALIM2_006,SET2_08,400,1,2025
RED SUBTERRANEA,SED2_06098,LLAVE2_19,SP,ALIM2_134,SET2_16,160,1,2025
RED SUBTERRANEA,SED2_07476,LLAVE2_19,SP,ALIM2_047,SET2_31,400,1,2025
RED SUBTERRANEA,SED2_07476,LLAVE2_09,SP,ALIM2_047,SET2_31,400,1,2025
RED SUBTERRANEA,SED2_04791,LLAVE2_19,SP,ALIM2_240,SET2_46,400,1,2025
RED SUBTERRANEA,SED2_04791,LLAVE2_15,SP,ALIM2_240,SET2_46,400,1,2025
RED SUBTERRANEA,SED2_02499,LLAVE2_15,SP,ALIM2_090,SET2_46,400,1,2025
RED AEREA,SED2_04301,LLAVE2_19,SP,ALIM2_042,SET2_06,160,1,2025
MANTENIMIENTO,SED2_04301,LLAVE2_09,SP,ALIM2_042,SET2_06,160,1,2025
RED SUBTERRANEA,SED2_04301,LLAVE2_09,SP,ALIM2_042,SET2_06,160,1,2025
RED SUBTERRANEA,SED2_09935,LLAVE2_09,SP,ALIM2_034,SET2_31,160,1,2025
RED SUBTERRANEA,SED2_04677,LLAVE2_09,SP,ALIM2_427,SET2_06,100,1,2025
RED SUBTERRANEA,SED2_04272,LLAVE2_09,SP,ALIM2_365,SET2_46,400,1,2025
RED SUBTERRANEA,SED2_04272,LLAVE2_15,SP,ALIM2_365,SET2_46,400,1,2025
RED SUBTERRANEA,SED2_04272,LLAVE2_21,SP,ALIM2_365,SET2_46,400,1,2025
RED SUBTERRANEA,SED2_00117,LLAVE2_21,SP,ALIM2_406,SET2_46,250,1,2025
RED AEREA,SED2_01488,LLAVE2_09,SP,ALIM2_374,SET2_13,50,1,2025
RED AEREA,SED2_09317,LLAVE2_19,SP,ALIM2_374,SET2_13,10,1,2025
FUSIBLE,SED2_09374,LLAVE2_19,SP,ALIM2_245,SET2_04,50,1,2025
RED AEREA,SED2_03688,LLAVE2_19,SP,ALIM2_245,SET2_04,25,1,2025
RED AEREA,SED2_09463,LLAVE2_19,SP,SIN DATA,SIN DATA,SIN DATA,1,2025
RED AEREA,SED2_00557,LLAVE2_19,SP,ALIM2_167,SET2_35,100,1,2025
RED AEREA,SED2_08208,LLAVE2_19,SP,ALIM2_092,SET2_13,10,1,2025
RED AEREA,SED2_06520,LLAVE2_19,SP,ALIM2_217,SET2_35,15,1,2025
RED AEREA,SED2_05501,LLAVE2_19,SP,ALIM2_267,SET2_23,160,1,2025
RED AEREA,SED2_04269,LLAVE2_19,SP,ALIM2_112,SET2_35,50,1,2025
RED AEREA,SED2_04269,LLAVE2_09,SP,ALIM2_112,SET2_35,50,1,2025
RED SUBTERRANEA,SED2_03407,LLAVE2_19,SP,ALIM2_112,SET2_35,100,1,2025
RED AEREA,SED2_09083,LLAVE2_09,SP,SIN DATA,SIN DATA,SIN DATA,1,2025
RED AEREA,SED2_05246,LLAVE2_19,SP,ALIM2_267,SET2_23,75,1,2025
RED AEREA,SED2_06373,LLAVE2_09,SP,ALIM2_363,SET2_12,100,1,2025
RED AEREA,SED2_00822,LLAVE2_09,SP,ALIM2_363,SET2_12,100,1,2025
RED AEREA,SED2_06244,LLAVE2_19,SP,ALIM2_363,SET2_12,100,1,2025
RED AEREA,SED2_07714,LLAVE2_19,SP,ALIM2_124,SET2_32,100,1,2025
RED AEREA,SED2_00191,LLAVE2_09,SP,ALIM2_042,SET2_06,100,1,2025
RED AEREA,SED2_06804,LLAVE2_19,SP,ALIM2_381,SET2_45,40,1,2025
RED AEREA,SED2_07599,LLAVE2_19,SP,ALIM2_055,SET2_35,160,1,2025
RED AEREA,SED2_05324,LLAVE2_19,SP,ALIM2_481,SET2_12,100,1,2025
RED AEREA,SED2_05324,LLAVE2_09,SP,ALIM2_481,SET2_12,100,1,2025
RED AEREA,SED2_01220,LLAVE2_19,SP,ALIM2_100,SET2_12,10,1,2025
RED AEREA,SED2_08182,LLAVE2_19,SP,ALIM2_100,SET2_12,15,1,2025
RED AEREA,SED2_00544,LLAVE2_19,SP,ALIM2_381,SET2_45,75,1,2025
RED AEREA,SED2_03554,LLAVE2_19,SP,ALIM2_381,SET2_45,25,1,2025
RED AEREA,SED2_03087,LLAVE2_19,SP,ALIM2_245,SET2_04,100,1,2025
RED AEREA,SED2_03087,LLAVE2_15,SP,ALIM2_245,SET2_04,100,1,2025
RED AEREA,SED2_09251,LLAVE2_19,SP,ALIM2_245,SET2_04,100,1,2025
RED SUBTERRANEA,SED2_06196,LLAVE2_09,SP,ALIM2_296,SET2_23,160,1,2025
RED SUBTERRANEA,SED2_06196,LLAVE2_15,SP,ALIM2_296,SET2_23,160,1,2025
RED SUBTERRANEA,SED2_04979,LLAVE2_09,SP,ALIM2_052,SET2_32,100,1,2025
FUSIBLE,SED2_08361,LLAVE2_19,SP,ALIM2_233,SET2_41,250,1,2025
RED SUBTERRANEA,SED2_08361,LLAVE2_09,SP,ALIM2_233,SET2_41,250,1,2025
FUSIBLE,SED2_08361,LLAVE2_15,SP,ALIM2_233,SET2_41,250,1,2025
RED AEREA,SED2_04069,LLAVE2_19,SP,ALIM2_335,SET2_11,25,1,2025
FUSIBLE,SED2_05778,LLAVE2_09,SP,ALIM2_443,SET2_14,100,1,2025
RED AEREA,SED2_05778,LLAVE2_09,SP,ALIM2_443,SET2_14,100,1,2025
FUSIBLE,SED2_07492,LLAVE2_09,SP,ALIM2_380,SET2_08,400,1,2025
RED SUBTERRANEA,SED2_07492,LLAVE2_15,SP,ALIM2_380,SET2_08,400,1,2025
RED AEREA,SED2_02059,LLAVE2_09,SP,ALIM2_072,SET2_23,250,1,2025
RED AEREA,SED2_02059,LLAVE2_15,SP,ALIM2_072,SET2_23,250,1,2025
RED SUBTERRANEA,SED2_07808,LLAVE2_15,SP,ALIM2_201,SET2_41,250,1,2025
RED SUBTERRANEA,SED2_06347,LLAVE2_19,SP,ALIM2_236,SET2_38,250,1,2025
RED SUBTERRANEA,SED2_06347,LLAVE2_09,SP,ALIM2_236,SET2_38,250,1,2025
RED SUBTERRANEA,SED2_08974,LLAVE2_09,SP,ALIM2_121,SET2_21,250,1,2025
RED AEREA,SED2_01081,LLAVE2_19,SP,ALIM2_115,SET2_12,160,1,2025
RED AEREA,SED2_07791,LLAVE2_15,SP,ALIM2_115,SET2_12,250,1,2025
RED AEREA,SED2_04719,LLAVE2_09,SP,ALIM2_115,SET2_12,100,1,2025
RED AEREA,SED2_04682,LLAVE2_09,SP,ALIM2_115,SET2_12,100,1,2025
RED AEREA,SED2_01729,LLAVE2_19,SP,ALIM2_115,SET2_12,160,1,2025
RED AEREA,SED2_01729,LLAVE2_15,SP,ALIM2_115,SET2_12,160,1,2025
RED SUBTERRANEA,SED2_05436,LLAVE2_19,SP,ALIM2_115,SET2_12,100,1,2025
RED SUBTERRANEA,SED2_04958,LLAVE2_09,SP,ALIM2_115,SET2_12,100,1,2025
RED SUBTERRANEA,SED2_05072,LLAVE2_13,SP,ALIM2_140,SET2_21,400,1,2025
RED AEREA,SED2_07319,LLAVE2_19,SP,ALIM2_115,SET2_12,100,1,2025
RED AEREA,SED2_00665,LLAVE2_09,SP,ALIM2_093,SET2_21,160,1,2025
RED AEREA,SED2_09039,LLAVE2_09,SP,ALIM2_066,SET2_10,250,1,2025
RED AEREA,SED2_03236,LLAVE2_19,SP,ALIM2_066,SET2_10,100,1,2025
RED AEREA,SED2_03093,LLAVE2_09,SP,ALIM2_066,SET2_10,100,1,2025
RED AEREA,SED2_07051,LLAVE2_19,SP,ALIM2_066,SET2_10,100,1,2025
RED AEREA,SED2_07371,LLAVE2_19,SP,ALIM2_066,SET2_10,100,1,2025
FUSIBLE,SED2_07218,LLAVE2_09,SP,ALIM2_154,SET2_15,250,1,2025
LLAVE,SED2_06379,LLAVE2_19,SP,ALIM2_431,SET2_36,350,1,2025
RED SUBTERRANEA,SED2_06379,LLAVE2_19,SP,ALIM2_431,SET2_36,350,1,2025
RED SUBTERRANEA,SED2_06379,LLAVE2_09,SP,ALIM2_431,SET2_36,350,1,2025
RED SUBTERRANEA,SED2_03724,LLAVE2_19,SP,ALIM2_342,SET2_10,160,1,2025
RED AEREA,SED2_08686,LLAVE2_19,SP,ALIM2_057,SET2_22,50,1,2025
RED SUBTERRANEA,SED2_05753,LLAVE2_15,SP,ALIM2_412,SET2_08,400,1,2025
RED SUBTERRANEA,SED2_04350,LLAVE2_19,SP,ALIM2_263,SET2_31,250,1,2025
RED SUBTERRANEA,SED2_06185,LLAVE2_09,SP,ALIM2_347,SET2_21,250,1,2025
RED AEREA,SED2_07581,LLAVE2_19,SP,ALIM2_327,SET2_18,100,1,2025
RED SUBTERRANEA,SED2_02681,LLAVE2_19,SP,ALIM2_075,SET2_36,400,1,2025
RED SUBTERRANEA,SED2_02681,LLAVE2_09,SP,ALIM2_075,SET2_36,400,1,2025
RED SUBTERRANEA,SED2_02681,LLAVE2_21,SP,ALIM2_075,SET2_36,400,1,2025
RED AEREA,SED2_02150,LLAVE2_19,SP,ALIM2_189,SET2_09,50,1,2025
RED SUBTERRANEA,SED2_02150,LLAVE2_19,SP,ALIM2_189,SET2_09,50,1,2025
RED SUBTERRANEA,SED2_02150,LLAVE2_09,SP,ALIM2_189,SET2_09,50,1,2025
RED AEREA,SED2_03308,LLAVE2_15,SP,ALIM2_204,SET2_02,100,1,2025
RED AEREA,SED2_03535,LLAVE2_09,SP,ALIM2_467,SET2_24,50,1,2025
RED AEREA,SED2_08350,LLAVE2_19,SP,ALIM2_478,SET2_44,100,1,2025
RED SUBTERRANEA,SED2_04469,LLAVE2_19,SP,ALIM2_319,SET2_36,250,1,2025
FUSIBLE,SED2_04469,LLAVE2_09,SP,ALIM2_319,SET2_36,250,1,2025
RED SUBTERRANEA,SED2_04469,LLAVE2_09,SP,ALIM2_319,SET2_36,250,1,2025
RED SUBTERRANEA,SED2_01514,LLAVE2_14,SP,ALIM2_062,SET2_06,400,1,2025
RED SUBTERRANEA,SED2_07890,LLAVE2_19,SP,ALIM2_169,SET2_06,160,1,2025
RED AEREA,SED2_04083,LLAVE2_15,SP,ALIM2_216,SET2_45,250,1,2025
RED AEREA,SED2_09764,LLAVE2_09,SP,ALIM2_136,SET2_12,100,1,2025
RED AEREA,SED2_00810,LLAVE2_15,SP,ALIM2_136,SET2_12,100,1,2025
RED SUBTERRANEA,SED2_06044,LLAVE2_19,SP,ALIM2_355,SET2_30,160,1,2025
RED SUBTERRANEA,SED2_06044,LLAVE2_15,SP,ALIM2_355,SET2_30,160,1,2025
RED SUBTERRANEA,SED2_06044,LLAVE2_21,SP,ALIM2_355,SET2_30,160,1,2025
FUSIBLE,SED2_05125,LLAVE2_19,SP,ALIM2_353,SET2_40,320,1,2025
LLAVE,SED2_05125,LLAVE2_19,SP,ALIM2_353,SET2_40,320,1,2025
RED AEREA,SED2_05125,LLAVE2_09,SP,ALIM2_353,SET2_40,320,1,2025
FUSIBLE,SED2_08246,LLAVE2_09,SP,ALIM2_121,SET2_21,160,1,2025
RED AEREA,SED2_08246,LLAVE2_15,SP,ALIM2_121,SET2_21,160,1,2025
RED AEREA,SED2_03321,LLAVE2_15,SP,ALIM2_086,SET2_33,100,1,2025
RED SUBTERRANEA,SED2_08446,LLAVE2_09,SP,ALIM2_458,SET2_43,400,1,2025
RED SUBTERRANEA,SED2_08446,LLAVE2_15,SP,ALIM2_458,SET2_43,400,1,2025
RED SUBTERRANEA,SED2_08446,LLAVE2_21,SP,ALIM2_458,SET2_43,400,1,2025
RED SUBTERRANEA,SED2_06005,LLAVE2_19,SP,ALIM2_309,SET2_30,100,1,2025
RED AEREA,SED2_06005,LLAVE2_09,SP,ALIM2_309,SET2_30,100,1,2025
RED AEREA,SED2_08327,LLAVE2_19,SP,ALIM2_416,SET2_33,50,1,2025
RED SUBTERRANEA,SED2_05415,LLAVE2_19,SP,ALIM2_053,SET2_12,50,1,2025
RED SUBTERRANEA,SED2_01064,LLAVE2_09,SP,ALIM2_072,SET2_23,100,1,2025
LLAVE,SED2_09186,LLAVE2_21,SP,ALIM2_255,SET2_21,400,1,2025
RED AEREA,SED2_00894,LLAVE2_19,SP,ALIM2_265,SET2_33,160,1,2025
RED SUBTERRANEA,SED2_04344,LLAVE2_09,SP,ALIM2_042,SET2_06,100,1,2025
RED AEREA,SED2_06359,LLAVE2_09,SP,ALIM2_265,SET2_33,160,1,2025
RED SUBTERRANEA,SED2_01091,LLAVE2_19,SP,ALIM2_162,SET2_37,50,1,2025
RED SUBTERRANEA,SED2_05148,LLAVE2_15,SP,ALIM2_442,SET2_17,400,1,2025
RED AEREA,SED2_01048,LLAVE2_09,SP,ALIM2_372,SET2_44,100,1,2025
RED SUBTERRANEA,SED2_09165,LLAVE2_09,SP,ALIM2_112,SET2_35,160,1,2025
RED SUBTERRANEA,SED2_08789,LLAVE2_09,SP,ALIM2_017,SET2_03,160,1,2025
RED SUBTERRANEA,SED2_00787,LLAVE2_09,SP,ALIM2_180,SET2_17,400,1,2025
RED SUBTERRANEA,SED2_00787,LLAVE2_15,SP,ALIM2_180,SET2_17,400,1,2025
RED SUBTERRANEA,SED2_00787,LLAVE2_14,SP,ALIM2_180,SET2_17,400,1,2025
LLAVE,SED2_00787,LLAVE2_13,SP,ALIM2_180,SET2_17,400,1,2025
RED SUBTERRANEA,SED2_06529,LLAVE2_19,SP,ALIM2_475,SET2_36,100,1,2025
RED SUBTERRANEA,SED2_06529,LLAVE2_09,SP,ALIM2_475,SET2_36,100,1,2025
RED AEREA,SED2_02257,LLAVE2_15,SP,ALIM2_160,SET2_33,250,1,2025
RED AEREA,SED2_04000,LLAVE2_19,SP,ALIM2_443,SET2_14,100,1,2025
RED AEREA,SED2_04000,LLAVE2_09,SP,ALIM2_443,SET2_14,100,1,2025
LLAVE,SED2_08246,LLAVE2_21,SP,ALIM2_121,SET2_21,160,1,2025
RED SUBTERRANEA,SED2_08246,LLAVE2_21,SP,ALIM2_121,SET2_21,160,1,2025
RED AEREA,SED2_00031,LLAVE2_19,SP,ALIM2_072,SET2_23,160,1,2025
RED AEREA,SED2_00031,LLAVE2_09,SP,ALIM2_072,SET2_23,160,1,2025
RED AEREA,SED2_04738,LLAVE2_19,SP,ALIM2_128,SET2_28,100,1,2025
RED AEREA,SED2_04738,LLAVE2_09,SP,ALIM2_128,SET2_28,100,1,2025
RED AEREA,SED2_09427,LLAVE2_09,SP,ALIM2_037,SET2_23,100,1,2025
RED AEREA,SED2_08964,LLAVE2_19,SP,ALIM2_037,SET2_23,100,1,2025
RED AEREA,SED2_08964,LLAVE2_15,SP,ALIM2_037,SET2_23,100,1,2025
FUSIBLE,SED2_00952,LLAVE2_09,SP,ALIM2_443,SET2_14,100,1,2025
FUSIBLE,SED2_06654,LLAVE2_09,SP,ALIM2_337,SET2_38,250,1,2025
RED SUBTERRANEA,SED2_06654,LLAVE2_15,SP,ALIM2_337,SET2_38,250,1,2025
FUSIBLE,SED2_06654,LLAVE2_21,SP,ALIM2_337,SET2_38,250,1,2025
RED SUBTERRANEA,SED2_06654,LLAVE2_21,SP,ALIM2_337,SET2_38,250,1,2025
RED AEREA,SED2_07049,LLAVE2_19,SP,ALIM2_316,SET2_23,100,1,2025
RED SUBTERRANEA,SED2_07709,LLAVE2_19,SP,ALIM2_268,SET2_21,160,1,2025
RED SUBTERRANEA,SED2_07709,LLAVE2_09,SP,ALIM2_268,SET2_21,160,1,2025
RED SUBTERRANEA,SED2_08529,LLAVE2_09,SP,ALIM2_135,SET2_43,160,1,2025
RED SUBTERRANEA,SED2_00036,LLAVE2_19,SP,ALIM2_411,SET2_17,160,1,2025
RED SUBTERRANEA,SED2_05998,LLAVE2_09,SP,ALIM2_152,SET2_40,160,1,2025
RED SUBTERRANEA,SED2_05998,LLAVE2_15,SP,ALIM2_152,SET2_40,160,1,2025
FUSIBLE,SED2_08152,LLAVE2_19,SP,ALIM2_152,SET2_40,630,1,2025
RED SUBTERRANEA,SED2_08152,LLAVE2_14,SP,ALIM2_152,SET2_40,630,1,2025
RED AEREA,SED2_07968,LLAVE2_19,SP,ALIM2_117,SET2_10,100,1,2025
RED SUBTERRANEA,SED2_04889,LLAVE2_19,SP,ALIM2_238,SET2_36,400,1,2025
RED SUBTERRANEA,SED2_03790,LLAVE2_19,SP,ALIM2_026,SET2_30,100,1,2025
RED AEREA,SED2_03834,LLAVE2_19,SP,ALIM2_231,SET2_43,100,1,2025
RED SUBTERRANEA,SED2_03834,LLAVE2_09,SP,ALIM2_231,SET2_43,100,1,2025
RED SUBTERRANEA,SED2_09174,LLAVE2_19,SP,ALIM2_017,SET2_03,100,1,2025
RED SUBTERRANEA,SED2_04726,LLAVE2_14,SP,ALIM2_301,SET2_38,630,1,2025
FUSIBLE,SED2_01482,LLAVE2_09,SP,ALIM2_185,SET2_31,250,1,2025
RED AEREA,SED2_09794,LLAVE2_14,SP,ALIM2_136,SET2_12,160,1,2025
RED SUBTERRANEA,SED2_06659,LLAVE2_19,SP,ALIM2_416,SET2_33,100,1,2025
RED AEREA,SED2_05060,LLAVE2_19,SP,ALIM2_306,SET2_12,100,1,2025
RED AEREA,SED2_08755,LLAVE2_21,SP,ALIM2_306,SET2_12,160,1,2025
RED AEREA,SED2_07638,LLAVE2_09,SP,ALIM2_306,SET2_12,100,1,2025
RED SUBTERRANEA,SED2_07041,LLAVE2_19,SP,ALIM2_169,SET2_06,630,1,2025
RED SUBTERRANEA,SED2_02780,LLAVE2_15,SP,ALIM2_361,SET2_23,250,1,2025
RED AEREA,SED2_08466,LLAVE2_09,SP,ALIM2_316,SET2_23,100,1,2025
RED SUBTERRANEA,SED2_02310,LLAVE2_19,SP,ALIM2_435,SET2_38,160,1,2025
RED AEREA,SED2_09668,LLAVE2_19,SP,ALIM2_374,SET2_13,50,1,2025
RED SUBTERRANEA,SED2_03953,LLAVE2_19,SP,ALIM2_310,SET2_40,100,1,2025
RED SUBTERRANEA,SED2_02509,LLAVE2_19,SP,ALIM2_330,SET2_23,400,1,2025
RED SUBTERRANEA,SED2_02509,LLAVE2_15,SP,ALIM2_330,SET2_23,400,1,2025
RED SUBTERRANEA,SED2_01505,LLAVE2_15,SP,ALIM2_075,SET2_36,160,1,2025
RED AEREA,SED2_08695,LLAVE2_19,SP,ALIM2_008,SET2_35,100,1,2025
RED AEREA,SED2_07343,LLAVE2_19,SP,ALIM2_010,SET2_42,250,1,2025
RED SUBTERRANEA,SED2_09527,LLAVE2_19,SP,SIN DATA,SIN DATA,SIN DATA,1,2025
RED AEREA,SED2_08164,LLAVE2_09,SP,ALIM2_306,SET2_12,250,1,2025
RED SUBTERRANEA,SED2_07672,LLAVE2_19,SP,ALIM2_105,SET2_09,250,1,2025
RED SUBTERRANEA,SED2_07672,LLAVE2_09,SP,ALIM2_105,SET2_09,250,1,2025
RED SUBTERRANEA,SED2_01511,LLAVE2_09,SP,ALIM2_102,SET2_02,250,1,2025
RED SUBTERRANEA,SED2_01511,LLAVE2_15,SP,ALIM2_102,SET2_02,250,1,2025
FUSIBLE,SED2_03477,LLAVE2_19,SP,ALIM2_245,SET2_04,100,1,2025
FUSIBLE,SED2_05008,LLAVE2_19,SP,ALIM2_117,SET2_10,100,1,2025
RED AEREA,SED2_08142,LLAVE2_09,SP,ALIM2_183,SET2_12,160,1,2025
RED SUBTERRANEA,SED2_06320,LLAVE2_09,SP,ALIM2_102,SET2_02,400,1,2025
RED SUBTERRANEA,SED2_09043,LLAVE2_19,SP,ALIM2_083,SET2_23,160,1,2025
RED AEREA,SED2_02684,LLAVE2_19,SP,ALIM2_306,SET2_12,250,1,2025
RED AEREA,SED2_02684,LLAVE2_15,SP,ALIM2_306,SET2_12,250,1,2025
RED SUBTERRANEA,SED2_09920,LLAVE2_19,SP,ALIM2_226,SET2_02,100,1,2025
RED AEREA,SED2_00348,LLAVE2_15,SP,ALIM2_234,SET2_09,250,1,2025
RED SUBTERRANEA,SED2_00348,LLAVE2_15,SP,ALIM2_234,SET2_09,250,1,2025
RED AEREA,SED2_08933,LLAVE2_19,SP,ALIM2_066,SET2_10,100,1,2025
RED AEREA,SED2_09866,LLAVE2_09,SP,ALIM2_132,SET2_12,100,1,2025
RED AEREA,SED2_07169,LLAVE2_19,SP,ALIM2_136,SET2_12,100,1,2025
RED AEREA,SED2_05663,LLAVE2_09,SP,ALIM2_136,SET2_12,100,1,2025
RED AEREA,SED2_06725,LLAVE2_15,SP,ALIM2_132,SET2_12,160,1,2025
RED AEREA,SED2_01553,LLAVE2_19,SP,ALIM2_132,SET2_12,100,1,2025
RED AEREA,SED2_07776,LLAVE2_19,SP,ALIM2_136,SET2_12,160,1,2025
RED AEREA,SED2_02429,LLAVE2_19,SP,ALIM2_161,SET2_04,250,1,2025
RED SUBTERRANEA,SED2_02429,LLAVE2_21,SP,ALIM2_161,SET2_04,250,1,2025
RED AEREA,SED2_02746,LLAVE2_09,SP,ALIM2_161,SET2_04,400,1,2025
RED SUBTERRANEA,SED2_09869,LLAVE2_19,SP,ALIM2_391,SET2_10,100,1,2025
RED SUBTERRANEA,SED2_05606,LLAVE2_15,SP,ALIM2_093,SET2_21,250,1,2025
RED SUBTERRANEA,SED2_01325,LLAVE2_19,SP,ALIM2_256,SET2_38,400,1,2025
RED AEREA,SED2_01800,LLAVE2_19,SP,ALIM2_284,SET2_32,160,1,2025
RED AEREA,SED2_05114,LLAVE2_19,SP,ALIM2_245,SET2_04,50,1,2025
RED SUBTERRANEA,SED2_04607,LLAVE2_19,SP,ALIM2_067,SET2_35,100,1,2025
RED AEREA,SED2_02190,LLAVE2_19,SP,ALIM2_467,SET2_24,100,1,2025
RED AEREA,SED2_02372,LLAVE2_19,SP,ALIM2_099,SET2_31,250,1,2025
RED SUBTERRANEA,SED2_02372,LLAVE2_19,SP,ALIM2_099,SET2_31,250,1,2025
RED SUBTERRANEA,SED2_02372,LLAVE2_09,SP,ALIM2_099,SET2_31,250,1,2025
RED SUBTERRANEA,SED2_09599,LLAVE2_19,SP,ALIM2_042,SET2_06,100,1,2025
RED SUBTERRANEA,SED2_01593,LLAVE2_19,SP,ALIM2_180,SET2_17,250,1,2025
RED SUBTERRANEA,SED2_02382,LLAVE2_19,SP,ALIM2_193,SET2_31,160,1,2025
RED SUBTERRANEA,SED2_02382,LLAVE2_09,SP,ALIM2_193,SET2_31,160,1,2025
RED SUBTERRANEA,SED2_09121,LLAVE2_15,SP,ALIM2_436,SET2_23,100,1,2025
RED SUBTERRANEA,SED2_02784,LLAVE2_21,SP,ALIM2_407,SET2_30,400,1,2025
RED SUBTERRANEA,SED2_00655,LLAVE2_19,SP,ALIM2_030,SET2_41,250,1,2025
RED AEREA,SED2_07076,LLAVE2_21,SP,ALIM2_089,SET2_35,250,1,2025
FUSIBLE,SED2_06706,LLAVE2_09,SP,ALIM2_277,SET2_20,160,1,2025
RED AEREA,SED2_08079,LLAVE2_09,SP,ALIM2_277,SET2_20,50,1,2025
RED AEREA,SED2_01154,LLAVE2_09,SP,ALIM2_026,SET2_30,250,1,2025
RED AEREA,SED2_09596,LLAVE2_15,SP,ALIM2_333,SET2_09,250,1,2025
LLAVE,SED2_02451,LLAVE2_19,SP,ALIM2_155,SET2_02,250,1,2025
RED AEREA,SED2_02451,LLAVE2_19,SP,ALIM2_155,SET2_02,250,1,2025
RED AEREA,SED2_02451,LLAVE2_09,SP,ALIM2_155,SET2_02,250,1,2025
RED AEREA,SED2_06279,LLAVE2_19,SP,ALIM2_161,SET2_04,100,1,2025
LLAVE,SED2_07160,LLAVE2_09,SP,ALIM2_284,SET2_32,100,1,2025
RED AEREA,SED2_00455,LLAVE2_09,SP,ALIM2_021,SET2_32,100,1,2025
RED AEREA,SED2_08222,LLAVE2_09,SP,ALIM2_037,SET2_23,100,1,2025
LLAVE,SED2_01809,LLAVE2_19,SP,ALIM2_233,SET2_41,250,1,2025
RED AEREA,SED2_01809,LLAVE2_19,SP,ALIM2_233,SET2_41,250,1,2025
LLAVE,SED2_04073,LLAVE2_19,SP,ALIM2_369,SET2_28,100,1,2025
RED AEREA,SED2_08880,LLAVE2_19,SP,ALIM2_313,SET2_42,100,1,2025
FUSIBLE,SED2_04205,LLAVE2_19,SP,SIN DATA,SIN DATA,SIN DATA,1,2025
RED AEREA,SED2_04205,LLAVE2_19,SP,ALIM2_405,SET2_37,100,1,2025
RED AEREA,SED2_09106,LLAVE2_21,SP,ALIM2_179,SET2_38,400,1,2025
RED SUBTERRANEA,SED2_08387,LLAVE2_21,SP,ALIM2_005,SET2_43,160,1,2025
RED AEREA,SED2_05746,LLAVE2_19,SP,ALIM2_370,SET2_21,250,1,2025
RED SUBTERRANEA,SED2_04259,LLAVE2_15,SP,ALIM2_067,SET2_35,400,1,2025
RED SUBTERRANEA,SED2_09245,LLAVE2_09,SP,ALIM2_279,SET2_17,400,1,2025
RED AEREA,SED2_05268,LLAVE2_09,SP,ALIM2_335,SET2_11,100,1,2025
RED SUBTERRANEA,SED2_07213,LLAVE2_09,SP,ALIM2_310,SET2_40,160,1,2025
RED SUBTERRANEA,SED2_09481,LLAVE2_19,SP,ALIM2_309,SET2_30,160,1,2025
RED AEREA,SED2_09481,LLAVE2_09,SP,ALIM2_309,SET2_30,160,1,2025
RED SUBTERRANEA,SED2_06680,LLAVE2_19,SP,ALIM2_121,SET2_21,160,1,2025
RED AEREA,SED2_02117,LLAVE2_19,SP,ALIM2_277,SET2_20,100,1,2025
RED AEREA,SED2_02459,LLAVE2_19,SP,ALIM2_328,SET2_23,50,1,2025
RED AEREA,SED2_02459,LLAVE2_09,SP,ALIM2_328,SET2_23,50,1,2025
RED SUBTERRANEA,SED2_07246,LLAVE2_09,SP,ALIM2_366,SET2_27,250,1,2025
RED SUBTERRANEA,SED2_05711,LLAVE2_19,SP,ALIM2_134,SET2_16,160,1,2025
RED SUBTERRANEA,SED2_01202,LLAVE2_19,SP,ALIM2_286,SET2_36,250,1,2025
RED SUBTERRANEA,SED2_04526,LLAVE2_09,SP,ALIM2_064,SET2_01,400,1,2025
RED SUBTERRANEA,SED2_01910,LLAVE2_09,SP,ALIM2_068,SET2_32,50,1,2025
RED SUBTERRANEA,SED2_08697,LLAVE2_09,SP,ALIM2_129,SET2_02,250,1,2025
RED SUBTERRANEA,SED2_06820,LLAVE2_21,SP,ALIM2_195,SET2_27,630,1,2025
RED SUBTERRANEA,SED2_08839,LLAVE2_09,SP,ALIM2_358,SET2_38,400,1,2025
RED SUBTERRANEA,SED2_08839,LLAVE2_21,SP,ALIM2_358,SET2_38,400,1,2025
RED SUBTERRANEA,SED2_09813,LLAVE2_19,SP,ALIM2_412,SET2_08,400,1,2025
RED SUBTERRANEA,SED2_07048,LLAVE2_09,SP,ALIM2_250,SET2_27,250,1,2025
RED AEREA,SED2_07048,LLAVE2_15,SP,ALIM2_250,SET2_27,250,1,2025
FUSIBLE,SED2_00949,LLAVE2_09,SP,ALIM2_431,SET2_36,160,1,2025
RED SUBTERRANEA,SED2_04948,LLAVE2_19,SP,ALIM2_470,SET2_02,630,1,2025
RED SUBTERRANEA,SED2_04948,LLAVE2_09,SP,ALIM2_470,SET2_02,630,1,2025
RED SUBTERRANEA,SED2_04948,LLAVE2_14,SP,ALIM2_470,SET2_02,630,1,2025
RED AEREA,SED2_00331,LLAVE2_19,SP,ALIM2_026,SET2_30,250,1,2025
LLAVE,SED2_00331,LLAVE2_09,SP,ALIM2_026,SET2_30,250,1,2025
FUSIBLE,SED2_00331,LLAVE2_21,SP,ALIM2_026,SET2_30,250,1,2025
RED AEREA,SED2_07775,LLAVE2_19,SP,ALIM2_320,SET2_37,160,1,2025
RED AEREA,SED2_00278,LLAVE2_19,SP,ALIM2_478,SET2_44,100,1,2025
RED SUBTERRANEA,SED2_01960,LLAVE2_19,SP,ALIM2_323,SET2_40,250,1,2025
RED AEREA,SED2_08392,LLAVE2_19,SP,ALIM2_300,SET2_37,160,1,2025
RED SUBTERRANEA,SED2_02249,LLAVE2_19,SP,ALIM2_242,SET2_03,250,1,2025
RED SUBTERRANEA,SED2_01391,LLAVE2_09,SP,ALIM2_046,SET2_23,160,1,2025
RED SUBTERRANEA,SED2_02024,LLAVE2_09,SP,ALIM2_161,SET2_04,400,1,2025
RED SUBTERRANEA,SED2_09339,LLAVE2_09,SP,ALIM2_451,SET2_27,160,1,2025
RED SUBTERRANEA,SED2_09339,LLAVE2_15,SP,ALIM2_451,SET2_27,160,1,2025
RED SUBTERRANEA,SED2_05683,LLAVE2_19,SP,ALIM2_351,SET2_10,160,1,2025
RED AEREA,SED2_05683,LLAVE2_09,SP,ALIM2_351,SET2_10,160,1,2025
RED SUBTERRANEA,SED2_04882,LLAVE2_09,SP,ALIM2_332,SET2_08,250,1,2025
RED SUBTERRANEA,SED2_07522,LLAVE2_09,SP,ALIM2_332,SET2_08,250,1,2025
RED AEREA,SED2_02010,LLAVE2_19,SP,ALIM2_237,SET2_33,160,1,2025
RED AEREA,SED2_09347,LLAVE2_19,SP,ALIM2_032,SET2_04,100,1,2025
RED SUBTERRANEA,SED2_07841,LLAVE2_19,SP,ALIM2_149,SET2_45,400,1,2025
RED AEREA,SED2_01862,LLAVE2_19,SP,ALIM2_170,SET2_25,100,1,2025
RED SUBTERRANEA,SED2_01608,LLAVE2_19,SP,ALIM2_477,SET2_31,160,1,2025
RED AEREA,SED2_07742,LLAVE2_15,SP,ALIM2_053,SET2_12,100,1,2025
FUSIBLE,SED2_02577,LLAVE2_09,SP,ALIM2_123,SET2_38,250,1,2025
RED SUBTERRANEA,SED2_02577,LLAVE2_09,SP,ALIM2_123,SET2_38,250,1,2025
RED SUBTERRANEA,SED2_03063,LLAVE2_09,SP,ALIM2_244,SET2_32,250,1,2025
RED SUBTERRANEA,SED2_08942,LLAVE2_19,SP,ALIM2_342,SET2_10,160,1,2025
RED AEREA,SED2_03177,LLAVE2_19,SP,ALIM2_071,SET2_18,75,1,2025
RED SUBTERRANEA,SED2_09320,LLAVE2_19,SP,ALIM2_201,SET2_41,250,1,2025
RED SUBTERRANEA,SED2_09320,LLAVE2_09,SP,ALIM2_201,SET2_41,250,1,2025
RED SUBTERRANEA,SED2_01146,LLAVE2_15,SP,ALIM2_428,SET2_17,250,1,2025
RED SUBTERRANEA,SED2_02862,LLAVE2_09,SP,ALIM2_218,SET2_28,250,1,2025
RED SUBTERRANEA,SED2_01617,LLAVE2_19,SP,ALIM2_344,SET2_31,160,1,2025
RED SUBTERRANEA,SED2_01379,LLAVE2_09,SP,ALIM2_199,SET2_36,100,1,2025
RED SUBTERRANEA,SED2_03888,LLAVE2_09,SP,ALIM2_026,SET2_30,100,1,2025
RED SUBTERRANEA,SED2_09755,LLAVE2_19,SP,ALIM2_026,SET2_30,160,1,2025
RED SUBTERRANEA,SED2_09755,LLAVE2_09,SP,ALIM2_026,SET2_30,160,1,2025
MANTENIMIENTO,SED2_02884,LLAVE2_19,SP,ALIM2_439,SET2_08,400,1,2025
RED SUBTERRANEA,SED2_04040,LLAVE2_09,SP,ALIM2_279,SET2_17,100,1,2025
RED SUBTERRANEA,SED2_08091,LLAVE2_19,SP,ALIM2_463,SET2_36,160,1,2025
RED SUBTERRANEA,SED2_09041,LLAVE2_09,SP,ALIM2_035,SET2_09,250,1,2025
RED SUBTERRANEA,SED2_06007,LLAVE2_19,SP,ALIM2_131,SET2_43,160,1,2025
RED SUBTERRANEA,SED2_06007,LLAVE2_09,SP,ALIM2_131,SET2_43,160,1,2025
RED SUBTERRANEA,SED2_01635,LLAVE2_09,SP,ALIM2_310,SET2_40,250,1,2025
RED AEREA,SED2_08561,LLAVE2_19,SP,ALIM2_241,SET2_35,100,1,2025
RED SUBTERRANEA,SED2_08375,LLAVE2_19,SP,ALIM2_013,SET2_09,250,1,2025
RED SUBTERRANEA,SED2_08375,LLAVE2_15,SP,ALIM2_013,SET2_09,250,1,2025
RED SUBTERRANEA,SED2_01923,LLAVE2_21,SP,ALIM2_204,SET2_02,400,1,2025
FUSIBLE,SED2_03528,LLAVE2_19,SP,ALIM2_037,SET2_23,250,1,2025
RED SUBTERRANEA,SED2_03528,LLAVE2_15,SP,ALIM2_037,SET2_23,250,1,2025
RED AEREA,SED2_08809,LLAVE2_09,SP,ALIM2_361,SET2_23,250,1,2025
RED SUBTERRANEA,SED2_00941,LLAVE2_09,SP,ALIM2_147,SET2_46,400,1,2025
RED SUBTERRANEA,SED2_09280,LLAVE2_19,SP,ALIM2_268,SET2_21,100,1,2025
RED AEREA,SED2_04172,LLAVE2_21,SP,ALIM2_370,SET2_21,250,1,2025
RED SUBTERRANEA,SED2_00287,LLAVE2_19,SP,ALIM2_466,SET2_31,400,1,2025
RED AEREA,SED2_01198,LLAVE2_19,SP,ALIM2_481,SET2_12,250,1,2025
RED SUBTERRANEA,SED2_04015,LLAVE2_19,SP,ALIM2_332,SET2_08,250,1,2025
FUSIBLE,SED2_01358,LLAVE2_15,SP,ALIM2_460,SET2_16,250,1,2025
RED SUBTERRANEA,SED2_01761,LLAVE2_15,SP,ALIM2_172,SET2_02,400,1,2025
RED SUBTERRANEA,SED2_08765,LLAVE2_09,SP,ALIM2_328,SET2_23,250,1,2025
RED SUBTERRANEA,SED2_08135,LLAVE2_15,SP,ALIM2_105,SET2_09,400,1,2025
RED SUBTERRANEA,SED2_09439,LLAVE2_19,SP,ALIM2_367,SET2_26,250,1,2025
RED AEREA,SED2_00585,LLAVE2_19,SP,ALIM2_442,SET2_17,160,1,2025
FUSIBLE,SED2_05790,LLAVE2_19,SP,ALIM2_162,SET2_37,100,1,2025
RED AEREA,SED2_03762,LLAVE2_09,SP,ALIM2_443,SET2_14,250,1,2025
RED SUBTERRANEA,SED2_03762,LLAVE2_13,SP,ALIM2_443,SET2_14,250,1,2025
RED AEREA,SED2_01400,LLAVE2_19,SP,ALIM2_010,SET2_42,50,1,2025
RED AEREA,SED2_01400,LLAVE2_09,SP,ALIM2_010,SET2_42,50,1,2025
RED AEREA,SED2_06997,LLAVE2_09,SP,ALIM2_010,SET2_42,160,1,2025
RED AEREA,SED2_08734,LLAVE2_09,SP,ALIM2_421,SET2_10,100,1,2025
RED SUBTERRANEA,SED2_09689,LLAVE2_15,SP,ALIM2_068,SET2_32,250,1,2025
LLAVE,SED2_08236,LLAVE2_09,SP,ALIM2_068,SET2_32,160,1,2025
RED SUBTERRANEA,SED2_08454,LLAVE2_09,SP,ALIM2_164,SET2_16,250,1,2025
RED SUBTERRANEA,SED2_04459,LLAVE2_19,SP,ALIM2_027,SET2_41,400,1,2025
RED AEREA,SED2_04852,LLAVE2_09,SP,ALIM2_267,SET2_23,100,1,2025
RED AEREA,SED2_03354,LLAVE2_19,SP,ALIM2_055,SET2_35,100,1,2025
RED AEREA,SED2_00240,LLAVE2_09,SP,ALIM2_433,SET2_48,100,1,2025
RED SUBTERRANEA,SED2_08231,LLAVE2_09,SP,ALIM2_402,SET2_10,100,1,2025
LLAVE,SED2_05378,LLAVE2_19,SP,ALIM2_320,SET2_37,250,1,2025
RED SUBTERRANEA,SED2_07475,LLAVE2_09,SP,ALIM2_319,SET2_36,250,1,2025
LLAVE,SED2_09027,LLAVE2_09,SP,ALIM2_201,SET2_41,100,1,2025
RED AEREA,SED2_09027,LLAVE2_09,SP,ALIM2_201,SET2_41,100,1,2025
RED AEREA,SED2_08842,LLAVE2_15,SP,ALIM2_379,SET2_21,250,1,2025
LLAVE,SED2_08018,LLAVE2_19,SP,ALIM2_234,SET2_09,250,1,2025
RED SUBTERRANEA,SED2_08018,LLAVE2_09,SP,ALIM2_234,SET2_09,250,1,2025
RED AEREA,SED2_07640,LLAVE2_19,SP,ALIM2_467,SET2_24,50,1,2025
RED AEREA,SED2_09058,LLAVE2_19,SP,ALIM2_211,SET2_20,100,1,2025
RED SUBTERRANEA,SED2_07841,LLAVE2_15,SP,ALIM2_149,SET2_45,400,1,2025
RED SUBTERRANEA,SED2_08585,LLAVE2_19,SP,ALIM2_297,SET2_33,160,1,2025
RED SUBTERRANEA,SED2_00485,LLAVE2_09,SP,ALIM2_353,SET2_40,160,1,2025
FUSIBLE,SED2_05502,LLAVE2_19,SP,ALIM2_233,SET2_41,400,1,2025
RED SUBTERRANEA,SED2_06923,LLAVE2_09,SP,ALIM2_022,SET2_43,250,1,2025
RED AEREA,SED2_04827,LLAVE2_09,SP,ALIM2_391,SET2_10,100,1,2025
FUSIBLE,SED2_01144,LLAVE2_09,SP,ALIM2_136,SET2_12,250,1,2025
RED AEREA,SED2_07659,LLAVE2_09,SP,ALIM2_136,SET2_12,100,1,2025
RED AEREA,SED2_05217,LLAVE2_09,SP,ALIM2_130,SET2_45,100,1,2025
RED AEREA,SED2_04662,LLAVE2_19,SP,ALIM2_381,SET2_45,10,1,2025
RED AEREA,SED2_00067,LLAVE2_19,SP,ALIM2_391,SET2_10,100,1,2025
RED AEREA,SED2_02085,LLAVE2_19,SP,ALIM2_391,SET2_10,100,1,2025
RED SUBTERRANEA,SED2_08484,LLAVE2_09,SP,SIN DATA,SIN DATA,SIN DATA,1,2025
RED SUBTERRANEA,SED2_03510,LLAVE2_19,SP,ALIM2_477,SET2_31,400,1,2025
RED SUBTERRANEA,SED2_03510,LLAVE2_15,SP,ALIM2_477,SET2_31,400,1,2025
RED AEREA,SED2_03415,LLAVE2_19,SP,ALIM2_316,SET2_23,100,1,2025
RED AEREA,SED2_03415,LLAVE2_09,SP,ALIM2_316,SET2_23,100,1,2025
RED SUBTERRANEA,SED2_06744,LLAVE2_19,SP,ALIM2_356,SET2_31,100,1,2025
RED AEREA,SED2_06744,LLAVE2_09,SP,ALIM2_356,SET2_31,100,1,2025
RED SUBTERRANEA,SED2_04530,LLAVE2_09,SP,ALIM2_274,SET2_21,250,1,2025
LLAVE,SED2_01851,LLAVE2_19,SP,ALIM2_248,SET2_21,250,1,2025
RED SUBTERRANEA,SED2_01851,LLAVE2_19,SP,ALIM2_248,SET2_21,250,1,2025
RED AEREA,SED2_01575,LLAVE2_19,SP,ALIM2_391,SET2_10,100,1,2025
RED AEREA,SED2_08518,LLAVE2_19,SP,ALIM2_327,SET2_18,100,1,2025
RED SUBTERRANEA,SED2_07018,LLAVE2_09,SP,ALIM2_266,SET2_26,160,1,2025
FUSIBLE,SED2_09858,LLAVE2_09,SP,ALIM2_195,SET2_27,400,1,2025
RED SUBTERRANEA,SED2_09858,LLAVE2_21,SP,ALIM2_195,SET2_27,400,1,2025
RED AEREA,SED2_09350,LLAVE2_19,SP,ALIM2_363,SET2_12,100,1,2025
RED SUBTERRANEA,SED2_04666,LLAVE2_19,SP,ALIM2_440,SET2_09,160,1,2025
RED AEREA,SED2_00401,LLAVE2_19,SP,ALIM2_284,SET2_32,100,1,2025
RED SUBTERRANEA,SED2_00401,LLAVE2_19,SP,ALIM2_284,SET2_32,100,1,2025
RED SUBTERRANEA,SED2_00401,LLAVE2_09,SP,ALIM2_284,SET2_32,100,1,2025
RED SUBTERRANEA,SED2_09750,LLAVE2_09,SP,ALIM2_472,SET2_10,160,1,2025
RED AEREA,SED2_07237,LLAVE2_09,SP,ALIM2_114,SET2_06,100,1,2025
RED AEREA,SED2_09736,LLAVE2_19,SP,ALIM2_114,SET2_06,160,1,2025
RED AEREA,SED2_09736,LLAVE2_09,SP,ALIM2_114,SET2_06,160,1,2025
RED AEREA,SED2_00789,LLAVE2_09,SP,ALIM2_114,SET2_06,100,1,2025
RED AEREA,SED2_00789,LLAVE2_15,SP,ALIM2_114,SET2_06,100,1,2025
RED AEREA,SED2_08521,LLAVE2_19,SP,ALIM2_114,SET2_06,100,1,2025
RED AEREA,SED2_05499,LLAVE2_19,SP,ALIM2_162,SET2_37,50,1,2025
RED AEREA,SED2_09484,LLAVE2_09,SP,ALIM2_114,SET2_06,160,1,2025
RED AEREA,SED2_09484,LLAVE2_21,SP,ALIM2_114,SET2_06,160,1,2025
RED SUBTERRANEA,SED2_05944,LLAVE2_19,SP,ALIM2_172,SET2_02,250,1,2025
RED SUBTERRANEA,SED2_05944,LLAVE2_09,SP,ALIM2_172,SET2_02,250,1,2025
RED AEREA,SED2_06571,LLAVE2_19,SP,ALIM2_124,SET2_32,100,1,2025
RED AEREA,SED2_06571,LLAVE2_09,SP,ALIM2_124,SET2_32,100,1,2025
FUSIBLE,SED2_03336,LLAVE2_19,SP,ALIM2_135,SET2_43,160,1,2025
LLAVE,SED2_03336,LLAVE2_19,SP,ALIM2_135,SET2_43,160,1,2025
RED AEREA,SED2_03336,LLAVE2_19,SP,ALIM2_135,SET2_43,160,1,2025
RED AEREA,SED2_09455,LLAVE2_19,SP,ALIM2_065,SET2_17,100,1,2025
RED SUBTERRANEA,SED2_09455,LLAVE2_19,SP,ALIM2_065,SET2_17,100,1,2025
RED SUBTERRANEA,SED2_00593,LLAVE2_15,SP,ALIM2_231,SET2_43,160,1,2025
RED SUBTERRANEA,SED2_03421,LLAVE2_19,SP,ALIM2_254,SET2_31,250,1,2025
RED SUBTERRANEA,SED2_03421,LLAVE2_09,SP,ALIM2_254,SET2_31,250,1,2025
RED AEREA,SED2_04984,LLAVE2_09,SP,ALIM2_351,SET2_10,50,1,2025
RED AEREA,SED2_03035,LLAVE2_09,SP,ALIM2_351,SET2_10,160,1,2025
RED AEREA,SED2_02870,LLAVE2_09,SP,ALIM2_053,SET2_12,100,1,2025
RED AEREA,SED2_01112,LLAVE2_19,SP,ALIM2_410,SET2_23,37,1,2025
RED SUBTERRANEA,SED2_00322,LLAVE2_19,SP,ALIM2_230,SET2_08,250,1,2025
RED AEREA,SED2_00244,LLAVE2_15,SP,ALIM2_142,SET2_42,160,1,2025
RED SUBTERRANEA,SED2_00939,LLAVE2_09,SP,ALIM2_233,SET2_41,160,1,2025
RED AEREA,SED2_00346,LLAVE2_19,SP,ALIM2_010,SET2_42,250,1,2025
RED AEREA,SED2_00346,LLAVE2_09,SP,ALIM2_010,SET2_42,250,1,2025
RED AEREA,SED2_09802,LLAVE2_19,SP,ALIM2_161,SET2_04,250,1,2025
RED AEREA,SED2_09802,LLAVE2_09,SP,ALIM2_161,SET2_04,250,1,2025
RED SUBTERRANEA,SED2_07883,LLAVE2_09,SP,ALIM2_458,SET2_43,250,1,2025
RED AEREA,SED2_07279,LLAVE2_19,SP,ALIM2_476,SET2_02,400,1,2025
RED AEREA,SED2_08166,LLAVE2_09,SP,ALIM2_142,SET2_42,100,1,2025
RED SUBTERRANEA,SED2_07758,LLAVE2_19,SP,ALIM2_279,SET2_17,160,1,2025
RED SUBTERRANEA,SED2_07758,LLAVE2_09,SP,ALIM2_279,SET2_17,160,1,2025
RED AEREA,SED2_00599,LLAVE2_19,SP,ALIM2_135,SET2_43,40,1,2025
RED SUBTERRANEA,SED2_01442,LLAVE2_15,SP,ALIM2_372,SET2_44,100,1,2025
RED AEREA,SED2_09154,LLAVE2_09,SP,ALIM2_010,SET2_42,100,1,2025
RED AEREA,SED2_02204,LLAVE2_19,SP,ALIM2_162,SET2_37,25,1,2025
RED SUBTERRANEA,SED2_06152,LLAVE2_19,SP,ALIM2_172,SET2_02,400,1,2025
RED AEREA,SED2_06068,LLAVE2_19,SP,ALIM2_410,SET2_23,160,1,2025
RED AEREA,SED2_09624,LLAVE2_09,SP,ALIM2_294,SET2_18,160,1,2025
RED SUBTERRANEA,SED2_09624,LLAVE2_09,SP,ALIM2_294,SET2_18,160,1,2025
RED AEREA,SED2_06994,LLAVE2_19,SP,ALIM2_294,SET2_18,100,1,2025
RED AEREA,SED2_08258,LLAVE2_19,SP,ALIM2_443,SET2_14,100,1,2025
FUSIBLE,SED2_08258,LLAVE2_09,SP,ALIM2_443,SET2_14,100,1,2025
RED AEREA,SED2_04229,LLAVE2_19,SP,ALIM2_078,SET2_10,250,1,2025
RED AEREA,SED2_04229,LLAVE2_09,SP,ALIM2_078,SET2_10,250,1,2025
RED SUBTERRANEA,SED2_04229,LLAVE2_21,SP,ALIM2_078,SET2_10,250,1,2025
FUSIBLE,SED2_09918,LLAVE2_19,SP,ALIM2_341,SET2_35,160,1,2025
RED SUBTERRANEA,SED2_09918,LLAVE2_15,SP,ALIM2_341,SET2_35,160,1,2025
RED AEREA,SED2_01339,LLAVE2_09,SP,ALIM2_277,SET2_20,100,1,2025
RED SUBTERRANEA,SED2_02282,LLAVE2_19,SP,ALIM2_301,SET2_38,250,1,2025
RED AEREA,SED2_08058,LLAVE2_09,SP,ALIM2_120,SET2_29,100,1,2025
RED SUBTERRANEA,SED2_03996,LLAVE2_19,SP,ALIM2_342,SET2_10,100,1,2025
RED SUBTERRANEA,SED2_01042,LLAVE2_19,SP,ALIM2_219,SET2_10,400,1,2025
RED AEREA,SED2_06513,LLAVE2_19,SP,ALIM2_328,SET2_23,100,1,2025
FUSIBLE,SED2_07479,LLAVE2_19,SP,ALIM2_467,SET2_24,100,1,2025
RED AEREA,SED2_07681,LLAVE2_09,SP,ALIM2_066,SET2_10,100,1,2025
RED AEREA,SED2_07681,LLAVE2_15,SP,ALIM2_066,SET2_10,100,1,2025
RED AEREA,SED2_08315,LLAVE2_19,SP,ALIM2_066,SET2_10,100,1,2025
RED AEREA,SED2_08315,LLAVE2_09,SP,ALIM2_066,SET2_10,100,1,2025
RED AEREA,SED2_08315,LLAVE2_15,SP,ALIM2_066,SET2_10,100,1,2025
RED AEREA,SED2_01874,LLAVE2_19,SP,ALIM2_313,SET2_42,160,1,2025
RED AEREA,SED2_03585,LLAVE2_09,SP,ALIM2_066,SET2_10,100,1,2025
RED SUBTERRANEA,SED2_01637,LLAVE2_09,SP,ALIM2_075,SET2_36,160,1,2025
RED AEREA,SED2_01050,LLAVE2_19,SP,ALIM2_425,SET2_11,25,1,2025
RED SUBTERRANEA,SED2_00187,LLAVE2_19,SP,ALIM2_297,SET2_33,400,1,2025
FUSIBLE,SED2_06750,LLAVE2_19,SP,ALIM2_293,SET2_06,400,1,2025
RED AEREA,SED2_08220,LLAVE2_09,SP,ALIM2_246,SET2_21,100,1,2025
LLAVE,SED2_08220,LLAVE2_15,SP,ALIM2_246,SET2_21,100,1,2025
RED AEREA,SED2_06652,LLAVE2_09,SP,ALIM2_481,SET2_12,400,1,2025
RED SUBTERRANEA,SED2_04178,LLAVE2_15,SP,ALIM2_209,SET2_43,100,1,2025
RED SUBTERRANEA,SED2_02084,LLAVE2_15,SP,ALIM2_477,SET2_31,250,1,2025
RED AEREA,SED2_07603,LLAVE2_19,SP,ALIM2_095,SET2_28,100,1,2025
RED AEREA,SED2_08694,LLAVE2_19,SP,ALIM2_119,SET2_42,250,1,2025
RED AEREA,SED2_09702,LLAVE2_21,SP,ALIM2_477,SET2_31,250,1,2025
RED SUBTERRANEA,SED2_04573,LLAVE2_19,SP,ALIM2_451,SET2_27,400,1,2025
RED AEREA,SED2_04919,LLAVE2_09,SP,ALIM2_137,SET2_34,80,1,2025
RED SUBTERRANEA,SED2_02449,LLAVE2_09,SP,ALIM2_256,SET2_38,250,1,2025
RED SUBTERRANEA,SED2_02449,LLAVE2_15,SP,ALIM2_256,SET2_38,250,1,2025
RED AEREA,SED2_00424,LLAVE2_19,SP,ALIM2_408,SET2_36,250,1,2025
RED AEREA,SED2_01698,LLAVE2_14,SP,ALIM2_055,SET2_35,400,1,2025
RED SUBTERRANEA,SED2_01698,LLAVE2_14,SP,ALIM2_055,SET2_35,400,1,2025
RED AEREA,SED2_03081,LLAVE2_15,SP,ALIM2_294,SET2_18,100,1,2025
RED SUBTERRANEA,SED2_03878,LLAVE2_19,SP,ALIM2_135,SET2_43,160,1,2025
RED SUBTERRANEA,SED2_03878,LLAVE2_09,SP,ALIM2_135,SET2_43,160,1,2025
RED SUBTERRANEA,SED2_03878,LLAVE2_15,SP,ALIM2_135,SET2_43,160,1,2025
RED SUBTERRANEA,SED2_08041,LLAVE2_19,SP,ALIM2_233,SET2_41,160,1,2025
RED AEREA,SED2_07329,LLAVE2_09,SP,ALIM2_387,SET2_26,400,1,2025
RED AEREA,SED2_09009,LLAVE2_09,SP,ALIM2_032,SET2_04,160,1,2025
RED SUBTERRANEA,SED2_09637,LLAVE2_09,SP,ALIM2_121,SET2_21,160,1,2025
RED AEREA,SED2_01874,LLAVE2_09,SP,ALIM2_313,SET2_42,160,1,2025
RED SUBTERRANEA,SED2_02539,LLAVE2_19,SP,ALIM2_078,SET2_10,160,1,2025
RED AEREA,SED2_02890,LLAVE2_19,SP,ALIM2_114,SET2_06,160,1,2025
RED AEREA,SED2_03808,LLAVE2_09,SP,ALIM2_078,SET2_10,50,1,2025
RED AEREA,SED2_01209,LLAVE2_09,SP,ALIM2_363,SET2_12,250,1,2025
RED AEREA,SED2_04189,LLAVE2_19,SP,ALIM2_363,SET2_12,100,1,2025
RED AEREA,SED2_07028,LLAVE2_19,SP,ALIM2_363,SET2_12,100,1,2025
RED AEREA,SED2_03994,LLAVE2_15,SP,ALIM2_243,SET2_42,160,1,2025
RED SUBTERRANEA,SED2_09116,LLAVE2_09,SP,ALIM2_373,SET2_17,100,1,2025
RED AEREA,SED2_00281,LLAVE2_19,SP,ALIM2_148,SET2_21,250,1,2025
RED AEREA,SED2_00281,LLAVE2_09,SP,ALIM2_148,SET2_21,250,1,2025
RED SUBTERRANEA,SED2_00281,LLAVE2_09,SP,ALIM2_148,SET2_21,250,1,2025
RED SUBTERRANEA,SED2_09670,LLAVE2_15,SP,ALIM2_473,SET2_46,250,1,2025
RED SUBTERRANEA,SED2_01361,LLAVE2_19,SP,ALIM2_131,SET2_43,100,1,2025
RED SUBTERRANEA,SED2_00447,LLAVE2_09,SP,ALIM2_464,SET2_09,250,1,2025
RED AEREA,SED2_00503,LLAVE2_19,SP,ALIM2_161,SET2_04,160,1,2025
RED AEREA,SED2_05182,LLAVE2_19,SP,ALIM2_010,SET2_42,400,1,2025
LLAVE,SED2_08339,LLAVE2_09,SP,ALIM2_136,SET2_12,100,1,2025
RED AEREA,SED2_00044,LLAVE2_09,SP,ALIM2_255,SET2_21,400,1,2025
RED AEREA,SED2_05489,LLAVE2_19,SP,ALIM2_219,SET2_10,100,1,2025
RED AEREA,SED2_08950,LLAVE2_09,SP,ALIM2_063,SET2_19,250,1,2025
RED AEREA,SED2_09645,LLAVE2_19,SP,ALIM2_446,SET2_22,100,1,2025
RED AEREA,SED2_09645,LLAVE2_09,SP,ALIM2_446,SET2_22,100,1,2025
RED SUBTERRANEA,SED2_07177,LLAVE2_19,SP,ALIM2_052,SET2_32,400,1,2025
RED AEREA,SED2_09309,LLAVE2_09,SP,SIN DATA,SIN DATA,SIN DATA,1,2025
RED AEREA,SED2_01918,LLAVE2_19,SP,ALIM2_054,SET2_37,100,1,2025
FUSIBLE,SED2_06855,LLAVE2_19,SP,ALIM2_404,SET2_22,250,1,2025
RED SUBTERRANEA,SED2_03175,LLAVE2_09,SP,ALIM2_127,SET2_16,400,1,2025
RED SUBTERRANEA,SED2_03175,LLAVE2_15,SP,ALIM2_127,SET2_16,400,1,2025
RED SUBTERRANEA,SED2_04140,LLAVE2_19,SP,ALIM2_464,SET2_09,160,1,2025
RED AEREA,SED2_05938,LLAVE2_14,SP,ALIM2_371,SET2_02,400,1,2025
RED AEREA,SED2_04633,LLAVE2_09,SP,ALIM2_443,SET2_14,100,1,2025
RED AEREA,SED2_03080,LLAVE2_19,SP,ALIM2_169,SET2_06,400,1,2025
LLAVE,SED2_02092,LLAVE2_19,SP,ALIM2_313,SET2_42,100,1,2025
RED SUBTERRANEA,SED2_08146,LLAVE2_19,SP,ALIM2_136,SET2_12,160,1,2025
RED AEREA,SED2_08146,LLAVE2_21,SP,ALIM2_136,SET2_12,160,1,2025
RED SUBTERRANEA,SED2_00515,LLAVE2_09,SP,ALIM2_063,SET2_19,100,1,2025
RED AEREA,SED2_06145,LLAVE2_19,SP,ALIM2_391,SET2_10,100,1,2025
RED AEREA,SED2_05377,LLAVE2_09,SP,ALIM2_361,SET2_23,100,1,2025
FUSIBLE,SED2_07895,LLAVE2_09,SP,ALIM2_169,SET2_06,250,1,2025
RED SUBTERRANEA,SED2_09844,LLAVE2_19,SP,ALIM2_035,SET2_09,160,1,2025
RED AEREA,SED2_03789,LLAVE2_09,SP,ALIM2_032,SET2_04,100,1,2025
RED AEREA,SED2_00609,LLAVE2_09,SP,ALIM2_032,SET2_04,160,1,2025
RED AEREA,SED2_08059,LLAVE2_19,SP,ALIM2_232,SET2_28,100,1,2025
RED AEREA,SED2_00465,LLAVE2_19,SP,ALIM2_344,SET2_31,160,1,2025
RED AEREA,SED2_08133,LLAVE2_09,SP,ALIM2_277,SET2_20,100,1,2025
RED SUBTERRANEA,SED2_01830,LLAVE2_09,SP,ALIM2_073,SET2_21,160,1,2025
RED AEREA,SED2_06582,LLAVE2_19,SP,ALIM2_037,SET2_23,100,1,2025
RED SUBTERRANEA,SED2_01139,LLAVE2_15,SP,ALIM2_464,SET2_09,250,1,2025
RED SUBTERRANEA,SED2_03870,LLAVE2_19,SP,ALIM2_035,SET2_09,100,1,2025
RED SUBTERRANEA,SED2_06785,LLAVE2_19,SP,ALIM2_279,SET2_17,630,1,2025
RED SUBTERRANEA,SED2_06785,LLAVE2_09,SP,ALIM2_279,SET2_17,630,1,2025
RED AEREA,SED2_06226,LLAVE2_19,SP,ALIM2_481,SET2_12,160,1,2025
FUSIBLE,SED2_06226,LLAVE2_09,SP,ALIM2_481,SET2_12,160,1,2025
LLAVE,SED2_09936,LLAVE2_19,SP,ALIM2_282,SET2_29,100,1,2025
RED AEREA,SED2_05365,LLAVE2_09,SP,ALIM2_071,SET2_18,100,1,2025
RED AEREA,SED2_05578,LLAVE2_19,SP,ALIM2_391,SET2_10,100,1,2025
RED AEREA,SED2_05578,LLAVE2_09,SP,ALIM2_391,SET2_10,100,1,2025
RED AEREA,SED2_07427,LLAVE2_19,SP,ALIM2_396,SET2_11,100,1,2025
RED AEREA,SED2_07427,LLAVE2_09,SP,ALIM2_396,SET2_11,100,1,2025
RED SUBTERRANEA,SED2_05131,LLAVE2_19,SP,ALIM2_408,SET2_36,250,1,2025
RED AEREA,SED2_06163,LLAVE2_19,SP,ALIM2_136,SET2_12,100,1,2025
RED SUBTERRANEA,SED2_04290,LLAVE2_19,SP,ALIM2_359,SET2_45,400,1,2025
RED SUBTERRANEA,SED2_04290,LLAVE2_15,SP,ALIM2_359,SET2_45,400,1,2025
RED AEREA,SED2_09171,LLAVE2_19,SP,ALIM2_194,SET2_35,100,1,2025
RED AEREA,SED2_03612,LLAVE2_09,SP,ALIM2_305,SET2_33,100,1,2025
RED SUBTERRANEA,SED2_03536,LLAVE2_15,SP,ALIM2_148,SET2_21,400,1,2025
RED AEREA,SED2_03937,LLAVE2_19,SP,ALIM2_313,SET2_42,100,1,2025
RED AEREA,SED2_09712,LLAVE2_09,SP,ALIM2_021,SET2_32,250,1,2025
RED AEREA,SED2_00780,LLAVE2_19,SP,ALIM2_391,SET2_10,100,1,2025
RED AEREA,SED2_00780,LLAVE2_09,SP,ALIM2_391,SET2_10,100,1,2025
LLAVE,SED2_07504,LLAVE2_09,SP,ALIM2_216,SET2_45,250,1,2025
RED AEREA,SED2_00816,LLAVE2_19,SP,ALIM2_391,SET2_10,100,1,2025
RED AEREA,SED2_03315,LLAVE2_09,SP,ALIM2_160,SET2_33,250,1,2025
RED AEREA,SED2_09373,LLAVE2_09,SP,ALIM2_136,SET2_12,100,1,2025
RED AEREA,SED2_09373,LLAVE2_15,SP,ALIM2_136,SET2_12,100,1,2025
FUSIBLE,SED2_05574,LLAVE2_19,SP,ALIM2_002,SET2_10,400,1,2025
RED AEREA,SED2_05574,LLAVE2_19,SP,ALIM2_002,SET2_10,400,1,2025
RED SUBTERRANEA,SED2_00003,LLAVE2_19,SP,ALIM2_042,SET2_06,160,1,2025
RED AEREA,SED2_00003,LLAVE2_09,SP,ALIM2_042,SET2_06,160,1,2025
RED SUBTERRANEA,SED2_06641,LLAVE2_09,SP,ALIM2_245,SET2_04,160,1,2025
RED SUBTERRANEA,SED2_05888,LLAVE2_19,SP,ALIM2_245,SET2_04,100,1,2025
RED AEREA,SED2_08786,LLAVE2_19,SP,ALIM2_244,SET2_32,100,1,2025
RED AEREA,SED2_08786,LLAVE2_09,SP,ALIM2_244,SET2_32,100,1,2025
RED AEREA,SED2_05764,LLAVE2_19,SP,ALIM2_284,SET2_32,100,1,2025
RED AEREA,SED2_08715,LLAVE2_19,SP,ALIM2_117,SET2_10,100,1,2025
FUSIBLE,SED2_07271,LLAVE2_09,SP,ALIM2_094,SET2_42,160,1,2025
RED AEREA,SED2_07271,LLAVE2_09,SP,ALIM2_094,SET2_42,160,1,2025
RED AEREA,SED2_04676,LLAVE2_09,SP,ALIM2_084,SET2_35,160,1,2025
RED AEREA,SED2_03657,LLAVE2_09,SP,ALIM2_243,SET2_42,250,1,2025
RED AEREA,SED2_08437,LLAVE2_19,SP,ALIM2_460,SET2_16,250,1,2025
RED SUBTERRANEA,SED2_01184,LLAVE2_19,SP,ALIM2_267,SET2_23,50,1,2025
RED SUBTERRANEA,SED2_05164,LLAVE2_19,SP,ALIM2_046,SET2_23,250,1,2025
RED SUBTERRANEA,SED2_09063,LLAVE2_09,SP,ALIM2_466,SET2_31,250,1,2025
RED SUBTERRANEA,SED2_02198,LLAVE2_19,SP,ALIM2_480,SET2_03,160,1,2025
RED AEREA,SED2_04077,LLAVE2_19,SP,ALIM2_341,SET2_35,160,1,2025
RED AEREA,SED2_04077,LLAVE2_15,SP,ALIM2_341,SET2_35,160,1,2025
RED SUBTERRANEA,SED2_08279,LLAVE2_19,SP,SIN DATA,SIN DATA,SIN DATA,1,2025
RED AEREA,SED2_05766,LLAVE2_09,SP,ALIM2_481,SET2_12,100,1,2025
RED SUBTERRANEA,SED2_08269,LLAVE2_09,SP,ALIM2_131,SET2_43,50,1,2025
RED AEREA,SED2_06447,LLAVE2_19,SP,ALIM2_391,SET2_10,100,1,2025
RED SUBTERRANEA,SED2_05691,LLAVE2_15,SP,ALIM2_245,SET2_04,160,1,2025
RED SUBTERRANEA,SED2_02362,LLAVE2_19,SP,ALIM2_030,SET2_41,160,1,2025
RED AEREA,SED2_02759,LLAVE2_19,SP,ALIM2_076,SET2_13,100,1,2025
RED AEREA,SED2_03437,LLAVE2_19,SP,ALIM2_255,SET2_21,160,1,2025
RED AEREA,SED2_03117,LLAVE2_19,SP,ALIM2_124,SET2_32,400,1,2025
LLAVE,SED2_04212,LLAVE2_19,SP,ALIM2_124,SET2_32,160,1,2025
RED AEREA,SED2_04212,LLAVE2_19,SP,ALIM2_124,SET2_32,160,1,2025
RED SUBTERRANEA,SED2_07393,LLAVE2_09,SP,ALIM2_079,SET2_26,160,1,2025
RED SUBTERRANEA,SED2_07930,LLAVE2_19,SP,ALIM2_183,SET2_12,100,1,2025
RED SUBTERRANEA,SED2_06309,LLAVE2_15,SP,ALIM2_112,SET2_35,250,1,2025
FUSIBLE,SED2_01610,LLAVE2_19,SP,ALIM2_360,SET2_06,160,1,2025
RED SUBTERRANEA,SED2_01610,LLAVE2_19,SP,ALIM2_360,SET2_06,160,1,2025
RED SUBTERRANEA,SED2_01610,LLAVE2_09,SP,ALIM2_360,SET2_06,160,1,2025
RED SUBTERRANEA,SED2_09590,LLAVE2_09,SP,ALIM2_003,SET2_26,100,1,2025
RED AEREA,SED2_03182,LLAVE2_09,SP,ALIM2_072,SET2_23,100,1,2025
RED AEREA,SED2_02074,LLAVE2_09,SP,ALIM2_072,SET2_23,100,1,2025
RED SUBTERRANEA,SED2_09657,LLAVE2_19,SP,ALIM2_075,SET2_36,100,1,2025
RED SUBTERRANEA,SED2_03767,LLAVE2_19,SP,ALIM2_473,SET2_46,350,1,2025
RED AEREA,SED2_03687,LLAVE2_09,SP,ALIM2_316,SET2_23,100,1,2025
RED AEREA,SED2_06018,LLAVE2_09,SP,ALIM2_093,SET2_21,100,1,2025
RED AEREA,SED2_07729,LLAVE2_15,SP,ALIM2_446,SET2_22,100,1,2025
RED AEREA,SED2_02658,LLAVE2_09,SP,ALIM2_066,SET2_10,160,1,2025
FUSIBLE,SED2_02434,LLAVE2_19,SP,ALIM2_277,SET2_20,100,1,2025
RED SUBTERRANEA,SED2_06462,LLAVE2_19,SP,ALIM2_224,SET2_45,160,1,2025
RED AEREA,SED2_03333,LLAVE2_19,SP,ALIM2_217,SET2_35,100,1,2025
RED AEREA,SED2_09071,LLAVE2_19,SP,ALIM2_369,SET2_28,100,1,2025
RED AEREA,SED2_06116,LLAVE2_09,SP,ALIM2_110,SET2_42,160,1,2025
RED AEREA,SED2_07375,LLAVE2_19,SP,ALIM2_257,SET2_31,100,1,2025
RED SUBTERRANEA,SED2_01817,LLAVE2_19,SP,ALIM2_363,SET2_12,160,1,2025
FUSIBLE,SED2_08573,LLAVE2_19,SP,ALIM2_277,SET2_20,100,1,2025
RED AEREA,SED2_06446,LLAVE2_19,SP,ALIM2_217,SET2_35,160,1,2025
RED AEREA,SED2_06446,LLAVE2_09,SP,ALIM2_217,SET2_35,160,1,2025
RED AEREA,SED2_07299,LLAVE2_19,SP,ALIM2_277,SET2_20,160,1,2025
RED AEREA,SED2_03750,LLAVE2_15,SP,ALIM2_341,SET2_35,100,1,2025
RED AEREA,SED2_04255,LLAVE2_09,SP,ALIM2_422,SET2_06,160,1,2025
FUSIBLE,SED2_03411,LLAVE2_19,SP,ALIM2_155,SET2_02,160,1,2025
LLAVE,SED2_03411,LLAVE2_09,SP,ALIM2_155,SET2_02,160,1,2025
RED SUBTERRANEA,SED2_06928,LLAVE2_19,SP,ALIM2_227,SET2_45,100,1,2025
RED AEREA,SED2_03814,LLAVE2_19,SP,ALIM2_381,SET2_45,160,1,2025
RED AEREA,SED2_00356,LLAVE2_19,SP,ALIM2_010,SET2_42,160,1,2025
RED SUBTERRANEA,SED2_06790,LLAVE2_19,SP,ALIM2_100,SET2_12,400,1,2025
RED AEREA,SED2_08344,LLAVE2_15,SP,ALIM2_363,SET2_12,160,1,2025
RED SUBTERRANEA,SED2_03930,LLAVE2_09,SP,ALIM2_319,SET2_36,250,1,2025
RED AEREA,SED2_04049,LLAVE2_19,SP,ALIM2_277,SET2_20,160,1,2025
RED SUBTERRANEA,SED2_07803,LLAVE2_21,SP,ALIM2_297,SET2_33,400,1,2025
RED AEREA,SED2_06784,LLAVE2_09,SP,ALIM2_108,SET2_22,250,1,2025
RED SUBTERRANEA,SED2_00374,LLAVE2_19,SP,ALIM2_031,SET2_21,400,1,2025
RED SUBTERRANEA,SED2_00374,LLAVE2_09,SP,ALIM2_031,SET2_21,400,1,2025
RED SUBTERRANEA,SED2_00286,LLAVE2_19,SP,ALIM2_193,SET2_31,100,1,2025
RED SUBTERRANEA,SED2_08245,LLAVE2_15,SP,ALIM2_067,SET2_35,400,1,2025
RED AEREA,SED2_06802,LLAVE2_09,SP,ALIM2_316,SET2_23,160,1,2025
RED AEREA,SED2_06802,LLAVE2_15,SP,ALIM2_316,SET2_23,160,1,2025
RED AEREA,SED2_06802,LLAVE2_21,SP,ALIM2_316,SET2_23,160,1,2025
RED SUBTERRANEA,SED2_00756,LLAVE2_19,SP,ALIM2_360,SET2_06,400,1,2025
RED SUBTERRANEA,SED2_06554,LLAVE2_19,SP,ALIM2_306,SET2_12,100,1,2025
RED SUBTERRANEA,SED2_08197,LLAVE2_21,SP,ALIM2_326,SET2_35,160,1,2025
RED SUBTERRANEA,SED2_02963,LLAVE2_09,SP,ALIM2_326,SET2_35,160,1,2025
RED AEREA,SED2_07794,LLAVE2_21,SP,ALIM2_326,SET2_35,160,1,2025
RED AEREA,SED2_08244,LLAVE2_19,SP,ALIM2_010,SET2_42,50,1,2025
RED SUBTERRANEA,SED2_03782,LLAVE2_15,SP,ALIM2_353,SET2_40,250,1,2025
RED SUBTERRANEA,SED2_05876,LLAVE2_09,SP,ALIM2_089,SET2_35,100,1,2025
RED SUBTERRANEA,SED2_06334,LLAVE2_19,SP,ALIM2_132,SET2_12,100,1,2025
RED SUBTERRANEA,SED2_00986,LLAVE2_19,SP,ALIM2_108,SET2_22,100,1,2025
LLAVE,SED2_07062,LLAVE2_19,SP,ALIM2_170,SET2_25,100,1,2025
RED AEREA,SED2_07062,LLAVE2_19,SP,ALIM2_170,SET2_25,100,1,2025
RED AEREA,SED2_00377,LLAVE2_09,SP,ALIM2_306,SET2_12,100,1,2025
RED AEREA,SED2_04281,LLAVE2_21,SP,ALIM2_446,SET2_22,400,1,2025
FUSIBLE,SED2_07815,LLAVE2_19,SP,ALIM2_326,SET2_35,160,1,2025
RED AEREA,SED2_06409,LLAVE2_09,SP,ALIM2_054,SET2_37,100,1,2025
RED SUBTERRANEA,SED2_06101,LLAVE2_09,SP,ALIM2_008,SET2_35,100,1,2025
RED SUBTERRANEA,SED2_01377,LLAVE2_15,SP,ALIM2_008,SET2_35,160,1,2025
RED AEREA,SED2_08659,LLAVE2_19,SP,ALIM2_238,SET2_36,160,1,2025
RED SUBTERRANEA,SED2_08659,LLAVE2_19,SP,ALIM2_238,SET2_36,160,1,2025
RED AEREA,SED2_08659,LLAVE2_15,SP,ALIM2_238,SET2_36,160,1,2025
FUSIBLE,SED2_08360,LLAVE2_19,SP,SIN DATA,SIN DATA,SIN DATA,1,2025
RED AEREA,SED2_06175,LLAVE2_19,SP,ALIM2_072,SET2_23,100,1,2025
RED AEREA,SED2_00242,LLAVE2_09,SP,ALIM2_072,SET2_23,100,1,2025
RED AEREA,SED2_08247,LLAVE2_15,SP,ALIM2_232,SET2_28,250,1,2025
RED AEREA,SED2_05752,LLAVE2_19,SP,ALIM2_284,SET2_32,160,1,2025
FUSIBLE,SED2_09671,LLAVE2_19,SP,ALIM2_388,SET2_13,250,1,2025
RED AEREA,SED2_00016,LLAVE2_19,SP,ALIM2_284,SET2_32,250,1,2025
RED AEREA,SED2_00016,LLAVE2_09,SP,ALIM2_284,SET2_32,250,1,2025
FUSIBLE,SED2_00395,LLAVE2_09,SP,ALIM2_443,SET2_14,160,1,2025
RED AEREA,SED2_00395,LLAVE2_09,SP,ALIM2_443,SET2_14,160,1,2025
RED AEREA,SED2_06545,LLAVE2_19,SP,ALIM2_369,SET2_28,100,1,2025
RED SUBTERRANEA,SED2_00580,LLAVE2_19,SP,ALIM2_436,SET2_23,160,1,2025
RED SUBTERRANEA,SED2_00580,LLAVE2_09,SP,ALIM2_436,SET2_23,160,1,2025
RED AEREA,SED2_06079,LLAVE2_15,SP,ALIM2_369,SET2_28,400,1,2025
RED AEREA,SED2_00332,LLAVE2_09,SP,ALIM2_369,SET2_28,160,1,2025
RED AEREA,SED2_00874,LLAVE2_19,SP,ALIM2_372,SET2_44,100,1,2025
RED AEREA,SED2_06097,LLAVE2_19,SP,ALIM2_369,SET2_28,160,1,2025
RED AEREA,SED2_06514,LLAVE2_19,SP,ALIM2_161,SET2_04,100,1,2025
RED SUBTERRANEA,SED2_09671,LLAVE2_19,SP,ALIM2_388,SET2_13,250,1,2025
RED AEREA,SED2_04334,LLAVE2_19,SP,ALIM2_161,SET2_04,160,1,2025
RED AEREA,SED2_05645,LLAVE2_19,SP,ALIM2_277,SET2_20,100,1,2025
RED SUBTERRANEA,SED2_04068,LLAVE2_19,SP,ALIM2_167,SET2_35,160,1,2025
FUSIBLE,SED2_09939,LLAVE2_19,SP,ALIM2_167,SET2_35,160,1,2025
RED SUBTERRANEA,SED2_09939,LLAVE2_09,SP,ALIM2_167,SET2_35,160,1,2025
RED AEREA,SED2_06907,LLAVE2_19,SP,ALIM2_425,SET2_11,160,1,2025
RED AEREA,SED2_09563,LLAVE2_09,SP,ALIM2_072,SET2_23,160,1,2025
RED AEREA,SED2_00921,LLAVE2_09,SP,ALIM2_089,SET2_35,160,1,2025
RED AEREA,SED2_08850,LLAVE2_09,SP,ALIM2_284,SET2_32,100,1,2025
RED SUBTERRANEA,SED2_08930,LLAVE2_09,SP,ALIM2_361,SET2_23,50,1,2025
RED SUBTERRANEA,SED2_03040,LLAVE2_19,SP,ALIM2_296,SET2_23,160,1,2025
RED SUBTERRANEA,SED2_02133,LLAVE2_19,SP,ALIM2_105,SET2_09,160,1,2025
FUSIBLE,SED2_03840,LLAVE2_09,SP,ALIM2_068,SET2_32,160,1,2025
RED AEREA,SED2_03584,LLAVE2_09,SP,SIN DATA,SIN DATA,SIN DATA,1,2025
RED AEREA,SED2_09815,LLAVE2_19,SP,ALIM2_025,SET2_13,100,1,2025
RED AEREA,SED2_01277,LLAVE2_09,SP,ALIM2_446,SET2_22,100,1,2025
RED AEREA,SED2_01315,LLAVE2_19,SP,ALIM2_216,SET2_45,250,1,2025
RED AEREA,SED2_01315,LLAVE2_09,SP,ALIM2_216,SET2_45,250,1,2025
RED AEREA,SED2_01792,LLAVE2_19,SP,ALIM2_008,SET2_35,160,1,2025
RED SUBTERRANEA,SED2_07369,LLAVE2_19,SP,ALIM2_363,SET2_12,100,1,2025
RED AEREA,SED2_01099,LLAVE2_19,SP,ALIM2_341,SET2_35,100,1,2025
RED AEREA,SED2_01099,LLAVE2_15,SP,ALIM2_341,SET2_35,100,1,2025
RED SUBTERRANEA,SED2_07585,LLAVE2_19,SP,ALIM2_102,SET2_02,250,1,2025
FUSIBLE,SED2_07585,LLAVE2_09,SP,ALIM2_102,SET2_02,250,1,2025
RED AEREA,SED2_03433,LLAVE2_19,SP,ALIM2_216,SET2_45,100,1,2025
RED SUBTERRANEA,SED2_05760,LLAVE2_15,SP,ALIM2_165,SET2_06,400,1,2025
RED AEREA,SED2_03090,LLAVE2_19,SP,ALIM2_037,SET2_23,100,1,2025
RED AEREA,SED2_02653,LLAVE2_09,SP,ALIM2_142,SET2_42,100,1,2025
RED SUBTERRANEA,SED2_07653,LLAVE2_09,SP,ALIM2_345,SET2_17,250,1,2025
FUSIBLE,SED2_08597,LLAVE2_09,SP,ALIM2_322,SET2_13,250,1,2025
LLAVE,SED2_08597,LLAVE2_21,SP,ALIM2_322,SET2_13,250,1,2025
RED AEREA,SED2_06909,LLAVE2_19,SP,ALIM2_114,SET2_06,160,1,2025
RED SUBTERRANEA,SED2_05989,LLAVE2_15,SP,ALIM2_359,SET2_45,250,1,2025
RED SUBTERRANEA,SED2_06883,LLAVE2_19,SP,ALIM2_366,SET2_27,250,1,2025
RED AEREA,SED2_08479,LLAVE2_09,SP,ALIM2_243,SET2_42,250,1,2025
RED AEREA,SED2_09444,LLAVE2_21,SP,ALIM2_219,SET2_10,250,1,2025
RED AEREA,SED2_00408,LLAVE2_09,SP,SIN DATA,SIN DATA,SIN DATA,1,2025
RED AEREA,SED2_03007,LLAVE2_19,SP,ALIM2_072,SET2_23,100,1,2025
RED AEREA,SED2_09815,LLAVE2_09,SP,ALIM2_025,SET2_13,100,1,2025
RED AEREA,SED2_02149,LLAVE2_09,SP,ALIM2_072,SET2_23,100,1,2025
RED AEREA,SED2_05475,LLAVE2_19,SP,ALIM2_217,SET2_35,100,1,2025
RED SUBTERRANEA,SED2_05475,LLAVE2_19,SP,ALIM2_217,SET2_35,100,1,2025
RED SUBTERRANEA,SED2_00612,LLAVE2_19,SP,ALIM2_356,SET2_31,160,1,2025
RED AEREA,SED2_00409,LLAVE2_09,SP,ALIM2_375,SET2_22,250,1,2025
RED AEREA,SED2_08343,LLAVE2_19,SP,ALIM2_072,SET2_23,100,1,2025
FUSIBLE,SED2_08343,LLAVE2_09,SP,ALIM2_072,SET2_23,100,1,2025
RED AEREA,SED2_02225,LLAVE2_19,SP,ALIM2_072,SET2_23,100,1,2025
RED AEREA,SED2_05096,LLAVE2_19,SP,ALIM2_284,SET2_32,100,1,2025
LLAVE,SED2_09552,LLAVE2_09,SP,ALIM2_194,SET2_35,100,1,2025
RED AEREA,SED2_08347,LLAVE2_19,SP,ALIM2_341,SET2_35,100,1,2025
RED SUBTERRANEA,SED2_08730,LLAVE2_19,SP,ALIM2_226,SET2_02,250,1,2025
RED SUBTERRANEA,SED2_08730,LLAVE2_09,SP,ALIM2_226,SET2_02,250,1,2025
RED AEREA,SED2_01065,LLAVE2_09,SP,ALIM2_194,SET2_35,400,1,2025
RED SUBTERRANEA,SED2_01065,LLAVE2_09,SP,ALIM2_194,SET2_35,400,1,2025
FUSIBLE,SED2_00687,LLAVE2_09,SP,ALIM2_296,SET2_23,160,1,2025
RED AEREA,SED2_02485,LLAVE2_19,SP,ALIM2_008,SET2_35,100,1,2025
RED AEREA,SED2_07726,LLAVE2_09,SP,ALIM2_313,SET2_42,100,1,2025
RED AEREA,SED2_03674,LLAVE2_09,SP,ALIM2_313,SET2_42,100,1,2025
RED AEREA,SED2_04855,LLAVE2_19,SP,ALIM2_313,SET2_42,100,1,2025
RED AEREA,SED2_07634,LLAVE2_19,SP,ALIM2_316,SET2_23,100,1,2025
RED AEREA,SED2_04177,LLAVE2_19,SP,ALIM2_472,SET2_10,250,1,2025
RED SUBTERRANEA,SED2_01675,LLAVE2_19,SP,ALIM2_336,SET2_02,250,1,2025
RED SUBTERRANEA,SED2_01314,LLAVE2_21,SP,ALIM2_373,SET2_17,250,1,2025
RED AEREA,SED2_01849,LLAVE2_19,SP,ALIM2_237,SET2_33,160,1,2025
FUSIBLE,SED2_09577,LLAVE2_15,SP,ALIM2_478,SET2_44,250,1,2025
RED SUBTERRANEA,SED2_08988,LLAVE2_19,SP,ALIM2_273,SET2_28,100,1,2025
RED AEREA,SED2_09244,LLAVE2_19,SP,ALIM2_338,SET2_18,100,1,2025
RED AEREA,SED2_09741,LLAVE2_09,SP,ALIM2_194,SET2_35,250,1,2025
RED AEREA,SED2_07512,LLAVE2_19,SP,ALIM2_326,SET2_35,160,1,2025
RED AEREA,SED2_01072,LLAVE2_19,SP,ALIM2_326,SET2_35,100,1,2025
LLAVE,SED2_07210,LLAVE2_09,SP,ALIM2_326,SET2_35,400,1,2025
RED AEREA,SED2_04222,LLAVE2_15,SP,ALIM2_252,SET2_22,250,1,2025
LLAVE,SED2_03203,LLAVE2_19,SP,ALIM2_363,SET2_12,400,1,2025
RED AEREA,SED2_08596,LLAVE2_09,SP,ALIM2_481,SET2_12,100,1,2025
RED SUBTERRANEA,SED2_07034,LLAVE2_19,SP,ALIM2_148,SET2_21,400,1,2025
RED AEREA,SED2_08217,LLAVE2_19,SP,ALIM2_363,SET2_12,100,1,2025
RED AEREA,SED2_08217,LLAVE2_09,SP,ALIM2_363,SET2_12,100,1,2025
RED AEREA,SED2_02713,LLAVE2_19,SP,ALIM2_112,SET2_35,250,1,2025
FUSIBLE,SED2_05430,LLAVE2_21,SP,ALIM2_088,SET2_06,400,1,2025
RED SUBTERRANEA,SED2_01852,LLAVE2_19,SP,ALIM2_443,SET2_14,100,1,2025
RED SUBTERRANEA,SED2_01852,LLAVE2_09,SP,ALIM2_443,SET2_14,100,1,2025
RED SUBTERRANEA,SED2_00189,LLAVE2_19,SP,ALIM2_341,SET2_35,160,1,2025
RED SUBTERRANEA,SED2_01441,LLAVE2_09,SP,ALIM2_043,SET2_41,250,1,2025
RED SUBTERRANEA,SED2_06338,LLAVE2_09,SP,ALIM2_167,SET2_35,160,1,2025
RED SUBTERRANEA,SED2_03084,LLAVE2_19,SP,ALIM2_129,SET2_02,160,1,2025
RED AEREA,SED2_04867,LLAVE2_09,SP,ALIM2_232,SET2_28,160,1,2025
RED AEREA,SED2_07612,LLAVE2_09,SP,ALIM2_369,SET2_28,400,1,2025
RED AEREA,SED2_07612,LLAVE2_15,SP,ALIM2_369,SET2_28,400,1,2025
RED AEREA,SED2_00649,LLAVE2_19,SP,ALIM2_100,SET2_12,100,1,2025
FUSIBLE,SED2_05800,LLAVE2_09,SP,ALIM2_374,SET2_13,400,1,2025
RED AEREA,SED2_00841,LLAVE2_19,SP,ALIM2_245,SET2_04,160,1,2025
FUSIBLE,SED2_07318,LLAVE2_09,SP,SIN DATA,SIN DATA,SIN DATA,1,2025
LLAVE,SED2_07318,LLAVE2_19,SP,ALIM2_053,SET2_12,250,1,2025
RED AEREA,SED2_06511,LLAVE2_19,SP,ALIM2_313,SET2_42,100,1,2025
RED AEREA,SED2_06924,LLAVE2_19,SP,ALIM2_115,SET2_12,250,1,2025
RED SUBTERRANEA,SED2_05607,LLAVE2_09,SP,ALIM2_363,SET2_12,100,1,2025
RED SUBTERRANEA,SED2_02602,LLAVE2_19,SP,ALIM2_363,SET2_12,100,1,2025
RED SUBTERRANEA,SED2_02602,LLAVE2_09,SP,ALIM2_363,SET2_12,100,1,2025
RED AEREA,SED2_09572,LLAVE2_19,SP,ALIM2_055,SET2_35,250,1,2025
FUSIBLE,SED2_06576,LLAVE2_19,SP,ALIM2_055,SET2_35,100,1,2025
RED SUBTERRANEA,SED2_05058,LLAVE2_09,SP,ALIM2_245,SET2_04,160,1,2025
RED SUBTERRANEA,SED2_05058,LLAVE2_15,SP,ALIM2_245,SET2_04,160,1,2025
RED SUBTERRANEA,SED2_05638,LLAVE2_15,SP,ALIM2_245,SET2_04,160,1,2025
RED SUBTERRANEA,SED2_09431,LLAVE2_19,SP,ALIM2_245,SET2_04,50,1,2025
RED AEREA,SED2_01802,LLAVE2_09,SP,ALIM2_404,SET2_22,400,1,2025
RED AEREA,SED2_01802,LLAVE2_15,SP,ALIM2_404,SET2_22,400,1,2025
RED SUBTERRANEA,SED2_09370,LLAVE2_19,SP,ALIM2_480,SET2_03,100,1,2025
RED SUBTERRANEA,SED2_09370,LLAVE2_09,SP,ALIM2_480,SET2_03,100,1,2025
RED AEREA,SED2_05896,LLAVE2_19,SP,ALIM2_284,SET2_32,100,1,2025
RED AEREA,SED2_05737,LLAVE2_19,SP,ALIM2_284,SET2_32,100,1,2025
RED AEREA,SED2_05871,LLAVE2_09,SP,ALIM2_446,SET2_22,160,1,2025
RED SUBTERRANEA,SED2_03735,LLAVE2_09,SP,ALIM2_055,SET2_35,250,1,2025
LLAVE,SED2_06694,LLAVE2_19,SP,ALIM2_446,SET2_22,100,1,2025
RED AEREA,SED2_09277,LLAVE2_19,SP,ALIM2_048,SET2_29,100,1,2025
RED AEREA,SED2_05772,LLAVE2_19,SP,ALIM2_048,SET2_29,100,1,2025
RED AEREA,SED2_09883,LLAVE2_09,SP,ALIM2_048,SET2_29,100,1,2025
RED AEREA,SED2_00898,LLAVE2_09,SP,ALIM2_048,SET2_29,100,1,2025
RED AEREA,SED2_01269,LLAVE2_19,SP,ALIM2_048,SET2_29,400,1,2025
RED AEREA,SED2_06180,LLAVE2_09,SP,ALIM2_048,SET2_29,100,1,2025
FUSIBLE,SED2_00397,LLAVE2_19,SP,ALIM2_382,SET2_13,160,1,2025
RED AEREA,SED2_00062,LLAVE2_15,SP,ALIM2_048,SET2_29,100,1,2025
FUSIBLE,SED2_07966,LLAVE2_19,SP,ALIM2_048,SET2_29,160,1,2025
RED AEREA,SED2_07966,LLAVE2_15,SP,ALIM2_048,SET2_29,160,1,2025
RED AEREA,SED2_03922,LLAVE2_19,SP,ALIM2_071,SET2_18,50,1,2025
RED AEREA,SED2_06363,LLAVE2_19,SP,ALIM2_048,SET2_29,100,1,2025
RED SUBTERRANEA,SED2_09917,LLAVE2_09,SP,ALIM2_068,SET2_32,160,1,2025
RED SUBTERRANEA,SED2_07067,LLAVE2_09,SP,ALIM2_334,SET2_22,100,1,2025
RED AEREA,SED2_08468,LLAVE2_14,SP,ALIM2_359,SET2_45,400,1,2025
RED AEREA,SED2_07655,LLAVE2_19,SP,ALIM2_008,SET2_35,160,1,2025
RED SUBTERRANEA,SED2_02837,LLAVE2_19,SP,ALIM2_008,SET2_35,160,1,2025
RED AEREA,SED2_00389,LLAVE2_19,SP,ALIM2_234,SET2_09,100,1,2025
LLAVE,SED2_08191,LLAVE2_09,SP,ALIM2_100,SET2_12,160,1,2025
RED AEREA,SED2_02083,LLAVE2_09,SP,ALIM2_078,SET2_10,250,1,2025
RED SUBTERRANEA,SED2_04167,LLAVE2_19,SP,ALIM2_340,SET2_02,250,1,2025
FUSIBLE,SED2_09150,LLAVE2_09,SP,ALIM2_008,SET2_35,160,1,2025
RED SUBTERRANEA,SED2_09150,LLAVE2_09,SP,ALIM2_008,SET2_35,160,1,2025
RED AEREA,SED2_05425,LLAVE2_09,SP,ALIM2_381,SET2_45,100,1,2025
RED SUBTERRANEA,SED2_08584,LLAVE2_09,SP,ALIM2_305,SET2_33,100,1,2025
RED SUBTERRANEA,SED2_04578,LLAVE2_19,SP,ALIM2_378,SET2_31,250,1,2025
RED SUBTERRANEA,SED2_07074,LLAVE2_09,SP,ALIM2_421,SET2_10,100,1,2025
RED SUBTERRANEA,SED2_02954,LLAVE2_19,SP,ALIM2_214,SET2_36,100,1,2025
RED AEREA,SED2_05503,LLAVE2_15,SP,ALIM2_161,SET2_04,250,1,2025
RED SUBTERRANEA,SED2_05503,LLAVE2_15,SP,ALIM2_161,SET2_04,250,1,2025
FUSIBLE,SED2_07441,LLAVE2_09,SP,ALIM2_233,SET2_41,160,1,2025
RED SUBTERRANEA,SED2_04099,LLAVE2_09,SP,ALIM2_233,SET2_41,160,1,2025
RED SUBTERRANEA,SED2_00988,LLAVE2_19,SP,ALIM2_469,SET2_41,160,1,2025
RED SUBTERRANEA,SED2_00959,LLAVE2_19,SP,ALIM2_416,SET2_33,160,1,2025
RED SUBTERRANEA,SED2_09221,LLAVE2_19,SP,ALIM2_221,SET2_36,250,1,2025
RED AEREA,SED2_02360,LLAVE2_19,SP,ALIM2_404,SET2_22,100,1,2025
FUSIBLE,SED2_09338,LLAVE2_09,SP,ALIM2_100,SET2_12,250,1,2025
RED AEREA,SED2_01328,LLAVE2_09,SP,ALIM2_446,SET2_22,100,1,2025
RED AEREA,SED2_01322,LLAVE2_19,SP,ALIM2_446,SET2_22,100,1,2025
RED SUBTERRANEA,SED2_00869,LLAVE2_19,SP,ALIM2_208,SET2_13,160,1,2025
RED AEREA,SED2_00367,LLAVE2_19,SP,ALIM2_108,SET2_22,160,1,2025
FUSIBLE,SED2_05569,LLAVE2_19,SP,ALIM2_467,SET2_24,100,1,2025
RED AEREA,SED2_04296,LLAVE2_09,SP,ALIM2_161,SET2_04,400,1,2025
RED AEREA,SED2_04296,LLAVE2_21,SP,ALIM2_161,SET2_04,400,1,2025
RED SUBTERRANEA,SED2_02522,LLAVE2_09,SP,ALIM2_169,SET2_06,160,1,2025
RED AEREA,SED2_00105,LLAVE2_19,SP,ALIM2_055,SET2_35,160,1,2025
RED AEREA,SED2_03496,LLAVE2_19,SP,ALIM2_363,SET2_12,250,1,2025
RED AEREA,SED2_00441,LLAVE2_09,SP,ALIM2_057,SET2_22,100,1,2025
RED SUBTERRANEA,SED2_00441,LLAVE2_09,SP,ALIM2_057,SET2_22,100,1,2025
RED AEREA,SED2_07413,LLAVE2_09,SP,ALIM2_277,SET2_20,100,1,2025
RED AEREA,SED2_07118,LLAVE2_19,SP,ALIM2_416,SET2_33,100,1,2025
RED AEREA,SED2_02915,LLAVE2_19,SP,ALIM2_355,SET2_30,50,1,2025
RED AEREA,SED2_05317,LLAVE2_19,SP,ALIM2_170,SET2_25,100,1,2025
FUSIBLE,SED2_07501,LLAVE2_09,SP,ALIM2_245,SET2_04,160,1,2025
RED SUBTERRANEA,SED2_00647,LLAVE2_19,SP,ALIM2_245,SET2_04,100,1,2025
RED AEREA,SED2_05849,LLAVE2_09,SP,ALIM2_389,SET2_28,250,1,2025
RED AEREA,SED2_03122,LLAVE2_15,SP,ALIM2_115,SET2_12,160,1,2025
RED AEREA,SED2_04366,LLAVE2_09,SP,ALIM2_115,SET2_12,100,1,2025
RED AEREA,SED2_09220,LLAVE2_09,SP,ALIM2_115,SET2_12,160,1,2025
RED AEREA,SED2_03271,LLAVE2_19,SP,ALIM2_115,SET2_12,160,1,2025
RED AEREA,SED2_07198,LLAVE2_19,SP,ALIM2_305,SET2_33,100,1,2025
RED AEREA,SED2_04820,LLAVE2_09,SP,ALIM2_048,SET2_29,100,1,2025
RED SUBTERRANEA,SED2_01557,LLAVE2_19,SP,ALIM2_374,SET2_13,250,1,2025
RED AEREA,SED2_01557,LLAVE2_15,SP,ALIM2_374,SET2_13,250,1,2025
RED AEREA,SED2_07664,LLAVE2_09,SP,ALIM2_255,SET2_21,160,1,2025
RED SUBTERRANEA,SED2_06346,LLAVE2_09,SP,ALIM2_048,SET2_29,100,1,2025
RED SUBTERRANEA,SED2_03061,LLAVE2_15,SP,ALIM2_008,SET2_35,160,1,2025
RED SUBTERRANEA,SED2_07878,LLAVE2_15,SP,ALIM2_008,SET2_35,160,1,2025
RED SUBTERRANEA,SED2_02308,LLAVE2_19,SP,ALIM2_008,SET2_35,160,1,2025
RED SUBTERRANEA,SED2_02308,LLAVE2_15,SP,ALIM2_008,SET2_35,160,1,2025
RED AEREA,SED2_00137,LLAVE2_09,SP,ALIM2_008,SET2_35,160,1,2025
RED SUBTERRANEA,SED2_05004,LLAVE2_19,SP,ALIM2_245,SET2_04,160,1,2025
RED SUBTERRANEA,SED2_01971,LLAVE2_19,SP,ALIM2_245,SET2_04,160,1,2025
RED SUBTERRANEA,SED2_01951,LLAVE2_09,SP,ALIM2_245,SET2_04,160,1,2025
RED AEREA,SED2_01549,LLAVE2_09,SP,ALIM2_112,SET2_35,100,1,2025
RED AEREA,SED2_04565,LLAVE2_09,SP,ALIM2_071,SET2_18,100,1,2025
RED AEREA,SED2_08342,LLAVE2_19,SP,ALIM2_478,SET2_44,100,1,2025
RED SUBTERRANEA,SED2_07715,LLAVE2_19,SP,ALIM2_326,SET2_35,160,1,2025
RED AEREA,SED2_06613,LLAVE2_19,SP,ALIM2_161,SET2_04,160,1,2025
RED AEREA,SED2_06613,LLAVE2_09,SP,ALIM2_161,SET2_04,160,1,2025
RED AEREA,SED2_06756,LLAVE2_09,SP,ALIM2_161,SET2_04,160,1,2025
RED AEREA,SED2_05146,LLAVE2_19,SP,ALIM2_277,SET2_20,100,1,2025
RED SUBTERRANEA,SED2_01255,LLAVE2_19,SP,ALIM2_112,SET2_35,250,1,2025
RED AEREA,SED2_01255,LLAVE2_09,SP,ALIM2_112,SET2_35,250,1,2025
FUSIBLE,SED2_08637,LLAVE2_19,SP,ALIM2_277,SET2_20,160,1,2025
RED AEREA,SED2_03431,LLAVE2_19,SP,ALIM2_252,SET2_22,100,1,2025
FUSIBLE,SED2_00317,LLAVE2_19,SP,ALIM2_478,SET2_44,160,1,2025
RED AEREA,SED2_09246,LLAVE2_09,SP,ALIM2_216,SET2_45,160,1,2025
RED AEREA,SED2_00048,LLAVE2_19,SP,ALIM2_115,SET2_12,160,1,2025
RED AEREA,SED2_00048,LLAVE2_09,SP,ALIM2_115,SET2_12,160,1,2025
RED AEREA,SED2_05524,LLAVE2_19,SP,ALIM2_265,SET2_33,100,1,2025
RED SUBTERRANEA,SED2_06084,LLAVE2_09,SP,ALIM2_112,SET2_35,160,1,2025
FUSIBLE,SED2_05943,LLAVE2_09,SP,ALIM2_277,SET2_20,160,1,2025
RED AEREA,SED2_07649,LLAVE2_09,SP,ALIM2_313,SET2_42,160,1,2025
RED SUBTERRANEA,SED2_05847,LLAVE2_19,SP,ALIM2_472,SET2_10,100,1,2025
RED AEREA,SED2_01842,LLAVE2_09,SP,ALIM2_328,SET2_23,160,1,2025
RED SUBTERRANEA,SED2_05522,LLAVE2_19,SP,ALIM2_216,SET2_45,250,1,2025
RED AEREA,SED2_05931,LLAVE2_19,SP,ALIM2_359,SET2_45,250,1,2025
RED SUBTERRANEA,SED2_06930,LLAVE2_09,SP,ALIM2_297,SET2_33,100,1,2025
RED SUBTERRANEA,SED2_00865,LLAVE2_19,SP,ALIM2_086,SET2_33,160,1,2025
RED AEREA,SED2_00371,LLAVE2_09,SP,ALIM2_265,SET2_33,160,1,2025
RED SUBTERRANEA,SED2_00371,LLAVE2_09,SP,ALIM2_265,SET2_33,160,1,2025
FUSIBLE,SED2_00769,LLAVE2_19,SP,ALIM2_043,SET2_41,400,1,2025
RED SUBTERRANEA,SED2_00769,LLAVE2_19,SP,ALIM2_043,SET2_41,400,1,2025
RED SUBTERRANEA,SED2_00769,LLAVE2_15,SP,ALIM2_043,SET2_41,400,1,2025
RED AEREA,SED2_05238,LLAVE2_09,SP,ALIM2_071,SET2_18,100,1,2025
RED AEREA,SED2_00087,LLAVE2_09,SP,ALIM2_446,SET2_22,100,1,2025
RED AEREA,SED2_06477,LLAVE2_19,SP,ALIM2_237,SET2_33,160,1,2025
RED AEREA,SED2_06477,LLAVE2_09,SP,ALIM2_237,SET2_33,160,1,2025
RED AEREA,SED2_09669,LLAVE2_19,SP,ALIM2_243,SET2_42,100,1,2025
RED AEREA,SED2_09669,LLAVE2_09,SP,ALIM2_243,SET2_42,100,1,2025
RED AEREA,SED2_09862,LLAVE2_19,SP,ALIM2_446,SET2_22,160,1,2025
RED AEREA,SED2_03092,LLAVE2_19,SP,ALIM2_446,SET2_22,100,1,2025
LLAVE,SED2_01445,LLAVE2_09,SP,ALIM2_375,SET2_22,160,1,2025
RED AEREA,SED2_01757,LLAVE2_19,SP,ALIM2_375,SET2_22,160,1,2025
RED SUBTERRANEA,SED2_01757,LLAVE2_09,SP,ALIM2_375,SET2_22,160,1,2025
RED AEREA,SED2_04529,LLAVE2_19,SP,ALIM2_160,SET2_33,160,1,2025
RED SUBTERRANEA,SED2_05286,LLAVE2_19,SP,ALIM2_397,SET2_08,160,1,2025
RED AEREA,SED2_05052,LLAVE2_19,SP,ALIM2_086,SET2_33,160,1,2025
RED AEREA,SED2_01457,LLAVE2_09,SP,ALIM2_404,SET2_22,250,1,2025
RED AEREA,SED2_06904,LLAVE2_19,SP,ALIM2_160,SET2_33,100,1,2025
RED AEREA,SED2_01022,LLAVE2_19,SP,ALIM2_257,SET2_31,160,1,2025
RED AEREA,SED2_01022,LLAVE2_15,SP,ALIM2_257,SET2_31,160,1,2025
RED AEREA,SED2_04479,LLAVE2_09,SP,ALIM2_257,SET2_31,100,1,2025
RED SUBTERRANEA,SED2_03984,LLAVE2_19,SP,ALIM2_032,SET2_04,160,1,2025
RED SUBTERRANEA,SED2_03984,LLAVE2_09,SP,ALIM2_032,SET2_04,160,1,2025
RED SUBTERRANEA,SED2_03094,LLAVE2_09,SP,ALIM2_032,SET2_04,160,1,2025
RED SUBTERRANEA,SED2_00966,LLAVE2_09,SP,ALIM2_032,SET2_04,160,1,2025
RED SUBTERRANEA,SED2_02004,LLAVE2_19,SP,ALIM2_458,SET2_43,250,1,2025
RED AEREA,SED2_04424,LLAVE2_19,SP,ALIM2_135,SET2_43,100,1,2025
RED AEREA,SED2_04424,LLAVE2_09,SP,ALIM2_135,SET2_43,100,1,2025
RED AEREA,SED2_04080,LLAVE2_09,SP,ALIM2_114,SET2_06,400,1,2025
RED SUBTERRANEA,SED2_04080,LLAVE2_15,SP,ALIM2_114,SET2_06,400,1,2025
RED AEREA,SED2_02931,LLAVE2_09,SP,ALIM2_095,SET2_28,160,1,2025
RED AEREA,SED2_01259,LLAVE2_19,SP,ALIM2_194,SET2_35,250,1,2025
RED AEREA,SED2_01426,LLAVE2_19,SP,ALIM2_257,SET2_31,100,1,2025
RED AEREA,SED2_05292,LLAVE2_15,SP,ALIM2_446,SET2_22,100,1,2025
RED AEREA,SED2_00815,LLAVE2_19,SP,ALIM2_055,SET2_35,100,1,2025
RED AEREA,SED2_04537,LLAVE2_09,SP,ALIM2_135,SET2_43,100,1,2025
RED AEREA,SED2_04067,LLAVE2_15,SP,ALIM2_375,SET2_22,250,1,2025
RED AEREA,SED2_04859,LLAVE2_09,SP,ALIM2_464,SET2_09,400,1,2025
RED SUBTERRANEA,SED2_04859,LLAVE2_15,SP,ALIM2_464,SET2_09,400,1,2025
FUSIBLE,SED2_05673,LLAVE2_19,SP,ALIM2_467,SET2_24,100,1,2025
RED AEREA,SED2_03278,LLAVE2_19,SP,ALIM2_294,SET2_18,160,1,2025
RED SUBTERRANEA,SED2_05366,LLAVE2_09,SP,ALIM2_446,SET2_22,160,1,2025
RED SUBTERRANEA,SED2_05366,LLAVE2_15,SP,ALIM2_446,SET2_22,160,1,2025
RED AEREA,SED2_08857,LLAVE2_19,SP,ALIM2_073,SET2_21,100,1,2025
RED SUBTERRANEA,SED2_05625,LLAVE2_19,SP,ALIM2_068,SET2_32,160,1,2025
RED AEREA,SED2_03124,LLAVE2_19,SP,ALIM2_478,SET2_44,100,1,2025
RED AEREA,SED2_05402,LLAVE2_19,SP,ALIM2_294,SET2_18,100,1,2025
LLAVE,SED2_04976,LLAVE2_19,SP,ALIM2_100,SET2_12,400,1,2025
RED AEREA,SED2_09875,LLAVE2_19,SP,ALIM2_357,SET2_29,100,1,2025
RED AEREA,SED2_03278,LLAVE2_09,SP,ALIM2_294,SET2_18,160,1,2025
RED AEREA,SED2_03517,LLAVE2_19,SP,ALIM2_055,SET2_35,100,1,2025
RED AEREA,SED2_02041,LLAVE2_09,SP,ALIM2_391,SET2_10,100,1,2025
RED SUBTERRANEA,SED2_04660,LLAVE2_19,SP,ALIM2_446,SET2_22,160,1,2025
RED AEREA,SED2_03643,LLAVE2_19,SP,ALIM2_092,SET2_13,100,1,2025
RED AEREA,SED2_09204,LLAVE2_19,SP,ALIM2_063,SET2_19,100,1,2025
RED AEREA,SED2_05483,LLAVE2_19,SP,ALIM2_063,SET2_19,100,1,2025
RED SUBTERRANEA,SED2_05483,LLAVE2_09,SP,ALIM2_063,SET2_19,100,1,2025
RED AEREA,SED2_06315,LLAVE2_19,SP,ALIM2_269,SET2_24,100,1,2025
RED AEREA,SED2_06315,LLAVE2_09,SP,ALIM2_269,SET2_24,100,1,2025
RED AEREA,SED2_00929,LLAVE2_19,SP,ALIM2_063,SET2_19,100,1,2025
RED AEREA,SED2_07038,LLAVE2_09,SP,SIN DATA,SIN DATA,SIN DATA,1,2025
RED AEREA,SED2_07998,LLAVE2_21,SP,ALIM2_078,SET2_10,400,1,2025
RED AEREA,SED2_09854,LLAVE2_09,SP,ALIM2_078,SET2_10,160,1,2025
RED AEREA,SED2_01735,LLAVE2_09,SP,ALIM2_066,SET2_10,100,1,2025
RED AEREA,SED2_01735,LLAVE2_15,SP,ALIM2_066,SET2_10,100,1,2025
RED AEREA,SED2_03205,LLAVE2_15,SP,ALIM2_066,SET2_10,160,1,2025
RED AEREA,SED2_05458,LLAVE2_09,SP,ALIM2_446,SET2_22,250,1,2025
RED AEREA,SED2_03404,LLAVE2_19,SP,ALIM2_194,SET2_35,100,1,2025
RED AEREA,SED2_04695,LLAVE2_19,SP,ALIM2_316,SET2_23,160,1,2025
RED SUBTERRANEA,SED2_00055,LLAVE2_09,SP,ALIM2_326,SET2_35,160,1,2025
RED AEREA,SED2_07451,LLAVE2_09,SP,ALIM2_136,SET2_12,160,1,2025
FUSIBLE,SED2_04770,LLAVE2_19,SP,ALIM2_410,SET2_23,50,1,2025
RED AEREA,SED2_04770,LLAVE2_19,SP,ALIM2_410,SET2_23,50,1,2025
RED AEREA,SED2_09940,LLAVE2_19,SP,ALIM2_410,SET2_23,50,1,2025
RED AEREA,SED2_09873,LLAVE2_19,SP,ALIM2_410,SET2_23,50,1,2025
RED AEREA,SED2_02839,LLAVE2_19,SP,ALIM2_410,SET2_23,50,1,2025
RED AEREA,SED2_03894,LLAVE2_19,SP,ALIM2_410,SET2_23,50,1,2025
RED AEREA,SED2_00039,LLAVE2_19,SP,ALIM2_410,SET2_23,50,1,2025
RED AEREA,SED2_07997,LLAVE2_09,SP,ALIM2_410,SET2_23,50,1,2025
RED AEREA,SED2_00071,LLAVE2_19,SP,ALIM2_410,SET2_23,100,1,2025
RED AEREA,SED2_04389,LLAVE2_19,SP,ALIM2_410,SET2_23,20,1,2025
RED AEREA,SED2_09193,LLAVE2_09,SP,ALIM2_410,SET2_23,50,1,2025
RED AEREA,SED2_03570,LLAVE2_19,SP,ALIM2_410,SET2_23,50,1,2025
RED AEREA,SED2_09166,LLAVE2_19,SP,ALIM2_410,SET2_23,50,1,2025
RED AEREA,SED2_09166,LLAVE2_09,SP,ALIM2_410,SET2_23,50,1,2025
RED AEREA,SED2_02752,LLAVE2_09,SP,ALIM2_410,SET2_23,50,1,2025
RED AEREA,SED2_03385,LLAVE2_19,SP,ALIM2_410,SET2_23,50,1,2025
RED AEREA,SED2_01163,LLAVE2_09,SP,ALIM2_410,SET2_23,50,1,2025
RED AEREA,SED2_09744,LLAVE2_09,SP,ALIM2_410,SET2_23,20,1,2025
RED AEREA,SED2_00662,LLAVE2_19,SP,ALIM2_160,SET2_33,160,1,2025
RED AEREA,SED2_00662,LLAVE2_09,SP,ALIM2_160,SET2_33,160,1,2025
RED SUBTERRANEA,SED2_09565,LLAVE2_09,SP,ALIM2_244,SET2_32,160,1,2025
RED AEREA,SED2_08265,LLAVE2_09,SP,ALIM2_170,SET2_25,160,1,2025
RED AEREA,SED2_03932,LLAVE2_19,SP,ALIM2_422,SET2_06,250,1,2025
RED SUBTERRANEA,SED2_02171,LLAVE2_09,SP,ALIM2_172,SET2_02,400,1,2025
RED AEREA,SED2_05031,LLAVE2_19,SP,ALIM2_241,SET2_35,100,1,2025
RED AEREA,SED2_05031,LLAVE2_09,SP,ALIM2_241,SET2_35,100,1,2025
RED AEREA,SED2_04164,LLAVE2_19,SP,ALIM2_317,SET2_04,100,1,2025
RED SUBTERRANEA,SED2_01378,LLAVE2_19,SP,ALIM2_032,SET2_04,160,1,2025
RED SUBTERRANEA,SED2_05064,LLAVE2_19,SP,ALIM2_032,SET2_04,160,1,2025
RED AEREA,SED2_02575,LLAVE2_15,SP,ALIM2_481,SET2_12,250,1,2025
RED AEREA,SED2_06166,LLAVE2_15,SP,ALIM2_478,SET2_44,160,1,2025
RED AEREA,SED2_07723,LLAVE2_19,SP,ALIM2_032,SET2_04,100,1,2025
RED AEREA,SED2_05848,LLAVE2_19,SP,ALIM2_308,SET2_29,100,1,2025
RED AEREA,SED2_05848,LLAVE2_09,SP,ALIM2_308,SET2_29,100,1,2025
RED AEREA,SED2_05611,LLAVE2_19,SP,ALIM2_037,SET2_23,100,1,2025
RED AEREA,SED2_05611,LLAVE2_09,SP,ALIM2_037,SET2_23,100,1,2025
RED AEREA,SED2_01348,LLAVE2_19,SP,ALIM2_425,SET2_11,100,1,2025
RED AEREA,SED2_04544,LLAVE2_19,SP,SIN DATA,SIN DATA,SIN DATA,1,2025
RED AEREA,SED2_04544,LLAVE2_19,SP,ALIM2_119,SET2_42,100,1,2025
RED SUBTERRANEA,SED2_02057,LLAVE2_09,SP,ALIM2_312,SET2_09,100,1,2025
RED AEREA,SED2_00070,LLAVE2_09,SP,ALIM2_350,SET2_10,160,1,2025
RED AEREA,SED2_01447,LLAVE2_19,SP,ALIM2_219,SET2_10,100,1,2025
RED AEREA,SED2_01447,LLAVE2_09,SP,ALIM2_219,SET2_10,100,1,2025
RED AEREA,SED2_02834,LLAVE2_09,SP,ALIM2_474,SET2_02,160,1,2025
RED AEREA,SED2_04802,LLAVE2_19,SP,ALIM2_136,SET2_12,250,1,2025
RED AEREA,SED2_05789,LLAVE2_19,SP,ALIM2_472,SET2_10,100,1,2025
RED AEREA,SED2_00022,LLAVE2_19,SP,ALIM2_416,SET2_33,100,1,2025
RED AEREA,SED2_08681,LLAVE2_09,SP,ALIM2_194,SET2_35,100,1,2025
RED SUBTERRANEA,SED2_08681,LLAVE2_09,SP,ALIM2_194,SET2_35,100,1,2025
RED SUBTERRANEA,SED2_00614,LLAVE2_19,SP,ALIM2_008,SET2_35,250,1,2025
LLAVE,SED2_03506,LLAVE2_19,SP,ALIM2_396,SET2_11,50,1,2025
RED SUBTERRANEA,SED2_08215,LLAVE2_19,SP,ALIM2_081,SET2_21,160,1,2025
RED AEREA,SED2_04435,LLAVE2_09,SP,ALIM2_446,SET2_22,100,1,2025
RED SUBTERRANEA,SED2_09555,LLAVE2_09,SP,ALIM2_442,SET2_17,160,1,2025
RED AEREA,SED2_05793,LLAVE2_19,SP,ALIM2_182,SET2_09,100,1,2025
RED AEREA,SED2_00991,LLAVE2_19,SP,ALIM2_446,SET2_22,100,1,2025
RED AEREA,SED2_00991,LLAVE2_09,SP,ALIM2_446,SET2_22,100,1,2025
RED AEREA,SED2_02127,LLAVE2_09,SP,ALIM2_404,SET2_22,250,1,2025
RED AEREA,SED2_09080,LLAVE2_15,SP,ALIM2_100,SET2_12,250,1,2025
RED SUBTERRANEA,SED2_03964,LLAVE2_19,SP,ALIM2_481,SET2_12,50,1,2025
RED AEREA,SED2_00516,LLAVE2_09,SP,ALIM2_142,SET2_42,100,1,2025
RED SUBTERRANEA,SED2_04087,LLAVE2_19,SP,ALIM2_245,SET2_04,160,1,2025
RED AEREA,SED2_02162,LLAVE2_19,SP,ALIM2_204,SET2_02,100,1,2025
RED SUBTERRANEA,SED2_08019,LLAVE2_19,SP,ALIM2_245,SET2_04,160,1,2025
RED SUBTERRANEA,SED2_08019,LLAVE2_15,SP,ALIM2_245,SET2_04,160,1,2025
RED AEREA,SED2_06762,LLAVE2_09,SP,ALIM2_161,SET2_04,250,1,2025
RED AEREA,SED2_07189,LLAVE2_19,SP,ALIM2_313,SET2_42,160,1,2025
FUSIBLE,SED2_06424,LLAVE2_09,SP,ALIM2_313,SET2_42,160,1,2025
RED AEREA,SED2_06424,LLAVE2_09,SP,ALIM2_313,SET2_42,160,1,2025
RED AEREA,SED2_03251,LLAVE2_09,SP,ALIM2_313,SET2_42,160,1,2025
LLAVE,SED2_00009,LLAVE2_19,SP,ALIM2_217,SET2_35,250,1,2025
RED SUBTERRANEA,SED2_03262,LLAVE2_19,SP,ALIM2_443,SET2_14,160,1,2025
RED SUBTERRANEA,SED2_04074,LLAVE2_19,SP,ALIM2_443,SET2_14,100,1,2025
FUSIBLE,SED2_06634,LLAVE2_09,SP,ALIM2_363,SET2_12,250,1,2025
RED SUBTERRANEA,SED2_01126,LLAVE2_09,SP,ALIM2_326,SET2_35,160,1,2025
RED SUBTERRANEA,SED2_04303,LLAVE2_15,SP,ALIM2_008,SET2_35,160,1,2025
RED SUBTERRANEA,SED2_01690,LLAVE2_09,SP,ALIM2_008,SET2_35,160,1,2025
RED AEREA,SED2_07699,LLAVE2_19,SP,ALIM2_095,SET2_28,100,1,2025
RED AEREA,SED2_05216,LLAVE2_15,SP,ALIM2_161,SET2_04,250,1,2025
RED AEREA,SED2_01034,LLAVE2_19,SP,ALIM2_116,SET2_32,250,1,2025
RED SUBTERRANEA,SED2_09434,LLAVE2_19,SP,ALIM2_363,SET2_12,100,1,2025
RED SUBTERRANEA,SED2_07644,LLAVE2_09,SP,ALIM2_032,SET2_04,160,1,2025
RED SUBTERRANEA,SED2_09496,LLAVE2_19,SP,ALIM2_032,SET2_04,160,1,2025
RED SUBTERRANEA,SED2_09496,LLAVE2_09,SP,ALIM2_032,SET2_04,160,1,2025
RED SUBTERRANEA,SED2_05362,LLAVE2_19,SP,ALIM2_032,SET2_04,160,1,2025
RED SUBTERRANEA,SED2_05362,LLAVE2_09,SP,ALIM2_032,SET2_04,160,1,2025
RED AEREA,SED2_09048,LLAVE2_15,SP,ALIM2_112,SET2_35,250,1,2025
RED AEREA,SED2_04836,LLAVE2_19,SP,ALIM2_252,SET2_22,100,1,2025
RED SUBTERRANEA,SED2_04846,LLAVE2_09,SP,ALIM2_292,SET2_43,400,1,2025
RED SUBTERRANEA,SED2_08425,LLAVE2_19,SP,ALIM2_032,SET2_04,160,1,2025
RED SUBTERRANEA,SED2_08425,LLAVE2_09,SP,ALIM2_032,SET2_04,160,1,2025
RED SUBTERRANEA,SED2_04492,LLAVE2_09,SP,ALIM2_032,SET2_04,160,1,2025
RED AEREA,SED2_00848,LLAVE2_09,SP,ALIM2_252,SET2_22,100,1,2025
RED AEREA,SED2_08772,LLAVE2_19,SP,ALIM2_252,SET2_22,250,1,2025
RED AEREA,SED2_08772,LLAVE2_09,SP,ALIM2_252,SET2_22,250,1,2025
RED AEREA,SED2_08377,LLAVE2_09,SP,ALIM2_404,SET2_22,100,1,2025
FUSIBLE,SED2_04206,LLAVE2_19,SP,ALIM2_054,SET2_37,160,1,2025
RED SUBTERRANEA,SED2_00184,LLAVE2_09,SP,ALIM2_446,SET2_22,100,1,2025
RED AEREA,SED2_00184,LLAVE2_15,SP,ALIM2_446,SET2_22,100,1,2025
RED AEREA,SED2_01208,LLAVE2_19,SP,ALIM2_375,SET2_22,160,1,2025
RED AEREA,SED2_01208,LLAVE2_15,SP,ALIM2_375,SET2_22,160,1,2025
RED AEREA,SED2_05496,LLAVE2_19,SP,ALIM2_100,SET2_12,100,1,2025
RED AEREA,SED2_03656,LLAVE2_09,SP,ALIM2_094,SET2_42,400,1,2025
RED AEREA,SED2_07221,LLAVE2_09,SP,ALIM2_313,SET2_42,160,1,2025
RED AEREA,SED2_08155,LLAVE2_19,SP,ALIM2_054,SET2_37,100,1,2025
RED SUBTERRANEA,SED2_09384,LLAVE2_19,SP,ALIM2_443,SET2_14,100,1,2025
RED AEREA,SED2_02742,LLAVE2_19,SP,ALIM2_446,SET2_22,100,1,2025
RED SUBTERRANEA,SED2_09820,LLAVE2_09,SP,ALIM2_326,SET2_35,160,1,2025
RED AEREA,SED2_09928,LLAVE2_09,SP,ALIM2_396,SET2_11,100,1,2025
RED AEREA,SED2_02032,LLAVE2_09,SP,ALIM2_316,SET2_23,160,1,2025
LLAVE,SED2_03226,LLAVE2_09,SP,ALIM2_446,SET2_22,100,1,2025
RED AEREA,SED2_05745,LLAVE2_19,SP,ALIM2_183,SET2_12,100,1,2025
RED AEREA,SED2_00239,LLAVE2_19,SP,ALIM2_375,SET2_22,160,1,2025
RED AEREA,SED2_00522,LLAVE2_19,SP,ALIM2_063,SET2_19,100,1,2025
RED AEREA,SED2_07560,LLAVE2_09,SP,ALIM2_316,SET2_23,250,1,2025
RED SUBTERRANEA,SED2_02948,LLAVE2_19,SP,ALIM2_382,SET2_13,160,1,2025
RED AEREA,SED2_01779,LLAVE2_19,SP,ALIM2_148,SET2_21,400,1,2025
RED AEREA,SED2_03427,LLAVE2_09,SP,ALIM2_204,SET2_02,400,1,2025
RED SUBTERRANEA,SED2_03427,LLAVE2_09,SP,ALIM2_204,SET2_02,400,1,2025
RED SUBTERRANEA,SED2_03427,LLAVE2_15,SP,ALIM2_204,SET2_02,400,1,2025
RED AEREA,SED2_08663,LLAVE2_19,SP,ALIM2_351,SET2_10,100,1,2025
RED AEREA,SED2_08663,LLAVE2_09,SP,ALIM2_351,SET2_10,100,1,2025
RED AEREA,SED2_00335,LLAVE2_09,SP,ALIM2_108,SET2_22,100,1,2025
RED SUBTERRANEA,SED2_07885,LLAVE2_19,SP,ALIM2_391,SET2_10,100,1,2025
RED AEREA,SED2_01074,LLAVE2_19,SP,ALIM2_117,SET2_10,160,1,2025
RED AEREA,SED2_08312,LLAVE2_19,SP,ALIM2_443,SET2_14,160,1,2025
RED SUBTERRANEA,SED2_02003,LLAVE2_19,SP,ALIM2_428,SET2_17,100,1,2025
RED SUBTERRANEA,SED2_07855,LLAVE2_19,SP,ALIM2_013,SET2_09,100,1,2025
RED AEREA,SED2_07855,LLAVE2_09,SP,ALIM2_013,SET2_09,100,1,2025
RED AEREA,SED2_08486,LLAVE2_19,SP,ALIM2_252,SET2_22,100,1,2025
RED AEREA,SED2_08492,LLAVE2_09,SP,ALIM2_252,SET2_22,100,1,2025
RED AEREA,SED2_06282,LLAVE2_19,SP,ALIM2_125,SET2_18,100,1,2025
RED AEREA,SED2_00772,LLAVE2_19,SP,ALIM2_474,SET2_02,160,1,2025
RED AEREA,SED2_08883,LLAVE2_09,SP,ALIM2_160,SET2_33,100,1,2025
RED AEREA,SED2_08987,LLAVE2_19,SP,ALIM2_086,SET2_33,100,1,2025
RED AEREA,SED2_08009,LLAVE2_09,SP,ALIM2_089,SET2_35,250,1,2025
RED AEREA,SED2_00098,LLAVE2_19,SP,ALIM2_115,SET2_12,160,1,2025
RED AEREA,SED2_00098,LLAVE2_09,SP,ALIM2_115,SET2_12,160,1,2025
FUSIBLE,SED2_00098,LLAVE2_15,SP,ALIM2_115,SET2_12,160,1,2025
RED AEREA,SED2_06774,LLAVE2_19,SP,ALIM2_160,SET2_33,100,1,2025
RED AEREA,SED2_06774,LLAVE2_09,SP,ALIM2_160,SET2_33,100,1,2025
RED SUBTERRANEA,SED2_06720,LLAVE2_15,SP,ALIM2_245,SET2_04,160,1,2025
RED SUBTERRANEA,SED2_02063,LLAVE2_09,SP,ALIM2_245,SET2_04,160,1,2025
RED AEREA,SED2_08348,LLAVE2_19,SP,ALIM2_094,SET2_42,100,1,2025
RED AEREA,SED2_08348,LLAVE2_09,SP,ALIM2_094,SET2_42,100,1,2025
RED SUBTERRANEA,SED2_09503,LLAVE2_19,SP,ALIM2_404,SET2_22,250,1,2025
RED AEREA,SED2_08503,LLAVE2_19,SP,ALIM2_161,SET2_04,400,1,2025
RED SUBTERRANEA,SED2_00540,LLAVE2_19,SP,ALIM2_326,SET2_35,160,1,2025
RED SUBTERRANEA,SED2_05757,LLAVE2_19,SP,ALIM2_008,SET2_35,160,1,2025
RED AEREA,SED2_02400,LLAVE2_09,SP,ALIM2_310,SET2_40,250,1,2025
RED AEREA,SED2_04674,LLAVE2_09,SP,ALIM2_316,SET2_23,100,1,2025
RED AEREA,SED2_00868,LLAVE2_19,SP,ALIM2_443,SET2_14,100,1,2025
RED AEREA,SED2_03179,LLAVE2_09,SP,ALIM2_478,SET2_44,160,1,2025
RED AEREA,SED2_02801,LLAVE2_19,SP,ALIM2_316,SET2_23,100,1,2025
RED AEREA,SED2_06742,LLAVE2_19,SP,ALIM2_183,SET2_12,100,1,2025
RED AEREA,SED2_09266,LLAVE2_19,SP,ALIM2_342,SET2_10,100,1,2025
RED AEREA,SED2_02921,LLAVE2_19,SP,ALIM2_237,SET2_33,100,1,2025
RED AEREA,SED2_07933,LLAVE2_19,SP,ALIM2_316,SET2_23,100,1,2025
RED AEREA,SED2_07364,LLAVE2_19,SP,ALIM2_402,SET2_10,50,1,2025
LLAVE,SED2_03149,LLAVE2_19,SP,ALIM2_316,SET2_23,100,1,2025
RED AEREA,SED2_06385,LLAVE2_19,SP,ALIM2_410,SET2_23,100,1,2025
RED SUBTERRANEA,SED2_07231,LLAVE2_19,SP,ALIM2_068,SET2_32,100,1,2025
RED AEREA,SED2_05809,LLAVE2_19,SP,ALIM2_243,SET2_42,250,1,2025
RED AEREA,SED2_05809,LLAVE2_15,SP,ALIM2_243,SET2_42,250,1,2025
RED SUBTERRANEA,SED2_05809,LLAVE2_15,SP,ALIM2_243,SET2_42,250,1,2025
RED AEREA,SED2_07565,LLAVE2_09,SP,ALIM2_010,SET2_42,100,1,2025
RED AEREA,SED2_00829,LLAVE2_09,SP,ALIM2_404,SET2_22,160,1,2025
RED AEREA,SED2_09408,LLAVE2_19,SP,SIN DATA,SIN DATA,SIN DATA,1,2025
RED AEREA,SED2_09408,LLAVE2_19,SP,ALIM2_026,SET2_30,100,1,2025
RED AEREA,SED2_09008,LLAVE2_19,SP,ALIM2_375,SET2_22,160,1,2025
RED AEREA,SED2_09530,LLAVE2_09,SP,ALIM2_446,SET2_22,100,1,2025
LLAVE,SED2_07793,LLAVE2_19,SP,ALIM2_446,SET2_22,100,1,2025
RED AEREA,SED2_04925,LLAVE2_19,SP,ALIM2_142,SET2_42,100,1,2025
LLAVE,SED2_06343,LLAVE2_19,SP,ALIM2_280,SET2_24,100,1,2025
RED AEREA,SED2_06343,LLAVE2_19,SP,ALIM2_280,SET2_24,100,1,2025
RED AEREA,SED2_05111,LLAVE2_09,SP,ALIM2_252,SET2_22,160,1,2025
RED AEREA,SED2_00853,LLAVE2_09,SP,ALIM2_252,SET2_22,250,1,2025
RED AEREA,SED2_04280,LLAVE2_09,SP,ALIM2_252,SET2_22,160,1,2025
RED SUBTERRANEA,SED2_04280,LLAVE2_15,SP,ALIM2_252,SET2_22,160,1,2025
RED AEREA,SED2_01364,LLAVE2_19,SP,ALIM2_063,SET2_19,100,1,2025
RED AEREA,SED2_09827,LLAVE2_09,SP,ALIM2_110,SET2_42,100,1,2025
RED AEREA,SED2_01470,LLAVE2_09,SP,ALIM2_252,SET2_22,160,1,2025
RED AEREA,SED2_01470,LLAVE2_21,SP,ALIM2_252,SET2_22,160,1,2025
RED AEREA,SED2_06502,LLAVE2_19,SP,ALIM2_072,SET2_23,100,1,2025
RED AEREA,SED2_04520,LLAVE2_09,SP,ALIM2_252,SET2_22,160,1,2025
RED SUBTERRANEA,SED2_04520,LLAVE2_21,SP,ALIM2_252,SET2_22,160,1,2025
RED AEREA,SED2_06017,LLAVE2_15,SP,ALIM2_252,SET2_22,160,1,2025
RED AEREA,SED2_03979,LLAVE2_21,SP,ALIM2_252,SET2_22,160,1,2025
RED AEREA,SED2_04086,LLAVE2_15,SP,ALIM2_252,SET2_22,160,1,2025
RED AEREA,SED2_02951,LLAVE2_15,SP,ALIM2_252,SET2_22,100,1,2025
RED AEREA,SED2_02280,LLAVE2_15,SP,SIN DATA,SIN DATA,SIN DATA,1,2025
RED AEREA,SED2_04391,LLAVE2_19,SP,ALIM2_252,SET2_22,160,1,2025
RED AEREA,SED2_01560,LLAVE2_15,SP,ALIM2_252,SET2_22,100,1,2025
RED AEREA,SED2_03650,LLAVE2_15,SP,ALIM2_252,SET2_22,100,1,2025
RED AEREA,SED2_02789,LLAVE2_19,SP,ALIM2_252,SET2_22,100,1,2025
RED AEREA,SED2_03102,LLAVE2_09,SP,ALIM2_252,SET2_22,160,1,2025
RED AEREA,SED2_03102,LLAVE2_15,SP,ALIM2_252,SET2_22,160,1,2025
RED AEREA,SED2_09585,LLAVE2_09,SP,ALIM2_252,SET2_22,100,1,2025
RED SUBTERRANEA,SED2_06679,LLAVE2_09,SP,ALIM2_252,SET2_22,160,1,2025
RED SUBTERRANEA,SED2_06679,LLAVE2_15,SP,ALIM2_252,SET2_22,160,1,2025
RED AEREA,SED2_03710,LLAVE2_09,SP,ALIM2_252,SET2_22,100,1,2025
RED AEREA,SED2_05439,LLAVE2_15,SP,ALIM2_252,SET2_22,100,1,2025
RED SUBTERRANEA,SED2_06922,LLAVE2_09,SP,ALIM2_252,SET2_22,160,1,2025
RED SUBTERRANEA,SED2_01780,LLAVE2_15,SP,ALIM2_054,SET2_37,160,1,2025
FUSIBLE,SED2_03698,LLAVE2_19,SP,ALIM2_033,SET2_40,250,1,2025
RED SUBTERRANEA,SED2_03698,LLAVE2_09,SP,ALIM2_033,SET2_40,250,1,2025
RED AEREA,SED2_00766,LLAVE2_09,SP,ALIM2_252,SET2_22,100,1,2025
RED AEREA,SED2_01982,LLAVE2_09,SP,ALIM2_048,SET2_29,160,1,2025
RED AEREA,SED2_08888,LLAVE2_09,SP,ALIM2_048,SET2_29,160,1,2025
RED AEREA,SED2_08888,LLAVE2_15,SP,ALIM2_048,SET2_29,160,1,2025
RED AEREA,SED2_07060,LLAVE2_19,SP,ALIM2_089,SET2_35,100,1,2025
FUSIBLE,SED2_00291,LLAVE2_09,SP,ALIM2_357,SET2_29,400,1,2025
FUSIBLE,SED2_09838,LLAVE2_19,SP,ALIM2_357,SET2_29,160,1,2025
FUSIBLE,SED2_09812,LLAVE2_19,SP,ALIM2_357,SET2_29,400,1,2025
FUSIBLE,SED2_06503,LLAVE2_09,SP,ALIM2_357,SET2_29,250,1,2025
RED SUBTERRANEA,SED2_06503,LLAVE2_09,SP,ALIM2_357,SET2_29,250,1,2025
LLAVE,SED2_06503,LLAVE2_15,SP,ALIM2_357,SET2_29,250,1,2025
FUSIBLE,SED2_02907,LLAVE2_19,SP,ALIM2_357,SET2_29,250,1,2025
FUSIBLE,SED2_01399,LLAVE2_19,SP,ALIM2_363,SET2_12,160,1,2025
RED SUBTERRANEA,SED2_01399,LLAVE2_19,SP,ALIM2_363,SET2_12,160,1,2025
RED SUBTERRANEA,SED2_04509,LLAVE2_19,SP,ALIM2_232,SET2_28,50,1,2025
RED AEREA,SED2_05059,LLAVE2_19,SP,ALIM2_312,SET2_09,100,1,2025
RED AEREA,SED2_01603,LLAVE2_19,SP,ALIM2_312,SET2_09,100,1,2025
RED AEREA,SED2_08306,LLAVE2_19,SP,ALIM2_312,SET2_09,160,1,2025
RED AEREA,SED2_08124,LLAVE2_15,SP,ALIM2_161,SET2_04,160,1,2025
RED SUBTERRANEA,SED2_05567,LLAVE2_19,SP,ALIM2_129,SET2_02,160,1,2025
RED SUBTERRANEA,SED2_05567,LLAVE2_09,SP,ALIM2_129,SET2_02,160,1,2025
RED AEREA,SED2_01900,LLAVE2_09,SP,ALIM2_021,SET2_32,160,1,2025
RED AEREA,SED2_06365,LLAVE2_09,SP,ALIM2_161,SET2_04,160,1,2025
RED AEREA,SED2_05985,LLAVE2_19,SP,ALIM2_327,SET2_18,100,1,2025
RED AEREA,SED2_05985,LLAVE2_09,SP,ALIM2_327,SET2_18,100,1,2025
RED AEREA,SED2_07311,LLAVE2_19,SP,ALIM2_136,SET2_12,160,1,2025
RED AEREA,SED2_04694,LLAVE2_19,SP,ALIM2_316,SET2_23,100,1,2025
RED AEREA,SED2_04694,LLAVE2_09,SP,ALIM2_316,SET2_23,100,1,2025
RED SUBTERRANEA,SED2_03611,LLAVE2_09,SP,ALIM2_255,SET2_21,160,1,2025
RED SUBTERRANEA,SED2_07495,LLAVE2_15,SP,ALIM2_121,SET2_21,160,1,2025
RED SUBTERRANEA,SED2_08736,LLAVE2_19,SP,ALIM2_032,SET2_04,160,1,2025
RED SUBTERRANEA,SED2_08736,LLAVE2_09,SP,ALIM2_032,SET2_04,160,1,2025
RED SUBTERRANEA,SED2_01020,LLAVE2_19,SP,ALIM2_032,SET2_04,160,1,2025
RED SUBTERRANEA,SED2_01020,LLAVE2_09,SP,ALIM2_032,SET2_04,160,1,2025
RED SUBTERRANEA,SED2_06854,LLAVE2_09,SP,ALIM2_032,SET2_04,100,1,2025
RED AEREA,SED2_01293,LLAVE2_19,SP,ALIM2_097,SET2_33,100,1,2025
RED AEREA,SED2_01293,LLAVE2_09,SP,ALIM2_097,SET2_33,100,1,2025
RED SUBTERRANEA,SED2_00499,LLAVE2_19,SP,ALIM2_244,SET2_32,160,1,2025
RED AEREA,SED2_00473,LLAVE2_19,SP,ALIM2_363,SET2_12,100,1,2025
RED AEREA,SED2_04580,LLAVE2_19,SP,ALIM2_467,SET2_24,100,1,2025
RED SUBTERRANEA,SED2_02047,LLAVE2_19,SP,ALIM2_443,SET2_14,160,1,2025
RED AEREA,SED2_00309,LLAVE2_09,SP,ALIM2_037,SET2_23,100,1,2025
RED AEREA,SED2_08157,LLAVE2_09,SP,ALIM2_194,SET2_35,400,1,2025
RED AEREA,SED2_01017,LLAVE2_09,SP,ALIM2_375,SET2_22,100,1,2025
LLAVE,SED2_07361,LLAVE2_15,SP,ALIM2_100,SET2_12,400,1,2025
RED AEREA,SED2_08586,LLAVE2_09,SP,ALIM2_330,SET2_23,100,1,2025
RED SUBTERRANEA,SED2_07871,LLAVE2_09,SP,ALIM2_282,SET2_29,160,1,2025
RED SUBTERRANEA,SED2_04603,LLAVE2_19,SP,ALIM2_217,SET2_35,160,1,2025
RED AEREA,SED2_02535,LLAVE2_19,SP,ALIM2_363,SET2_12,160,1,2025
RED AEREA,SED2_02135,LLAVE2_19,SP,ALIM2_372,SET2_44,100,1,2025
RED AEREA,SED2_09424,LLAVE2_15,SP,ALIM2_404,SET2_22,160,1,2025
RED AEREA,SED2_05142,LLAVE2_19,SP,ALIM2_160,SET2_33,160,1,2025
RED AEREA,SED2_06573,LLAVE2_19,SP,ALIM2_404,SET2_22,160,1,2025
RED AEREA,SED2_08512,LLAVE2_19,SP,ALIM2_255,SET2_21,100,1,2025
RED SUBTERRANEA,SED2_02333,LLAVE2_19,SP,ALIM2_155,SET2_02,250,1,2025
RED SUBTERRANEA,SED2_02333,LLAVE2_09,SP,ALIM2_155,SET2_02,250,1,2025
RED AEREA,SED2_09753,LLAVE2_19,SP,ALIM2_316,SET2_23,160,1,2025
RED AEREA,SED2_02623,LLAVE2_09,SP,ALIM2_245,SET2_04,100,1,2025
RED SUBTERRANEA,SED2_05730,LLAVE2_09,SP,ALIM2_446,SET2_22,250,1,2025
RED AEREA,SED2_05386,LLAVE2_19,SP,ALIM2_284,SET2_32,100,1,2025
RED SUBTERRANEA,SED2_09233,LLAVE2_15,SP,ALIM2_363,SET2_12,160,1,2025
RED SUBTERRANEA,SED2_09233,LLAVE2_21,SP,ALIM2_363,SET2_12,160,1,2025
RED AEREA,SED2_07670,LLAVE2_09,SP,ALIM2_142,SET2_42,100,1,2025
RED AEREA,SED2_04885,LLAVE2_19,SP,ALIM2_115,SET2_12,250,1,2025
RED AEREA,SED2_04885,LLAVE2_09,SP,ALIM2_115,SET2_12,250,1,2025
FUSIBLE,SED2_04323,LLAVE2_19,SP,ALIM2_134,SET2_16,160,1,2025
RED AEREA,SED2_06302,LLAVE2_19,SP,ALIM2_241,SET2_35,100,1,2025
RED SUBTERRANEA,SED2_06481,LLAVE2_09,SP,ALIM2_442,SET2_17,160,1,2025
RED AEREA,SED2_06607,LLAVE2_19,SP,ALIM2_357,SET2_29,160,1,2025
RED AEREA,SED2_06683,LLAVE2_19,SP,ALIM2_072,SET2_23,160,1,2025
RED AEREA,SED2_05986,LLAVE2_19,SP,ALIM2_443,SET2_14,160,1,2025
RED AEREA,SED2_05986,LLAVE2_09,SP,ALIM2_443,SET2_14,160,1,2025
RED AEREA,SED2_00603,LLAVE2_19,SP,ALIM2_032,SET2_04,400,1,2025
FUSIBLE,SED2_00603,LLAVE2_15,SP,ALIM2_032,SET2_04,400,1,2025
RED AEREA,SED2_00603,LLAVE2_15,SP,ALIM2_032,SET2_04,400,1,2025
RED AEREA,SED2_06546,LLAVE2_09,SP,ALIM2_097,SET2_33,250,1,2025
RED AEREA,SED2_06878,LLAVE2_19,SP,ALIM2_316,SET2_23,160,1,2025
RED AEREA,SED2_03130,LLAVE2_19,SP,ALIM2_306,SET2_12,160,1,2025
RED AEREA,SED2_05693,LLAVE2_19,SP,ALIM2_375,SET2_22,160,1,2025
RED AEREA,SED2_08858,LLAVE2_19,SP,ALIM2_375,SET2_22,160,1,2025
FUSIBLE,SED2_07344,LLAVE2_19,SP,ALIM2_117,SET2_10,160,1,2025
RED AEREA,SED2_07689,LLAVE2_19,SP,ALIM2_160,SET2_33,100,1,2025
RED AEREA,SED2_07689,LLAVE2_09,SP,ALIM2_160,SET2_33,100,1,2025
RED AEREA,SED2_09615,LLAVE2_19,SP,ALIM2_078,SET2_10,160,1,2025
RED SUBTERRANEA,SED2_09615,LLAVE2_09,SP,ALIM2_078,SET2_10,160,1,2025
RED AEREA,SED2_06946,LLAVE2_19,SP,ALIM2_071,SET2_18,160,1,2025
RED AEREA,SED2_03263,LLAVE2_09,SP,ALIM2_037,SET2_23,250,1,2025
RED AEREA,SED2_09892,LLAVE2_19,SP,ALIM2_125,SET2_18,160,1,2025
RED AEREA,SED2_08527,LLAVE2_09,SP,ALIM2_162,SET2_37,250,1,2025
RED SUBTERRANEA,SED2_07989,LLAVE2_19,SP,ALIM2_313,SET2_42,160,1,2025
RED AEREA,SED2_09621,LLAVE2_19,SP,ALIM2_267,SET2_23,160,1,2025
RED AEREA,SED2_09621,LLAVE2_09,SP,ALIM2_267,SET2_23,160,1,2025
RED SUBTERRANEA,SED2_04339,LLAVE2_15,SP,ALIM2_217,SET2_35,100,1,2025
RED SUBTERRANEA,SED2_01369,LLAVE2_19,SP,ALIM2_217,SET2_35,100,1,2025
RED SUBTERRANEA,SED2_09459,LLAVE2_19,SP,ALIM2_217,SET2_35,100,1,2025
RED SUBTERRANEA,SED2_06221,LLAVE2_19,SP,ALIM2_245,SET2_04,160,1,2025
RED SUBTERRANEA,SED2_06221,LLAVE2_15,SP,ALIM2_245,SET2_04,160,1,2025
RED AEREA,SED2_07243,LLAVE2_09,SP,ALIM2_093,SET2_21,160,1,2025
FUSIBLE,SED2_02525,LLAVE2_19,SP,SIN DATA,SIN DATA,SIN DATA,1,2025
RED SUBTERRANEA,SED2_05041,LLAVE2_09,SP,ALIM2_313,SET2_42,160,1,2025
RED AEREA,SED2_05279,LLAVE2_09,SP,ALIM2_436,SET2_23,160,1,2025
RED AEREA,SED2_03564,LLAVE2_19,SP,ALIM2_313,SET2_42,160,1,2025
RED AEREA,SED2_08137,LLAVE2_09,SP,ALIM2_269,SET2_24,160,1,2025
RED SUBTERRANEA,SED2_00867,LLAVE2_09,SP,ALIM2_008,SET2_35,100,1,2025
RED AEREA,SED2_09138,LLAVE2_19,SP,ALIM2_305,SET2_33,160,1,2025
RED SUBTERRANEA,SED2_07706,LLAVE2_19,SP,ALIM2_355,SET2_30,160,1,2025
RED SUBTERRANEA,SED2_07706,LLAVE2_09,SP,ALIM2_355,SET2_30,160,1,2025
RED AEREA,SED2_03946,LLAVE2_09,SP,ALIM2_094,SET2_42,100,1,2025
RED AEREA,SED2_00327,LLAVE2_19,SP,ALIM2_281,SET2_37,100,1,2025
FUSIBLE,SED2_08876,LLAVE2_19,SP,ALIM2_467,SET2_24,100,1,2025
RED SUBTERRANEA,SED2_03258,LLAVE2_09,SP,ALIM2_363,SET2_12,160,1,2025
FUSIBLE,SED2_07648,LLAVE2_09,SP,ALIM2_110,SET2_42,100,1,2025
RED AEREA,SED2_05030,LLAVE2_09,SP,ALIM2_467,SET2_24,160,1,2025
RED AEREA,SED2_02645,LLAVE2_19,SP,ALIM2_327,SET2_18,100,1,2025
RED SUBTERRANEA,SED2_05118,LLAVE2_19,SP,ALIM2_160,SET2_33,50,1,2025
RED AEREA,SED2_06434,LLAVE2_19,SP,ALIM2_305,SET2_33,100,1,2025
RED SUBTERRANEA,SED2_09231,LLAVE2_19,SP,ALIM2_002,SET2_10,160,1,2025
RED AEREA,SED2_04506,LLAVE2_19,SP,ALIM2_284,SET2_32,160,1,2025
RED SUBTERRANEA,SED2_02474,LLAVE2_19,SP,ALIM2_296,SET2_23,160,1,2025
RED AEREA,SED2_07596,LLAVE2_19,SP,ALIM2_252,SET2_22,250,1,2025
RED AEREA,SED2_03876,LLAVE2_09,SP,ALIM2_122,SET2_31,160,1,2025
RED AEREA,SED2_05679,LLAVE2_21,SP,ALIM2_108,SET2_22,100,1,2025
FUSIBLE,SED2_03011,LLAVE2_19,SP,ALIM2_467,SET2_24,160,1,2025
RED AEREA,SED2_03572,LLAVE2_09,SP,ALIM2_425,SET2_11,160,1,2025
FUSIBLE,SED2_09915,LLAVE2_19,SP,ALIM2_461,SET2_47,160,1,2025
FUSIBLE,SED2_09915,LLAVE2_09,SP,ALIM2_461,SET2_47,160,1,2025
RED SUBTERRANEA,SED2_05591,LLAVE2_19,SP,ALIM2_204,SET2_02,400,1,2025
RED SUBTERRANEA,SED2_05591,LLAVE2_09,SP,ALIM2_204,SET2_02,400,1,2025
RED SUBTERRANEA,SED2_07539,LLAVE2_15,SP,ALIM2_257,SET2_31,160,1,2025
RED AEREA,SED2_05062,LLAVE2_09,SP,ALIM2_300,SET2_37,100,1,2025
RED SUBTERRANEA,SED2_05995,LLAVE2_15,SP,ALIM2_326,SET2_35,100,1,2025
RED SUBTERRANEA,SED2_08826,LLAVE2_19,SP,ALIM2_326,SET2_35,100,1,2025
RED AEREA,SED2_00850,LLAVE2_19,SP,ALIM2_267,SET2_23,100,1,2025
RED AEREA,SED2_09758,LLAVE2_15,SP,ALIM2_293,SET2_06,400,1,2025
RED AEREA,SED2_08966,LLAVE2_19,SP,ALIM2_398,SET2_42,160,1,2025
RED SUBTERRANEA,SED2_08318,LLAVE2_09,SP,ALIM2_443,SET2_14,160,1,2025
RED AEREA,SED2_02474,LLAVE2_09,SP,ALIM2_296,SET2_23,160,1,2025
RED AEREA,SED2_07332,LLAVE2_19,SP,ALIM2_293,SET2_06,100,1,2025
RED AEREA,SED2_05005,LLAVE2_19,SP,ALIM2_284,SET2_32,100,1,2025
RED SUBTERRANEA,SED2_01271,LLAVE2_19,SP,SIN DATA,SIN DATA,SIN DATA,1,2025
RED AEREA,SED2_09189,LLAVE2_19,SP,ALIM2_317,SET2_04,160,1,2025
RED AEREA,SED2_09189,LLAVE2_09,SP,ALIM2_317,SET2_04,160,1,2025
RED AEREA,SED2_01713,LLAVE2_19,SP,ALIM2_135,SET2_43,100,1,2025
RED AEREA,SED2_04103,LLAVE2_19,SP,ALIM2_114,SET2_06,160,1,2025
RED AEREA,SED2_01866,LLAVE2_09,SP,ALIM2_067,SET2_35,160,1,2025
RED SUBTERRANEA,SED2_01866,LLAVE2_09,SP,ALIM2_067,SET2_35,160,1,2025
RED AEREA,SED2_04974,LLAVE2_19,SP,ALIM2_467,SET2_24,50,1,2025
RED AEREA,SED2_00741,LLAVE2_19,SP,ALIM2_108,SET2_22,50,1,2025
RED AEREA,SED2_00912,LLAVE2_09,SP,ALIM2_102,SET2_02,160,1,2025
RED AEREA,SED2_06767,LLAVE2_09,SP,ALIM2_472,SET2_10,100,1,2025
RED AEREA,SED2_08901,LLAVE2_19,SP,ALIM2_313,SET2_42,100,1,2025
RED AEREA,SED2_05910,LLAVE2_19,SP,ALIM2_327,SET2_18,100,1,2025
RED AEREA,SED2_07285,LLAVE2_19,SP,ALIM2_404,SET2_22,100,1,2025
RED AEREA,SED2_00310,LLAVE2_09,SP,ALIM2_252,SET2_22,160,1,2025
RED AEREA,SED2_09446,LLAVE2_19,SP,ALIM2_162,SET2_37,100,1,2025
RED AEREA,SED2_09573,LLAVE2_09,SP,ALIM2_054,SET2_37,160,1,2025
RED AEREA,SED2_07046,LLAVE2_19,SP,ALIM2_161,SET2_04,100,1,2025
RED AEREA,SED2_08171,LLAVE2_09,SP,ALIM2_296,SET2_23,100,1,2025
RED AEREA,SED2_00720,LLAVE2_19,SP,ALIM2_125,SET2_18,160,1,2025
RED AEREA,SED2_05220,LLAVE2_19,SP,ALIM2_101,SET2_33,100,1,2025
RED SUBTERRANEA,SED2_05461,LLAVE2_19,SP,ALIM2_135,SET2_43,160,1,2025
RED AEREA,SED2_05456,LLAVE2_09,SP,ALIM2_237,SET2_33,160,1,2025
FUSIBLE,SED2_03327,LLAVE2_19,SP,ALIM2_450,SET2_42,50,1,2025
RED AEREA,SED2_03171,LLAVE2_19,SP,ALIM2_313,SET2_42,100,1,2025
RED AEREA,SED2_03171,LLAVE2_09,SP,ALIM2_313,SET2_42,100,1,2025
RED SUBTERRANEA,SED2_01703,LLAVE2_19,SP,ALIM2_182,SET2_09,250,1,2025
RED SUBTERRANEA,SED2_01703,LLAVE2_09,SP,ALIM2_182,SET2_09,250,1,2025
RED AEREA,SED2_01606,LLAVE2_09,SP,ALIM2_363,SET2_12,160,1,2025
RED AEREA,SED2_08638,LLAVE2_19,SP,ALIM2_136,SET2_12,160,1,2025
RED AEREA,SED2_01671,LLAVE2_09,SP,ALIM2_131,SET2_43,100,1,2025
RED AEREA,SED2_02923,LLAVE2_19,SP,ALIM2_252,SET2_22,100,1,2025
RED SUBTERRANEA,SED2_02425,LLAVE2_19,SP,ALIM2_093,SET2_21,160,1,2025
RED AEREA,SED2_06260,LLAVE2_19,SP,ALIM2_410,SET2_23,50,1,2025
RED SUBTERRANEA,SED2_00294,LLAVE2_09,SP,ALIM2_363,SET2_12,160,1,2025
RED AEREA,SED2_07926,LLAVE2_19,SP,ALIM2_328,SET2_23,400,1,2025
RED SUBTERRANEA,SED2_03723,LLAVE2_19,SP,ALIM2_241,SET2_35,100,1,2025
RED AEREA,SED2_03723,LLAVE2_09,SP,ALIM2_241,SET2_35,100,1,2025
RED AEREA,SED2_06550,LLAVE2_09,SP,ALIM2_101,SET2_33,100,1,2025
RED SUBTERRANEA,SED2_06550,LLAVE2_09,SP,ALIM2_101,SET2_33,100,1,2025
RED SUBTERRANEA,SED2_02076,LLAVE2_15,SP,ALIM2_101,SET2_33,250,1,2025
RED AEREA,SED2_01327,LLAVE2_09,SP,ALIM2_313,SET2_42,160,1,2025
FUSIBLE,SED2_00213,LLAVE2_19,SP,ALIM2_361,SET2_23,160,1,2025
RED AEREA,SED2_09766,LLAVE2_19,SP,ALIM2_328,SET2_23,160,1,2025
FUSIBLE,SED2_00752,LLAVE2_09,SP,ALIM2_313,SET2_42,100,1,2025
RED AEREA,SED2_03684,LLAVE2_19,SP,ALIM2_157,SET2_09,160,1,2025
RED SUBTERRANEA,SED2_02206,LLAVE2_19,SP,ALIM2_245,SET2_04,160,1,2025
RED AEREA,SED2_08965,LLAVE2_19,SP,ALIM2_410,SET2_23,100,1,2025
RED SUBTERRANEA,SED2_06048,LLAVE2_19,SP,ALIM2_010,SET2_42,100,1,2025
RED AEREA,SED2_06048,LLAVE2_09,SP,ALIM2_010,SET2_42,100,1,2025
RED AEREA,SED2_01185,LLAVE2_09,SP,ALIM2_071,SET2_18,100,1,2025
RED SUBTERRANEA,SED2_00324,LLAVE2_21,SP,ALIM2_067,SET2_35,250,1,2025
RED AEREA,SED2_05785,LLAVE2_19,SP,ALIM2_135,SET2_43,100,1,2025
RED AEREA,SED2_00486,LLAVE2_19,SP,ALIM2_237,SET2_33,100,1,2025
RED AEREA,SED2_09886,LLAVE2_09,SP,ALIM2_255,SET2_21,250,1,2025
RED AEREA,SED2_05405,LLAVE2_19,SP,ALIM2_328,SET2_23,160,1,2025
RED SUBTERRANEA,SED2_02562,LLAVE2_09,SP,ALIM2_264,SET2_26,250,1,2025
RED AEREA,SED2_03452,LLAVE2_19,SP,ALIM2_328,SET2_23,160,1,2025
RED AEREA,SED2_06864,LLAVE2_19,SP,ALIM2_410,SET2_23,100,1,2025
RED SUBTERRANEA,SED2_07039,LLAVE2_19,SP,ALIM2_359,SET2_45,160,1,2025
RED AEREA,SED2_07039,LLAVE2_09,SP,ALIM2_359,SET2_45,160,1,2025
RED AEREA,SED2_03436,LLAVE2_19,SP,ALIM2_404,SET2_22,160,1,2025
RED AEREA,SED2_08624,LLAVE2_09,SP,ALIM2_369,SET2_28,100,1,2025
RED SUBTERRANEA,SED2_07200,LLAVE2_09,SP,ALIM2_361,SET2_23,100,1,2025
RED AEREA,SED2_04194,LLAVE2_09,SP,ALIM2_316,SET2_23,50,1,2025
RED AEREA,SED2_04883,LLAVE2_19,SP,ALIM2_478,SET2_44,100,1,2025
RED AEREA,SED2_07015,LLAVE2_19,SP,ALIM2_443,SET2_14,50,1,2025
RED SUBTERRANEA,SED2_04985,LLAVE2_19,SP,ALIM2_326,SET2_35,160,1,2025
RED SUBTERRANEA,SED2_02735,LLAVE2_19,SP,ALIM2_024,SET2_40,100,1,2025
RED SUBTERRANEA,SED2_03277,LLAVE2_19,SP,ALIM2_326,SET2_35,100,1,2025
RED AEREA,SED2_00546,LLAVE2_19,SP,ALIM2_252,SET2_22,160,1,2025
RED AEREA,SED2_00546,LLAVE2_09,SP,ALIM2_252,SET2_22,160,1,2025
RED AEREA,SED2_09451,LLAVE2_09,SP,ALIM2_252,SET2_22,160,1,2025
RED AEREA,SED2_02217,LLAVE2_19,SP,ALIM2_410,SET2_23,50,1,2025
RED AEREA,SED2_01253,LLAVE2_09,SP,ALIM2_252,SET2_22,160,1,2025
RED AEREA,SED2_05774,LLAVE2_19,SP,ALIM2_467,SET2_24,25,1,2025
RED AEREA,SED2_04403,LLAVE2_19,SP,ALIM2_467,SET2_24,10,1,2025
RED AEREA,SED2_09678,LLAVE2_09,SP,ALIM2_467,SET2_24,50,1,2025
RED SUBTERRANEA,SED2_03054,LLAVE2_19,SP,ALIM2_194,SET2_35,100,1,2025
RED SUBTERRANEA,SED2_07508,LLAVE2_19,SP,ALIM2_245,SET2_04,160,1,2025
RED SUBTERRANEA,SED2_07508,LLAVE2_15,SP,ALIM2_245,SET2_04,160,1,2025
RED SUBTERRANEA,SED2_07784,LLAVE2_15,SP,ALIM2_245,SET2_04,160,1,2025
RED AEREA,SED2_05462,LLAVE2_19,SP,ALIM2_217,SET2_35,100,1,2025
RED AEREA,SED2_07042,LLAVE2_19,SP,ALIM2_341,SET2_35,100,1,2025
RED AEREA,SED2_09507,LLAVE2_19,SP,ALIM2_245,SET2_04,100,1,2025
RED SUBTERRANEA,SED2_04812,LLAVE2_09,SP,ALIM2_268,SET2_21,160,1,2025
RED AEREA,SED2_01430,LLAVE2_19,SP,ALIM2_425,SET2_11,100,1,2025
RED SUBTERRANEA,SED2_02546,LLAVE2_09,SP,ALIM2_032,SET2_04,160,1,2025
RED SUBTERRANEA,SED2_03030,LLAVE2_19,SP,ALIM2_032,SET2_04,160,1,2025
RED SUBTERRANEA,SED2_09493,LLAVE2_19,SP,ALIM2_032,SET2_04,100,1,2025
RED SUBTERRANEA,SED2_01581,LLAVE2_09,SP,ALIM2_032,SET2_04,160,1,2025
RED AEREA,SED2_04800,LLAVE2_19,SP,ALIM2_142,SET2_42,100,1,2025
RED AEREA,SED2_04312,LLAVE2_19,SP,ALIM2_313,SET2_42,160,1,2025
RED AEREA,SED2_06860,LLAVE2_19,SP,ALIM2_042,SET2_06,160,1,2025
RED AEREA,SED2_03734,LLAVE2_19,SP,ALIM2_117,SET2_10,50,1,2025
RED SUBTERRANEA,SED2_04056,LLAVE2_19,SP,ALIM2_046,SET2_23,160,1,2025
RED AEREA,SED2_08923,LLAVE2_19,SP,ALIM2_481,SET2_12,50,1,2025
RED SUBTERRANEA,SED2_08720,LLAVE2_19,SP,ALIM2_035,SET2_09,160,1,2025
RED AEREA,SED2_02105,LLAVE2_19,SP,ALIM2_183,SET2_12,100,1,2025
RED SUBTERRANEA,SED2_00764,LLAVE2_09,SP,ALIM2_022,SET2_43,250,1,2025
RED AEREA,SED2_04839,LLAVE2_19,SP,ALIM2_410,SET2_23,100,1,2025
FUSIBLE,SED2_08828,LLAVE2_19,SP,ALIM2_162,SET2_37,100,1,2025
RED AEREA,SED2_07786,LLAVE2_19,SP,ALIM2_281,SET2_37,100,1,2025
RED AEREA,SED2_08904,LLAVE2_19,SP,ALIM2_252,SET2_22,100,1,2025
RED SUBTERRANEA,SED2_04065,LLAVE2_09,SP,ALIM2_317,SET2_04,100,1,2025
RED SUBTERRANEA,SED2_06190,LLAVE2_19,SP,ALIM2_317,SET2_04,160,1,2025
RED AEREA,SED2_03337,LLAVE2_19,SP,ALIM2_037,SET2_23,50,1,2025
RED AEREA,SED2_07403,LLAVE2_09,SP,ALIM2_194,SET2_35,50,1,2025
RED SUBTERRANEA,SED2_00948,LLAVE2_09,SP,ALIM2_035,SET2_09,400,1,2025
RED SUBTERRANEA,SED2_03940,LLAVE2_19,SP,ALIM2_172,SET2_02,250,1,2025
RED AEREA,SED2_00575,LLAVE2_09,SP,ALIM2_160,SET2_33,160,1,2025
RED AEREA,SED2_02329,LLAVE2_21,SP,ALIM2_359,SET2_45,100,1,2025
RED SUBTERRANEA,SED2_08927,LLAVE2_19,SP,ALIM2_120,SET2_29,160,1,2025
RED SUBTERRANEA,SED2_08927,LLAVE2_09,SP,ALIM2_120,SET2_29,160,1,2025
RED SUBTERRANEA,SED2_08927,LLAVE2_15,SP,ALIM2_120,SET2_29,160,1,2025
LLAVE,SED2_04033,LLAVE2_09,SP,SIN DATA,SIN DATA,SIN DATA,1,2025
RED AEREA,SED2_04033,LLAVE2_09,SP,ALIM2_443,SET2_14,100,1,2025
FUSIBLE,SED2_04033,LLAVE2_15,SP,ALIM2_443,SET2_14,100,1,2025
RED AEREA,SED2_04033,LLAVE2_15,SP,ALIM2_443,SET2_14,100,1,2025
RED AEREA,SED2_03440,LLAVE2_19,SP,ALIM2_161,SET2_04,400,1,2025
RED AEREA,SED2_00857,LLAVE2_09,SP,ALIM2_160,SET2_33,160,1,2025
RED SUBTERRANEA,SED2_01011,LLAVE2_19,SP,ALIM2_306,SET2_12,400,1,2025
RED AEREA,SED2_01252,LLAVE2_19,SP,ALIM2_037,SET2_23,100,1,2025
RED AEREA,SED2_03626,LLAVE2_19,SP,ALIM2_443,SET2_14,100,1,2025
RED AEREA,SED2_00717,LLAVE2_19,SP,ALIM2_115,SET2_12,100,1,2025
RED AEREA,SED2_01475,LLAVE2_19,AP,ALIM2_115,SET2_12,160,1,2025
RED AEREA,SED2_05507,LLAVE2_19,SP,ALIM2_057,SET2_22,100,1,2025
RED SUBTERRANEA,SED2_05083,LLAVE2_09,SP,ALIM2_169,SET2_06,250,1,2025
RED AEREA,SED2_02533,LLAVE2_19,SP,ALIM2_467,SET2_24,100,1,2025
RED AEREA,SED2_08879,LLAVE2_09,SP,ALIM2_046,SET2_23,100,1,2025
RED AEREA,SED2_01996,LLAVE2_19,SP,ALIM2_115,SET2_12,160,1,2025
RED AEREA,SED2_09419,LLAVE2_15,SP,ALIM2_194,SET2_35,250,1,2025
RED SUBTERRANEA,SED2_00072,LLAVE2_15,SP,ALIM2_245,SET2_04,160,1,2025
RED SUBTERRANEA,SED2_04004,LLAVE2_19,SP,ALIM2_245,SET2_04,100,1,2025
RED AEREA,SED2_01037,LLAVE2_19,SP,ALIM2_089,SET2_35,100,1,2025
RED AEREA,SED2_09725,LLAVE2_09,SP,ALIM2_160,SET2_33,100,1,2025
RED AEREA,SED2_05816,LLAVE2_19,SP,ALIM2_369,SET2_28,100,1,2025
RED AEREA,SED2_04464,LLAVE2_19,SP,ALIM2_089,SET2_35,160,1,2025
RED AEREA,SED2_01946,LLAVE2_19,SP,ALIM2_010,SET2_42,100,1,2025
RED SUBTERRANEA,SED2_02844,LLAVE2_19,SP,ALIM2_117,SET2_10,100,1,2025
RED AEREA,SED2_03768,LLAVE2_19,SP,ALIM2_341,SET2_35,100,1,2025
RED AEREA,SED2_08520,LLAVE2_09,SP,ALIM2_306,SET2_12,100,1,2025
RED AEREA,SED2_03275,LLAVE2_19,SP,ALIM2_169,SET2_06,160,1,2025
RED AEREA,SED2_03829,LLAVE2_19,SP,ALIM2_446,SET2_22,100,1,2025
RED AEREA,SED2_05782,LLAVE2_15,SP,ALIM2_416,SET2_33,160,1,2025
RED SUBTERRANEA,SED2_08731,LLAVE2_19,SP,ALIM2_282,SET2_29,100,1,2025
RED SUBTERRANEA,SED2_05391,LLAVE2_19,SP,ALIM2_224,SET2_45,160,1,2025
RED AEREA,SED2_05590,LLAVE2_09,SP,ALIM2_252,SET2_22,100,1,2025
RED AEREA,SED2_05002,LLAVE2_19,SP,ALIM2_252,SET2_22,100,1,2025
RED AEREA,SED2_05002,LLAVE2_09,SP,ALIM2_252,SET2_22,100,1,2025
RED AEREA,SED2_08131,LLAVE2_19,SP,ALIM2_252,SET2_22,100,1,2025
RED AEREA,SED2_08131,LLAVE2_09,SP,ALIM2_252,SET2_22,100,1,2025
RED SUBTERRANEA,SED2_04955,LLAVE2_19,SP,ALIM2_252,SET2_22,100,1,2025
RED AEREA,SED2_04955,LLAVE2_09,SP,ALIM2_252,SET2_22,100,1,2025
RED SUBTERRANEA,SED2_04955,LLAVE2_09,SP,ALIM2_252,SET2_22,100,1,2025
RED AEREA,SED2_04448,LLAVE2_19,SP,ALIM2_252,SET2_22,100,1,2025
RED AEREA,SED2_09163,LLAVE2_19,SP,ALIM2_425,SET2_11,100,1,2025
RED SUBTERRANEA,SED2_00157,LLAVE2_09,SP,ALIM2_134,SET2_16,250,1,2025
RED AEREA,SED2_00659,LLAVE2_19,SP,ALIM2_413,SET2_13,50,1,2025
RED AEREA,SED2_09335,LLAVE2_19,SP,ALIM2_313,SET2_42,160,1,2025
RED AEREA,SED2_09335,LLAVE2_09,SP,ALIM2_313,SET2_42,160,1,2025
RED AEREA,SED2_01303,LLAVE2_09,SP,ALIM2_142,SET2_42,160,1,2025
RED AEREA,SED2_05982,LLAVE2_19,SP,ALIM2_363,SET2_12,100,1,2025
RED AEREA,SED2_00453,LLAVE2_19,SP,ALIM2_217,SET2_35,160,1,2025
RED AEREA,SED2_00453,LLAVE2_09,SP,ALIM2_217,SET2_35,160,1,2025
RED AEREA,SED2_07827,LLAVE2_19,SP,ALIM2_092,SET2_13,50,1,2025
RED AEREA,SED2_02593,LLAVE2_09,SP,ALIM2_048,SET2_29,100,1,2025
RED AEREA,SED2_06292,LLAVE2_09,SP,ALIM2_116,SET2_32,250,1,2025
RED AEREA,SED2_03302,LLAVE2_15,SP,ALIM2_300,SET2_37,100,1,2025
RED AEREA,SED2_07292,LLAVE2_19,SP,ALIM2_478,SET2_44,100,1,2025
RED AEREA,SED2_07292,LLAVE2_09,SP,ALIM2_478,SET2_44,100,1,2025
RED AEREA,SED2_09729,LLAVE2_19,SP,ALIM2_436,SET2_23,160,1,2025
RED AEREA,SED2_07955,LLAVE2_09,SP,ALIM2_161,SET2_04,160,1,2025
RED AEREA,SED2_08440,LLAVE2_19,SP,ALIM2_410,SET2_23,100,1,2025
FUSIBLE,SED2_00359,LLAVE2_19,SP,ALIM2_357,SET2_29,100,1,2025
FUSIBLE,SED2_00359,LLAVE2_09,SP,ALIM2_357,SET2_29,100,1,2025
RED AEREA,SED2_03264,LLAVE2_19,SP,ALIM2_072,SET2_23,100,1,2025
FUSIBLE,SED2_06973,LLAVE2_19,SP,ALIM2_357,SET2_29,100,1,2025
RED AEREA,SED2_08566,LLAVE2_19,SP,ALIM2_024,SET2_40,250,1,2025
RED SUBTERRANEA,SED2_08566,LLAVE2_19,SP,ALIM2_024,SET2_40,250,1,2025
RED AEREA,SED2_08566,LLAVE2_09,SP,ALIM2_024,SET2_40,250,1,2025
RED SUBTERRANEA,SED2_08566,LLAVE2_09,SP,ALIM2_024,SET2_40,250,1,2025
RED AEREA,SED2_06528,LLAVE2_09,SP,ALIM2_252,SET2_22,160,1,2025
RED AEREA,SED2_06528,LLAVE2_15,SP,ALIM2_252,SET2_22,160,1,2025
RED AEREA,SED2_07490,LLAVE2_19,SP,ALIM2_266,SET2_26,100,1,2025
RED AEREA,SED2_08376,LLAVE2_19,SP,ALIM2_189,SET2_09,160,1,2025
RED AEREA,SED2_02496,LLAVE2_09,SP,ALIM2_131,SET2_43,100,1,2025
RED SUBTERRANEA,SED2_03244,LLAVE2_19,SP,ALIM2_124,SET2_32,400,1,2025
RED SUBTERRANEA,SED2_04036,LLAVE2_19,SP,ALIM2_082,SET2_03,400,1,2025
RED AEREA,SED2_06498,LLAVE2_19,SP,ALIM2_013,SET2_09,100,1,2025
RED AEREA,SED2_06498,LLAVE2_09,SP,ALIM2_013,SET2_09,100,1,2025
RED AEREA,SED2_09088,LLAVE2_19,SP,ALIM2_296,SET2_23,100,1,2025
RED AEREA,SED2_05000,LLAVE2_09,SP,ALIM2_026,SET2_30,160,1,2025
FUSIBLE,SED2_05153,LLAVE2_19,SP,ALIM2_007,SET2_11,50,1,2025
RED AEREA,SED2_06548,LLAVE2_09,SP,ALIM2_446,SET2_22,160,1,2025
RED SUBTERRANEA,SED2_08397,LLAVE2_19,SP,ALIM2_108,SET2_22,400,1,2025
RED AEREA,SED2_00884,LLAVE2_09,SP,ALIM2_245,SET2_04,250,1,2025
RED AEREA,SED2_00884,LLAVE2_15,SP,ALIM2_245,SET2_04,250,1,2025
RED AEREA,SED2_02668,LLAVE2_19,SP,ALIM2_125,SET2_18,100,1,2025
RED AEREA,SED2_04606,LLAVE2_09,SP,ALIM2_008,SET2_35,100,1,2025
RED AEREA,SED2_03317,LLAVE2_09,SP,ALIM2_335,SET2_11,100,1,2025
RED AEREA,SED2_01552,LLAVE2_19,SP,ALIM2_048,SET2_29,160,1,2025
RED AEREA,SED2_07562,LLAVE2_19,SP,ALIM2_048,SET2_29,160,1,2025
RED SUBTERRANEA,SED2_09173,LLAVE2_09,SP,ALIM2_031,SET2_21,160,1,2025
RED SUBTERRANEA,SED2_09162,LLAVE2_19,SP,ALIM2_443,SET2_14,250,1,2025
RED AEREA,SED2_09469,LLAVE2_19,SP,ALIM2_245,SET2_04,160,1,2025
RED AEREA,SED2_05635,LLAVE2_19,SP,ALIM2_194,SET2_35,160,1,2025
RED AEREA,SED2_05635,LLAVE2_09,SP,ALIM2_194,SET2_35,160,1,2025
RED AEREA,SED2_00307,LLAVE2_09,SP,ALIM2_481,SET2_12,400,1,2025
RED AEREA,SED2_06647,LLAVE2_09,SP,ALIM2_183,SET2_12,160,1,2025
RED AEREA,SED2_07551,LLAVE2_09,SP,ALIM2_388,SET2_13,100,1,2025
RED SUBTERRANEA,SED2_03620,LLAVE2_19,SP,ALIM2_287,SET2_30,250,1,2025
RED AEREA,SED2_04486,LLAVE2_19,SP,ALIM2_410,SET2_23,100,1,2025
RED AEREA,SED2_04706,LLAVE2_19,SP,ALIM2_194,SET2_35,250,1,2025
FUSIBLE,SED2_06737,LLAVE2_19,SP,ALIM2_110,SET2_42,100,1,2025
RED AEREA,SED2_07940,LLAVE2_19,SP,ALIM2_060,SET2_32,160,1,2025
RED AEREA,SED2_07840,LLAVE2_09,SP,ALIM2_474,SET2_02,100,1,2025
RED SUBTERRANEA,SED2_08623,LLAVE2_09,SP,ALIM2_470,SET2_02,400,1,2025
RED AEREA,SED2_06552,LLAVE2_09,SP,ALIM2_340,SET2_02,100,1,2025
RED SUBTERRANEA,SED2_00671,LLAVE2_19,SP,ALIM2_160,SET2_33,400,1,2025
RED AEREA,SED2_06025,LLAVE2_19,SP,ALIM2_255,SET2_21,100,1,2025
RED AEREA,SED2_00141,LLAVE2_19,SP,ALIM2_324,SET2_13,160,1,2025
RED AEREA,SED2_00141,LLAVE2_09,SP,ALIM2_324,SET2_13,160,1,2025
RED AEREA,SED2_00474,LLAVE2_09,SP,ALIM2_205,SET2_22,50,1,2025
RED AEREA,SED2_00076,LLAVE2_19,SP,ALIM2_243,SET2_42,160,1,2025
RED AEREA,SED2_05104,LLAVE2_09,SP,ALIM2_252,SET2_22,160,1,2025
RED AEREA,SED2_04139,LLAVE2_19,SP,ALIM2_416,SET2_33,160,1,2025
RED AEREA,SED2_05188,LLAVE2_19,SP,ALIM2_128,SET2_28,160,1,2025
RED AEREA,SED2_07161,LLAVE2_09,SP,ALIM2_245,SET2_04,100,1,2025
RED AEREA,SED2_07790,LLAVE2_19,SP,ALIM2_169,SET2_06,160,1,2025
RED AEREA,SED2_08094,LLAVE2_19,SP,ALIM2_245,SET2_04,160,1,2025
FUSIBLE,SED2_00366,LLAVE2_19,SP,ALIM2_472,SET2_10,250,1,2025
RED AEREA,SED2_05877,LLAVE2_19,SP,ALIM2_245,SET2_04,100,1,2025
RED AEREA,SED2_05877,LLAVE2_09,SP,ALIM2_245,SET2_04,100,1,2025
RED SUBTERRANEA,SED2_00578,LLAVE2_09,SP,ALIM2_013,SET2_09,160,1,2025
RED AEREA,SED2_05325,LLAVE2_19,SP,ALIM2_161,SET2_04,100,1,2025
RED AEREA,SED2_03956,LLAVE2_19,SP,ALIM2_305,SET2_33,160,1,2025
RED AEREA,SED2_03956,LLAVE2_15,SP,ALIM2_305,SET2_33,160,1,2025
RED AEREA,SED2_02673,LLAVE2_19,SP,ALIM2_305,SET2_33,160,1,2025
RED AEREA,SED2_02992,LLAVE2_21,SP,ALIM2_265,SET2_33,250,1,2025
RED SUBTERRANEA,SED2_02992,LLAVE2_21,SP,ALIM2_265,SET2_33,250,1,2025
RED AEREA,SED2_08144,LLAVE2_19,SP,ALIM2_241,SET2_35,100,1,2025
RED AEREA,SED2_08144,LLAVE2_09,SP,ALIM2_241,SET2_35,100,1,2025
RED AEREA,SED2_06990,LLAVE2_19,SP,ALIM2_284,SET2_32,400,1,2025
RED AEREA,SED2_01341,LLAVE2_19,SP,ALIM2_151,SET2_47,100,1,2025
RED AEREA,SED2_09098,LLAVE2_19,SP,ALIM2_245,SET2_04,100,1,2025
RED AEREA,SED2_09098,LLAVE2_09,SP,ALIM2_245,SET2_04,100,1,2025
RED AEREA,SED2_08971,LLAVE2_19,SP,ALIM2_245,SET2_04,100,1,2025
RED SUBTERRANEA,SED2_07328,LLAVE2_19,SP,ALIM2_245,SET2_04,160,1,2025
RED SUBTERRANEA,SED2_01670,LLAVE2_19,SP,ALIM2_245,SET2_04,160,1,2025
RED AEREA,SED2_06533,LLAVE2_09,SP,ALIM2_194,SET2_35,160,1,2025
RED AEREA,SED2_07733,LLAVE2_09,SP,ALIM2_037,SET2_23,160,1,2025
RED AEREA,SED2_01684,LLAVE2_09,SP,ALIM2_245,SET2_04,160,1,2025
RED AEREA,SED2_05210,LLAVE2_19,SP,ALIM2_205,SET2_22,160,1,2025
RED AEREA,SED2_08540,LLAVE2_19,SP,ALIM2_252,SET2_22,100,1,2025
FUSIBLE,SED2_04286,LLAVE2_19,SP,ALIM2_169,SET2_06,400,1,2025
RED SUBTERRANEA,SED2_00549,LLAVE2_19,SP,ALIM2_046,SET2_23,250,1,2025
RED AEREA,SED2_01995,LLAVE2_19,SP,ALIM2_410,SET2_23,160,1,2025
RED AEREA,SED2_03458,LLAVE2_19,SP,ALIM2_252,SET2_22,100,1,2025
RED AEREA,SED2_03501,LLAVE2_19,SP,ALIM2_317,SET2_04,160,1,2025
RED AEREA,SED2_04615,LLAVE2_09,SP,ALIM2_316,SET2_23,100,1,2025
RED AEREA,SED2_06164,LLAVE2_19,SP,ALIM2_416,SET2_33,160,1,2025
RED AEREA,SED2_06164,LLAVE2_09,SP,ALIM2_416,SET2_33,160,1,2025
RED AEREA,SED2_04038,LLAVE2_09,SP,ALIM2_219,SET2_10,100,1,2025
LLAVE,SED2_03002,LLAVE2_19,SP,ALIM2_481,SET2_12,400,1,2025
RED AEREA,SED2_05993,LLAVE2_19,SP,ALIM2_115,SET2_12,160,1,2025
RED AEREA,SED2_04541,LLAVE2_19,SP,ALIM2_053,SET2_12,100,1,2025
RED AEREA,SED2_08619,LLAVE2_19,SP,ALIM2_089,SET2_35,160,1,2025
RED SUBTERRANEA,SED2_01876,LLAVE2_19,SP,ALIM2_296,SET2_23,160,1,2025
FUSIBLE,SED2_08257,LLAVE2_19,SP,ALIM2_443,SET2_14,100,1,2025
RED AEREA,SED2_04059,LLAVE2_19,SP,ALIM2_097,SET2_33,50,1,2025
RED AEREA,SED2_00843,LLAVE2_09,SP,ALIM2_305,SET2_33,100,1,2025
FUSIBLE,SED2_02477,LLAVE2_19,SP,ALIM2_478,SET2_44,100,1,2025
RED AEREA,SED2_02477,LLAVE2_09,SP,ALIM2_478,SET2_44,100,1,2025
RED AEREA,SED2_05687,LLAVE2_19,SP,ALIM2_032,SET2_04,160,1,2025
RED AEREA,SED2_07626,LLAVE2_19,SP,ALIM2_436,SET2_23,100,1,2025
RED AEREA,SED2_08781,LLAVE2_19,SP,ALIM2_010,SET2_42,100,1,2025
RED AEREA,SED2_00589,LLAVE2_19,SP,ALIM2_267,SET2_23,50,1,2025
RED SUBTERRANEA,SED2_01844,LLAVE2_19,SP,ALIM2_121,SET2_21,160,1,2025
RED AEREA,SED2_00001,LLAVE2_19,SP,ALIM2_410,SET2_23,100,1,2025
RED AEREA,SED2_04563,LLAVE2_09,SP,ALIM2_363,SET2_12,100,1,2025
RED SUBTERRANEA,SED2_01828,LLAVE2_19,SP,ALIM2_140,SET2_21,100,1,2025
RED AEREA,SED2_00153,LLAVE2_19,SP,ALIM2_208,SET2_13,100,1,2025
RED AEREA,SED2_00153,LLAVE2_09,SP,ALIM2_208,SET2_13,100,1,2025
RED AEREA,SED2_06281,LLAVE2_09,SP,ALIM2_341,SET2_35,100,1,2025
RED SUBTERRANEA,SED2_01913,LLAVE2_09,SP,ALIM2_024,SET2_40,100,1,2025
RED AEREA,SED2_01913,LLAVE2_15,SP,ALIM2_024,SET2_40,100,1,2025
RED AEREA,SED2_09612,LLAVE2_19,SP,ALIM2_478,SET2_44,100,1,2025
RED AEREA,SED2_09521,LLAVE2_09,SP,ALIM2_416,SET2_33,160,1,2025
RED AEREA,SED2_09533,LLAVE2_19,SP,ALIM2_328,SET2_23,160,1,2025
RED AEREA,SED2_01462,LLAVE2_15,SP,ALIM2_404,SET2_22,400,1,2025
RED SUBTERRANEA,SED2_01850,LLAVE2_09,SP,ALIM2_454,SET2_13,160,1,2025
RED AEREA,SED2_01464,LLAVE2_09,SP,ALIM2_316,SET2_23,100,1,2025
RED AEREA,SED2_02367,LLAVE2_09,SP,ALIM2_243,SET2_42,100,1,2025
RED AEREA,SED2_08973,LLAVE2_19,SP,ALIM2_243,SET2_42,100,1,2025
RED AEREA,SED2_02947,LLAVE2_19,SP,ALIM2_281,SET2_37,100,1,2025
RED AEREA,SED2_02578,LLAVE2_19,SP,ALIM2_443,SET2_14,100,1,2025
RED SUBTERRANEA,SED2_05428,LLAVE2_19,SP,SIN DATA,SIN DATA,SIN DATA,1,2025
FUSIBLE,SED2_01180,LLAVE2_19,SP,ALIM2_170,SET2_25,250,1,2025
RED AEREA,SED2_08373,LLAVE2_19,SP,ALIM2_033,SET2_40,400,1,2025
RED AEREA,SED2_02450,LLAVE2_19,SP,ALIM2_033,SET2_40,100,1,2025
RED AEREA,SED2_07445,LLAVE2_15,SP,ALIM2_040,SET2_40,250,1,2025
RED AEREA,SED2_06727,LLAVE2_19,SP,ALIM2_361,SET2_23,160,1,2025
RED AEREA,SED2_01616,LLAVE2_19,SP,ALIM2_094,SET2_42,160,1,2025
RED AEREA,SED2_01616,LLAVE2_09,SP,ALIM2_094,SET2_42,160,1,2025
RED AEREA,SED2_00863,LLAVE2_15,SP,ALIM2_094,SET2_42,160,1,2025
RED AEREA,SED2_00819,LLAVE2_19,SP,ALIM2_108,SET2_22,400,1,2025
RED AEREA,SED2_07199,LLAVE2_19,SP,ALIM2_464,SET2_09,160,1,2025
RED SUBTERRANEA,SED2_05797,LLAVE2_19,SP,ALIM2_204,SET2_02,250,1,2025
RED AEREA,SED2_05797,LLAVE2_15,SP,ALIM2_204,SET2_02,250,1,2025
RED SUBTERRANEA,SED2_05407,LLAVE2_19,SP,ALIM2_367,SET2_26,100,1,2025
RED SUBTERRANEA,SED2_08036,LLAVE2_19,SP,ALIM2_014,SET2_41,250,1,2025
RED SUBTERRANEA,SED2_04739,LLAVE2_21,SP,ALIM2_222,SET2_16,250,1,2025
RED SUBTERRANEA,SED2_06430,LLAVE2_21,SP,ALIM2_064,SET2_01,250,1,2025
RED AEREA,SED2_00233,LLAVE2_09,SP,ALIM2_055,SET2_35,160,1,2025
RED AEREA,SED2_09852,LLAVE2_19,SP,ALIM2_058,SET2_43,25,1,2025
RED SUBTERRANEA,SED2_04498,LLAVE2_09,SP,ALIM2_058,SET2_43,50,1,2025
RED AEREA,SED2_05039,LLAVE2_19,SP,ALIM2_208,SET2_13,100,1,2025
RED AEREA,SED2_05039,LLAVE2_09,SP,ALIM2_208,SET2_13,100,1,2025
RED AEREA,SED2_07876,LLAVE2_19,SP,ALIM2_208,SET2_13,100,1,2025
RED AEREA,SED2_00430,LLAVE2_15,SP,ALIM2_413,SET2_13,160,1,2025
RED AEREA,SED2_03500,LLAVE2_19,SP,ALIM2_243,SET2_42,100,1,2025
RED AEREA,SED2_00224,LLAVE2_09,SP,ALIM2_094,SET2_42,160,1,2025
RED SUBTERRANEA,SED2_08932,LLAVE2_19,SP,ALIM2_243,SET2_42,100,1,2025
RED AEREA,SED2_03551,LLAVE2_19,SP,ALIM2_243,SET2_42,160,1,2025
RED AEREA,SED2_03896,LLAVE2_09,SP,ALIM2_010,SET2_42,100,1,2025
RED AEREA,SED2_09345,LLAVE2_09,SP,ALIM2_010,SET2_42,50,1,2025
RED AEREA,SED2_05316,LLAVE2_19,SP,ALIM2_010,SET2_42,160,1,2025
RED AEREA,SED2_04493,LLAVE2_19,SP,ALIM2_094,SET2_42,100,1,2025
RED AEREA,SED2_05521,LLAVE2_09,SP,ALIM2_094,SET2_42,160,1,2025
RED AEREA,SED2_00573,LLAVE2_19,SP,ALIM2_010,SET2_42,100,1,2025
RED SUBTERRANEA,SED2_07337,LLAVE2_09,SP,ALIM2_129,SET2_02,800,1,2025
RED AEREA,SED2_00577,LLAVE2_09,SP,ALIM2_094,SET2_42,160,1,2025
RED AEREA,SED2_05184,LLAVE2_09,SP,ALIM2_459,SET2_13,100,1,2025
RED AEREA,SED2_07907,LLAVE2_09,SP,ALIM2_459,SET2_13,250,1,2025
RED AEREA,SED2_08725,LLAVE2_19,SP,ALIM2_459,SET2_13,50,1,2025
RED SUBTERRANEA,SED2_04675,LLAVE2_19,SP,SIN DATA,SIN DATA,SIN DATA,1,2025
RED AEREA,SED2_01538,LLAVE2_19,SP,ALIM2_459,SET2_13,100,1,2025
RED SUBTERRANEA,SED2_01538,LLAVE2_19,SP,ALIM2_459,SET2_13,100,1,2025
RED AEREA,SED2_05323,LLAVE2_21,SP,ALIM2_040,SET2_40,160,1,2025
RED AEREA,SED2_00763,LLAVE2_19,SP,ALIM2_019,SET2_40,250,1,2025
RED AEREA,SED2_04392,LLAVE2_19,SP,ALIM2_040,SET2_40,50,1,2025
RED AEREA,SED2_01679,LLAVE2_09,SP,ALIM2_019,SET2_40,160,1,2025
RED AEREA,SED2_06198,LLAVE2_19,SP,ALIM2_019,SET2_40,50,1,2025
RED AEREA,SED2_06198,LLAVE2_09,SP,ALIM2_019,SET2_40,50,1,2025
RED AEREA,SED2_09646,LLAVE2_15,SP,ALIM2_019,SET2_40,100,1,2025
RED AEREA,SED2_05556,LLAVE2_09,SP,ALIM2_019,SET2_40,100,1,2025
RED AEREA,SED2_03855,LLAVE2_15,SP,ALIM2_019,SET2_40,100,1,2025
RED AEREA,SED2_04064,LLAVE2_19,SP,ALIM2_305,SET2_33,100,1,2025
RED AEREA,SED2_04966,LLAVE2_19,SP,ALIM2_320,SET2_37,100,1,2025
RED AEREA,SED2_01092,LLAVE2_09,SP,ALIM2_017,SET2_03,160,1,2025
RED SUBTERRANEA,SED2_01092,LLAVE2_09,SP,ALIM2_017,SET2_03,160,1,2025
LLAVE,SED2_01659,LLAVE2_19,SP,ALIM2_381,SET2_45,100,1,2025
RED AEREA,SED2_01659,LLAVE2_19,SP,ALIM2_381,SET2_45,100,1,2025
RED AEREA,SED2_05874,LLAVE2_19,SP,ALIM2_294,SET2_18,100,1,2025
RED AEREA,SED2_07187,LLAVE2_09,SP,ALIM2_208,SET2_13,50,1,2025
RED AEREA,SED2_03738,LLAVE2_09,SP,ALIM2_413,SET2_13,160,1,2025
LLAVE,SED2_04721,LLAVE2_09,SP,ALIM2_413,SET2_13,100,1,2025
RED AEREA,SED2_06092,LLAVE2_09,SP,ALIM2_413,SET2_13,50,1,2025
RED AEREA,SED2_01592,LLAVE2_19,SP,ALIM2_019,SET2_40,160,1,2025
RED AEREA,SED2_02468,LLAVE2_09,SP,ALIM2_019,SET2_40,160,1,2025
RED AEREA,SED2_00121,LLAVE2_19,SP,ALIM2_016,SET2_36,160,1,2025
RED AEREA,SED2_06371,LLAVE2_19,SP,ALIM2_320,SET2_37,100,1,2025
RED AEREA,SED2_06371,LLAVE2_09,SP,ALIM2_320,SET2_37,100,1,2025
RED AEREA,SED2_09159,LLAVE2_19,SP,ALIM2_169,SET2_06,250,1,2025
RED AEREA,SED2_03818,LLAVE2_19,SP,ALIM2_481,SET2_12,160,1,2025
RED AEREA,SED2_06696,LLAVE2_19,SP,ALIM2_481,SET2_12,50,1,2025
RED AEREA,SED2_06658,LLAVE2_19,SP,ALIM2_071,SET2_18,50,1,2025
FUSIBLE,SED2_06658,LLAVE2_09,SP,ALIM2_071,SET2_18,50,1,2025
RED AEREA,SED2_01515,LLAVE2_15,SP,ALIM2_071,SET2_18,50,1,2025
RED SUBTERRANEA,SED2_04704,LLAVE2_19,SP,ALIM2_284,SET2_32,50,1,2025
RED AEREA,SED2_05570,LLAVE2_19,SP,ALIM2_324,SET2_13,160,1,2025
RED SUBTERRANEA,SED2_05570,LLAVE2_15,SP,ALIM2_324,SET2_13,160,1,2025
RED AEREA,SED2_06241,LLAVE2_19,SP,ALIM2_324,SET2_13,160,1,2025
RED AEREA,SED2_04026,LLAVE2_09,SP,ALIM2_413,SET2_13,100,1,2025
RED AEREA,SED2_04531,LLAVE2_19,SP,ALIM2_481,SET2_12,50,1,2025
RED AEREA,SED2_04531,LLAVE2_09,SP,ALIM2_481,SET2_12,50,1,2025
RED AEREA,SED2_08032,LLAVE2_09,SP,ALIM2_362,SET2_46,100,1,2025
RED AEREA,SED2_00208,LLAVE2_09,SP,ALIM2_362,SET2_46,160,1,2025
RED SUBTERRANEA,SED2_09159,LLAVE2_15,SP,ALIM2_169,SET2_06,250,1,2025
RED SUBTERRANEA,SED2_01994,LLAVE2_15,SP,ALIM2_362,SET2_46,100,1,2025
RED AEREA,SED2_08570,LLAVE2_15,SP,ALIM2_362,SET2_46,50,1,2025
RED SUBTERRANEA,SED2_02541,LLAVE2_15,SP,ALIM2_412,SET2_08,630,1,2025
FUSIBLE,SED2_02541,LLAVE2_14,SP,ALIM2_412,SET2_08,630,1,2025
RED AEREA,SED2_02141,LLAVE2_09,SP,ALIM2_124,SET2_32,160,1,2025
RED AEREA,SED2_03521,LLAVE2_19,SP,ALIM2_325,SET2_23,160,1,2025
RED AEREA,SED2_03521,LLAVE2_15,SP,ALIM2_325,SET2_23,160,1,2025
RED AEREA,SED2_05171,LLAVE2_19,SP,ALIM2_055,SET2_35,160,1,2025
RED AEREA,SED2_00460,LLAVE2_09,SP,ALIM2_362,SET2_46,250,1,2025
RED AEREA,SED2_04853,LLAVE2_09,SP,ALIM2_215,SET2_46,100,1,2025
RED AEREA,SED2_02146,LLAVE2_19,SP,ALIM2_100,SET2_12,160,1,2025
RED AEREA,SED2_02990,LLAVE2_19,SP,ALIM2_216,SET2_45,100,1,2025
RED AEREA,SED2_02990,LLAVE2_09,SP,ALIM2_216,SET2_45,100,1,2025
RED AEREA,SED2_03847,LLAVE2_09,SP,ALIM2_381,SET2_45,100,1,2025
RED AEREA,SED2_03759,LLAVE2_19,SP,ALIM2_312,SET2_09,100,1,2025
RED AEREA,SED2_03759,LLAVE2_09,SP,ALIM2_312,SET2_09,100,1,2025
LLAVE,SED2_03718,LLAVE2_19,SP,ALIM2_021,SET2_32,100,1,2025
RED AEREA,SED2_03763,LLAVE2_09,SP,ALIM2_030,SET2_41,100,1,2025
FUSIBLE,SED2_08326,LLAVE2_15,SP,ALIM2_143,SET2_08,250,1,2025
RED SUBTERRANEA,SED2_07025,LLAVE2_19,SP,ALIM2_123,SET2_38,400,1,2025
RED SUBTERRANEA,SED2_07025,LLAVE2_09,SP,ALIM2_123,SET2_38,400,1,2025
LLAVE,SED2_07025,LLAVE2_15,SP,ALIM2_123,SET2_38,400,1,2025
RED SUBTERRANEA,SED2_07025,LLAVE2_21,SP,ALIM2_123,SET2_38,400,1,2025
RED SUBTERRANEA,SED2_00462,LLAVE2_15,SP,ALIM2_453,SET2_43,160,1,2025
RED SUBTERRANEA,SED2_06816,LLAVE2_19,SP,ALIM2_347,SET2_21,250,1,2025
RED AEREA,SED2_08929,LLAVE2_19,SP,ALIM2_119,SET2_42,25,1,2025
RED AEREA,SED2_03928,LLAVE2_09,SP,ALIM2_110,SET2_42,250,1,2025
LLAVE,SED2_09846,LLAVE2_19,SP,ALIM2_142,SET2_42,100,1,2025
RED AEREA,SED2_09846,LLAVE2_09,SP,ALIM2_142,SET2_42,100,1,2025
RED AEREA,SED2_09379,LLAVE2_19,SP,ALIM2_110,SET2_42,50,1,2025
RED AEREA,SED2_03408,LLAVE2_09,SP,ALIM2_110,SET2_42,50,1,2025
RED AEREA,SED2_01744,LLAVE2_09,SP,ALIM2_142,SET2_42,160,1,2025
RED AEREA,SED2_00222,LLAVE2_19,SP,ALIM2_142,SET2_42,100,1,2025
RED AEREA,SED2_00222,LLAVE2_15,SP,ALIM2_142,SET2_42,100,1,2025
RED AEREA,SED2_00336,LLAVE2_19,SP,ALIM2_142,SET2_42,160,1,2025
RED SUBTERRANEA,SED2_00336,LLAVE2_15,SP,ALIM2_142,SET2_42,160,1,2025
RED AEREA,SED2_01797,LLAVE2_15,SP,ALIM2_142,SET2_42,100,1,2025
RED AEREA,SED2_04305,LLAVE2_19,SP,ALIM2_142,SET2_42,160,1,2025
FUSIBLE,SED2_04305,LLAVE2_09,SP,ALIM2_142,SET2_42,160,1,2025
RED AEREA,SED2_03358,LLAVE2_19,SP,ALIM2_142,SET2_42,100,1,2025
RED AEREA,SED2_03358,LLAVE2_09,SP,ALIM2_142,SET2_42,100,1,2025
RED AEREA,SED2_07155,LLAVE2_09,SP,ALIM2_010,SET2_42,100,1,2025
RED AEREA,SED2_03845,LLAVE2_19,SP,ALIM2_010,SET2_42,50,1,2025
RED AEREA,SED2_08498,LLAVE2_09,SP,ALIM2_010,SET2_42,160,1,2025
RED AEREA,SED2_08709,LLAVE2_09,SP,ALIM2_110,SET2_42,50,1,2025
RED AEREA,SED2_06899,LLAVE2_19,SP,ALIM2_010,SET2_42,160,1,2025
RED AEREA,SED2_00131,LLAVE2_09,SP,ALIM2_010,SET2_42,100,1,2025
RED AEREA,SED2_00466,LLAVE2_09,SP,ALIM2_119,SET2_42,160,1,2025
RED AEREA,SED2_08207,LLAVE2_19,SP,ALIM2_243,SET2_42,250,1,2025
RED AEREA,SED2_08207,LLAVE2_09,SP,ALIM2_243,SET2_42,250,1,2025
RED AEREA,SED2_09697,LLAVE2_09,SP,ALIM2_010,SET2_42,160,1,2025
RED AEREA,SED2_00800,LLAVE2_14,SP,ALIM2_010,SET2_42,250,1,2025
RED AEREA,SED2_06335,LLAVE2_19,SP,ALIM2_313,SET2_42,100,1,2025
RED AEREA,SED2_06335,LLAVE2_09,SP,ALIM2_313,SET2_42,100,1,2025
RED AEREA,SED2_06678,LLAVE2_15,SP,ALIM2_243,SET2_42,160,1,2025
RED AEREA,SED2_07379,LLAVE2_09,SP,ALIM2_110,SET2_42,250,1,2025
RED AEREA,SED2_01717,LLAVE2_19,SP,ALIM2_110,SET2_42,160,1,2025
RED AEREA,SED2_08610,LLAVE2_09,SP,ALIM2_110,SET2_42,160,1,2025
RED AEREA,SED2_00380,LLAVE2_09,SP,ALIM2_110,SET2_42,160,1,2025
RED AEREA,SED2_00891,LLAVE2_09,SP,ALIM2_110,SET2_42,100,1,2025
RED AEREA,SED2_02126,LLAVE2_09,SP,ALIM2_110,SET2_42,100,1,2025
RED AEREA,SED2_05703,LLAVE2_19,SP,ALIM2_110,SET2_42,50,1,2025
RED AEREA,SED2_04824,LLAVE2_19,SP,ALIM2_110,SET2_42,100,1,2025
RED SUBTERRANEA,SED2_04971,LLAVE2_19,SP,ALIM2_313,SET2_42,250,1,2025
RED SUBTERRANEA,SED2_06285,LLAVE2_19,SP,ALIM2_313,SET2_42,160,1,2025
FUSIBLE,SED2_04169,LLAVE2_09,SP,ALIM2_313,SET2_42,100,1,2025
RED AEREA,SED2_05340,LLAVE2_09,SP,ALIM2_313,SET2_42,100,1,2025
RED AEREA,SED2_04256,LLAVE2_19,SP,ALIM2_450,SET2_42,100,1,2025
RED AEREA,SED2_02912,LLAVE2_19,SP,ALIM2_450,SET2_42,250,1,2025
FUSIBLE,SED2_08738,LLAVE2_19,SP,ALIM2_313,SET2_42,100,1,2025
RED AEREA,SED2_08738,LLAVE2_19,SP,ALIM2_313,SET2_42,100,1,2025
RED AEREA,SED2_02572,LLAVE2_19,SP,ALIM2_313,SET2_42,100,1,2025
RED AEREA,SED2_02572,LLAVE2_09,SP,ALIM2_313,SET2_42,100,1,2025
RED AEREA,SED2_04152,LLAVE2_19,SP,ALIM2_313,SET2_42,100,1,2025
RED AEREA,SED2_04794,LLAVE2_09,SP,ALIM2_425,SET2_11,100,1,2025
RED AEREA,SED2_07831,LLAVE2_19,SP,ALIM2_280,SET2_24,100,1,2025
RED AEREA,SED2_08726,LLAVE2_09,SP,ALIM2_280,SET2_24,250,1,2025
RED AEREA,SED2_03573,LLAVE2_09,SP,ALIM2_386,SET2_24,50,1,2025
RED AEREA,SED2_03428,LLAVE2_19,SP,ALIM2_280,SET2_24,50,1,2025
RED AEREA,SED2_08195,LLAVE2_19,SP,ALIM2_269,SET2_24,160,1,2025
RED AEREA,SED2_01943,LLAVE2_19,SP,ALIM2_467,SET2_24,160,1,2025
RED AEREA,SED2_01943,LLAVE2_09,SP,ALIM2_467,SET2_24,160,1,2025
RED AEREA,SED2_08359,LLAVE2_09,SP,ALIM2_467,SET2_24,100,1,2025
RED AEREA,SED2_09514,LLAVE2_19,SP,ALIM2_467,SET2_24,100,1,2025
RED AEREA,SED2_09489,LLAVE2_09,SP,ALIM2_467,SET2_24,160,1,2025
RED AEREA,SED2_02436,LLAVE2_19,SP,ALIM2_467,SET2_24,100,1,2025
RED AEREA,SED2_02609,LLAVE2_19,SP,ALIM2_467,SET2_24,100,1,2025
RED AEREA,SED2_07526,LLAVE2_19,SP,ALIM2_467,SET2_24,50,1,2025
RED AEREA,SED2_07526,LLAVE2_09,SP,ALIM2_467,SET2_24,50,1,2025
RED AEREA,SED2_06162,LLAVE2_19,SP,ALIM2_467,SET2_24,50,1,2025
RED AEREA,SED2_08852,LLAVE2_19,SP,ALIM2_372,SET2_44,100,1,2025
RED AEREA,SED2_09159,LLAVE2_21,SP,ALIM2_169,SET2_06,250,1,2025
RED AEREA,SED2_02472,LLAVE2_19,SP,ALIM2_443,SET2_14,100,1,2025
RED AEREA,SED2_07095,LLAVE2_19,SP,ALIM2_372,SET2_44,100,1,2025
RED AEREA,SED2_02413,LLAVE2_19,SP,ALIM2_372,SET2_44,25,1,2025
RED AEREA,SED2_02701,LLAVE2_19,SP,ALIM2_372,SET2_44,50,1,2025
RED AEREA,SED2_02701,LLAVE2_09,SP,ALIM2_372,SET2_44,50,1,2025
RED AEREA,SED2_02647,LLAVE2_19,SP,ALIM2_443,SET2_14,50,1,2025
RED AEREA,SED2_02137,LLAVE2_19,SP,ALIM2_443,SET2_14,100,1,2025
LLAVE,SED2_05285,LLAVE2_09,SP,ALIM2_443,SET2_14,160,1,2025
RED AEREA,SED2_05285,LLAVE2_15,SP,ALIM2_443,SET2_14,160,1,2025
RED AEREA,SED2_05285,LLAVE2_21,SP,ALIM2_443,SET2_14,160,1,2025
RED AEREA,SED2_02154,LLAVE2_19,SP,ALIM2_443,SET2_14,25,1,2025
RED AEREA,SED2_07481,LLAVE2_15,SP,ALIM2_443,SET2_14,15,1,2025
RED AEREA,SED2_00978,LLAVE2_19,SP,ALIM2_478,SET2_44,250,1,2025
RED AEREA,SED2_06287,LLAVE2_19,SP,ALIM2_478,SET2_44,100,1,2025
RED AEREA,SED2_06287,LLAVE2_09,SP,ALIM2_478,SET2_44,100,1,2025
RED AEREA,SED2_04273,LLAVE2_09,SP,ALIM2_443,SET2_14,100,1,2025
RED SUBTERRANEA,SED2_09569,LLAVE2_09,SP,ALIM2_443,SET2_14,160,1,2025
RED AEREA,SED2_09569,LLAVE2_15,SP,ALIM2_443,SET2_14,160,1,2025
RED AEREA,SED2_06606,LLAVE2_09,SP,ALIM2_320,SET2_37,200,1,2025
RED AEREA,SED2_08024,LLAVE2_09,SP,ALIM2_281,SET2_37,100,1,2025
RED AEREA,SED2_04101,LLAVE2_09,SP,ALIM2_320,SET2_37,100,1,2025
RED SUBTERRANEA,SED2_06954,LLAVE2_15,SP,ALIM2_320,SET2_37,160,1,2025
RED AEREA,SED2_07851,LLAVE2_09,SP,ALIM2_320,SET2_37,100,1,2025
RED AEREA,SED2_00089,LLAVE2_09,SP,ALIM2_462,SET2_37,100,1,2025
FUSIBLE,SED2_06873,LLAVE2_19,SP,ALIM2_462,SET2_37,160,1,2025
RED AEREA,SED2_06873,LLAVE2_19,SP,ALIM2_462,SET2_37,160,1,2025
RED AEREA,SED2_06873,LLAVE2_09,SP,ALIM2_462,SET2_37,160,1,2025
RED AEREA,SED2_04295,LLAVE2_19,SP,ALIM2_462,SET2_37,100,1,2025
RED AEREA,SED2_04168,LLAVE2_09,SP,ALIM2_462,SET2_37,100,1,2025
RED SUBTERRANEA,SED2_04168,LLAVE2_09,SP,ALIM2_462,SET2_37,100,1,2025
RED AEREA,SED2_08474,LLAVE2_09,SP,ALIM2_300,SET2_37,50,1,2025
RED SUBTERRANEA,SED2_01827,LLAVE2_15,SP,ALIM2_300,SET2_37,100,1,2025
RED AEREA,SED2_02627,LLAVE2_15,SP,ALIM2_300,SET2_37,100,1,2025
RED AEREA,SED2_09376,LLAVE2_15,SP,ALIM2_300,SET2_37,100,1,2025
RED AEREA,SED2_09407,LLAVE2_19,SP,ALIM2_300,SET2_37,100,1,2025
RED SUBTERRANEA,SED2_09407,LLAVE2_19,SP,ALIM2_300,SET2_37,100,1,2025
RED AEREA,SED2_08609,LLAVE2_19,SP,ALIM2_125,SET2_18,100,1,2025
RED AEREA,SED2_05091,LLAVE2_19,SP,ALIM2_125,SET2_18,50,1,2025
RED AEREA,SED2_09735,LLAVE2_19,SP,ALIM2_300,SET2_37,100,1,2025
RED AEREA,SED2_02096,LLAVE2_15,SP,ALIM2_300,SET2_37,100,1,2025
RED AEREA,SED2_02406,LLAVE2_19,SP,ALIM2_056,SET2_37,160,1,2025
RED AEREA,SED2_04854,LLAVE2_09,SP,ALIM2_300,SET2_37,100,1,2025
RED SUBTERRANEA,SED2_02910,LLAVE2_19,SP,ALIM2_056,SET2_37,40,1,2025
RED SUBTERRANEA,SED2_08055,LLAVE2_19,SP,ALIM2_405,SET2_37,100,1,2025
FUSIBLE,SED2_08055,LLAVE2_09,SP,ALIM2_405,SET2_37,100,1,2025
RED AEREA,SED2_04121,LLAVE2_09,SP,ALIM2_281,SET2_37,160,1,2025
RED AEREA,SED2_07956,LLAVE2_09,SP,ALIM2_056,SET2_37,25,1,2025
RED AEREA,SED2_00145,LLAVE2_09,SP,ALIM2_162,SET2_37,100,1,2025
RED AEREA,SED2_09910,LLAVE2_19,SP,ALIM2_162,SET2_37,100,1,2025
RED AEREA,SED2_06593,LLAVE2_09,SP,ALIM2_162,SET2_37,50,1,2025
RED AEREA,SED2_00118,LLAVE2_09,SP,ALIM2_056,SET2_37,50,1,2025
RED AEREA,SED2_07277,LLAVE2_19,SP,ALIM2_056,SET2_37,100,1,2025
RED AEREA,SED2_02480,LLAVE2_19,SP,ALIM2_433,SET2_48,100,1,2025
RED AEREA,SED2_04672,LLAVE2_19,SP,ALIM2_433,SET2_48,10,1,2025
RED AEREA,SED2_04991,LLAVE2_09,SP,ALIM2_162,SET2_37,100,1,2025
RED AEREA,SED2_00673,LLAVE2_15,SP,ALIM2_162,SET2_37,125,1,2025
RED AEREA,SED2_06224,LLAVE2_09,SP,SIN DATA,SIN DATA,SIN DATA,1,2025
RED AEREA,SED2_02619,LLAVE2_15,SP,ALIM2_056,SET2_37,100,1,2025
RED AEREA,SED2_01858,LLAVE2_09,SP,ALIM2_433,SET2_48,50,1,2025
RED AEREA,SED2_05168,LLAVE2_15,SP,ALIM2_414,SET2_18,50,1,2025
FUSIBLE,SED2_03356,LLAVE2_19,SP,ALIM2_414,SET2_18,100,1,2025
RED AEREA,SED2_03356,LLAVE2_09,SP,ALIM2_414,SET2_18,100,1,2025
RED AEREA,SED2_04011,LLAVE2_15,SP,ALIM2_364,SET2_18,50,1,2025
RED AEREA,SED2_04599,LLAVE2_09,SP,ALIM2_327,SET2_18,100,1,2025
RED AEREA,SED2_06671,LLAVE2_15,SP,ALIM2_278,SET2_18,100,1,2025
RED AEREA,SED2_09101,LLAVE2_21,SP,ALIM2_294,SET2_18,100,1,2025
RED AEREA,SED2_04777,LLAVE2_19,SP,ALIM2_294,SET2_18,160,1,2025
RED AEREA,SED2_07144,LLAVE2_09,SP,ALIM2_294,SET2_18,100,1,2025
RED AEREA,SED2_06650,LLAVE2_09,SP,ALIM2_294,SET2_18,100,1,2025
RED AEREA,SED2_00288,LLAVE2_19,SP,ALIM2_327,SET2_18,50,1,2025
RED AEREA,SED2_01973,LLAVE2_19,SP,ALIM2_071,SET2_18,100,1,2025
RED AEREA,SED2_01973,LLAVE2_09,SP,ALIM2_071,SET2_18,100,1,2025
RED AEREA,SED2_02363,LLAVE2_19,AP,ALIM2_071,SET2_18,100,1,2025
RED AEREA,SED2_02363,LLAVE2_09,SP,ALIM2_071,SET2_18,100,1,2025
RED AEREA,SED2_03134,LLAVE2_19,SP,ALIM2_200,SET2_05,100,1,2025
RED AEREA,SED2_01594,LLAVE2_09,SP,ALIM2_288,SET2_07,50,1,2025
RED AEREA,SED2_05941,LLAVE2_19,SP,ALIM2_137,SET2_34,40,1,2025
RED AEREA,SED2_01570,LLAVE2_09,SP,ALIM2_137,SET2_34,160,1,2025
RED AEREA,SED2_04325,LLAVE2_21,SP,ALIM2_137,SET2_34,160,1,2025
RED AEREA,SED2_08939,LLAVE2_09,SP,ALIM2_137,SET2_34,50,1,2025
RED AEREA,SED2_04803,LLAVE2_19,SP,ALIM2_410,SET2_23,25,1,2025
RED AEREA,SED2_03374,LLAVE2_19,SP,ALIM2_410,SET2_23,50,1,2025
FUSIBLE,SED2_08664,LLAVE2_19,SP,ALIM2_211,SET2_20,160,1,2025
RED SUBTERRANEA,SED2_08545,LLAVE2_15,SP,ALIM2_478,SET2_44,100,1,2025
RED AEREA,SED2_00785,LLAVE2_19,SP,ALIM2_478,SET2_44,50,1,2025
RED AEREA,SED2_00785,LLAVE2_09,SP,ALIM2_478,SET2_44,50,1,2025
RED AEREA,SED2_00077,LLAVE2_19,SP,ALIM2_478,SET2_44,50,1,2025
RED AEREA,SED2_00077,LLAVE2_09,SP,ALIM2_478,SET2_44,50,1,2025
RED AEREA,SED2_06715,LLAVE2_19,SP,ALIM2_175,SET2_30,160,1,2025
RED AEREA,SED2_07103,LLAVE2_19,SP,ALIM2_093,SET2_21,100,1,2025
RED AEREA,SED2_07103,LLAVE2_09,SP,ALIM2_093,SET2_21,100,1,2025
RED SUBTERRANEA,SED2_05565,LLAVE2_09,SP,ALIM2_045,SET2_38,160,1,2025
RED AEREA,SED2_01605,LLAVE2_19,SP,ALIM2_128,SET2_28,100,1,2025
RED AEREA,SED2_09426,LLAVE2_09,SP,ALIM2_053,SET2_12,50,1,2025
RED AEREA,SED2_05648,LLAVE2_19,SP,ALIM2_068,SET2_32,160,1,2025
RED AEREA,SED2_00790,LLAVE2_09,SP,ALIM2_068,SET2_32,50,1,2025
RED AEREA,SED2_07497,LLAVE2_09,SP,ALIM2_194,SET2_35,250,1,2025
RED SUBTERRANEA,SED2_01274,LLAVE2_09,SP,ALIM2_070,SET2_16,400,1,2025
RED SUBTERRANEA,SED2_01274,LLAVE2_21,SP,ALIM2_070,SET2_16,400,1,2025
RED AEREA,SED2_09823,LLAVE2_09,SP,ALIM2_160,SET2_33,160,1,2025
RED SUBTERRANEA,SED2_06212,LLAVE2_15,SP,ALIM2_204,SET2_02,250,1,2025
RED AEREA,SED2_01652,LLAVE2_14,SP,ALIM2_122,SET2_31,400,1,2025
RED AEREA,SED2_02091,LLAVE2_19,AP,ALIM2_021,SET2_32,100,1,2025
RED SUBTERRANEA,SED2_03168,LLAVE2_09,SP,ALIM2_373,SET2_17,160,1,2025
FUSIBLE,SED2_04238,LLAVE2_19,SP,ALIM2_062,SET2_06,400,1,2025
RED SUBTERRANEA,SED2_04238,LLAVE2_15,SP,ALIM2_062,SET2_06,400,1,2025
FUSIBLE,SED2_04238,LLAVE2_21,SP,ALIM2_062,SET2_06,400,1,2025
RED AEREA,SED2_04771,LLAVE2_19,SP,ALIM2_281,SET2_37,50,1,2025
RED AEREA,SED2_02307,LLAVE2_09,SP,ALIM2_369,SET2_28,100,1,2025
RED AEREA,SED2_05477,LLAVE2_19,SP,ALIM2_300,SET2_37,25,1,2025
RED SUBTERRANEA,SED2_02674,LLAVE2_15,SP,ALIM2_345,SET2_17,250,1,2025
MANTENIMIENTO,SED2_00245,LLAVE2_09,SP,ALIM2_342,SET2_10,100,1,2025
RED AEREA,SED2_04727,LLAVE2_09,SP,ALIM2_067,SET2_35,100,1,2025
RED AEREA,SED2_04727,LLAVE2_15,SP,ALIM2_067,SET2_35,100,1,2025
RED AEREA,SED2_05422,LLAVE2_19,SP,ALIM2_284,SET2_32,100,1,2025
RED AEREA,SED2_00567,LLAVE2_09,SP,ALIM2_284,SET2_32,100,1,2025
RED SUBTERRANEA,SED2_01030,LLAVE2_15,SP,ALIM2_045,SET2_38,400,1,2025
RED SUBTERRANEA,SED2_02033,LLAVE2_19,SP,ALIM2_458,SET2_43,250,1,2025
RED SUBTERRANEA,SED2_02033,LLAVE2_15,SP,ALIM2_458,SET2_43,250,1,2025
RED AEREA,SED2_00945,LLAVE2_19,SP,ALIM2_236,SET2_38,250,1,2025
RED AEREA,SED2_03865,LLAVE2_09,SP,ALIM2_216,SET2_45,160,1,2025
RED AEREA,SED2_05338,LLAVE2_19,SP,ALIM2_216,SET2_45,100,1,2025
RED AEREA,SED2_08843,LLAVE2_19,SP,ALIM2_363,SET2_12,250,1,2025
RED AEREA,SED2_00653,LLAVE2_09,SP,ALIM2_194,SET2_35,50,1,2025
RED AEREA,SED2_00653,LLAVE2_15,SP,ALIM2_194,SET2_35,50,1,2025
RED AEREA,SED2_00400,LLAVE2_19,SP,ALIM2_170,SET2_25,15,1,2025
RED SUBTERRANEA,SED2_01015,LLAVE2_15,SP,ALIM2_041,SET2_30,250,1,2025
RED SUBTERRANEA,SED2_02000,LLAVE2_19,SP,ALIM2_259,SET2_15,250,1,2025
RED SUBTERRANEA,SED2_02000,LLAVE2_09,SP,ALIM2_259,SET2_15,250,1,2025
FUSIBLE,SED2_04388,LLAVE2_09,SP,ALIM2_152,SET2_40,250,1,2025
RED AEREA,SED2_04125,LLAVE2_19,SP,ALIM2_037,SET2_23,100,1,2025
RED AEREA,SED2_04125,LLAVE2_15,SP,ALIM2_037,SET2_23,100,1,2025
RED AEREA,SED2_07128,LLAVE2_19,SP,ALIM2_037,SET2_23,100,1,2025
RED AEREA,SED2_07194,LLAVE2_09,SP,ALIM2_037,SET2_23,160,1,2025
RED AEREA,SED2_09515,LLAVE2_19,SP,ALIM2_083,SET2_23,160,1,2025
RED AEREA,SED2_01530,LLAVE2_19,SP,ALIM2_244,SET2_32,100,1,2025
RED SUBTERRANEA,SED2_09091,LLAVE2_19,SP,ALIM2_255,SET2_21,100,1,2025
RED AEREA,SED2_03686,LLAVE2_19,SP,ALIM2_183,SET2_12,100,1,2025
LLAVE,SED2_09394,LLAVE2_09,SP,ALIM2_481,SET2_12,250,1,2025
RED AEREA,SED2_09394,LLAVE2_09,SP,ALIM2_481,SET2_12,250,1,2025
RED AEREA,SED2_09394,LLAVE2_15,SP,ALIM2_481,SET2_12,250,1,2025
RED AEREA,SED2_04798,LLAVE2_15,SP,ALIM2_481,SET2_12,160,1,2025
RED AEREA,SED2_01346,LLAVE2_15,SP,ALIM2_011,SET2_17,50,1,2025
RED SUBTERRANEA,SED2_01346,LLAVE2_15,SP,ALIM2_011,SET2_17,50,1,2025
RED AEREA,SED2_07209,LLAVE2_19,SP,ALIM2_132,SET2_12,50,1,2025
RED AEREA,SED2_01270,LLAVE2_19,SP,ALIM2_216,SET2_45,100,1,2025
RED AEREA,SED2_08853,LLAVE2_19,SP,ALIM2_216,SET2_45,250,1,2025
RED AEREA,SED2_00688,LLAVE2_19,SP,ALIM2_481,SET2_12,50,1,2025
RED AEREA,SED2_04788,LLAVE2_15,SP,ALIM2_072,SET2_23,100,1,2025
RED AEREA,SED2_00794,LLAVE2_19,SP,ALIM2_062,SET2_06,250,1,2025
RED AEREA,SED2_00892,LLAVE2_09,SP,ALIM2_068,SET2_32,100,1,2025
RED AEREA,SED2_00892,LLAVE2_15,SP,ALIM2_068,SET2_32,100,1,2025
RED AEREA,SED2_03481,LLAVE2_19,SP,ALIM2_167,SET2_35,100,1,2025
RED AEREA,SED2_04482,LLAVE2_19,AP,ALIM2_167,SET2_35,50,1,2025
RED SUBTERRANEA,SED2_00794,LLAVE2_21,SP,ALIM2_062,SET2_06,250,1,2025
RED SUBTERRANEA,SED2_09587,LLAVE2_19,SP,ALIM2_013,SET2_09,160,1,2025
RED SUBTERRANEA,SED2_00225,LLAVE2_19,SP,ALIM2_431,SET2_36,100,1,2025
RED SUBTERRANEA,SED2_00225,LLAVE2_09,SP,ALIM2_431,SET2_36,100,1,2025
RED AEREA,SED2_00944,LLAVE2_19,SP,ALIM2_306,SET2_12,100,1,2025
RED AEREA,SED2_06953,LLAVE2_19,SP,ALIM2_306,SET2_12,160,1,2025
RED AEREA,SED2_09682,LLAVE2_09,SP,ALIM2_306,SET2_12,100,1,2025
RED AEREA,SED2_01142,LLAVE2_19,SP,ALIM2_306,SET2_12,160,1,2025
RED AEREA,SED2_01142,LLAVE2_09,SP,ALIM2_306,SET2_12,160,1,2025
RED AEREA,SED2_01142,LLAVE2_15,SP,ALIM2_306,SET2_12,160,1,2025
RED AEREA,SED2_01142,LLAVE2_21,SP,ALIM2_306,SET2_12,160,1,2025
RED AEREA,SED2_07611,LLAVE2_09,SP,ALIM2_306,SET2_12,160,1,2025
RED SUBTERRANEA,SED2_08759,LLAVE2_15,SP,ALIM2_473,SET2_46,400,1,2025
RED AEREA,SED2_08012,LLAVE2_19,SP,ALIM2_132,SET2_12,100,1,2025
RED AEREA,SED2_07116,LLAVE2_09,SP,ALIM2_305,SET2_33,160,1,2025
RED AEREA,SED2_02685,LLAVE2_19,SP,ALIM2_265,SET2_33,250,1,2025
RED AEREA,SED2_08180,LLAVE2_09,SP,ALIM2_293,SET2_06,160,1,2025
RED AEREA,SED2_07700,LLAVE2_19,SP,ALIM2_114,SET2_06,100,1,2025
FUSIBLE,SED2_08307,LLAVE2_19,SP,ALIM2_016,SET2_36,250,1,2025
FUSIBLE,SED2_08307,LLAVE2_15,SP,ALIM2_016,SET2_36,250,1,2025
RED AEREA,SED2_03148,LLAVE2_19,SP,ALIM2_252,SET2_22,250,1,2025
RED AEREA,SED2_05264,LLAVE2_21,SP,ALIM2_252,SET2_22,250,1,2025
FUSIBLE,SED2_05768,LLAVE2_15,SP,ALIM2_034,SET2_31,250,1,2025
RED AEREA,SED2_02568,LLAVE2_19,SP,ALIM2_160,SET2_33,160,1,2025
RED AEREA,SED2_07101,LLAVE2_09,SP,ALIM2_326,SET2_35,50,1,2025
RED AEREA,SED2_07281,LLAVE2_09,SP,ALIM2_108,SET2_22,160,1,2025
RED SUBTERRANEA,SED2_00094,LLAVE2_09,SP,SIN DATA,SIN DATA,SIN DATA,1,2025
RED SUBTERRANEA,SED2_00182,LLAVE2_09,SP,SIN DATA,SIN DATA,SIN DATA,1,2025
RED AEREA,SED2_01319,LLAVE2_09,SP,ALIM2_083,SET2_23,50,1,2025
RED AEREA,SED2_05479,LLAVE2_19,SP,ALIM2_136,SET2_12,100,1,2025
RED AEREA,SED2_08027,LLAVE2_19,SP,ALIM2_132,SET2_12,100,1,2025
RED AEREA,SED2_09030,LLAVE2_09,SP,ALIM2_306,SET2_12,100,1,2025
RED AEREA,SED2_08916,LLAVE2_19,SP,ALIM2_306,SET2_12,100,1,2025
RED AEREA,SED2_05145,LLAVE2_15,SP,ALIM2_333,SET2_09,400,1,2025
RED SUBTERRANEA,SED2_08599,LLAVE2_09,SP,ALIM2_006,SET2_08,400,1,2025
FUSIBLE,SED2_08599,LLAVE2_15,SP,ALIM2_006,SET2_08,400,1,2025
FUSIBLE,SED2_01289,LLAVE2_19,SP,ALIM2_246,SET2_21,250,1,2025
RED AEREA,SED2_00695,LLAVE2_09,SP,ALIM2_416,SET2_33,100,1,2025
RED SUBTERRANEA,SED2_00421,LLAVE2_09,SP,ALIM2_027,SET2_41,100,1,2025
RED SUBTERRANEA,SED2_04462,LLAVE2_19,SP,ALIM2_428,SET2_17,160,1,2025
RED SUBTERRANEA,SED2_04462,LLAVE2_09,SP,ALIM2_428,SET2_17,160,1,2025
RED SUBTERRANEA,SED2_02327,LLAVE2_09,SP,ALIM2_373,SET2_17,400,1,2025
RED SUBTERRANEA,SED2_02327,LLAVE2_15,SP,ALIM2_373,SET2_17,400,1,2025
RED SUBTERRANEA,SED2_07223,LLAVE2_09,SP,ALIM2_417,SET2_36,100,1,2025
RED SUBTERRANEA,SED2_01401,LLAVE2_19,SP,ALIM2_201,SET2_41,250,1,2025
RED SUBTERRANEA,SED2_01053,LLAVE2_15,SP,ALIM2_476,SET2_02,250,1,2025
RED AEREA,SED2_09364,LLAVE2_19,SP,ALIM2_389,SET2_28,100,1,2025
RED AEREA,SED2_00169,LLAVE2_19,SP,ALIM2_405,SET2_37,100,1,2025
FUSIBLE,SED2_05424,LLAVE2_19,SP,ALIM2_443,SET2_14,100,1,2025
RED AEREA,SED2_05424,LLAVE2_15,SP,ALIM2_443,SET2_14,100,1,2025
RED AEREA,SED2_04104,LLAVE2_09,SP,ALIM2_340,SET2_02,160,1,2025
RED AEREA,SED2_04653,LLAVE2_19,AP,ALIM2_056,SET2_37,15,1,2025
RED AEREA,SED2_06149,LLAVE2_19,SP,ALIM2_316,SET2_23,100,1,2025
RED AEREA,SED2_06332,LLAVE2_19,AP,ALIM2_316,SET2_23,50,1,2025
RED AEREA,SED2_06332,LLAVE2_19,SP,ALIM2_316,SET2_23,50,1,2025
RED AEREA,SED2_06332,LLAVE2_09,SP,ALIM2_316,SET2_23,50,1,2025
RED AEREA,SED2_02481,LLAVE2_19,SP,ALIM2_316,SET2_23,100,1,2025
RED SUBTERRANEA,SED2_07822,LLAVE2_09,SP,ALIM2_235,SET2_46,250,1,2025
RED AEREA,SED2_05962,LLAVE2_09,SP,ALIM2_414,SET2_18,250,1,2025
RED AEREA,SED2_09458,LLAVE2_19,SP,ALIM2_414,SET2_18,160,1,2025
RED AEREA,SED2_08442,LLAVE2_19,SP,ALIM2_059,SET2_46,50,1,2025
LLAVE,SED2_01600,LLAVE2_09,SP,ALIM2_284,SET2_32,100,1,2025
RED AEREA,SED2_01600,LLAVE2_09,SP,ALIM2_284,SET2_32,100,1,2025
RED AEREA,SED2_02284,LLAVE2_19,SP,ALIM2_116,SET2_32,160,1,2025
RED SUBTERRANEA,SED2_02284,LLAVE2_09,SP,ALIM2_116,SET2_32,160,1,2025
RED AEREA,SED2_06789,LLAVE2_19,SP,ALIM2_414,SET2_18,160,1,2025
FUSIBLE,SED2_06789,LLAVE2_15,SP,ALIM2_414,SET2_18,160,1,2025
RED AEREA,SED2_06789,LLAVE2_21,SP,ALIM2_414,SET2_18,160,1,2025
RED SUBTERRANEA,SED2_01342,LLAVE2_19,SP,ALIM2_414,SET2_18,100,1,2025
RED SUBTERRANEA,SED2_01342,LLAVE2_15,SP,ALIM2_414,SET2_18,100,1,2025
RED SUBTERRANEA,SED2_01342,LLAVE2_21,SP,ALIM2_414,SET2_18,100,1,2025
RED AEREA,SED2_04357,LLAVE2_09,SP,ALIM2_360,SET2_06,160,1,2025
RED AEREA,SED2_02688,LLAVE2_19,SP,ALIM2_015,SET2_25,50,1,2025
RED AEREA,SED2_02354,LLAVE2_15,SP,ALIM2_086,SET2_33,400,1,2025
RED SUBTERRANEA,SED2_08419,LLAVE2_15,SP,ALIM2_177,SET2_08,250,1,2025
RED AEREA,SED2_00778,LLAVE2_09,SP,ALIM2_232,SET2_28,160,1,2025
FUSIBLE,SED2_03911,LLAVE2_19,SP,SIN DATA,SIN DATA,SIN DATA,1,2025
RED SUBTERRANEA,SED2_03911,LLAVE2_19,SP,SIN DATA,SIN DATA,SIN DATA,1,2025
RED SUBTERRANEA,SED2_03911,LLAVE2_09,SP,SIN DATA,SIN DATA,SIN DATA,1,2025
RED SUBTERRANEA,SED2_06314,LLAVE2_09,SP,ALIM2_196,SET2_38,400,1,2025
RED AEREA,SED2_03557,LLAVE2_09,SP,ALIM2_112,SET2_35,250,1,2025
RED SUBTERRANEA,SED2_03557,LLAVE2_15,SP,ALIM2_112,SET2_35,250,1,2025
LLAVE,SED2_07829,LLAVE2_09,SP,ALIM2_112,SET2_35,100,1,2025
RED AEREA,SED2_04736,LLAVE2_09,SP,ALIM2_124,SET2_32,100,1,2025
RED AEREA,SED2_06731,LLAVE2_19,SP,ALIM2_325,SET2_23,100,1,2025
RED AEREA,SED2_00532,LLAVE2_19,SP,ALIM2_021,SET2_32,25,1,2025
RED AEREA,SED2_00312,LLAVE2_19,SP,ALIM2_266,SET2_26,50,1,2025
RED AEREA,SED2_00860,LLAVE2_19,SP,ALIM2_402,SET2_10,100,1,2025
RED AEREA,SED2_03600,LLAVE2_15,SP,ALIM2_245,SET2_04,250,1,2025
RED AEREA,SED2_01599,LLAVE2_19,SP,ALIM2_108,SET2_22,50,1,2025
RED AEREA,SED2_09693,LLAVE2_15,SP,ALIM2_034,SET2_31,100,1,2025
RED AEREA,SED2_02174,LLAVE2_09,SP,ALIM2_117,SET2_10,100,1,2025
RED AEREA,SED2_08285,LLAVE2_19,SP,ALIM2_243,SET2_42,100,1,2025
RED AEREA,SED2_01907,LLAVE2_09,SP,ALIM2_281,SET2_37,50,1,2025
RED AEREA,SED2_06355,LLAVE2_19,SP,ALIM2_281,SET2_37,50,1,2025
RED AEREA,SED2_01134,LLAVE2_19,SP,ALIM2_281,SET2_37,15,1,2025
RED AEREA,SED2_04749,LLAVE2_09,SP,ALIM2_478,SET2_44,50,1,2025
FUSIBLE,SED2_00519,LLAVE2_09,SP,ALIM2_478,SET2_44,100,1,2025
RED AEREA,SED2_00519,LLAVE2_09,SP,ALIM2_478,SET2_44,100,1,2025
RED AEREA,SED2_04574,LLAVE2_15,SP,ALIM2_478,SET2_44,100,1,2025
RED AEREA,SED2_05996,LLAVE2_19,SP,ALIM2_243,SET2_42,125,1,2025
RED AEREA,SED2_06271,LLAVE2_09,SP,ALIM2_243,SET2_42,250,1,2025
RED AEREA,SED2_06271,LLAVE2_21,SP,ALIM2_243,SET2_42,250,1,2025
RED AEREA,SED2_03975,LLAVE2_19,SP,ALIM2_010,SET2_42,160,1,2025
RED AEREA,SED2_03975,LLAVE2_09,SP,ALIM2_010,SET2_42,160,1,2025
RED AEREA,SED2_07763,LLAVE2_19,SP,ALIM2_142,SET2_42,25,1,2025
RED AEREA,SED2_07763,LLAVE2_09,SP,ALIM2_142,SET2_42,25,1,2025
RED AEREA,SED2_08044,LLAVE2_19,SP,ALIM2_243,SET2_42,100,1,2025
FUSIBLE,SED2_04345,LLAVE2_19,SP,ALIM2_110,SET2_42,50,1,2025
RED AEREA,SED2_04345,LLAVE2_09,SP,ALIM2_110,SET2_42,50,1,2025
RED AEREA,SED2_03324,LLAVE2_19,SP,ALIM2_010,SET2_42,100,1,2025
RED AEREA,SED2_03464,LLAVE2_09,SP,ALIM2_142,SET2_42,160,1,2025
RED AEREA,SED2_00231,LLAVE2_19,SP,ALIM2_425,SET2_11,100,1,2025
RED AEREA,SED2_00873,LLAVE2_09,SP,ALIM2_443,SET2_14,100,1,2025
FUSIBLE,SED2_04997,LLAVE2_09,SP,ALIM2_301,SET2_38,250,1,2025
RED SUBTERRANEA,SED2_04997,LLAVE2_09,SP,ALIM2_301,SET2_38,250,1,2025
FUSIBLE,SED2_04997,LLAVE2_21,SP,ALIM2_301,SET2_38,250,1,2025
RED SUBTERRANEA,SED2_04997,LLAVE2_21,SP,ALIM2_301,SET2_38,250,1,2025
RED SUBTERRANEA,SED2_02728,LLAVE2_19,SP,ALIM2_370,SET2_21,160,1,2025
RED AEREA,SED2_05755,LLAVE2_19,SP,ALIM2_040,SET2_40,250,1,2025
RED AEREA,SED2_00765,LLAVE2_19,SP,ALIM2_040,SET2_40,100,1,2025
RED AEREA,SED2_09252,LLAVE2_19,SP,ALIM2_040,SET2_40,100,1,2025
RED SUBTERRANEA,SED2_09252,LLAVE2_09,SP,ALIM2_040,SET2_40,100,1,2025
RED AEREA,SED2_05213,LLAVE2_09,SP,ALIM2_040,SET2_40,400,1,2025
RED SUBTERRANEA,SED2_05213,LLAVE2_09,SP,ALIM2_040,SET2_40,400,1,2025
RED SUBTERRANEA,SED2_05213,LLAVE2_21,SP,ALIM2_040,SET2_40,400,1,2025
RED AEREA,SED2_00582,LLAVE2_09,SP,ALIM2_040,SET2_40,100,1,2025
RED AEREA,SED2_06945,LLAVE2_09,SP,ALIM2_478,SET2_44,50,1,2025
FUSIBLE,SED2_02340,LLAVE2_19,SP,ALIM2_056,SET2_37,100,1,2025
RED AEREA,SED2_01929,LLAVE2_09,SP,ALIM2_327,SET2_18,50,1,2025
RED AEREA,SED2_03340,LLAVE2_21,SP,ALIM2_413,SET2_13,160,1,2025
RED AEREA,SED2_04664,LLAVE2_09,SP,ALIM2_281,SET2_37,100,1,2025
RED AEREA,SED2_09440,LLAVE2_19,SP,ALIM2_015,SET2_25,100,1,2025
RED AEREA,SED2_07433,LLAVE2_09,SP,ALIM2_316,SET2_23,250,1,2025
RED AEREA,SED2_07433,LLAVE2_15,SP,ALIM2_316,SET2_23,250,1,2025
RED AEREA,SED2_05387,LLAVE2_19,SP,ALIM2_284,SET2_32,25,1,2025
RED AEREA,SED2_04561,LLAVE2_19,SP,ALIM2_108,SET2_22,100,1,2025
RED AEREA,SED2_04561,LLAVE2_09,SP,ALIM2_108,SET2_22,100,1,2025
RED AEREA,SED2_02375,LLAVE2_19,SP,ALIM2_085,SET2_42,20,1,2025
RED AEREA,SED2_02155,LLAVE2_19,SP,ALIM2_085,SET2_42,50,1,2025
RED AEREA,SED2_03701,LLAVE2_09,SP,ALIM2_021,SET2_32,100,1,2025
FUSIBLE,SED2_03372,LLAVE2_09,SP,ALIM2_372,SET2_44,160,1,2025
RED AEREA,SED2_03372,LLAVE2_09,SP,ALIM2_372,SET2_44,160,1,2025
RED AEREA,SED2_06638,LLAVE2_19,SP,ALIM2_124,SET2_32,160,1,2025
FUSIBLE,SED2_06978,LLAVE2_15,SP,ALIM2_124,SET2_32,160,1,2025
RED AEREA,SED2_07636,LLAVE2_09,SP,ALIM2_153,SET2_31,160,1,2025
RED AEREA,SED2_04353,LLAVE2_19,SP,ALIM2_053,SET2_12,100,1,2025
RED SUBTERRANEA,SED2_09114,LLAVE2_15,SP,ALIM2_266,SET2_26,250,1,2025
RED AEREA,SED2_05868,LLAVE2_09,SP,ALIM2_413,SET2_13,100,1,2025
RED AEREA,SED2_06611,LLAVE2_09,SP,ALIM2_467,SET2_24,50,1,2025
RED AEREA,SED2_02377,LLAVE2_19,SP,ALIM2_125,SET2_18,50,1,2025
RED AEREA,SED2_07077,LLAVE2_19,SP,ALIM2_368,SET2_31,160,1,2025
LLAVE,SED2_09082,LLAVE2_15,SP,ALIM2_381,SET2_45,160,1,2025
RED AEREA,SED2_05069,LLAVE2_09,SP,ALIM2_381,SET2_45,100,1,2025
RED AEREA,SED2_06932,LLAVE2_19,SP,ALIM2_032,SET2_04,100,1,2025
RED AEREA,SED2_03004,LLAVE2_09,SP,ALIM2_413,SET2_13,160,1,2025
RED AEREA,SED2_08367,LLAVE2_09,SP,ALIM2_021,SET2_32,100,1,2025
RED AEREA,SED2_03986,LLAVE2_09,SP,ALIM2_241,SET2_35,100,1,2025
RED AEREA,SED2_06233,LLAVE2_19,SP,ALIM2_077,SET2_40,160,1,2025
RED SUBTERRANEA,SED2_06233,LLAVE2_21,SP,ALIM2_077,SET2_40,160,1,2025
RED AEREA,SED2_04817,LLAVE2_19,AP,ALIM2_037,SET2_23,160,1,2025
RED AEREA,SED2_04817,LLAVE2_19,SP,ALIM2_037,SET2_23,160,1,2025
RED AEREA,SED2_05412,LLAVE2_19,AP,ALIM2_037,SET2_23,100,1,2025
RED AEREA,SED2_05412,LLAVE2_15,SP,ALIM2_037,SET2_23,100,1,2025
RED AEREA,SED2_05288,LLAVE2_15,SP,ALIM2_364,SET2_18,100,1,2025
RED AEREA,SED2_01911,LLAVE2_19,SP,ALIM2_294,SET2_18,100,1,2025
RED AEREA,SED2_01911,LLAVE2_09,SP,ALIM2_294,SET2_18,100,1,2025
RED AEREA,SED2_09594,LLAVE2_19,SP,ALIM2_071,SET2_18,100,1,2025
RED AEREA,SED2_09594,LLAVE2_15,SP,ALIM2_071,SET2_18,100,1,2025
FUSIBLE,SED2_08278,LLAVE2_19,SP,ALIM2_071,SET2_18,160,1,2025
RED AEREA,SED2_08278,LLAVE2_15,SP,ALIM2_071,SET2_18,160,1,2025
RED AEREA,SED2_00198,LLAVE2_19,SP,ALIM2_071,SET2_18,100,1,2025
RED AEREA,SED2_00198,LLAVE2_09,SP,ALIM2_071,SET2_18,100,1,2025
RED AEREA,SED2_04071,LLAVE2_19,SP,ALIM2_281,SET2_37,100,1,2025
RED AEREA,SED2_06242,LLAVE2_09,SP,ALIM2_462,SET2_37,160,1,2025
RED AEREA,SED2_06082,LLAVE2_19,SP,ALIM2_462,SET2_37,100,1,2025
FUSIBLE,SED2_02165,LLAVE2_09,SP,ALIM2_320,SET2_37,250,1,2025
RED AEREA,SED2_09819,LLAVE2_19,AP,ALIM2_462,SET2_37,100,1,2025
RED AEREA,SED2_01193,LLAVE2_19,SP,ALIM2_054,SET2_37,100,1,2025
RED AEREA,SED2_08708,LLAVE2_09,SP,ALIM2_246,SET2_21,250,1,2025
RED AEREA,SED2_00095,LLAVE2_19,SP,ALIM2_162,SET2_37,50,1,2025
RED AEREA,SED2_01069,LLAVE2_19,SP,ALIM2_162,SET2_37,25,1,2025
RED SUBTERRANEA,SED2_05363,LLAVE2_19,SP,ALIM2_011,SET2_17,160,1,2025
RED SUBTERRANEA,SED2_01438,LLAVE2_09,SP,ALIM2_355,SET2_30,400,1,2025
RED SUBTERRANEA,SED2_04598,LLAVE2_19,SP,ALIM2_355,SET2_30,250,1,2025
RED SUBTERRANEA,SED2_02323,LLAVE2_19,SP,ALIM2_119,SET2_42,50,1,2025
RED AEREA,SED2_00967,LLAVE2_19,SP,ALIM2_443,SET2_14,50,1,2025
RED AEREA,SED2_07395,LLAVE2_19,SP,ALIM2_280,SET2_24,25,1,2025
RED AEREA,SED2_08374,LLAVE2_09,SP,ALIM2_467,SET2_24,25,1,2025
RED SUBTERRANEA,SED2_09902,LLAVE2_19,SP,ALIM2_238,SET2_36,250,1,2025
FUSIBLE,SED2_09902,LLAVE2_09,SP,ALIM2_238,SET2_36,250,1,2025
RED AEREA,SED2_09902,LLAVE2_09,SP,ALIM2_238,SET2_36,250,1,2025
RED SUBTERRANEA,SED2_04467,LLAVE2_09,SP,ALIM2_263,SET2_31,400,1,2025
RED SUBTERRANEA,SED2_04467,LLAVE2_21,SP,ALIM2_263,SET2_31,400,1,2025
RED AEREA,SED2_05130,LLAVE2_09,SP,ALIM2_269,SET2_24,100,1,2025
RED SUBTERRANEA,SED2_05929,LLAVE2_09,SP,ALIM2_309,SET2_30,160,1,2025
RED SUBTERRANEA,SED2_05929,LLAVE2_15,SP,ALIM2_309,SET2_30,160,1,2025
FUSIBLE,SED2_06019,LLAVE2_19,SP,ALIM2_467,SET2_24,100,1,2025
FUSIBLE,SED2_01705,LLAVE2_19,SP,ALIM2_256,SET2_38,400,1,2025
RED SUBTERRANEA,SED2_03523,LLAVE2_21,SP,ALIM2_177,SET2_08,160,1,2025
RED SUBTERRANEA,SED2_06857,LLAVE2_15,SP,ALIM2_458,SET2_43,160,1,2025
RED AEREA,SED2_01936,LLAVE2_09,SP,ALIM2_067,SET2_35,160,1,2025
RED SUBTERRANEA,SED2_00517,LLAVE2_09,SP,ALIM2_373,SET2_17,160,1,2025
RED AEREA,SED2_02224,LLAVE2_09,SP,ALIM2_222,SET2_16,400,1,2025
RED SUBTERRANEA,SED2_09543,LLAVE2_09,SP,ALIM2_064,SET2_01,400,1,2025
RED SUBTERRANEA,SED2_03579,LLAVE2_19,SP,ALIM2_185,SET2_31,100,1,2025
RED SUBTERRANEA,SED2_04410,LLAVE2_09,SP,ALIM2_080,SET2_13,160,1,2025
RED SUBTERRANEA,SED2_09411,LLAVE2_19,SP,ALIM2_339,SET2_15,160,1,2025
RED SUBTERRANEA,SED2_04136,LLAVE2_19,SP,ALIM2_185,SET2_31,160,1,2025
RED SUBTERRANEA,SED2_08615,LLAVE2_09,SP,ALIM2_185,SET2_31,100,1,2025
RED AEREA,SED2_00370,LLAVE2_19,SP,ALIM2_356,SET2_31,160,1,2025
RED SUBTERRANEA,SED2_03770,LLAVE2_09,SP,ALIM2_126,SET2_02,400,1,2025
RED AEREA,SED2_01988,LLAVE2_19,SP,ALIM2_108,SET2_22,160,1,2025
RED AEREA,SED2_05844,LLAVE2_19,SP,ALIM2_313,SET2_42,160,1,2025
RED SUBTERRANEA,SED2_05844,LLAVE2_09,SP,ALIM2_313,SET2_42,160,1,2025
