SED_ID,POTENCIA [KVA],Clientes BT Cantidad Referencial,AÑO
SED2_02463,630,274,2024
SED2_04730,400,505,2024
SED2_01360,630,629,2024
SED2_05992,400,308,2024
SED2_06077,630,473,2024
SED2_08291,630,387,2024
SED2_03190,1430,907,2024
SED2_03338,630,74,2024
SED2_04324,630,295,2024
SED2_09840,1030,335,2024
SED2_05376,630,209,2024
SED2_03418,1260,378,2024
SED2_08461,1260,317,2024
SED2_04183,630,315,2024
SED2_08921,630,849,2024
SED2_04452,1200,168,2024
SED2_03983,1260,408,2024
SED2_00013,800,418,2024
SED2_02055,630,251,2024
SED2_05169,630,305,2024
SED2_04648,1030,304,2024
SED2_09551,630,532,2024
SED2_01694,630,772,2024
SED2_06112,1260,479,2024
SED2_08601,630,450,2024
SED2_01512,630,1095,2024
SED2_04687,400,1008,2024
SED2_08383,630,652,2024
SED2_00264,400,372,2024
SED2_03306,1260,204,2024
SED2_00960,1030,180,2024
SED2_08405,400,40,2024
SED2_02919,630,829,2024
SED2_06263,400,363,2024
SED2_06660,630,475,2024
SED2_09878,900,39,2024
SED2_04186,1400,719,2024
SED2_01942,800,789,2024
SED2_03273,980,215,2024
SED2_06147,250,2,2024
SED2_04241,800,,2024
SED2_04549,630,170,2024
SED2_04133,550,220,2024
SED2_05832,630,273,2024
SED2_08158,630,629,2024
SED2_01889,250,244,2024
SED2_08332,630,765,2024
SED2_01410,400,283,2024
SED2_02221,1030,816,2024
SED2_04413,1100,414,2024
SED2_05542,400,183,2024
SED2_03574,250,339,2024
SED2_06991,630,182,2024
SED2_08656,400,213,2024
SED2_08771,350,434,2024
SED2_04567,630,779,2024
SED2_07679,630,290,2024
SED2_09467,630,318,2024
SED2_02614,630,721,2024
SED2_02787,150,423,2024
SED2_02148,250,70,2024
SED2_04057,250,81,2024
SED2_08107,100,1,2024
SED2_05629,50,SIN DATA,2024
SED2_07614,50,SIN DATA,2024
SED2_05855,50,1,2024
SED2_09619,400,342,2024
SED2_07650,630,390,2024
SED2_09358,630,227,2024
SED2_02773,800,847,2024
SED2_09315,350,87,2024
SED2_08976,1260,412,2024
SED2_05328,1260,348,2024
SED2_08248,500,23,2024
SED2_00463,800,3,2024
SED2_09278,630,15,2024
SED2_03513,630,531,2024
SED2_07701,250,3,2024
SED2_06159,400,192,2024
SED2_03565,630,655,2024
SED2_03603,1180,527,2024
SED2_01001,630,13,2024
SED2_07917,400,229,2024
SED2_07684,0,SIN DATA,2024
SED2_06179,400,19,2024
SED2_01990,160,72,2024
SED2_00476,50,SIN DATA,2024
SED2_05554,800,265,2024
SED2_02853,630,153,2024
SED2_09197,50,SIN DATA,2024
SED2_05872,800,671,2024
SED2_01573,1030,161,2024
SED2_09286,1260,97,2024
SED2_00159,25,SIN DATA,2024
SED2_05754,630,574,2024
SED2_08184,1260,243,2024
SED2_09146,630,105,2024
SED2_03622,700,612,2024
SED2_00569,0,SIN DATA,2024
SED2_02029,630,634,2024
SED2_01597,630,827,2024
SED2_00110,50,SIN DATA,2024
SED2_09636,630,78,2024
SED2_09067,630,436,2024
SED2_00267,630,446,2024
SED2_01727,630,571,2024
SED2_04555,600,279,2024
SED2_09716,400,239,2024
SED2_02373,50,SIN DATA,2024
SED2_07387,630,487,2024
SED2_07500,630,352,2024
SED2_05958,400,119,2024
SED2_09679,630,177,2024
SED2_01832,630,251,2024
SED2_06415,1260,616,2024
SED2_03239,630,423,2024
SED2_00384,50,SIN DATA,2024
SED2_02985,630,416,2024
SED2_05843,1260,142,2024
SED2_07053,1730,209,2024
SED2_09829,630,368,2024
SED2_07740,630,170,2024
SED2_04816,0,SIN DATA,2024
SED2_01416,630,147,2024
SED2_07215,50,SIN DATA,2024
SED2_00994,1260,465,2024
SED2_03502,400,378,2024
SED2_02730,400,149,2024
SED2_05308,50,SIN DATA,2024
SED2_04712,630,175,2024
SED2_04116,250,26,2024
SED2_05646,1260,375,2024
SED2_06597,1350,13,2024
SED2_06072,400,394,2024
SED2_08595,800,770,2024
SED2_02144,630,892,2024
SED2_00885,630,973,2024
SED2_00749,400,173,2024
SED2_01121,400,439,2024
SED2_06032,400,417,2024
SED2_03534,200,329,2024
SED2_08232,400,475,2024
SED2_06191,50,SIN DATA,2024
SED2_07598,630,226,2024
SED2_02547,160,SIN DATA,2024
SED2_07195,800,105,2024
SED2_06154,800,312,2024
SED2_00405,350,368,2024
SED2_06926,400,389,2024
SED2_01219,630,623,2024
SED2_01664,630,261,2024
SED2_06178,630,142,2024
SED2_09044,630,361,2024
SED2_01626,630,757,2024
SED2_05159,800,304,2024
SED2_08275,0,SIN DATA,2024
SED2_00238,0,SIN DATA,2024
SED2_03646,0,SIN DATA,2024
SED2_02585,630,70,2024
SED2_03486,400,169,2024
SED2_05955,400,451,2024
SED2_00783,630,552,2024
SED2_01267,1040,791,2024
SED2_05269,50,SIN DATA,2024
SED2_05826,50,SIN DATA,2024
SED2_05731,630,38,2024
SED2_07244,100,4,2024
SED2_09453,50,SIN DATA,2024
SED2_02598,50,SIN DATA,2024
SED2_06813,50,SIN DATA,2024
SED2_05660,0,SIN DATA,2024
SED2_07400,100,35,2024
SED2_02841,220,181,2024
SED2_03663,400,106,2024
SED2_01822,25,SIN DATA,2024
SED2_04939,630,571,2024
SED2_08161,50,SIN DATA,2024
SED2_06519,50,SIN DATA,2024
SED2_02811,400,21,2024
SED2_02699,400,147,2024
SED2_01435,400,254,2024
SED2_01640,630,626,2024
SED2_06080,160,SIN DATA,2024
SED2_03905,630,299,2024
SED2_02527,0,SIN DATA,2024
SED2_06201,800,80,2024
SED2_07383,100,2,2024
SED2_04708,50,SIN DATA,2024
SED2_03744,630,1239,2024
SED2_08190,630,525,2024
SED2_08941,350,271,2024
SED2_05968,160,4,2024
SED2_09430,630,15,2024
SED2_04715,550,11,2024
SED2_06806,630,564,2024
SED2_09283,50,SIN DATA,2024
SED2_03841,630,440,2024
SED2_08125,800,757,2024
SED2_08783,400,493,2024
SED2_02520,400,433,2024
SED2_00521,800,989,2024
SED2_04092,630,454,2024
SED2_05497,800,162,2024
SED2_00564,630,245,2024
SED2_03360,1260,140,2024
SED2_04420,400,12,2024
SED2_02624,1430,126,2024
SED2_02549,400,110,2024
SED2_04645,400,364,2024
SED2_01522,550,492,2024
SED2_04967,1260,533,2024
SED2_07818,25,SIN DATA,2024
SED2_02997,50,56,2024
SED2_03819,630,221,2024
SED2_08104,250,11,2024
SED2_08194,50,SIN DATA,2024
SED2_02258,160,176,2024
SED2_00269,0,SIN DATA,2024
SED2_03639,50,SIN DATA,2024
SED2_00543,250,57,2024
SED2_08547,630,351,2024
SED2_08292,0,SIN DATA,2024
SED2_02850,630,737,2024
SED2_07549,0,SIN DATA,2024
SED2_01719,630,21,2024
SED2_03966,100,10,2024
SED2_03668,50,SIN DATA,2024
SED2_04945,250,SIN DATA,2024
SED2_02218,1030,386,2024
SED2_05697,630,704,2024
SED2_03731,630,619,2024
SED2_06495,250,157,2024
SED2_06291,350,259,2024
SED2_04508,400,333,2024
SED2_06893,800,489,2024
SED2_03795,630,254,2024
SED2_09158,50,SIN DATA,2024
SED2_09851,0,SIN DATA,2024
SED2_02580,1260,368,2024
SED2_03628,630,1259,2024
SED2_05349,640,264,2024
SED2_05281,630,638,2024
SED2_09000,630,416,2024
SED2_05932,630,744,2024
SED2_08077,800,569,2024
SED2_06987,750,632,2024
SED2_06073,50,SIN DATA,2024
SED2_00174,400,468,2024
SED2_02836,630,479,2024
SED2_03897,630,634,2024
SED2_06372,630,662,2024
SED2_09391,1260,499,2024
SED2_05804,250,1,2024
SED2_04743,50,SIN DATA,2024
SED2_03488,630,927,2024
SED2_04023,50,SIN DATA,2024
SED2_07646,650,120,2024
SED2_03933,50,SIN DATA,2024
SED2_02263,0,SIN DATA,2024
SED2_05830,0,SIN DATA,2024
SED2_09325,630,183,2024
SED2_02462,50,SIN DATA,2024
SED2_06903,25,SIN DATA,2024
SED2_01179,0,SIN DATA,2024
SED2_02408,630,156,2024
SED2_06805,630,15,2024
SED2_03766,0,SIN DATA,2024
SED2_04570,400,119,2024
SED2_09517,1030,1,2024
SED2_02564,400,145,2024
SED2_02303,50,SIN DATA,2024
SED2_07151,50,SIN DATA,2024
SED2_03422,50,SIN DATA,2024
SED2_01979,400,4,2024
SED2_03298,250,21,2024
SED2_08956,160,69,2024
SED2_05014,50,SIN DATA,2024
SED2_03815,160,5,2024
SED2_03352,630,23,2024
SED2_08568,630,120,2024
SED2_09491,160,16,2024
SED2_00058,400,171,2024
SED2_04723,50,SIN DATA,2024
SED2_02019,250,241,2024
SED2_05478,400,130,2024
SED2_01437,400,431,2024
SED2_02899,630,873,2024
SED2_01156,630,480,2024
SED2_02569,50,3,2024
SED2_01926,630,246,2024
SED2_08478,630,150,2024
SED2_04198,400,1,2024
SED2_08768,630,377,2024
SED2_08212,400,3,2024
SED2_09877,50,SIN DATA,2024
SED2_00140,630,236,2024
SED2_00085,640,735,2024
SED2_06943,630,531,2024
SED2_03238,400,280,2024
SED2_07212,400,308,2024
SED2_02388,1260,224,2024
SED2_07324,50,SIN DATA,2024
SED2_01623,400,217,2024
SED2_00844,630,313,2024
SED2_07439,400,55,2024
SED2_09061,400,55,2024
SED2_08905,630,580,2024
SED2_03606,160,78,2024
SED2_03518,630,149,2024
SED2_00073,220,133,2024
SED2_07284,1260,81,2024
SED2_03691,50,SIN DATA,2024
SED2_04293,630,392,2024
SED2_02356,630,379,2024
SED2_08583,1030,128,2024
SED2_06215,100,24,2024
SED2_08013,400,135,2024
SED2_08554,400,355,2024
SED2_05928,160,18,2024
SED2_00663,160,12,2024
SED2_02349,50,SIN DATA,2024
SED2_01093,630,673,2024
SED2_06369,400,87,2024
SED2_00459,50,1,2024
SED2_06174,50,SIN DATA,2024
SED2_00678,100,6,2024
SED2_07449,630,347,2024
SED2_08693,50,SIN DATA,2024
SED2_08798,250,11,2024
SED2_00584,1030,250,2024
SED2_00120,50,SIN DATA,2024
SED2_00658,630,490,2024
SED2_05568,400,1,2024
SED2_06451,250,69,2024
SED2_00697,630,675,2024
SED2_08209,250,164,2024
SED2_08835,0,SIN DATA,2024
SED2_03599,250,5,2024
SED2_02823,890,698,2024
SED2_08834,630,503,2024
SED2_04282,100,30,2024
SED2_08192,400,626,2024
SED2_04297,250,13,2024
SED2_06988,25,SIN DATA,2024
SED2_01903,50,SIN DATA,2024
SED2_08727,50,SIN DATA,2024
SED2_04027,50,SIN DATA,2024
SED2_00644,0,SIN DATA,2024
SED2_05960,1030,943,2024
SED2_09726,1260,625,2024
SED2_02116,400,249,2024
SED2_00429,1270,935,2024
SED2_01268,0,SIN DATA,2024
SED2_09751,50,SIN DATA,2024
SED2_06393,630,2,2024
SED2_08045,1260,127,2024
SED2_09092,400,7,2024
SED2_07863,10,SIN DATA,2024
SED2_08015,50,SIN DATA,2024
SED2_04242,250,112,2024
SED2_03770,400,172,2024
SED2_06111,1260,702,2024
SED2_06842,630,338,2024
SED2_05529,50,SIN DATA,2024
SED2_08673,50,SIN DATA,2024
SED2_09659,400,332,2024
SED2_05935,50,SIN DATA,2024
SED2_09834,400,497,2024
SED2_00642,400,375,2024
SED2_03383,630,380,2024
SED2_06779,630,502,2024
SED2_08967,640,378,2024
SED2_01959,400,177,2024
SED2_08513,50,SIN DATA,2024
SED2_07734,50,SIN DATA,2024
SED2_06807,630,629,2024
SED2_09660,630,686,2024
SED2_05375,50,SIN DATA,2024
SED2_06413,250,222,2024
SED2_07761,1260,487,2024
SED2_02101,250,328,2024
SED2_05553,220,211,2024
SED2_05438,200,291,2024
SED2_06099,400,304,2024
SED2_02755,250,114,2024
SED2_09476,400,680,2024
SED2_00014,400,200,2024
SED2_00985,400,37,2024
SED2_00428,10,SIN DATA,2024
SED2_09018,100,60,2024
SED2_05072,400,329,2024
SED2_02431,400,448,2024
SED2_01788,630,110,2024
SED2_07001,630,996,2024
SED2_05451,350,275,2024
SED2_00618,350,4,2024
SED2_01201,630,113,2024
SED2_03229,400,264,2024
SED2_01472,400,392,2024
SED2_00059,1260,923,2024
SED2_01097,1260,738,2024
SED2_01491,800,590,2024
SED2_00386,630,1106,2024
SED2_05158,1030,456,2024
SED2_05487,800,549,2024
SED2_02945,1430,190,2024
SED2_02231,400,452,2024
SED2_01964,400,533,2024
SED2_02245,800,40,2024
SED2_07606,630,516,2024
SED2_09289,630,654,2024
SED2_06732,630,571,2024
SED2_04757,50,SIN DATA,2024
SED2_02081,0,SIN DATA,2024
SED2_09013,50,SIN DATA,2024
SED2_03019,400,14,2024
SED2_00597,0,SIN DATA,2024
SED2_08402,400,336,2024
SED2_04249,630,518,2024
SED2_02100,630,696,2024
SED2_09381,1030,561,2024
SED2_03051,250,40,2024
SED2_06040,640,700,2024
SED2_04144,50,SIN DATA,2024
SED2_06243,400,3,2024
SED2_07860,1260,13,2024
SED2_08614,400,495,2024
SED2_07009,630,680,2024
SED2_08068,630,806,2024
SED2_02486,630,649,2024
SED2_01356,630,358,2024
SED2_00142,250,181,2024
SED2_04536,400,20,2024
SED2_06401,1890,127,2024
SED2_00628,250,2,2024
SED2_02072,400,25,2024
SED2_05722,630,400,2024
SED2_05348,400,587,2024
SED2_08263,400,423,2024
SED2_04439,400,381,2024
SED2_00393,800,593,2024
SED2_09574,400,450,2024
SED2_03209,400,101,2024
SED2_09357,400,134,2024
SED2_06745,400,137,2024
SED2_02817,630,388,2024
SED2_01032,800,103,2024
SED2_09926,400,478,2024
SED2_07110,550,666,2024
SED2_06662,630,215,2024
SED2_01275,400,237,2024
SED2_02025,50,359,2024
SED2_05074,400,847,2024
SED2_08830,400,6,2024
SED2_06020,630,334,2024
SED2_05990,630,634,2024
SED2_01497,160,84,2024
SED2_09234,630,411,2024
SED2_02043,160,69,2024
SED2_03178,1660,277,2024
SED2_09616,100,SIN DATA,2024
SED2_07523,640,391,2024
SED2_00755,50,SIN DATA,2024
SED2_07278,50,SIN DATA,2024
SED2_05892,1260,213,2024
SED2_09183,50,SIN DATA,2024
SED2_02062,50,SIN DATA,2024
SED2_04999,630,488,2024
SED2_08151,630,358,2024
SED2_02594,400,353,2024
SED2_04274,160,114,2024
SED2_03142,250,295,2024
SED2_04262,630,388,2024
SED2_08017,50,SIN DATA,2024
SED2_08541,630,253,2024
SED2_02341,50,SIN DATA,2024
SED2_07817,50,SIN DATA,2024
SED2_09004,1030,128,2024
SED2_02960,50,SIN DATA,2024
SED2_01182,0,SIN DATA,2024
SED2_09064,400,2,2024
SED2_08369,630,408,2024
SED2_07961,800,298,2024
SED2_08206,400,198,2024
SED2_05601,400,290,2024
SED2_06841,400,347,2024
SED2_04938,50,SIN DATA,2024
SED2_06549,400,764,2024
SED2_06965,630,973,2024
SED2_04432,630,54,2024
SED2_09068,400,280,2024
SED2_06199,160,165,2024
SED2_02313,20,1,2024
SED2_06169,50,SIN DATA,2024
SED2_01689,50,SIN DATA,2024
SED2_07150,50,SIN DATA,2024
SED2_01691,50,SIN DATA,2024
SED2_00938,50,SIN DATA,2024
SED2_08422,400,416,2024
SED2_04017,275,11,2024
SED2_03531,630,308,2024
SED2_00650,750,89,2024
SED2_03739,400,437,2024
SED2_00890,50,SIN DATA,2024
SED2_00183,400,10,2024
SED2_07312,50,SIN DATA,2024
SED2_02232,160,207,2024
SED2_09837,250,220,2024
SED2_09544,1260,196,2024
SED2_05961,1260,232,2024
SED2_09402,100,208,2024
SED2_08407,630,205,2024
SED2_02670,400,69,2024
SED2_06475,400,74,2024
SED2_07985,400,10,2024
SED2_00824,630,74,2024
SED2_07708,50,SIN DATA,2024
SED2_01985,630,418,2024
SED2_05976,250,23,2024
SED2_09649,630,311,2024
SED2_08644,630,137,2024
SED2_03386,630,260,2024
SED2_01409,1260,364,2024
SED2_08237,630,255,2024
SED2_06377,50,SIN DATA,2024
SED2_05783,275,74,2024
SED2_02642,160,147,2024
SED2_07996,50,SIN DATA,2024
SED2_06722,50,SIN DATA,2024
SED2_05719,630,318,2024
SED2_04025,50,SIN DATA,2024
SED2_02566,160,210,2024
SED2_04626,400,390,2024
SED2_04501,160,119,2024
SED2_07385,220,196,2024
SED2_06421,250,86,2024
SED2_05688,160,75,2024
SED2_09042,250,318,2024
SED2_00341,250,331,2024
SED2_02736,160,102,2024
SED2_03114,100,134,2024
SED2_00382,100,156,2024
SED2_07298,100,43,2024
SED2_04609,160,156,2024
SED2_06232,100,88,2024
SED2_01636,200,71,2024
SED2_06505,630,SIN DATA,2024
SED2_02248,50,2,2024
SED2_03952,400,6,2024
SED2_05294,630,120,2024
SED2_08640,630,206,2024
SED2_04072,160,16,2024
SED2_09372,630,1,2024
SED2_04927,630,15,2024
SED2_08172,50,SIN DATA,2024
SED2_07255,950,46,2024
SED2_00845,50,SIN DATA,2024
SED2_07478,160,223,2024
SED2_01395,250,279,2024
SED2_08363,1260,96,2024
SED2_01537,630,115,2024
SED2_09788,250,115,2024
SED2_09436,1030,SIN DATA,2024
SED2_02698,630,227,2024
SED2_03391,250,118,2024
SED2_05408,50,SIN DATA,2024
SED2_03838,400,696,2024
SED2_01966,400,316,2024
SED2_00148,1260,SIN DATA,2024
SED2_09629,400,585,2024
SED2_07180,630,SIN DATA,2024
SED2_08099,400,393,2024
SED2_08216,630,674,2024
SED2_03129,50,93,2024
SED2_02452,800,SIN DATA,2024
SED2_02796,400,282,2024
SED2_03511,220,11,2024
SED2_02005,630,2,2024
SED2_06637,50,SIN DATA,2024
SED2_03210,400,336,2024
SED2_07310,630,80,2024
SED2_07152,400,658,2024
SED2_02262,630,516,2024
SED2_07762,630,SIN DATA,2024
SED2_02444,630,333,2024
SED2_04475,630,364,2024
SED2_02579,50,SIN DATA,2024
SED2_09793,400,2,2024
SED2_05517,630,43,2024
SED2_00708,630,SIN DATA,2024
SED2_08683,630,SIN DATA,2024
SED2_06839,50,SIN DATA,2024
SED2_09269,630,10,2024
SED2_07929,400,733,2024
SED2_04741,400,433,2024
SED2_04554,630,1,2024
SED2_01898,630,SIN DATA,2024
SED2_02714,400,318,2024
SED2_02644,630,SIN DATA,2024
SED2_06518,400,387,2024
SED2_04326,50,SIN DATA,2024
SED2_00619,50,SIN DATA,2024
SED2_02031,250,77,2024
SED2_05805,400,360,2024
SED2_06297,250,152,2024
SED2_01334,160,5,2024
SED2_08607,250,271,2024
SED2_04003,650,61,2024
SED2_02241,400,46,2024
SED2_05446,630,81,2024
SED2_05716,550,564,2024
SED2_06515,800,50,2024
SED2_08744,630,SIN DATA,2024
SED2_07675,250,349,2024
SED2_05680,400,30,2024
SED2_06341,630,SIN DATA,2024
SED2_05006,25,SIN DATA,2024
SED2_08123,630,40,2024
SED2_03079,630,SIN DATA,2024
SED2_02442,630,23,2024
SED2_01005,1260,209,2024
SED2_07788,160,11,2024
SED2_03470,630,SIN DATA,2024
SED2_03403,320,245,2024
SED2_05417,630,SIN DATA,2024
SED2_00205,400,199,2024
SED2_02330,0,SIN DATA,2024
SED2_00149,200,127,2024
SED2_03037,250,162,2024
SED2_03785,640,554,2024
SED2_00981,630,579,2024
SED2_01841,400,481,2024
SED2_07694,800,121,2024
SED2_07848,550,352,2024
SED2_02754,800,205,2024
SED2_02050,630,24,2024
SED2_07587,400,75,2024
SED2_06064,220,99,2024
SED2_07286,0,SIN DATA,2024
SED2_03140,400,299,2024
SED2_02139,100,78,2024
SED2_08035,25,SIN DATA,2024
SED2_06046,630,610,2024
SED2_09746,275,283,2024
SED2_02015,400,214,2024
SED2_01796,250,193,2024
SED2_02461,630,648,2024
SED2_09501,100,8,2024
SED2_09055,400,406,2024
SED2_06504,1030,215,2024
SED2_06617,160,284,2024
SED2_06141,0,SIN DATA,2024
SED2_06442,250,235,2024
SED2_03899,250,324,2024
SED2_06277,250,317,2024
SED2_05881,400,357,2024
SED2_08587,250,318,2024
SED2_04623,250,264,2024
SED2_02261,880,79,2024
SED2_07805,400,320,2024
SED2_04476,400,98,2024
SED2_05370,400,330,2024
SED2_05882,400,419,2024
SED2_00693,100,71,2024
SED2_06388,0,SIN DATA,2024
SED2_07881,640,307,2024
SED2_02725,220,253,2024
SED2_09400,0,SIN DATA,2024
SED2_06298,630,49,2024
SED2_09916,400,405,2024
SED2_07182,160,31,2024
SED2_07043,150,80,2024
SED2_03963,630,593,2024
SED2_01218,630,454,2024
SED2_02207,400,330,2024
SED2_04171,630,255,2024
SED2_06918,0,SIN DATA,2024
SED2_08085,630,135,2024
SED2_00360,160,4,2024
SED2_02053,0,SIN DATA,2024
SED2_07108,25,1,2024
SED2_06326,0,SIN DATA,2024
SED2_00831,0,SIN DATA,2024
SED2_09011,25,SIN DATA,2024
SED2_02709,400,303,2024
SED2_07561,630,513,2024
SED2_05912,15,SIN DATA,2024
SED2_08924,350,230,2024
SED2_03323,630,358,2024
SED2_07422,400,318,2024
SED2_02872,250,241,2024
SED2_05643,320,444,2024
SED2_05817,320,550,2024
SED2_06676,0,SIN DATA,2024
SED2_06900,250,126,2024
SED2_03872,160,73,2024
SED2_03387,0,SIN DATA,2024
SED2_05666,250,347,2024
SED2_01118,250,3,2024
SED2_03550,630,597,2024
SED2_02193,160,31,2024
SED2_05513,250,318,2024
SED2_00446,250,196,2024
SED2_06464,630,155,2024
SED2_01078,250,17,2024
SED2_07084,400,37,2024
SED2_04441,0,SIN DATA,2024
SED2_02626,400,7,2024
SED2_09929,160,136,2024
SED2_03590,250,308,2024
SED2_01158,250,133,2024
SED2_07750,400,507,2024
SED2_03514,400,237,2024
SED2_09019,100,109,2024
SED2_03260,250,134,2024
SED2_01630,250,123,2024
SED2_03222,160,202,2024
SED2_06336,250,11,2024
SED2_05516,220,54,2024
SED2_06892,400,258,2024
SED2_08636,350,365,2024
SED2_04260,250,232,2024
SED2_00927,160,2,2024
SED2_02334,400,237,2024
SED2_08134,160,124,2024
SED2_01026,200,260,2024
SED2_06701,400,789,2024
SED2_01330,400,396,2024
SED2_09267,250,389,2024
SED2_04691,250,192,2024
SED2_00320,400,374,2024
SED2_03697,275,461,2024
SED2_06213,160,98,2024
SED2_08507,400,413,2024
SED2_02385,160,144,2024
SED2_08522,250,229,2024
SED2_02237,630,92,2024
SED2_08991,630,498,2024
SED2_01611,250,235,2024
SED2_00454,250,254,2024
SED2_09038,250,138,2024
SED2_03187,160,174,2024
SED2_00817,250,399,2024
SED2_01882,160,123,2024
SED2_04980,160,21,2024
SED2_06096,400,338,2024
SED2_09806,630,13,2024
SED2_03804,400,46,2024
SED2_02056,320,27,2024
SED2_09795,315,6,2024
SED2_07061,50,SIN DATA,2024
SED2_07269,250,147,2024
SED2_03234,400,334,2024
SED2_03261,630,375,2024
SED2_00963,160,178,2024
SED2_08299,250,262,2024
SED2_02103,400,37,2024
SED2_09123,250,8,2024
SED2_03027,160,2,2024
SED2_05520,350,397,2024
SED2_02335,800,186,2024
SED2_03270,25,SIN DATA,2024
SED2_04199,250,5,2024
SED2_01077,400,281,2024
SED2_06001,350,314,2024
SED2_04934,400,252,2024
SED2_05741,25,1,2024
SED2_04806,400,170,2024
SED2_03955,400,13,2024
SED2_01569,10,SIN DATA,2024
SED2_07747,630,426,2024
SED2_08399,160,74,2024
SED2_03791,160,117,2024
SED2_08785,250,21,2024
SED2_03598,550,105,2024
SED2_05649,250,218,2024
SED2_05205,160,116,2024
SED2_02656,250,439,2024
SED2_05225,160,8,2024
SED2_05373,400,600,2024
SED2_09300,630,115,2024
SED2_03926,630,341,2024
SED2_07099,250,118,2024
SED2_03580,220,4,2024
SED2_06238,250,SIN DATA,2024
SED2_01115,400,352,2024
SED2_04063,250,183,2024
SED2_02503,275,27,2024
SED2_00709,800,288,2024
SED2_04556,160,5,2024
SED2_07473,250,6,2024
SED2_01427,400,471,2024
SED2_03842,100,5,2024
SED2_09728,400,196,2024
SED2_08502,250,377,2024
SED2_06863,160,194,2024
SED2_05175,630,33,2024
SED2_06525,350,19,2024
SED2_07732,250,136,2024
SED2_02608,400,524,2024
SED2_01162,630,24,2024
SED2_01646,250,5,2024
SED2_04591,400,137,2024
SED2_03621,100,141,2024
SED2_01214,75,70,2024
SED2_01855,50,84,2024
SED2_01247,100,187,2024
SED2_09330,250,118,2024
SED2_05390,100,131,2024
SED2_04176,100,174,2024
SED2_05537,160,166,2024
SED2_05327,0,SIN DATA,2024
SED2_06677,100,39,2024
SED2_04950,160,233,2024
SED2_01285,100,41,2024
SED2_09052,160,292,2024
SED2_02660,400,405,2024
SED2_09190,100,164,2024
SED2_03727,250,7,2024
SED2_04849,160,236,2024
SED2_03430,100,9,2024
SED2_09900,100,6,2024
SED2_06605,400,49,2024
SED2_06566,250,319,2024
SED2_04298,250,339,2024
SED2_09036,160,378,2024
SED2_02192,100,181,2024
SED2_02775,250,84,2024
SED2_05449,250,390,2024
SED2_06435,250,362,2024
SED2_06235,160,321,2024
SED2_02006,75,23,2024
SED2_00390,630,134,2024
SED2_07971,160,186,2024
SED2_05841,160,133,2024
SED2_04703,100,199,2024
SED2_03181,250,235,2024
SED2_06467,160,336,2024
SED2_04497,250,401,2024
SED2_06968,100,93,2024
SED2_03827,160,6,2024
SED2_07947,250,241,2024
SED2_06936,250,434,2024
SED2_05095,250,166,2024
SED2_03775,250,335,2024
SED2_04917,250,367,2024
SED2_05301,250,322,2024
SED2_02957,160,294,2024
SED2_02179,100,208,2024
SED2_02398,250,330,2024
SED2_06735,100,149,2024
SED2_05535,250,231,2024
SED2_02030,160,280,2024
SED2_05803,250,224,2024
SED2_06793,100,3,2024
SED2_06230,250,6,2024
SED2_09842,160,399,2024
SED2_08004,160,286,2024
SED2_06794,400,438,2024
SED2_08352,250,286,2024
SED2_06866,50,88,2024
SED2_03671,100,185,2024
SED2_04546,400,333,2024
SED2_09351,250,302,2024
SED2_04085,100,225,2024
SED2_05453,250,535,2024
SED2_02172,160,289,2024
SED2_01096,100,347,2024
SED2_01003,160,124,2024
SED2_00957,160,145,2024
SED2_05090,250,101,2024
SED2_06538,160,268,2024
SED2_03823,160,263,2024
SED2_06262,50,46,2024
SED2_05799,250,254,2024
SED2_00535,100,156,2024
SED2_06301,100,157,2024
SED2_05721,50,25,2024
SED2_03669,250,366,2024
SED2_08829,160,186,2024
SED2_07071,160,400,2024
SED2_06109,160,106,2024
SED2_02829,250,375,2024
SED2_09212,100,188,2024
SED2_04793,630,40,2024
SED2_01424,400,162,2024
SED2_06236,160,258,2024
SED2_00417,160,192,2024
SED2_08869,100,178,2024
SED2_03597,160,152,2024
SED2_05744,250,381,2024
SED2_00020,50,219,2024
SED2_01843,250,173,2024
SED2_05172,250,381,2024
SED2_02151,160,228,2024
SED2_07950,160,227,2024
SED2_00379,400,199,2024
SED2_09654,100,181,2024
SED2_08286,160,120,2024
SED2_07069,250,351,2024
SED2_05134,400,525,2024
SED2_09133,400,24,2024
SED2_02191,160,207,2024
SED2_03907,250,464,2024
SED2_02672,400,439,2024
SED2_01649,160,96,2024
SED2_02289,400,92,2024
SED2_02794,400,194,2024
SED2_02194,250,138,2024
SED2_09002,250,25,2024
SED2_09727,50,73,2024
SED2_02721,630,166,2024
SED2_06655,100,315,2024
SED2_05696,250,38,2024
SED2_02494,250,478,2024
SED2_07023,100,155,2024
SED2_07972,160,96,2024
SED2_01751,400,33,2024
SED2_03613,250,269,2024
SED2_07613,250,5,2024
SED2_00437,160,280,2024
SED2_00195,160,231,2024
SED2_08029,160,126,2024
SED2_04776,100,95,2024
SED2_08511,160,4,2024
SED2_01493,50,79,2024
SED2_02014,160,194,2024
SED2_02288,100,123,2024
SED2_02164,250,233,2024
SED2_04287,100,180,2024
SED2_04602,160,130,2024
SED2_05586,160,162,2024
SED2_02883,160,171,2024
SED2_00777,100,152,2024
SED2_01643,160,152,2024
SED2_01019,160,41,2024
SED2_05966,100,179,2024
SED2_00365,250,156,2024
SED2_09638,100,130,2024
SED2_05076,160,212,2024
SED2_08349,160,113,2024
SED2_04761,160,162,2024
SED2_05361,160,248,2024
SED2_01111,50,89,2024
SED2_01248,250,390,2024
SED2_08577,160,161,2024
SED2_05885,250,131,2024
SED2_01957,100,3,2024
SED2_06321,100,78,2024
SED2_06493,250,215,2024
SED2_02893,400,95,2024
SED2_07089,250,193,2024
SED2_06033,160,217,2024
SED2_09045,400,29,2024
SED2_08575,250,201,2024
SED2_01806,100,108,2024
SED2_09167,100,106,2024
SED2_02932,250,17,2024
SED2_00167,400,157,2024
SED2_02526,100,97,2024
SED2_08767,100,169,2024
SED2_08867,160,190,2024
SED2_03146,250,248,2024
SED2_06148,250,160,2024
SED2_05835,250,193,2024
SED2_03588,100,88,2024
SED2_06250,400,36,2024
SED2_05870,250,336,2024
SED2_04579,160,168,2024
SED2_06579,250,497,2024
SED2_07547,400,227,2024
SED2_09472,250,61,2024
SED2_06738,160,114,2024
SED2_06055,160,2,2024
SED2_01387,160,108,2024
SED2_01641,160,51,2024
SED2_03796,250,17,2024
SED2_05420,250,60,2024
SED2_05894,250,280,2024
SED2_00489,50,117,2024
SED2_07143,250,301,2024
SED2_02583,250,132,2024
SED2_03591,400,234,2024
SED2_08871,100,222,2024
SED2_05140,160,55,2024
SED2_00451,250,51,2024
SED2_05043,25,40,2024
SED2_00234,160,13,2024
SED2_06521,250,6,2024
SED2_05564,100,144,2024
SED2_06395,100,5,2024
SED2_01344,100,182,2024
SED2_02401,75,118,2024
SED2_04692,400,467,2024
SED2_03708,160,152,2024
SED2_01756,160,146,2024
SED2_08628,100,166,2024
SED2_00104,250,397,2024
SED2_03529,250,317,2024
SED2_01753,400,205,2024
SED2_08994,160,96,2024
SED2_01596,160,112,2024
SED2_05717,320,394,2024
SED2_02365,100,184,2024
SED2_06532,160,190,2024
SED2_05086,100,144,2024
SED2_06448,320,211,2024
SED2_03424,10,24,2024
SED2_03661,25,28,2024
SED2_00969,100,127,2024
SED2_06845,160,23,2024
SED2_02686,400,365,2024
SED2_06125,250,253,2024
SED2_01622,40,36,2024
SED2_03184,160,229,2024
SED2_03272,160,332,2024
SED2_06246,160,88,2024
SED2_09681,100,247,2024
SED2_00054,400,7,2024
SED2_00235,100,16,2024
SED2_01529,250,206,2024
SED2_01429,160,25,2024
SED2_03830,100,14,2024
SED2_09817,400,7,2024
SED2_01192,100,139,2024
SED2_06406,100,110,2024
SED2_07806,100,47,2024
SED2_05263,100,168,2024
SED2_02252,100,362,2024
SED2_04191,630,266,2024
SED2_00012,250,143,2024
SED2_05382,160,105,2024
SED2_09576,160,69,2024
SED2_01634,100,194,2024
SED2_04514,160,197,2024
SED2_05801,100,6,2024
SED2_06622,100,4,2024
SED2_01556,100,88,2024
SED2_08962,160,325,2024
SED2_01390,400,11,2024
SED2_08281,250,439,2024
SED2_02108,160,342,2024
SED2_06574,250,287,2024
SED2_07665,160,328,2024
SED2_05613,160,180,2024
SED2_08138,250,224,2024
SED2_02903,250,242,2024
SED2_00998,160,421,2024
SED2_01187,250,28,2024
SED2_07919,250,52,2024
SED2_08981,100,152,2024
SED2_00694,100,23,2024
SED2_09181,160,221,2024
SED2_07396,160,330,2024
SED2_01786,630,404,2024
SED2_02634,250,322,2024
SED2_08903,320,272,2024
SED2_09164,100,64,2024
SED2_06730,250,397,2024
SED2_07192,50,10,2024
SED2_03097,250,578,2024
SED2_06294,250,288,2024
SED2_08465,400,563,2024
SED2_03972,50,1,2024
SED2_01969,50,49,2024
SED2_01533,160,298,2024
SED2_05505,100,294,2024
SED2_01186,160,200,2024
SED2_03085,160,279,2024
SED2_07938,400,359,2024
SED2_06286,160,287,2024
SED2_05016,160,358,2024
SED2_00480,50,83,2024
SED2_04203,100,162,2024
SED2_05459,160,216,2024
SED2_08846,160,151,2024
SED2_09241,250,175,2024
SED2_02511,250,247,2024
SED2_01245,160,137,2024
SED2_08728,50,142,2024
SED2_06713,100,163,2024
SED2_05388,160,180,2024
SED2_01376,100,293,2024
SED2_05237,50,105,2024
SED2_05326,250,221,2024
SED2_02999,100,181,2024
SED2_04373,160,158,2024
SED2_03135,160,191,2024
SED2_05616,50,106,2024
SED2_06814,160,184,2024
SED2_09418,250,157,2024
SED2_06979,100,99,2024
SED2_03756,250,256,2024
SED2_03783,160,306,2024
SED2_04279,250,2,2024
SED2_04202,250,238,2024
SED2_01366,250,288,2024
SED2_04952,250,152,2024
SED2_02812,400,526,2024
SED2_01721,160,152,2024
SED2_04037,160,183,2024
SED2_09297,100,141,2024
SED2_06567,100,154,2024
SED2_07202,400,235,2024
SED2_06468,250,189,2024
SED2_09239,100,142,2024
SED2_05664,160,198,2024
SED2_03151,160,285,2024
SED2_05599,50,115,2024
SED2_01591,50,100,2024
SED2_03820,100,85,2024
SED2_01396,100,84,2024
SED2_03965,100,208,2024
SED2_08418,100,272,2024
SED2_02011,250,181,2024
SED2_09448,250,91,2024
SED2_08241,250,509,2024
SED2_00909,100,39,2024
SED2_00491,100,39,2024
SED2_03409,160,236,2024
SED2_09097,160,58,2024
SED2_05248,100,169,2024
SED2_09445,160,371,2024
SED2_02631,160,348,2024
SED2_07219,100,141,2024
SED2_02581,250,512,2024
SED2_04204,160,232,2024
SED2_00338,250,247,2024
SED2_04316,50,100,2024
SED2_03406,160,283,2024
SED2_04521,160,228,2024
SED2_05729,50,71,2024
SED2_05869,250,240,2024
SED2_07484,100,121,2024
SED2_08613,250,387,2024
SED2_07658,250,191,2024
SED2_00507,250,295,2024
SED2_08688,400,19,2024
SED2_07335,250,416,2024
SED2_08489,250,244,2024
SED2_04610,50,115,2024
SED2_05589,250,313,2024
SED2_00303,250,464,2024
SED2_09562,160,277,2024
SED2_00026,250,372,2024
SED2_05829,250,204,2024
SED2_09005,250,261,2024
SED2_08303,160,242,2024
SED2_05197,50,62,2024
SED2_05713,160,152,2024
SED2_08030,100,207,2024
SED2_09790,250,164,2024
SED2_02474,160,219,2024
SED2_05206,160,318,2024
SED2_01362,250,360,2024
SED2_09605,160,108,2024
SED2_05846,50,181,2024
SED2_06496,100,11,2024
SED2_03067,100,76,2024
SED2_06323,250,71,2024
SED2_06889,250,186,2024
SED2_00806,250,221,2024
SED2_01932,100,94,2024
SED2_03883,160,3,2024
SED2_01688,160,301,2024
SED2_02454,100,25,2024
SED2_07641,630,332,2024
SED2_09691,100,67,2024
SED2_01853,100,229,2024
SED2_01298,160,92,2024
SED2_04489,400,221,2024
SED2_03863,160,270,2024
SED2_01241,160,247,2024
SED2_02187,250,166,2024
SED2_04216,160,347,2024
SED2_09310,250,498,2024
SED2_01506,400,373,2024
SED2_02612,160,319,2024
SED2_08710,160,356,2024
SED2_08801,160,17,2024
SED2_04060,250,76,2024
SED2_04007,100,71,2024
SED2_05329,100,180,2024
SED2_04959,250,74,2024
SED2_03970,400,42,2024
SED2_09901,250,9,2024
SED2_08429,160,259,2024
SED2_09110,250,251,2024
SED2_05769,250,268,2024
SED2_08791,50,72,2024
SED2_08810,50,196,2024
SED2_00088,250,137,2024
SED2_06466,250,133,2024
SED2_08230,250,213,2024
SED2_03397,160,16,2024
SED2_09147,160,10,2024
SED2_06158,400,52,2024
SED2_02273,250,72,2024
SED2_01044,250,129,2024
SED2_07657,630,399,2024
SED2_06916,250,138,2024
SED2_07040,250,245,2024
SED2_01304,250,360,2024
SED2_00828,100,2,2024
SED2_09667,250,131,2024
SED2_06704,160,168,2024
SED2_06091,250,121,2024
SED2_05018,160,67,2024
SED2_09850,100,159,2024
SED2_05204,160,309,2024
SED2_07494,100,150,2024
SED2_01759,50,99,2024
SED2_08701,100,38,2024
SED2_03681,160,228,2024
SED2_05700,100,113,2024
SED2_04779,160,342,2024
SED2_08156,100,73,2024
SED2_06193,160,134,2024
SED2_03375,100,162,2024
SED2_06231,160,309,2024
SED2_02821,250,380,2024
SED2_00261,25,89,2024
SED2_04589,100,281,2024
SED2_07558,100,182,2024
SED2_05419,160,163,2024
SED2_08277,100,200,2024
SED2_08919,250,151,2024
SED2_00156,250,5,2024
SED2_04785,100,111,2024
SED2_03837,160,176,2024
SED2_03215,160,323,2024
SED2_00138,250,368,2024
SED2_09185,100,105,2024
SED2_04876,160,206,2024
SED2_07044,160,28,2024
SED2_09731,160,154,2024
SED2_01035,160,214,2024
SED2_09532,160,319,2024
SED2_00809,250,359,2024
SED2_00887,50,113,2024
SED2_02582,100,84,2024
SED2_07702,250,298,2024
SED2_07602,250,415,2024
SED2_04888,250,271,2024
SED2_06669,160,209,2024
SED2_03813,250,3,2024
SED2_00802,250,210,2024
SED2_00524,160,331,2024
SED2_02325,250,218,2024
SED2_02315,160,238,2024
SED2_06217,160,224,2024
SED2_08170,160,133,2024
SED2_08169,100,156,2024
SED2_03342,160,174,2024
SED2_09026,100,134,2024
SED2_01404,100,153,2024
SED2_05615,100,3,2024
SED2_08606,160,205,2024
SED2_09344,100,166,2024
SED2_05117,100,440,2024
SED2_05959,100,168,2024
SED2_04209,250,377,2024
SED2_05347,160,105,2024
SED2_01766,100,256,2024
SED2_05822,100,229,2024
SED2_07564,100,188,2024
SED2_00654,100,140,2024
SED2_09845,160,199,2024
SED2_09201,100,238,2024
SED2_07432,50,187,2024
SED2_07050,400,195,2024
SED2_05642,250,160,2024
SED2_09546,100,213,2024
SED2_01544,100,299,2024
SED2_01933,250,209,2024
SED2_05619,250,19,2024
SED2_09159,250,68,2024
SED2_00304,250,20,2024
SED2_00352,250,17,2024
SED2_00942,250,20,2024
SED2_03192,160,14,2024
SED2_06387,250,33,2024
SED2_07008,300,19,2024
SED2_00150,160,38,2024
SED2_08716,250,12,2024
SED2_07820,250,37,2024
SED2_09023,100,5,2024
SED2_07058,250,294,2024
SED2_00839,100,282,2024
SED2_03353,160,173,2024
SED2_09831,250,28,2024
SED2_08544,400,44,2024
SED2_06780,400,111,2024
SED2_06031,25,24,2024
SED2_04349,100,289,2024
SED2_06543,100,122,2024
SED2_05473,100,194,2024
SED2_06463,100,197,2024
SED2_08165,160,334,2024
SED2_07372,630,325,2024
SED2_07234,75,170,2024
SED2_07673,50,176,2024
SED2_06526,100,168,2024
SED2_01428,100,216,2024
SED2_09603,400,29,2024
SED2_05682,100,123,2024
SED2_09478,50,43,2024
SED2_03556,250,99,2024
SED2_06848,160,3,2024
SED2_02552,100,6,2024
SED2_01498,160,155,2024
SED2_08025,250,209,2024
SED2_00034,100,164,2024
SED2_06012,100,261,2024
SED2_04969,250,353,2024
SED2_06913,100,255,2024
SED2_07857,100,184,2024
SED2_09306,250,47,2024
SED2_04114,100,311,2024
SED2_01887,100,151,2024
SED2_08617,160,192,2024
SED2_03121,100,274,2024
SED2_02818,250,466,2024
SED2_03716,100,100,2024
SED2_02830,50,109,2024
SED2_02275,400,158,2024
SED2_09635,100,169,2024
SED2_04689,100,114,2024
SED2_00204,100,174,2024
SED2_09151,100,161,2024
SED2_00029,50,2,2024
SED2_05981,250,23,2024
SED2_09937,100,115,2024
SED2_08242,100,163,2024
SED2_03800,100,14,2024
SED2_00982,250,17,2024
SED2_07142,100,185,2024
SED2_00989,100,297,2024
SED2_03164,400,167,2024
SED2_02665,100,2,2024
SED2_03487,100,53,2024
SED2_05658,50,20,2024
SED2_08112,100,50,2024
SED2_04228,160,171,2024
SED2_09483,100,147,2024
SED2_04390,100,175,2024
SED2_02827,50,67,2024
SED2_06088,160,221,2024
SED2_00228,160,407,2024
SED2_08198,250,7,2024
SED2_06846,100,69,2024
SED2_08576,75,147,2024
SED2_03047,50,81,2024
SED2_07963,160,454,2024
SED2_00794,250,54,2024
SED2_00158,275,73,2024
SED2_02304,100,129,2024
SED2_08582,50,104,2024
SED2_03392,50,116,2024
SED2_04841,160,149,2024
SED2_00404,100,136,2024
SED2_00559,160,67,2024
SED2_02394,250,312,2024
SED2_06004,250,293,2024
SED2_04470,160,67,2024
SED2_08189,400,223,2024
SED2_02276,160,103,2024
SED2_09382,100,2,2024
SED2_03389,160,9,2024
SED2_01127,250,189,2024
SED2_00759,400,225,2024
SED2_03920,400,40,2024
SED2_05862,250,10,2024
SED2_08180,160,7,2024
SED2_02287,250,10,2024
SED2_05514,50,98,2024
SED2_09438,250,14,2024
SED2_01082,250,32,2024
SED2_01479,250,20,2024
SED2_00987,400,50,2024
SED2_03728,250,6,2024
SED2_00547,100,8,2024
SED2_01884,160,10,2024
SED2_04639,160,20,2024
SED2_01620,100,55,2024
SED2_05385,160,298,2024
SED2_00715,160,239,2024
SED2_04332,100,190,2024
SED2_07306,250,231,2024
SED2_06375,100,67,2024
SED2_08588,100,314,2024
SED2_07825,100,318,2024
SED2_04299,100,114,2024
SED2_03434,50,214,2024
SED2_03105,100,298,2024
SED2_04584,160,87,2024
SED2_02201,160,394,2024
SED2_08080,50,198,2024
SED2_02129,160,466,2024
SED2_04471,50,86,2024
SED2_02793,100,190,2024
SED2_06340,160,181,2024
SED2_06698,160,365,2024
SED2_06153,100,29,2024
SED2_09462,250,78,2024
SED2_02268,250,99,2024
SED2_04163,400,30,2024
SED2_01584,160,270,2024
SED2_02763,630,12,2024
SED2_06895,160,2,2024
SED2_01567,250,15,2024
SED2_01420,400,269,2024
SED2_03243,25,67,2024
SED2_08021,100,18,2024
SED2_03156,160,215,2024
SED2_07242,250,6,2024
SED2_05963,100,198,2024
SED2_03098,250,353,2024
SED2_01563,250,26,2024
SED2_09276,160,333,2024
SED2_03284,160,225,2024
SED2_05463,250,197,2024
SED2_09210,160,249,2024
SED2_03136,160,150,2024
SED2_05251,100,10,2024
SED2_03648,100,223,2024
SED2_02374,400,248,2024
SED2_06705,100,188,2024
SED2_05543,100,209,2024
SED2_00743,160,142,2024
SED2_00243,50,112,2024
SED2_04616,100,111,2024
SED2_02399,400,96,2024
SED2_03010,400,130,2024
SED2_08403,75,121,2024
SED2_01847,100,171,2024
SED2_05641,75,195,2024
SED2_00025,40,77,2024
SED2_03797,100,100,2024
SED2_04686,100,134,2024
SED2_07760,100,140,2024
SED2_03489,75,163,2024
SED2_08249,250,265,2024
SED2_04147,160,162,2024
SED2_00527,250,337,2024
SED2_01260,100,141,2024
SED2_07578,100,206,2024
SED2_07185,100,91,2024
SED2_09687,100,160,2024
SED2_03982,50,114,2024
SED2_01411,160,172,2024
SED2_07847,40,161,2024
SED2_03877,100,126,2024
SED2_09237,100,165,2024
SED2_04456,160,382,2024
SED2_02295,160,241,2024
SED2_00762,50,84,2024
SED2_02489,100,135,2024
SED2_09882,100,60,2024
SED2_02920,100,52,2024
SED2_08311,100,123,2024
SED2_06450,160,69,2024
SED2_06382,160,136,2024
SED2_04226,50,18,2024
SED2_00961,160,402,2024
SED2_09271,25,61,2024
SED2_06612,100,215,2024
SED2_02370,160,163,2024
SED2_06295,250,113,2024
SED2_09122,100,160,2024
SED2_02519,250,339,2024
SED2_07412,40,49,2024
SED2_08038,100,94,2024
SED2_00836,160,270,2024
SED2_06416,400,10,2024
SED2_04219,50,158,2024
SED2_09308,160,137,2024
SED2_03242,250,89,2024
SED2_04450,100,173,2024
SED2_00220,160,280,2024
SED2_07133,100,115,2024
SED2_07447,50,91,2024
SED2_07350,250,301,2024
SED2_07181,100,173,2024
SED2_01047,100,233,2024
SED2_04180,50,111,2024
SED2_04496,160,272,2024
SED2_01588,100,116,2024
SED2_01062,160,206,2024
SED2_03859,100,214,2024
SED2_00297,100,166,2024
SED2_03441,100,276,2024
SED2_08902,100,153,2024
SED2_04175,160,21,2024
SED2_01338,160,32,2024
SED2_05119,50,96,2024
SED2_08171,100,187,2024
SED2_08287,75,132,2024
SED2_00703,75,131,2024
SED2_05898,50,90,2024
SED2_08758,100,137,2024
SED2_09421,100,114,2024
SED2_03455,100,124,2024
SED2_08362,65,115,2024
SED2_01710,75,132,2024
SED2_03634,100,88,2024
SED2_00947,40,71,2024
SED2_00876,100,272,2024
SED2_06500,160,109,2024
SED2_02176,100,96,2024
SED2_01707,100,152,2024
SED2_03247,100,156,2024
SED2_04372,100,147,2024
SED2_05049,160,282,2024
SED2_04380,160,238,2024
SED2_02353,400,27,2024
SED2_04993,250,71,2024
SED2_04850,100,210,2024
SED2_04210,250,392,2024
SED2_08646,400,198,2024
SED2_04899,100,86,2024
SED2_04215,100,128,2024
SED2_04095,160,270,2024
SED2_07147,250,14,2024
SED2_00097,100,262,2024
SED2_02293,50,132,2024
SED2_09243,100,125,2024
SED2_00506,100,94,2024
SED2_08067,100,97,2024
SED2_08225,100,98,2024
SED2_02769,100,115,2024
SED2_05409,630,172,2024
SED2_05953,100,135,2024
SED2_04491,160,159,2024
SED2_09676,160,308,2024
SED2_08684,100,128,2024
SED2_07351,100,150,2024
SED2_09295,160,179,2024
SED2_07467,160,179,2024
SED2_03569,160,101,2024
SED2_02743,160,226,2024
SED2_04585,160,202,2024
SED2_03479,160,180,2024
SED2_07368,250,100,2024
SED2_04430,40,106,2024
SED2_00625,100,210,2024
SED2_06325,50,82,2024
SED2_09417,160,249,2024
SED2_03194,250,270,2024
SED2_08087,400,336,2024
SED2_09247,250,409,2024
SED2_05949,100,150,2024
SED2_03662,160,83,2024
SED2_08179,100,135,2024
SED2_05434,100,96,2024
SED2_02324,250,137,2024
SED2_05756,50,89,2024
SED2_01826,400,572,2024
SED2_04263,40,243,2024
SED2_04335,50,50,2024
SED2_03345,50,162,2024
SED2_01714,15,45,2024
SED2_01718,100,190,2024
SED2_00050,160,136,2024
SED2_02640,250,275,2024
SED2_06509,400,450,2024
SED2_07994,100,203,2024
SED2_04009,100,143,2024
SED2_07373,100,1,2024
SED2_08995,100,141,2024
SED2_02427,160,348,2024
SED2_01558,25,139,2024
SED2_08201,100,103,2024
SED2_06353,160,129,2024
SED2_04158,100,187,2024
SED2_07465,100,90,2024
SED2_04160,100,106,2024
SED2_06835,400,71,2024
SED2_09745,100,143,2024
SED2_05740,100,151,2024
SED2_02845,100,86,2024
SED2_09274,160,168,2024
SED2_06106,250,206,2024
SED2_02694,15,159,2024
SED2_07096,50,171,2024
SED2_00229,100,184,2024
SED2_00895,250,40,2024
SED2_03547,100,69,2024
SED2_02318,100,116,2024
SED2_04190,100,141,2024
SED2_09200,250,44,2024
SED2_07677,400,178,2024
SED2_01550,100,88,2024
SED2_07346,400,433,2024
SED2_06914,250,10,2024
SED2_08395,100,4,2024
SED2_02332,160,146,2024
SED2_03349,100,184,2024
SED2_06455,50,71,2024
SED2_07952,250,143,2024
SED2_05035,250,10,2024
SED2_05633,250,436,2024
SED2_06596,400,50,2024
SED2_06469,400,308,2024
SED2_01288,250,32,2024
SED2_06057,250,56,2024
SED2_03001,250,35,2024
SED2_01151,160,38,2024
SED2_04906,250,308,2024
SED2_01893,160,256,2024
SED2_09056,160,185,2024
SED2_00219,160,222,2024
SED2_01741,160,174,2024
SED2_08254,160,215,2024
SED2_06572,160,166,2024
SED2_09734,160,230,2024
SED2_00951,160,29,2024
SED2_00935,400,104,2024
SED2_03941,100,128,2024
SED2_06117,160,35,2024
SED2_06631,160,283,2024
SED2_02949,50,147,2024
SED2_08861,160,223,2024
SED2_08537,250,300,2024
SED2_08076,50,180,2024
SED2_03365,100,25,2024
SED2_05526,75,27,2024
SED2_09222,160,335,2024
SED2_02322,100,191,2024
SED2_00818,50,66,2024
SED2_03444,100,45,2024
SED2_09787,40,58,2024
SED2_05151,100,161,2024
SED2_02690,100,112,2024
SED2_09139,160,252,2024
SED2_00186,160,189,2024
SED2_07886,250,279,2024
SED2_05261,100,147,2024
SED2_05450,250,337,2024
SED2_01598,160,283,2024
SED2_04658,400,97,2024
SED2_07411,50,66,2024
SED2_05605,50,4,2024
SED2_01725,250,98,2024
SED2_01373,250,8,2024
SED2_01412,160,403,2024
SED2_01243,40,91,2024
SED2_04406,100,217,2024
SED2_01835,100,62,2024
SED2_07711,100,119,2024
SED2_09226,630,213,2024
SED2_01476,40,27,2024
SED2_03826,250,200,2024
SED2_05262,250,7,2024
SED2_00170,100,162,2024
SED2_05541,100,238,2024
SED2_04127,400,205,2024
SED2_01384,25,93,2024
SED2_01349,100,99,2024
SED2_04833,15,33,2024
SED2_09749,250,456,2024
SED2_06759,250,286,2024
SED2_04891,100,69,2024
SED2_07398,100,151,2024
SED2_08620,250,290,2024
SED2_04644,100,110,2024
SED2_06034,100,99,2024
SED2_05879,75,117,2024
SED2_06403,40,52,2024
SED2_07257,250,229,2024
SED2_01582,160,158,2024
SED2_04174,100,176,2024
SED2_07628,100,113,2024
SED2_06266,160,21,2024
SED2_08641,100,142,2024
SED2_07637,250,42,2024
SED2_04322,25,117,2024
SED2_00937,40,83,2024
SED2_09198,100,103,2024
SED2_04815,100,98,2024
SED2_00733,160,203,2024
SED2_07588,160,203,2024
SED2_07291,250,73,2024
SED2_02498,100,233,2024
SED2_05560,50,49,2024
SED2_08854,100,88,2024
SED2_06769,25,77,2024
SED2_04914,40,92,2024
SED2_06487,25,27,2024
SED2_04002,15,13,2024
SED2_01194,15,47,2024
SED2_01875,160,211,2024
SED2_04487,100,220,2024
SED2_02366,100,104,2024
SED2_05116,80,193,2024
SED2_06736,100,235,2024
SED2_06817,160,233,2024
SED2_03110,160,341,2024
SED2_01235,250,527,2024
SED2_06506,50,179,2024
SED2_04787,50,121,2024
SED2_02978,160,186,2024
SED2_05084,40,75,2024
SED2_03586,50,122,2024
SED2_00538,100,15,2024
SED2_05907,50,114,2024
SED2_04995,40,78,2024
SED2_04778,400,11,2024
SED2_02620,160,344,2024
SED2_00652,160,156,2024
SED2_08069,250,12,2024
SED2_06381,400,98,2024
SED2_08358,160,223,2024
SED2_07719,250,362,2024
SED2_06661,160,192,2024
SED2_09329,100,80,2024
SED2_02589,160,267,2024
SED2_06058,100,59,2024
SED2_02028,100,125,2024
SED2_01991,25,85,2024
SED2_00636,250,212,2024
SED2_02228,250,262,2024
SED2_07809,160,282,2024
SED2_03101,50,11,2024
SED2_08052,100,179,2024
SED2_01722,160,299,2024
SED2_03364,250,351,2024
SED2_03432,250,159,2024
SED2_07416,160,221,2024
SED2_07687,250,228,2024
SED2_06541,100,50,2024
SED2_09653,50,28,2024
SED2_06023,160,113,2024
SED2_08724,100,74,2024
SED2_06651,160,150,2024
SED2_06718,160,292,2024
SED2_05758,160,210,2024
SED2_01518,160,471,2024
SED2_09268,160,508,2024
SED2_01520,100,127,2024
SED2_09416,160,249,2024
SED2_00328,160,270,2024
SED2_00498,160,224,2024
SED2_00726,50,8,2024
SED2_05618,400,330,2024
SED2_01481,250,43,2024
SED2_02831,160,17,2024
SED2_09119,100,43,2024
SED2_06310,100,23,2024
SED2_02270,100,118,2024
SED2_05634,15,76,2024
SED2_08650,400,83,2024
SED2_08696,100,4,2024
SED2_02501,400,10,2024
SED2_03678,50,29,2024
SED2_09433,100,205,2024
SED2_02052,160,231,2024
SED2_00193,160,241,2024
SED2_06933,160,321,2024
SED2_07117,160,170,2024
SED2_04755,160,213,2024
SED2_09608,160,272,2024
SED2_08668,100,170,2024
SED2_03567,100,116,2024
SED2_03835,100,113,2024
SED2_02390,160,209,2024
SED2_05651,100,147,2024
SED2_09777,160,210,2024
SED2_08070,160,216,2024
SED2_06547,400,194,2024
SED2_03471,100,179,2024
SED2_05724,200,315,2024
SED2_06559,250,272,2024
SED2_00972,160,228,2024
SED2_09145,160,212,2024
SED2_02876,160,299,2024
SED2_05224,25,28,2024
SED2_03159,15,29,2024
SED2_03737,250,300,2024
SED2_02200,250,492,2024
SED2_03987,160,96,2024
SED2_01685,160,159,2024
SED2_01165,400,28,2024
SED2_06367,50,138,2024
SED2_02278,50,94,2024
SED2_07197,50,66,2024
SED2_01150,630,25,2024
SED2_01920,160,212,2024
SED2_04359,100,180,2024
SED2_09759,100,78,2024
SED2_01746,250,257,2024
SED2_03217,160,41,2024
SED2_07902,400,166,2024
SED2_01250,50,2,2024
SED2_04207,160,13,2024
SED2_05951,400,150,2024
SED2_09872,250,219,2024
SED2_05028,250,43,2024
SED2_01402,250,113,2024
SED2_09810,160,268,2024
SED2_05563,160,249,2024
SED2_00339,100,104,2024
SED2_08491,75,13,2024
SED2_05157,50,86,2024
SED2_00719,100,148,2024
SED2_06445,400,468,2024
SED2_04646,400,54,2024
SED2_09256,630,570,2024
SED2_00805,50,99,2024
SED2_06268,75,102,2024
SED2_06958,100,155,2024
SED2_03426,250,155,2024
SED2_04829,50,116,2024
SED2_03923,100,87,2024
SED2_07536,100,45,2024
SED2_03571,275,321,2024
SED2_08553,100,25,2024
SED2_06627,250,75,2024
SED2_09704,160,134,2024
SED2_07456,50,107,2024
SED2_03508,100,93,2024
SED2_07367,100,197,2024
SED2_09492,250,40,2024
SED2_04507,250,42,2024
SED2_07580,160,105,2024
SED2_05674,100,6,2024
SED2_01867,100,102,2024
SED2_05389,250,111,2024
SED2_04710,400,19,2024
SED2_01863,100,290,2024
SED2_06029,400,797,2024
SED2_03311,250,404,2024
SED2_05421,250,682,2024
SED2_06081,40,15,2024
SED2_04924,100,134,2024
SED2_00096,250,12,2024
SED2_05728,100,46,2024
SED2_03376,25,55,2024
SED2_05983,400,4,2024
SED2_00807,15,68,2024
SED2_01357,100,112,2024
SED2_02749,250,51,2024
SED2_06457,250,23,2024
SED2_05988,630,90,2024
SED2_00396,160,40,2024
SED2_06308,160,76,2024
SED2_01824,250,14,2024
SED2_06313,100,15,2024
SED2_00598,50,58,2024
SED2_04153,50,72,2024
SED2_02599,400,102,2024
SED2_02380,100,3,2024
SED2_08788,400,8,2024
SED2_08176,250,237,2024
SED2_05512,160,162,2024
SED2_07208,160,173,2024
SED2_02238,400,287,2024
SED2_01147,250,350,2024
SED2_04054,250,384,2024
SED2_01094,250,411,2024
SED2_04868,400,307,2024
SED2_09017,250,430,2024
SED2_00116,160,14,2024
SED2_05698,160,34,2024
SED2_01143,15,18,2024
SED2_05593,100,219,2024
SED2_00353,50,34,2024
SED2_09359,25,37,2024
SED2_01468,250,178,2024
SED2_05921,50,15,2024
SED2_02808,160,105,2024
SED2_05925,100,110,2024
SED2_00526,250,74,2024
SED2_08754,160,225,2024
SED2_00081,160,282,2024
SED2_03145,100,115,2024
SED2_03341,250,427,2024
SED2_04485,250,366,2024
SED2_08706,160,247,2024
SED2_02439,160,228,2024
SED2_07148,160,273,2024
SED2_09684,160,328,2024
SED2_09021,160,190,2024
SED2_00933,400,74,2024
SED2_09494,250,269,2024
SED2_02852,250,295,2024
SED2_02023,250,195,2024
SED2_01531,100,91,2024
SED2_04825,160,199,2024
SED2_01500,250,120,2024
SED2_06751,100,27,2024
SED2_01595,160,231,2024
SED2_07652,250,345,2024
SED2_09480,250,306,2024
SED2_05965,250,163,2024
SED2_01905,250,278,2024
SED2_01524,250,350,2024
SED2_01148,250,67,2024
SED2_02591,100,211,2024
SED2_03533,250,114,2024
SED2_05395,100,196,2024
SED2_07397,100,163,2024
SED2_08926,100,14,2024
SED2_01485,250,232,2024
SED2_08391,25,8,2024
SED2_00804,160,311,2024
SED2_08379,250,247,2024
SED2_00734,100,247,2024
SED2_06140,160,173,2024
SED2_07685,125,210,2024
SED2_08401,160,178,2024
SED2_06910,400,245,2024
SED2_05233,160,252,2024
SED2_08837,160,240,2024
SED2_08333,160,237,2024
SED2_01332,100,113,2024
SED2_00078,100,204,2024
SED2_09069,100,251,2024
SED2_07247,250,319,2024
SED2_05137,100,166,2024
SED2_07464,160,195,2024
SED2_00861,160,273,2024
SED2_05984,250,115,2024
SED2_03344,100,180,2024
SED2_08049,100,134,2024
SED2_01340,160,133,2024
SED2_05472,400,242,2024
SED2_00185,250,145,2024
SED2_04195,100,144,2024
SED2_00165,100,216,2024
SED2_09821,160,268,2024
SED2_08593,100,182,2024
SED2_08340,100,251,2024
SED2_05705,160,245,2024
SED2_05404,160,257,2024
SED2_07785,250,86,2024
SED2_02177,160,256,2024
SED2_05465,160,311,2024
SED2_01140,160,233,2024
SED2_08040,250,124,2024
SED2_09814,160,234,2024
SED2_08657,100,171,2024
SED2_03393,160,270,2024
SED2_01576,160,225,2024
SED2_09471,100,234,2024
SED2_01733,160,228,2024
SED2_02909,160,231,2024
SED2_02996,250,252,2024
SED2_01801,250,279,2024
SED2_09833,100,137,2024
SED2_00520,100,212,2024
SED2_08001,100,61,2024
SED2_05857,50,122,2024
SED2_07137,160,512,2024
SED2_00899,160,138,2024
SED2_09581,160,246,2024
SED2_03417,100,84,2024
SED2_05187,75,36,2024
SED2_05314,160,23,2024
SED2_07229,50,33,2024
SED2_04810,400,191,2024
SED2_00657,25,28,2024
SED2_05650,25,31,2024
SED2_01329,100,236,2024
SED2_05293,100,136,2024
SED2_00683,100,190,2024
SED2_04480,100,79,2024
SED2_02649,250,362,2024
SED2_02306,160,224,2024
SED2_09497,250,165,2024
SED2_05692,160,206,2024
SED2_05761,250,285,2024
SED2_07258,250,186,2024
SED2_06818,250,261,2024
SED2_03498,100,117,2024
SED2_09589,400,52,2024
SED2_02066,250,11,2024
SED2_07249,250,32,2024
SED2_01785,250,55,2024
SED2_02767,160,29,2024
SED2_04084,250,410,2024
SED2_02716,400,161,2024
SED2_08409,250,292,2024
SED2_04124,50,22,2024
SED2_00472,160,15,2024
SED2_07183,250,60,2024
SED2_01704,160,231,2024
SED2_04285,250,345,2024
SED2_09891,250,151,2024
SED2_00154,100,132,2024
SED2_06460,250,4,2024
SED2_09229,250,31,2024
SED2_05678,100,16,2024
SED2_04224,160,268,2024
SED2_07683,400,141,2024
SED2_03537,250,322,2024
SED2_01516,250,263,2024
SED2_04097,100,27,2024
SED2_02894,250,175,2024
SED2_03497,160,71,2024
SED2_04878,400,276,2024
SED2_01916,25,108,2024
SED2_00902,160,176,2024
SED2_03201,160,176,2024
SED2_03828,250,116,2024
SED2_03241,250,26,2024
SED2_05836,160,135,2024
SED2_09601,250,79,2024
SED2_09861,250,37,2024
SED2_08283,250,89,2024
SED2_07991,250,90,2024
SED2_05178,250,92,2024
SED2_07425,160,26,2024
SED2_05837,160,43,2024
SED2_09705,400,17,2024
SED2_03753,250,129,2024
SED2_07693,160,336,2024
SED2_03578,160,222,2024
SED2_05278,100,193,2024
SED2_08301,250,114,2024
SED2_09249,100,241,2024
SED2_00992,40,15,2024
SED2_04383,250,68,2024
SED2_03099,400,30,2024
SED2_01890,100,56,2024
SED2_07899,160,148,2024
SED2_00571,250,324,2024
SED2_05398,160,300,2024
SED2_01264,250,372,2024
SED2_09340,100,6,2024
SED2_05584,100,120,2024
SED2_05971,400,15,2024
SED2_07880,100,92,2024
SED2_04465,100,143,2024
SED2_09765,100,116,2024
SED2_04819,100,113,2024
SED2_03173,100,247,2024
SED2_08918,250,165,2024
SED2_08977,250,303,2024
SED2_02524,160,151,2024
SED2_07858,250,546,2024
SED2_01417,250,287,2024
SED2_05819,250,222,2024
SED2_05685,100,32,2024
SED2_02981,250,377,2024
SED2_02067,160,262,2024
SED2_07141,160,142,2024
SED2_05320,400,185,2024
SED2_02184,160,100,2024
SED2_00838,250,172,2024
SED2_00163,100,158,2024
SED2_02587,250,266,2024
SED2_05332,100,75,2024
SED2_07841,400,262,2024
SED2_07088,250,242,2024
SED2_01927,250,220,2024
SED2_03666,400,310,2024
SED2_05003,400,270,2024
SED2_09784,25,62,2024
SED2_06357,160,125,2024
SED2_02849,160,243,2024
SED2_03299,250,92,2024
SED2_06776,160,237,2024
SED2_00754,160,178,2024
SED2_05469,400,373,2024
SED2_09639,160,10,2024
SED2_04652,160,173,2024
SED2_06138,160,54,2024
SED2_09032,250,298,2024
SED2_01224,160,263,2024
SED2_04409,25,64,2024
SED2_06917,160,237,2024
SED2_09195,160,256,2024
SED2_03052,160,132,2024
SED2_05945,160,234,2024
SED2_07300,160,293,2024
SED2_02189,160,204,2024
SED2_03670,50,40,2024
SED2_06306,250,254,2024
SED2_06264,160,50,2024
SED2_05357,100,139,2024
SED2_03945,160,3,2024
SED2_05033,160,208,2024
SED2_04668,400,308,2024
SED2_04593,250,240,2024
SED2_05657,160,267,2024
SED2_00630,400,178,2024
SED2_05007,160,262,2024
SED2_01363,100,226,2024
SED2_04588,160,231,2024
SED2_04978,50,111,2024
SED2_04367,400,40,2024
SED2_00823,250,361,2024
SED2_01191,250,309,2024
SED2_04661,160,527,2024
SED2_02460,100,129,2024
SED2_08574,75,36,2024
SED2_07772,250,350,2024
SED2_06564,15,1,2024
SED2_02212,100,149,2024
SED2_01604,50,30,2024
SED2_07428,100,158,2024
SED2_01386,250,107,2024
SED2_08141,160,258,2024
SED2_08792,250,243,2024
SED2_09752,250,241,2024
SED2_04569,250,357,2024
SED2_02771,50,100,2024
SED2_03307,100,113,2024
SED2_08412,160,271,2024
SED2_05670,350,130,2024
SED2_01446,250,369,2024
SED2_09254,250,215,2024
SED2_07176,160,324,2024
SED2_00605,100,197,2024
SED2_04863,100,116,2024
SED2_01083,50,8,2024
SED2_06349,250,13,2024
SED2_07884,160,136,2024
SED2_05047,250,134,2024
SED2_04651,50,14,2024
SED2_09665,250,186,2024
SED2_01948,250,170,2024
SED2_00511,250,403,2024
SED2_03949,250,306,2024
SED2_04517,250,316,2024
SED2_07543,160,128,2024
SED2_05300,100,175,2024
SED2_06792,100,172,2024
SED2_03461,100,107,2024
SED2_05937,100,22,2024
SED2_03474,15,24,2024
SED2_05067,50,65,2024
SED2_00587,100,115,2024
SED2_05027,160,78,2024
SED2_04407,50,40,2024
SED2_01589,50,76,2024
SED2_05342,50,60,2024
SED2_02445,160,39,2024
SED2_00576,100,123,2024
SED2_02833,160,188,2024
SED2_05299,100,216,2024
SED2_08140,100,117,2024
SED2_06875,100,235,2024
SED2_04720,400,17,2024
SED2_01434,160,18,2024
SED2_07660,400,34,2024
SED2_07983,400,48,2024
SED2_04252,300,30,2024
SED2_07965,400,37,2024
SED2_02595,100,23,2024
SED2_06761,250,15,2024
SED2_09157,250,42,2024
SED2_08505,160,41,2024
SED2_09485,100,25,2024
SED2_03137,100,116,2024
SED2_06934,160,83,2024
SED2_06137,100,17,2024
SED2_02274,100,54,2024
SED2_07026,100,153,2024
SED2_06709,400,36,2024
SED2_09441,160,5,2024
SED2_04893,400,24,2024
SED2_01335,160,158,2024
SED2_05102,250,319,2024
SED2_01680,250,41,2024
SED2_04515,630,20,2024
SED2_01487,400,5,2024
SED2_07843,250,23,2024
SED2_08048,250,17,2024
SED2_00910,160,15,2024
SED2_09111,160,33,2024
SED2_08999,250,118,2024
SED2_05181,50,122,2024
SED2_06675,160,252,2024
SED2_05600,100,290,2024
SED2_04604,250,202,2024
SED2_00581,250,351,2024
SED2_05997,160,116,2024
SED2_08057,400,382,2024
SED2_00178,250,364,2024
SED2_04411,250,224,2024
SED2_07654,400,257,2024
SED2_03021,250,248,2024
SED2_02484,250,205,2024
SED2_02964,400,417,2024
SED2_05051,160,90,2024
SED2_02622,40,60,2024
SED2_05859,160,318,2024
SED2_08026,250,268,2024
SED2_00192,250,318,2024
SED2_03170,400,318,2024
SED2_08328,250,226,2024
SED2_05107,400,388,2024
SED2_07462,250,346,2024
SED2_01711,250,260,2024
SED2_01696,160,213,2024
SED2_06966,50,72,2024
SED2_03153,160,166,2024
SED2_02889,160,56,2024
SED2_06489,250,144,2024
SED2_08011,100,128,2024
SED2_09321,250,294,2024
SED2_02424,250,548,2024
SED2_08010,100,200,2024
SED2_07520,160,292,2024
SED2_07828,250,224,2024
SED2_00931,100,70,2024
SED2_00296,400,497,2024
SED2_03548,250,462,2024
SED2_06942,250,10,2024
SED2_04936,160,179,2024
SED2_02588,250,95,2024
SED2_02777,100,92,2024
SED2_06376,100,118,2024
SED2_02654,250,180,2024
SED2_04208,250,342,2024
SED2_00008,160,306,2024
SED2_09029,160,423,2024
SED2_02874,160,337,2024
SED2_03630,160,195,2024
SED2_07914,160,392,2024
SED2_05471,250,300,2024
SED2_02079,160,172,2024
SED2_08078,160,96,2024
SED2_05384,160,450,2024
SED2_01795,100,270,2024
SED2_05321,250,375,2024
SED2_00099,160,168,2024
SED2_00976,100,36,2024
SED2_08737,250,157,2024
SED2_00740,250,25,2024
SED2_05924,50,259,2024
SED2_05162,40,19,2024
SED2_00045,50,170,2024
SED2_08233,100,110,2024
SED2_00634,100,158,2024
SED2_04082,50,85,2024
SED2_02561,160,149,2024
SED2_09324,250,60,2024
SED2_09040,160,86,2024
SED2_06741,400,104,2024
SED2_09099,15,10,2024
SED2_08313,160,317,2024
SED2_04663,250,185,2024
SED2_01169,160,3,2024
SED2_06861,25,48,2024
SED2_04619,250,85,2024
SED2_01871,250,308,2024
SED2_03939,400,338,2024
SED2_01676,250,316,2024
SED2_03881,75,124,2024
SED2_02882,50,2,2024
SED2_02969,250,323,2024
SED2_07923,250,198,2024
SED2_00268,160,405,2024
SED2_03693,250,240,2024
SED2_03245,630,385,2024
SED2_07331,160,4,2024
SED2_04331,250,170,2024
SED2_07593,250,49,2024
SED2_08530,160,179,2024
SED2_06288,100,67,2024
SED2_08239,100,245,2024
SED2_00066,160,138,2024
SED2_01888,50,115,2024
SED2_05825,400,248,2024
SED2_01388,100,173,2024
SED2_06773,400,331,2024
SED2_07424,100,39,2024
SED2_07094,50,1,2024
SED2_01919,100,123,2024
SED2_02636,40,130,2024
SED2_03473,25,40,2024
SED2_00368,160,3,2024
SED2_08226,25,47,2024
SED2_01980,160,142,2024
SED2_05100,100,47,2024
SED2_06604,15,20,2024
SED2_01448,50,118,2024
SED2_04657,50,48,2024
SED2_03091,250,9,2024
SED2_03279,15,23,2024
SED2_05933,160,230,2024
SED2_03891,160,303,2024
SED2_03873,250,276,2024
SED2_08866,160,220,2024
SED2_05466,160,267,2024
SED2_06114,160,161,2024
SED2_02476,160,259,2024
SED2_08033,400,2,2024
SED2_02351,25,136,2024
SED2_01425,50,69,2024
SED2_01484,250,54,2024
SED2_04799,50,52,2024
SED2_08707,400,84,2024
SED2_03166,250,200,2024
SED2_00258,15,14,2024
SED2_02847,160,177,2024
SED2_02157,25,32,2024
SED2_08406,50,43,2024
SED2_09816,250,351,2024
SED2_07079,50,14,2024
SED2_04446,250,498,2024
SED2_09362,160,230,2024
SED2_07583,160,398,2024
SED2_09279,250,193,2024
SED2_00541,400,84,2024
SED2_09756,160,302,2024
SED2_07669,100,224,2024
SED2_04451,100,259,2024
SED2_07177,400,303,2024
SED2_05739,250,309,2024
SED2_09169,320,176,2024
SED2_04552,250,313,2024
SED2_03794,160,359,2024
SED2_02046,100,28,2024
SED2_08490,100,72,2024
SED2_01188,400,178,2024
SED2_03618,160,196,2024
SED2_03977,250,463,2024
SED2_01333,160,305,2024
SED2_08682,160,189,2024
SED2_04764,100,191,2024
SED2_02115,160,201,2024
SED2_00144,160,360,2024
SED2_00859,250,174,2024
SED2_08159,160,290,2024
SED2_04043,250,509,2024
SED2_00684,100,46,2024
SED2_04920,400,37,2024
SED2_00690,160,346,2024
SED2_01928,100,258,2024
SED2_07909,400,393,2024
SED2_04926,100,132,2024
SED2_08803,160,305,2024
SED2_08510,100,292,2024
SED2_04348,160,228,2024
SED2_05498,100,55,2024
SED2_07115,250,1,2024
SED2_01720,160,356,2024
SED2_00583,250,329,2024
SED2_09188,250,327,2024
SED2_07957,160,181,2024
SED2_09240,100,234,2024
SED2_07348,160,302,2024
SED2_01881,160,243,2024
SED2_03348,250,247,2024
SED2_03041,400,353,2024
SED2_04963,160,249,2024
SED2_03216,160,125,2024
SED2_09131,100,154,2024
SED2_01678,160,406,2024
SED2_01789,100,159,2024
SED2_01392,100,164,2024
SED2_03645,100,17,2024
SED2_05068,50,131,2024
SED2_00006,160,130,2024
SED2_06562,100,149,2024
SED2_02848,100,138,2024
SED2_03088,100,140,2024
SED2_08378,250,37,2024
SED2_08130,160,434,2024
SED2_00468,160,413,2024
SED2_00704,160,309,2024
SED2_02828,160,180,2024
SED2_09779,160,300,2024
SED2_05341,250,336,2024
SED2_05771,160,219,2024
SED2_08368,250,323,2024
SED2_05399,160,191,2024
SED2_09076,250,388,2024
SED2_09404,250,233,2024
SED2_03745,400,224,2024
SED2_07259,160,142,2024
SED2_00394,100,145,2024
SED2_06420,100,194,2024
SED2_03253,400,296,2024
SED2_01955,250,193,2024
SED2_06370,100,196,2024
SED2_01299,400,277,2024
SED2_08417,40,89,2024
SED2_08295,160,331,2024
SED2_01451,160,377,2024
SED2_04387,160,138,2024
SED2_07894,250,132,2024
SED2_09859,250,309,2024
SED2_05818,100,200,2024
SED2_07713,50,181,2024
SED2_01171,100,161,2024
SED2_02223,250,375,2024
SED2_07006,250,399,2024
SED2_03552,100,207,2024
SED2_04236,250,4,2024
SED2_04488,160,178,2024
SED2_09701,160,307,2024
SED2_04442,400,507,2024
SED2_02138,50,2,2024
SED2_01823,400,317,2024
SED2_01820,250,348,2024
SED2_07774,160,17,2024
SED2_08955,250,350,2024
SED2_06911,250,385,2024
SED2_00207,160,59,2024
SED2_07905,250,246,2024
SED2_01302,50,74,2024
SED2_07250,100,94,2024
SED2_08487,250,18,2024
SED2_02269,250,246,2024
SED2_00801,250,377,2024
SED2_01831,250,426,2024
SED2_06827,250,372,2024
SED2_01976,400,493,2024
SED2_08108,160,116,2024
SED2_03032,250,275,2024
SED2_08742,250,420,2024
SED2_08986,250,514,2024
SED2_05893,100,144,2024
SED2_02504,250,449,2024
SED2_04754,160,364,2024
SED2_01045,250,22,2024
SED2_06830,250,346,2024
SED2_06589,160,183,2024
SED2_01772,100,50,2024
SED2_09710,100,112,2024
SED2_06008,100,41,2024
SED2_05866,100,167,2024
SED2_00007,100,265,2024
SED2_07235,250,265,2024
SED2_07135,100,130,2024
SED2_09564,630,127,2024
SED2_00788,250,295,2024
SED2_08517,250,299,2024
SED2_04035,160,186,2024
SED2_04352,160,271,2024
SED2_00668,100,129,2024
SED2_02475,400,485,2024
SED2_08784,160,192,2024
SED2_00119,160,186,2024
SED2_04414,50,105,2024
SED2_07948,100,225,2024
SED2_07405,100,194,2024
SED2_04108,100,135,2024
SED2_00665,160,409,2024
SED2_06389,100,261,2024
SED2_01251,160,163,2024
SED2_01227,160,298,2024
SED2_00554,320,4,2024
SED2_03642,630,296,2024
SED2_01027,400,463,2024
SED2_00458,100,139,2024
SED2_02785,100,86,2024
SED2_06905,50,47,2024
SED2_09184,160,217,2024
SED2_00230,15,30,2024
SED2_04698,50,52,2024
SED2_05335,50,59,2024
SED2_02012,160,266,2024
SED2_07196,160,67,2024
SED2_02806,25,38,2024
SED2_09618,100,67,2024
SED2_01233,160,228,2024
SED2_08294,160,4,2024
SED2_05046,630,33,2024
SED2_09855,250,159,2024
SED2_05282,160,58,2024
SED2_06920,100,37,2024
SED2_02185,160,95,2024
SED2_01992,100,36,2024
SED2_03120,160,71,2024
SED2_05099,50,31,2024
SED2_05360,160,67,2024
SED2_07574,100,92,2024
SED2_02820,25,41,2024
SED2_08298,100,96,2024
SED2_08775,160,391,2024
SED2_06013,25,48,2024
SED2_07538,50,109,2024
SED2_06664,50,53,2024
SED2_01459,100,40,2024
SED2_01755,160,258,2024
SED2_05372,250,176,2024
SED2_01986,250,5,2024
SED2_08411,630,17,2024
SED2_05345,100,98,2024
SED2_00108,250,225,2024
SED2_00298,160,88,2024
SED2_05442,100,70,2024
SED2_01958,100,170,2024
SED2_05492,160,128,2024
SED2_06834,160,104,2024
SED2_01090,100,44,2024
SED2_07263,100,64,2024
SED2_08741,25,29,2024
SED2_02492,100,171,2024
SED2_05057,160,487,2024
SED2_00955,250,482,2024
SED2_09260,250,451,2024
SED2_08321,250,338,2024
SED2_03927,100,2,2024
SED2_01984,50,26,2024
SED2_03721,100,285,2024
SED2_01058,100,158,2024
SED2_09059,160,228,2024
SED2_09406,160,280,2024
SED2_02069,160,285,2024
SED2_00881,160,252,2024
SED2_05956,250,419,2024
SED2_01452,160,398,2024
SED2_00705,250,319,2024
SED2_08915,160,254,2024
SED2_05050,160,239,2024
SED2_05393,160,304,2024
SED2_06422,160,260,2024
SED2_03373,250,42,2024
SED2_04898,250,334,2024
SED2_00837,250,316,2024
SED2_04425,100,14,2024
SED2_04213,100,14,2024
SED2_04314,400,11,2024
SED2_01273,160,278,2024
SED2_08071,400,87,2024
SED2_01502,160,7,2024
SED2_07322,100,27,2024
SED2_08957,400,283,2024
SED2_00434,160,291,2024
SED2_07958,160,314,2024
SED2_05309,160,258,2024
SED2_05909,160,370,2024
SED2_08081,400,347,2024
SED2_06142,250,226,2024
SED2_07992,160,245,2024
SED2_01944,160,252,2024
SED2_04977,250,37,2024
SED2_07230,100,2,2024
SED2_07275,100,166,2024
SED2_07554,160,2,2024
SED2_02153,250,103,2024
SED2_09516,160,132,2024
SED2_02550,100,39,2024
SED2_06060,250,8,2024
SED2_01465,250,279,2024
SED2_01383,250,3,2024
SED2_02537,630,203,2024
SED2_03816,250,3,2024
SED2_05311,160,140,2024
SED2_03152,400,326,2024
SED2_01266,100,17,2024
SED2_00864,50,13,2024
SED2_03313,160,315,2024
SED2_02854,160,309,2024
SED2_02464,250,23,2024
SED2_02977,250,4,2024
SED2_01723,400,9,2024
SED2_03969,250,251,2024
SED2_07678,630,168,2024
SED2_06695,40,2,2024
SED2_05699,160,47,2024
SED2_03831,250,301,2024
SED2_07619,250,252,2024
SED2_01046,160,154,2024
SED2_02414,160,285,2024
SED2_05443,250,330,2024
SED2_01997,250,330,2024
SED2_00842,250,118,2024
SED2_05689,160,261,2024
SED2_06035,400,60,2024
SED2_03747,400,87,2024
SED2_04539,160,234,2024
SED2_06798,160,256,2024
SED2_08495,160,173,2024
SED2_06633,160,194,2024
SED2_06402,160,300,2024
SED2_02458,250,355,2024
SED2_06580,400,86,2024
SED2_06799,100,237,2024
SED2_00888,160,140,2024
SED2_02557,250,298,2024
SED2_05110,160,213,2024
SED2_03133,250,291,2024
SED2_04309,250,264,2024
SED2_08802,160,256,2024
SED2_09022,250,263,2024
SED2_09808,160,196,2024
SED2_04700,160,154,2024
SED2_05718,250,294,2024
SED2_01008,250,229,2024
SED2_08284,250,315,2024
SED2_08679,100,64,2024
SED2_05690,160,124,2024
SED2_09124,160,187,2024
SED2_07906,250,384,2024
SED2_00479,250,86,2024
SED2_01645,100,16,2024
SED2_01051,250,440,2024
SED2_09291,250,82,2024
SED2_02988,250,47,2024
SED2_05571,100,38,2024
SED2_07225,100,140,2024
SED2_08111,250,269,2024
SED2_07362,100,77,2024
SED2_08763,160,195,2024
SED2_08827,400,204,2024
SED2_07609,160,411,2024
SED2_07635,160,384,2024
SED2_04837,160,175,2024
SED2_05124,160,181,2024
SED2_05092,630,342,2024
SED2_02886,160,186,2024
SED2_06317,160,174,2024
SED2_09287,100,12,2024
SED2_03748,50,16,2024
SED2_07979,15,21,2024
SED2_08621,100,276,2024
SED2_00425,630,223,2024
SED2_03868,50,112,2024
SED2_07448,250,216,2024
SED2_07757,400,331,2024
SED2_04678,250,187,2024
SED2_07064,250,250,2024
SED2_07052,630,11,2024
SED2_07392,250,2,2024
SED2_07458,250,363,2024
SED2_05806,100,110,2024
SED2_02669,100,211,2024
SED2_06172,160,154,2024
SED2_04453,400,455,2024
SED2_09887,250,471,2024
SED2_01764,400,663,2024
SED2_07355,160,406,2024
SED2_09273,250,324,2024
SED2_03176,160,416,2024
SED2_00124,250,403,2024
SED2_07773,250,193,2024
SED2_09927,100,33,2024
SED2_06252,250,118,2024
SED2_05129,160,303,2024
SED2_08940,100,108,2024
SED2_06825,100,36,2024
SED2_06350,250,417,2024
SED2_08229,100,165,2024
SED2_01128,160,359,2024
SED2_04880,160,113,2024
SED2_02778,160,195,2024
SED2_09595,100,143,2024
SED2_03812,160,236,2024
SED2_05665,100,201,2024
SED2_04182,630,199,2024
SED2_02242,400,76,2024
SED2_01114,100,151,2024
SED2_08450,160,244,2024
SED2_05528,100,185,2024
SED2_08047,100,213,2024
SED2_01708,100,136,2024
SED2_09461,160,276,2024
SED2_08948,100,123,2024
SED2_09798,160,173,2024
SED2_05519,160,234,2024
SED2_06708,250,210,2024
SED2_06087,100,70,2024
SED2_04179,101,117,2024
SED2_03212,160,245,2024
SED2_05056,100,178,2024
SED2_08514,160,171,2024
SED2_01067,100,111,2024
SED2_00330,250,177,2024
SED2_00692,250,352,2024
SED2_00265,250,259,2024
SED2_09604,250,357,2024
SED2_02662,160,158,2024
SED2_05423,100,236,2024
SED2_08832,160,146,2024
SED2_07496,100,155,2024
SED2_05980,100,151,2024
SED2_05967,250,301,2024
SED2_00363,250,186,2024
SED2_08534,160,183,2024
SED2_06186,150,113,2024
SED2_05770,630,166,2024
SED2_00061,100,173,2024
SED2_02916,160,115,2024
SED2_05536,160,215,2024
SED2_07031,250,219,2024
SED2_09301,100,194,2024
SED2_02756,160,224,2024
SED2_02805,400,203,2024
SED2_07401,101,138,2024
SED2_00651,160,210,2024
SED2_04611,100,214,2024
SED2_02661,160,118,2024
SED2_02421,160,233,2024
SED2_09294,100,118,2024
SED2_01287,100,194,2024
SED2_05834,160,151,2024
SED2_02835,160,230,2024
SED2_06782,100,142,2024
SED2_08246,160,286,2024
SED2_07248,250,462,2024
SED2_06485,160,217,2024
SED2_09405,250,451,2024
SED2_01309,160,190,2024
SED2_00686,250,204,2024
SED2_05915,160,150,2024
SED2_07166,160,165,2024
SED2_06261,160,125,2024
SED2_03675,160,230,2024
SED2_06358,160,250,2024
SED2_01466,100,283,2024
SED2_07302,160,206,2024
SED2_01731,100,164,2024
SED2_01038,100,127,2024
SED2_05307,100,70,2024
SED2_05861,101,139,2024
SED2_01124,100,137,2024
SED2_04765,160,269,2024
SED2_03676,160,124,2024
SED2_04457,160,189,2024
SED2_05193,100,135,2024
SED2_02080,100,158,2024
SED2_05561,250,204,2024
SED2_02290,250,160,2024
SED2_07651,160,291,2024
SED2_01561,100,164,2024
SED2_05283,100,165,2024
SED2_05839,250,227,2024
SED2_01135,250,142,2024
SED2_07937,250,121,2024
SED2_03990,160,218,2024
SED2_02875,160,90,2024
SED2_09414,250,154,2024
SED2_06240,100,64,2024
SED2_07960,160,139,2024
SED2_08153,250,109,2024
SED2_08718,250,7,2024
SED2_01998,250,125,2024
SED2_07746,250,61,2024
SED2_05773,100,114,2024
SED2_06643,160,3,2024
SED2_09352,100,206,2024
SED2_03931,250,23,2024
SED2_00738,400,355,2024
SED2_00813,250,307,2024
SED2_06964,100,122,2024
SED2_08652,160,125,2024
SED2_09454,50,91,2024
SED2_07047,160,168,2024
SED2_06006,100,166,2024
SED2_03516,160,220,2024
SED2_05786,100,123,2024
SED2_03778,250,97,2024
SED2_05627,100,120,2024
SED2_07261,160,156,2024
SED2_00923,100,189,2024
SED2_05242,100,155,2024
SED2_00631,250,52,2024
SED2_02675,400,12,2024
SED2_07688,250,29,2024
SED2_05374,160,71,2024
SED2_06272,250,212,2024
SED2_02976,630,311,2024
SED2_00940,250,142,2024
SED2_06452,400,556,2024
SED2_01740,400,138,2024
SED2_06665,250,393,2024
SED2_09060,400,423,2024
SED2_08335,160,88,2024
SED2_03466,400,83,2024
SED2_06702,630,278,2024
SED2_00615,400,97,2024
SED2_02355,160,116,2024
SED2_07122,630,215,2024
SED2_02726,630,172,2024
SED2_01102,630,152,2024
SED2_08985,400,186,2024
SED2_06885,250,209,2024
SED2_08234,400,137,2024
SED2_05555,400,54,2024
SED2_08794,0,SIN DATA,2024
SED2_05482,160,204,2024
SED2_06256,250,193,2024
SED2_08105,300,315,2024
SED2_06787,400,37,2024
SED2_04396,400,42,2024
SED2_04503,300,1,2024
SED2_08779,110,2,2024
SED2_00271,250,325,2024
SED2_01368,400,267,2024
SED2_06146,400,271,2024
SED2_06490,250,217,2024
SED2_03023,300,342,2024
SED2_00282,250,93,2024
SED2_07730,400,26,2024
SED2_01961,300,86,2024
SED2_00471,400,224,2024
SED2_04848,250,157,2024
SED2_05256,250,171,2024
SED2_06192,250,324,2024
SED2_04528,101,147,2024
SED2_04634,250,166,2024
SED2_04701,100,189,2024
SED2_02197,250,152,2024
SED2_08856,400,108,2024
SED2_05383,160,117,2024
SED2_05763,250,187,2024
SED2_08424,100,164,2024
SED2_05733,100,183,2024
SED2_06486,160,111,2024
SED2_08410,400,644,2024
SED2_04048,630,741,2024
SED2_05275,630,183,2024
SED2_03777,250,151,2024
SED2_07057,160,276,2024
SED2_00645,160,168,2024
SED2_05098,100,144,2024
SED2_02941,160,287,2024
SED2_01840,250,180,2024
SED2_08477,100,140,2024
SED2_08051,250,156,2024
SED2_08272,100,122,2024
SED2_07936,100,134,2024
SED2_08831,160,148,2024
SED2_00699,250,205,2024
SED2_08982,250,199,2024
SED2_07085,160,124,2024
SED2_06531,250,187,2024
SED2_07314,160,154,2024
SED2_05488,160,179,2024
SED2_07568,160,174,2024
SED2_09333,250,102,2024
SED2_04797,160,109,2024
SED2_07305,250,183,2024
SED2_05363,160,168,2024
SED2_08564,250,224,2024
SED2_05013,250,254,2024
SED2_07974,160,81,2024
SED2_09692,160,93,2024
SED2_00826,400,379,2024
SED2_01534,250,575,2024
SED2_02984,400,83,2024
SED2_01123,400,223,2024
SED2_01231,400,258,2024
SED2_09769,400,4,2024
SED2_05306,630,157,2024
SED2_04066,400,200,2024
SED2_08356,250,107,2024
SED2_00093,400,214,2024
SED2_04231,400,172,2024
SED2_00027,160,106,2024
SED2_07510,630,189,2024
SED2_02175,250,252,2024
SED2_09553,630,363,2024
SED2_04271,630,349,2024
SED2_07548,400,276,2024
SED2_07748,250,150,2024
SED2_08990,630,316,2024
SED2_07201,630,303,2024
SED2_06581,400,229,2024
SED2_02478,250,203,2024
SED2_04690,630,129,2024
SED2_05032,400,213,2024
SED2_05201,400,140,2024
SED2_02584,250,411,2024
SED2_08909,400,95,2024
SED2_04527,400,529,2024
SED2_05094,400,333,2024
SED2_08952,250,115,2024
SED2_03024,400,412,2024
SED2_03332,400,294,2024
SED2_06786,400,45,2024
SED2_08805,400,307,2024
SED2_01380,400,374,2024
SED2_00906,400,391,2024
SED2_09586,160,104,2024
SED2_04922,400,127,2024
SED2_07013,250,294,2024
SED2_02603,250,323,2024
SED2_04673,160,301,2024
SED2_08943,250,110,2024
SED2_04093,250,203,2024
SED2_09230,630,220,2024
SED2_01934,400,328,2024
SED2_02879,160,SIN DATA,2024
SED2_04150,250,235,2024
SED2_09396,160,63,2024
SED2_01586,400,207,2024
SED2_09867,400,207,2024
SED2_03660,630,313,2024
SED2_04261,300,324,2024
SED2_05136,250,311,2024
SED2_07833,400,13,2024
SED2_04399,400,94,2024
SED2_09811,160,51,2024
SED2_05788,400,214,2024
SED2_01467,50,2,2024
SED2_05549,50,2,2024
SED2_07802,250,118,2024
SED2_03495,250,158,2024
SED2_03073,100,2,2024
SED2_09488,160,241,2024
SED2_08769,100,117,2024
SED2_09531,630,336,2024
SED2_01555,250,57,2024
SED2_03008,630,211,2024
SED2_01674,250,95,2024
SED2_00911,400,320,2024
SED2_04722,630,112,2024
SED2_09626,250,161,2024
SED2_07190,630,10,2024
SED2_04746,630,300,2024
SED2_03025,250,269,2024
SED2_06380,160,102,2024
SED2_03803,400,420,2024
SED2_01897,250,148,2024
SED2_01615,630,280,2024
SED2_05133,630,397,2024
SED2_01848,400,245,2024
SED2_08500,160,94,2024
SED2_00257,400,105,2024
SED2_08845,400,227,2024
SED2_08324,250,136,2024
SED2_05791,100,6,2024
SED2_08912,250,369,2024
SED2_06026,630,284,2024
SED2_05575,250,235,2024
SED2_00975,250,309,2024
SED2_08149,630,225,2024
SED2_07924,50,SIN DATA,2024
SED2_02982,630,68,2024
SED2_08841,400,25,2024
SED2_00223,250,27,2024
SED2_02689,630,338,2024
SED2_01739,250,185,2024
SED2_09905,400,270,2024
SED2_06739,400,111,2024
SED2_08600,250,157,2024
SED2_08448,400,46,2024
SED2_09473,400,3,2024
SED2_00617,400,314,2024
SED2_08978,630,369,2024
SED2_08464,400,170,2024
SED2_00613,630,40,2024
SED2_08007,630,127,2024
SED2_03989,630,338,2024
SED2_08336,250,111,2024
SED2_07107,250,294,2024
SED2_04643,400,250,2024
SED2_02748,400,193,2024
SED2_05899,400,89,2024
SED2_01904,250,222,2024
SED2_09540,250,104,2024
SED2_01724,630,167,2024
SED2_03947,250,4,2024
SED2_08447,250,52,2024
SED2_01922,400,128,2024
SED2_03909,400,367,2024
SED2_01667,400,163,2024
SED2_08611,400,16,2024
SED2_07453,250,504,2024
SED2_02993,400,168,2024
SED2_08651,400,163,2024
SED2_01503,400,126,2024
SED2_08860,250,65,2024
SED2_08472,400,300,2024
SED2_00530,630,304,2024
SED2_03296,250,226,2024
SED2_01012,250,18,2024
SED2_07682,160,112,2024
SED2_02615,400,253,2024
SED2_08836,400,79,2024
SED2_08671,630,366,2024
SED2_01653,400,146,2024
SED2_01444,400,146,2024
SED2_03503,400,219,2024
SED2_06251,400,131,2024
SED2_01783,250,43,2024
SED2_08531,630,60,2024
SED2_07097,400,152,2024
SED2_00746,400,248,2024
SED2_06620,400,205,2024
SED2_06205,250,239,2024
SED2_09733,400,332,2024
SED2_07782,400,98,2024
SED2_03221,160,4,2024
SED2_05969,160,220,2024
SED2_02169,250,366,2024
SED2_04572,250,227,2024
SED2_08889,630,230,2024
SED2_03204,400,135,2024
SED2_03781,250,198,2024
SED2_03399,630,119,2024
SED2_05686,400,104,2024
SED2_02065,250,71,2024
SED2_09219,630,150,2024
SED2_01323,400,29,2024
SED2_08316,400,138,2024
SED2_01525,400,6,2024
SED2_05079,630,75,2024
SED2_04379,400,103,2024
SED2_00438,0,SIN DATA,2024
SED2_01974,400,94,2024
SED2_00344,250,41,2024
SED2_07935,400,192,2024
SED2_09288,160,177,2024
SED2_05617,250,59,2024
SED2_00594,400,110,2024
SED2_08672,400,214,2024
SED2_02740,630,102,2024
SED2_07839,400,273,2024
SED2_04612,400,280,2024
SED2_01748,400,303,2024
SED2_09253,250,176,2024
SED2_09647,400,285,2024
SED2_03582,630,334,2024
SED2_03413,250,261,2024
SED2_04157,630,219,2024
SED2_08250,250,188,2024
SED2_04317,315,461,2024
SED2_07718,250,107,2024
SED2_00010,250,202,2024
SED2_09137,250,82,2024
SED2_00041,630,244,2024
SED2_09864,200,318,2024
SED2_04600,630,293,2024
SED2_06871,630,291,2024
SED2_05065,400,112,2024
SED2_00442,400,213,2024
SED2_05672,630,311,2024
SED2_07297,630,50,2024
SED2_06976,400,243,2024
SED2_03161,200,3,2024
SED2_08203,400,196,2024
SED2_04594,400,178,2024
SED2_06831,630,268,2024
SED2_03233,400,35,2024
SED2_06558,400,21,2024
SED2_09914,630,281,2024
SED2_08732,400,5,2024
SED2_02236,400,342,2024
SED2_08625,250,227,2024
SED2_06470,250,213,2024
SED2_08037,250,169,2024
SED2_05343,100,138,2024
SED2_05297,100,114,2024
SED2_06456,100,73,2024
SED2_05163,400,114,2024
SED2_06599,250,294,2024
SED2_08911,160,106,2024
SED2_02704,250,118,2024
SED2_03065,250,239,2024
SED2_00661,400,120,2024
SED2_00529,630,224,2024
SED2_01804,630,173,2024
SED2_06726,630,158,2024
SED2_09348,250,149,2024
SED2_09144,250,156,2024
SED2_02531,400,166,2024
SED2_02657,400,24,2024
SED2_02663,400,77,2024
SED2_07514,250,96,2024
SED2_08579,630,346,2024
SED2_01419,250,130,2024
SED2_00811,400,47,2024
SED2_00701,630,291,2024
SED2_05811,400,259,2024
SED2_01225,250,39,2024
SED2_03252,250,67,2024
SED2_06640,630,123,2024
SED2_01265,160,205,2024
SED2_08113,250,33,2024
SED2_06653,250,84,2024
SED2_09264,400,197,2024
SED2_06868,400,196,2024
SED2_00562,250,82,2024
SED2_07027,400,210,2024
SED2_00496,400,101,2024
SED2_08749,400,211,2024
SED2_04433,400,368,2024
SED2_08653,630,218,2024
SED2_04897,400,310,2024
SED2_03343,400,93,2024
SED2_03095,400,175,2024
SED2_04861,400,181,2024
SED2_00795,630,262,2024
SED2_01771,630,106,2024
SED2_03903,630,51,2024
SED2_02395,630,196,2024
SED2_08855,400,106,2024
SED2_04458,400,202,2024
SED2_09602,250,127,2024
SED2_07555,160,84,2024
SED2_09739,250,219,2024
SED2_09782,250,188,2024
SED2_00364,400,164,2024
SED2_01885,250,113,2024
SED2_07980,250,299,2024
SED2_07410,400,155,2024
SED2_07435,400,127,2024
SED2_06173,250,207,2024
SED2_05572,400,348,2024
SED2_05975,400,336,2024
SED2_04784,630,314,2024
SED2_06418,100,SIN DATA,2024
SED2_00862,400,160,2024
SED2_01296,400,88,2024
SED2_04126,160,40,2024
SED2_04302,400,327,2024
SED2_05194,630,209,2024
SED2_09025,400,188,2024
SED2_07525,400,145,2024
SED2_00770,160,154,2024
SED2_04483,160,173,2024
SED2_05552,630,195,2024
SED2_03476,630,260,2024
SED2_05183,630,281,2024
SED2_04649,400,197,2024
SED2_08483,250,216,2024
SED2_04870,630,56,2024
SED2_06974,250,185,2024
SED2_04822,630,43,2024
SED2_07771,400,32,2024
SED2_01407,630,150,2024
SED2_07404,400,350,2024
SED2_01433,250,153,2024
SED2_06993,400,389,2024
SED2_06051,400,414,2024
SED2_09772,400,81,2024
SED2_07036,630,219,2024
SED2_06423,400,179,2024
SED2_05191,400,208,2024
SED2_07661,630,234,2024
SED2_05860,400,42,2024
SED2_07065,630,190,2024
SED2_00217,400,239,2024
SED2_00038,400,251,2024
SED2_02130,400,351,2024
SED2_07939,630,336,2024
SED2_06882,250,104,2024
SED2_09209,400,224,2024
SED2_02508,250,69,2024
SED2_00896,630,307,2024
SED2_07826,400,138,2024
SED2_00504,250,198,2024
SED2_09265,250,86,2024
SED2_01864,630,251,2024
SED2_05266,250,172,2024
SED2_00750,400,2,2024
SED2_04438,250,75,2024
SED2_00886,250,63,2024
SED2_05112,250,186,2024
SED2_01773,400,140,2024
SED2_05864,630,239,2024
SED2_03806,250,397,2024
SED2_09070,250,346,2024
SED2_08549,160,225,2024
SED2_03988,250,65,2024
SED2_00444,630,151,2024
SED2_04763,160,130,2024
SED2_04495,250,94,2024
SED2_02510,250,19,2024
SED2_04477,250,341,2024
SED2_09053,250,302,2024
SED2_02902,200,203,2024
SED2_02321,250,200,2024
SED2_02259,250,239,2024
SED2_09922,250,262,2024
SED2_01106,250,110,2024
SED2_02152,250,196,2024
SED2_08449,250,243,2024
SED2_05547,250,88,2024
SED2_08559,160,212,2024
SED2_03446,400,74,2024
SED2_04115,630,184,2024
SED2_08699,630,479,2024
SED2_09285,630,344,2024
SED2_00255,630,184,2024
SED2_09270,250,228,2024
SED2_03595,250,22,2024
SED2_09899,400,133,2024
SED2_06218,630,268,2024
SED2_01486,400,213,2024
SED2_06344,630,250,2024
SED2_09136,400,225,2024
SED2_05245,250,SIN DATA,2024
SED2_00999,630,162,2024
SED2_07303,630,146,2024
SED2_00323,630,166,2024
SED2_05550,160,228,2024
SED2_08252,400,46,2024
SED2_06255,250,2,2024
SED2_07394,400,198,2024
SED2_01818,160,139,2024
SED2_07191,250,35,2024
SED2_07377,630,212,2024
SED2_03616,630,46,2024
SED2_07913,400,200,2024
SED2_02966,400,117,2024
SED2_01370,250,122,2024
SED2_00253,630,142,2024
SED2_02391,630,256,2024
SED2_02706,400,23,2024
SED2_05562,250,87,2024
SED2_05139,300,169,2024
SED2_08558,400,61,2024
SED2_00416,160,12,2024
SED2_04058,400,265,2024
SED2_06765,100,127,2024
SED2_04141,400,45,2024
SED2_04250,250,132,2024
SED2_08276,160,23,2024
SED2_00495,250,247,2024
SED2_05798,250,9,2024
SED2_06663,400,101,2024
SED2_07698,630,52,2024
SED2_06182,400,219,2024
SED2_04650,160,102,2024
SED2_06280,400,210,2024
SED2_02430,400,222,2024
SED2_03740,250,217,2024
SED2_07454,630,199,2024
SED2_07502,300,288,2024
SED2_00319,400,393,2024
SED2_01262,160,38,2024
SED2_09567,630,12,2024
SED2_02216,630,196,2024
SED2_08497,630,185,2024
SED2_05273,630,157,2024
SED2_09824,630,75,2024
SED2_08773,400,185,2024
SED2_07995,630,213,2024
SED2_06791,400,73,2024
SED2_07240,630,367,2024
SED2_02975,630,183,2024
SED2_01683,630,199,2024
SED2_04796,400,127,2024
SED2_06009,100,147,2024
SED2_07330,101,129,2024
SED2_05726,160,147,2024
SED2_01559,250,88,2024
SED2_06472,250,131,2024
SED2_04119,400,6,2024
SED2_01043,630,3,2024
SED2_09690,250,107,2024
SED2_01687,630,251,2024
SED2_05359,250,134,2024
SED2_09786,250,28,2024
SED2_01924,160,127,2024
SED2_09526,400,242,2024
SED2_06962,250,192,2024
SED2_00227,630,146,2024
SED2_09115,160,78,2024
SED2_05523,50,27,2024
SED2_04211,400,231,2024
SED2_05093,250,163,2024
SED2_04559,250,4,2024
SED2_08925,100,2,2024
SED2_02260,250,4,2024
SED2_01153,250,17,2024
SED2_05939,630,189,2024
SED2_08178,250,2,2024
SED2_00928,630,394,2024
SED2_06534,400,40,2024
SED2_04447,250,186,2024
SED2_05467,400,103,2024
SED2_08062,400,185,2024
SED2_07666,400,1,2024
SED2_02230,400,162,2024
SED2_02774,630,195,2024
SED2_00621,150,2,2024
SED2_01336,250,124,2024
SED2_08703,630,208,2024
SED2_09580,630,220,2024
SED2_03538,400,146,2024
SED2_00984,250,139,2024
SED2_01023,630,296,2024
SED2_04100,400,53,2024
SED2_01810,400,247,2024
SED2_04534,630,505,2024
SED2_08799,400,143,2024
SED2_07765,250,75,2024
SED2_00722,630,85,2024
SED2_06957,100,44,2024
SED2_08645,630,324,2024
SED2_03889,250,90,2024
SED2_07055,630,203,2024
SED2_09409,400,189,2024
SED2_00552,160,82,2024
SED2_07488,630,240,2024
SED2_00283,630,89,2024
SED2_05239,160,29,2024
SED2_04030,400,135,2024
SED2_06253,400,220,2024
SED2_06614,400,231,2024
SED2_08471,160,127,2024
SED2_00773,250,294,2024
SED2_00932,250,96,2024
SED2_01834,250,155,2024
SED2_07423,160,121,2024
SED2_03944,160,93,2024
SED2_03059,630,1,2024
SED2_07157,150,139,2024
SED2_02863,630,144,2024
SED2_03118,160,1,2024
SED2_04734,160,12,2024
SED2_07941,250,1,2024
SED2_07443,160,171,2024
SED2_01677,250,314,2024
SED2_04975,250,2,2024
SED2_08947,630,106,2024
SED2_02521,400,9,2024
SED2_08847,50,8,2024
SED2_09149,400,225,2024
SED2_06808,400,196,2024
SED2_00196,160,241,2024
SED2_01499,250,12,2024
SED2_08643,160,98,2024
SED2_07752,250,208,2024
SED2_07289,400,292,2024
SED2_05742,160,212,2024
SED2_03480,160,107,2024
SED2_05624,630,164,2024
SED2_01523,400,171,2024
SED2_07273,400,266,2024
SED2_08917,160,44,2024
SED2_05128,400,105,2024
SED2_07572,160,10,2024
SED2_00147,160,91,2024
SED2_00956,630,199,2024
SED2_06828,400,243,2024
SED2_06139,160,140,2024
SED2_08304,250,37,2024
SED2_07293,400,235,2024
SED2_05509,630,393,2024
SED2_04890,630,299,2024
SED2_08210,75,188,2024
SED2_00123,250,182,2024
SED2_03869,400,245,2024
SED2_02487,400,311,2024
SED2_08675,250,28,2024
SED2_08408,630,500,2024
SED2_02650,400,108,2024
SED2_08906,300,85,2024
SED2_03906,630,148,2024
SED2_06016,400,54,2024
SED2_00728,400,94,2024
SED2_08365,160,61,2024
SED2_06188,400,251,2024
SED2_08310,250,27,2024
SED2_09757,400,278,2024
SED2_01803,160,163,2024
SED2_01627,250,419,2024
SED2_07217,400,214,2024
SED2_00274,630,392,2024
SED2_03640,630,462,2024
SED2_05109,630,509,2024
SED2_05468,160,50,2024
SED2_05640,400,158,2024
SED2_03295,630,399,2024
SED2_06083,160,85,2024
SED2_07608,160,139,2024
SED2_08199,160,45,2024
SED2_01141,400,85,2024
SED2_08126,160,86,2024
SED2_04223,250,154,2024
SED2_01138,160,31,2024
SED2_08095,630,347,2024
SED2_01068,400,440,2024
SED2_06471,400,308,2024
SED2_07519,250,89,2024
SED2_08938,0,SIN DATA,2024
SED2_02347,160,110,2024
SED2_02826,250,5,2024
SED2_03948,400,89,2024
SED2_07280,250,96,2024
SED2_02554,250,72,2024
SED2_03992,250,152,2024
SED2_07388,400,19,2024
SED2_00275,250,7,2024
SED2_07226,250,176,2024
SED2_02987,400,129,2024
SED2_06700,630,135,2024
SED2_07978,250,62,2024
SED2_02545,250,1,2024
SED2_02371,400,124,2024
SED2_04823,630,239,2024
SED2_06587,630,91,2024
SED2_04400,630,288,2024
SED2_02574,400,64,2024
SED2_08346,400,207,2024
SED2_03445,400,71,2024
SED2_04340,250,284,2024
SED2_06951,160,185,2024
SED2_07100,630,130,2024
SED2_02676,250,322,2024
SED2_06632,100,45,2024
SED2_07575,630,197,2024
SED2_03384,400,259,2024
SED2_01983,160,17,2024
SED2_08945,400,69,2024
SED2_07167,400,225,2024
SED2_04008,160,13,2024
SED2_04016,250,108,2024
SED2_01790,250,106,2024
SED2_01350,400,498,2024
SED2_08972,250,80,2024
SED2_09683,100,82,2024
SED2_05023,160,150,2024
SED2_05883,630,5,2024
SED2_00675,160,146,2024
SED2_05080,160,226,2024
SED2_05880,75,87,2024
SED2_03062,250,127,2024
SED2_07896,630,140,2024
SED2_09208,630,339,2024
SED2_06766,250,56,2024
SED2_08546,200,129,2024
SED2_04582,160,149,2024
SED2_08451,100,122,2024
SED2_00168,100,145,2024
SED2_01382,100,103,2024
SED2_07019,160,122,2024
SED2_07452,101,103,2024
SED2_09789,250,186,2024
SED2_02637,75,106,2024
SED2_01709,400,167,2024
SED2_02387,100,41,2024
SED2_08825,250,163,2024
SED2_07589,160,51,2024
SED2_03623,400,230,2024
SED2_05494,630,125,2024
SED2_00342,630,307,2024
SED2_06578,250,20,2024
SED2_05812,160,60,2024
SED2_03553,160,74,2024
SED2_06392,250,290,2024
SED2_04786,400,61,2024
SED2_04621,400,138,2024
SED2_07631,630,192,2024
SED2_07695,630,201,2024
SED2_04767,630,6,2024
SED2_01799,630,3,2024
SED2_00263,250,101,2024
SED2_00814,400,40,2024
SED2_01811,250,228,2024
SED2_01256,630,181,2024
SED2_02255,400,212,2024
SED2_00920,250,233,2024
SED2_07856,160,36,2024
SED2_02843,160,103,2024
SED2_03379,250,2,2024
SED2_08882,400,68,2024
SED2_05525,630,492,2024
SED2_06303,630,181,2024
SED2_07153,630,166,2024
SED2_03549,400,76,2024
SED2_07796,250,129,2024
SED2_05858,250,50,2024
SED2_05548,400,163,2024
SED2_02173,400,171,2024
SED2_01747,400,29,2024
SED2_06480,250,31,2024
SED2_02744,160,1,2024
SED2_07426,250,2,2024
SED2_09217,160,73,2024
SED2_05166,160,138,2024
SED2_02271,400,107,2024
SED2_04494,160,180,2024
SED2_00774,100,150,2024
SED2_03866,160,250,2024
SED2_05712,160,42,2024
SED2_09623,160,97,2024
SED2_05930,160,49,2024
SED2_01297,400,280,2024
SED2_02345,250,311,2024
SED2_07550,200,203,2024
SED2_01535,400,579,2024
SED2_07922,160,101,2024
SED2_05277,250,13,2024
SED2_00387,160,48,2024
SED2_05922,250,15,2024
SED2_02328,160,64,2024
SED2_02980,250,53,2024
SED2_01639,250,316,2024
SED2_06267,400,234,2024
SED2_09717,300,389,2024
SED2_06563,200,174,2024
SED2_05120,250,212,2024
SED2_04908,250,238,2024
SED2_07832,630,SIN DATA,2024
SED2_06876,400,349,2024
SED2_01439,100,100,2024
SED2_06086,630,122,2024
SED2_09512,250,306,2024
SED2_03900,400,232,2024
SED2_00685,250,122,2024
SED2_01157,630,394,2024
SED2_01013,400,4,2024
SED2_01075,250,2,2024
SED2_02567,160,31,2024
SED2_05808,400,189,2024
SED2_09386,400,501,2024
SED2_03725,200,207,2024
SED2_05684,250,203,2024
SED2_05792,160,50,2024
SED2_04187,400,193,2024
SED2_07082,400,384,2024
SED2_02119,160,177,2024
SED2_06939,160,206,2024
SED2_05241,100,48,2024
SED2_08635,630,41,2024
SED2_06316,630,447,2024
SED2_01856,400,182,2024
SED2_08370,630,410,2024
SED2_08119,400,13,2024
SED2_05015,160,119,2024
SED2_03438,630,179,2024
SED2_05310,400,72,2024
SED2_01131,160,64,2024
SED2_06887,250,80,2024
SED2_01294,400,370,2024
SED2_05208,630,475,2024
SED2_08815,400,159,2024
SED2_03576,630,186,2024
SED2_02618,400,190,2024
SED2_01490,400,248,2024
SED2_03419,630,191,2024
SED2_00171,400,96,2024
SED2_06167,400,50,2024
SED2_07853,630,466,2024
SED2_07779,400,280,2024
SED2_04547,400,248,2024
SED2_02060,250,242,2024
SED2_07721,250,392,2024
SED2_02896,250,82,2024
SED2_05480,250,108,2024
SED2_07920,250,178,2024
SED2_05950,400,167,2024
SED2_09354,400,180,2024
SED2_00084,250,119,2024
SED2_04732,100,28,2024
SED2_04445,160,60,2024
SED2_06721,250,44,2024
SED2_06630,250,67,2024
SED2_09331,100,5,2024
SED2_06133,160,3,2024
SED2_01648,100,40,2024
SED2_08543,630,112,2024
SED2_07616,630,91,2024
SED2_07544,160,68,2024
SED2_02516,250,72,2024
SED2_07667,160,24,2024
SED2_00835,400,4,2024
SED2_07457,250,38,2024
SED2_07165,250,96,2024
SED2_03017,250,99,2024
SED2_09100,630,228,2024
SED2_03155,400,150,2024
SED2_08088,630,114,2024
SED2_09228,630,354,2024
SED2_00206,250,385,2024
SED2_04782,250,326,2024
SED2_05331,400,45,2024
SED2_03884,400,189,2024
SED2_03048,250,320,2024
SED2_07518,250,205,2024
SED2_04311,100,63,2024
SED2_01002,250,250,2024
SED2_07105,630,3,2024
SED2_02797,400,86,2024
SED2_04319,250,98,2024
SED2_03636,400,54,2024
SED2_08523,160,82,2024
SED2_08790,250,383,2024
SED2_08954,100,114,2024
SED2_08538,250,87,2024
SED2_05727,400,161,2024
SED2_01279,400,91,2024
SED2_01249,400,429,2024
SED2_06852,250,147,2024
SED2_00018,250,59,2024
SED2_04879,250,6,2024
SED2_04670,160,115,2024
SED2_02942,250,398,2024
SED2_04264,630,136,2024
SED2_09818,630,211,2024
SED2_03886,630,315,2024
SED2_02037,250,127,2024
SED2_02403,400,108,2024
SED2_03314,250,160,2024
SED2_05873,250,100,2024
SED2_09528,160,171,2024
SED2_08386,160,167,2024
SED2_01033,630,265,2024
SED2_06439,400,260,2024
SED2_02888,400,188,2024
SED2_03138,250,123,2024
SED2_02671,100,73,2024
SED2_08980,250,1,2024
SED2_09696,160,147,2024
SED2_01405,400,2,2024
SED2_03038,630,390,2024
SED2_03583,400,167,2024
SED2_03449,250,195,2024
SED2_05433,250,316,2024
SED2_00114,400,73,2024
SED2_08747,250,20,2024
SED2_00632,400,246,2024
SED2_06028,250,9,2024
SED2_00325,400,158,2024
SED2_06621,250,110,2024
SED2_06444,400,182,2024
SED2_06743,160,13,2024
SED2_04165,250,31,2024
SED2_04052,630,226,2024
SED2_02757,400,207,2024
SED2_05078,250,361,2024
SED2_02630,160,197,2024
SED2_06527,250,315,2024
SED2_04637,250,378,2024
SED2_04835,160,79,2024
SED2_09768,250,39,2024
SED2_04328,630,263,2024
SED2_01408,160,253,2024
SED2_04532,250,219,2024
SED2_02020,250,195,2024
SED2_08817,250,248,2024
SED2_00852,250,238,2024
SED2_00943,160,142,2024
SED2_06594,250,220,2024
SED2_03214,160,207,2024
SED2_06901,160,264,2024
SED2_02102,400,219,2024
SED2_07227,200,98,2024
SED2_04196,400,261,2024
SED2_02972,250,207,2024
SED2_08908,250,81,2024
SED2_03416,400,277,2024
SED2_00410,400,194,2024
SED2_07323,250,247,2024
SED2_04737,250,292,2024
SED2_08433,400,262,2024
SED2_07092,250,301,2024
SED2_01583,160,181,2024
SED2_04553,400,10,2024
SED2_07872,250,201,2024
SED2_06300,100,84,2024
SED2_05048,250,192,2024
SED2_06222,160,127,2024
SED2_04244,250,101,2024
SED2_09700,630,144,2024
SED2_07690,160,174,2024
SED2_02136,630,276,2024
SED2_01909,400,119,2024
SED2_09524,250,68,2024
SED2_04620,400,144,2024
SED2_00135,630,120,2024
SED2_01619,400,90,2024
SED2_03741,250,111,2024
SED2_07973,630,220,2024
SED2_06443,630,276,2024
SED2_04566,250,63,2024
SED2_03792,250,87,2024
SED2_06054,400,123,2024
SED2_09282,160,173,2024
SED2_06095,100,230,2024
SED2_03223,150,151,2024
SED2_05723,160,385,2024
SED2_05180,250,259,2024
SED2_09934,250,72,2024
SED2_03154,100,134,2024
SED2_05807,160,128,2024
SED2_03901,250,111,2024
SED2_08655,250,278,2024
SED2_06461,100,140,2024
SED2_00793,160,132,2024
SED2_01879,160,325,2024
SED2_09904,101,185,2024
SED2_07370,50,131,2024
SED2_01778,160,126,2024
SED2_04405,400,148,2024
SED2_02523,250,325,2024
SED2_03396,160,179,2024
SED2_01624,250,16,2024
SED2_08204,630,156,2024
SED2_04418,250,92,2024
SED2_08678,160,3,2024
SED2_01548,400,34,2024
SED2_06938,160,195,2024
SED2_04693,250,225,2024
SED2_02971,400,192,2024
SED2_09890,250,174,2024
SED2_06062,250,168,2024
SED2_00926,250,88,2024
SED2_00005,160,186,2024
SED2_07466,250,395,2024
SED2_07112,300,324,2024
SED2_03703,200,397,2024
SED2_05298,160,287,2024
SED2_00378,160,284,2024
SED2_06992,400,170,2024
SED2_00980,100,27,2024
SED2_07837,630,101,2024
SED2_00106,100,SIN DATA,2024
SED2_03402,630,138,2024
SED2_05020,630,136,2024
SED2_05330,100,40,2024
SED2_02158,400,98,2024
SED2_01172,400,154,2024
SED2_08753,400,142,2024
SED2_05113,250,204,2024
SED2_09033,250,90,2024
SED2_05775,630,366,2024
SED2_08816,400,151,2024
SED2_02922,400,114,2024
SED2_07029,400,109,2024
SED2_01413,630,290,2024
SED2_09557,400,120,2024
SED2_05276,400,183,2024
SED2_05747,630,236,2024
SED2_04112,250,256,2024
SED2_04783,160,184,2024
SED2_07016,160,239,2024
SED2_08096,250,101,2024
SED2_05954,630,396,2024
SED2_01825,630,130,2024
SED2_07622,630,344,2024
SED2_09227,630,472,2024
SED2_08953,250,68,2024
SED2_02264,400,174,2024
SED2_04831,250,117,2024
SED2_05994,400,273,2024
SED2_06225,400,479,2024
SED2_00510,400,116,2024
SED2_03561,400,131,2024
SED2_09561,150,148,2024
SED2_07419,250,181,2024
SED2_06850,400,141,2024
SED2_00181,400,230,2024
SED2_08005,630,366,2024
SED2_06692,630,482,2024
SED2_00216,160,24,2024
SED2_03049,250,3,2024
SED2_08046,400,261,2024
SED2_01178,250,1,2024
SED2_02181,250,94,2024
SED2_01100,630,112,2024
SED2_06181,400,346,2024
SED2_04397,630,391,2024
SED2_06778,400,162,2024
SED2_02389,630,124,2024
SED2_00399,250,1,2024
SED2_09763,160,18,2024
SED2_01086,160,59,2024
SED2_03274,100,97,2024
SED2_02338,630,196,2024
SED2_02073,400,80,2024
SED2_02393,160,155,2024
SED2_01354,630,210,2024
SED2_08414,250,354,2024
SED2_05138,630,484,2024
SED2_05820,250,123,2024
SED2_07766,160,127,2024
SED2_00834,400,119,2024
SED2_09450,630,211,2024
SED2_01580,250,112,2024
SED2_04768,630,117,2024
SED2_03736,400,41,2024
SED2_08431,160,105,2024
SED2_06688,400,89,2024
SED2_04851,250,84,2024
SED2_04913,630,195,2024
SED2_01443,400,115,2024
SED2_00973,250,49,2024
SED2_09343,250,286,2024
SED2_03607,640,19,2024
SED2_01129,400,146,2024
SED2_04239,400,109,2024
SED2_08612,100,231,2024
SED2_00917,400,117,2024
SED2_04699,630,119,2024
SED2_04933,630,19,2024
SED2_04542,400,165,2024
SED2_08453,400,125,2024
SED2_04118,400,212,2024
SED2_05254,400,44,2024
SED2_00284,400,68,2024
SED2_02517,160,73,2024
SED2_09160,75,121,2024
SED2_08920,160,170,2024
SED2_04562,100,95,2024
SED2_03265,100,135,2024
SED2_00162,160,152,2024
SED2_04915,100,85,2024
SED2_02309,250,180,2024
SED2_07276,160,150,2024
SED2_02548,300,39,2024
SED2_01272,400,126,2024
SED2_05923,630,140,2024
SED2_06100,100,131,2024
SED2_03350,400,295,2024
SED2_05441,100,58,2024
SED2_09132,250,43,2024
SED2_01899,400,72,2024
SED2_06947,630,372,2024
SED2_06037,630,255,2024
SED2_00827,400,10,2024
SED2_07090,630,351,2024
SED2_01737,160,145,2024
SED2_04659,160,247,2024
SED2_09474,100,143,2024
SED2_03141,200,404,2024
SED2_04132,400,203,2024
SED2_04957,50,96,2024
SED2_02934,160,234,2024
SED2_09103,100,160,2024
SED2_08722,160,144,2024
SED2_03520,160,159,2024
SED2_02118,400,194,2024
SED2_02643,100,94,2024
SED2_06728,100,111,2024
SED2_06729,160,86,2024
SED2_09606,0,SIN DATA,2024
SED2_01896,160,110,2024
SED2_03908,160,186,2024
SED2_04076,250,172,2024
SED2_02285,100,119,2024
SED2_07252,160,162,2024
SED2_02967,50,53,2024
SED2_01229,160,96,2024
SED2_08014,100,93,2024
SED2_09432,100,102,2024
SED2_04014,160,141,2024
SED2_06248,160,123,2024
SED2_02813,100,128,2024
SED2_00305,160,113,2024
SED2_00997,200,117,2024
SED2_00724,160,37,2024
SED2_00757,160,107,2024
SED2_03951,160,158,2024
SED2_05913,160,121,2024
SED2_01196,250,123,2024
SED2_03031,250,39,2024
SED2_04423,160,198,2024
SED2_01320,160,20,2024
SED2_02652,630,282,2024
SED2_09182,400,25,2024
SED2_02250,630,135,2024
SED2_06822,400,79,2024
SED2_05504,630,593,2024
SED2_09337,200,312,2024
SED2_02727,400,34,2024
SED2_00606,400,101,2024
SED2_01132,630,198,2024
SED2_08261,400,6,2024
SED2_07792,630,393,2024
SED2_06337,630,178,2024
SED2_02551,630,132,2024
SED2_04834,400,121,2024
SED2_08259,400,142,2024
SED2_09031,630,205,2024
SED2_04613,250,7,2024
SED2_08700,400,19,2024
SED2_00718,250,75,2024
SED2_06623,160,104,2024
SED2_06027,160,78,2024
SED2_02132,400,66,2024
SED2_07556,250,43,2024
SED2_04994,400,16,2024
SED2_04996,250,195,2024
SED2_02753,400,10,2024
SED2_03672,400,106,2024
SED2_03961,400,3,2024
SED2_09633,400,322,2024
SED2_03447,250,136,2024
SED2_08056,630,80,2024
SED2_05677,250,244,2024
SED2_01052,160,143,2024
SED2_06283,160,164,2024
SED2_06258,160,194,2024
SED2_08818,100,221,2024
SED2_05356,250,60,2024
SED2_09663,400,29,2024
SED2_01661,400,16,2024
SED2_08887,250,237,2024
SED2_07703,50,107,2024
SED2_05295,250,259,2024
SED2_00259,75,114,2024
SED2_02251,160,201,2024
SED2_09582,400,136,2024
SED2_04564,630,121,2024
SED2_00551,400,97,2024
SED2_04443,630,2,2024
SED2_05141,400,381,2024
SED2_08200,400,153,2024
SED2_03112,160,146,2024
SED2_09180,630,242,2024
SED2_01519,250,155,2024
SED2_06999,250,68,2024
SED2_08273,400,137,2024
SED2_07204,160,161,2024
SED2_03198,400,121,2024
SED2_04343,250,226,2024
SED2_04790,250,5,2024
SED2_05396,630,SIN DATA,2024
SED2_06394,630,SIN DATA,2024
SED2_06047,630,SIN DATA,2024
SED2_07993,400,61,2024
SED2_01308,250,46,2024
SED2_04105,400,11,2024
SED2_03398,400,289,2024
SED2_01937,400,58,2024
SED2_08042,400,164,2024
SED2_09719,400,127,2024
SED2_02209,400,SIN DATA,2024
SED2_00608,250,31,2024
SED2_05748,250,58,2024
SED2_02570,250,4,2024
SED2_07483,250,2,2024
SED2_09849,160,145,2024
SED2_01230,400,74,2024
SED2_05598,250,77,2024
SED2_07674,630,90,2024
SED2_08430,250,56,2024
SED2_05250,400,72,2024
SED2_09906,400,SIN DATA,2024
SED2_05595,630,2,2024
SED2_06483,250,4,2024
SED2_00946,400,259,2024
SED2_03809,250,6,2024
SED2_07767,250,98,2024
SED2_07751,400,33,2024
SED2_02901,400,193,2024
SED2_05486,160,89,2024
SED2_07900,250,168,2024
SED2_01066,250,86,2024
SED2_09841,160,184,2024
SED2_09128,160,119,2024
SED2_03366,400,12,2024
SED2_03746,400,309,2024
SED2_05369,250,188,2024
SED2_00032,400,56,2024
SED2_09323,160,110,2024
SED2_04614,250,150,2024
SED2_08616,250,183,2024
SED2_09542,400,54,2024
SED2_02040,400,SIN DATA,2024
SED2_09073,400,SIN DATA,2024
SED2_00505,250,164,2024
SED2_06811,250,103,2024
SED2_08319,250,130,2024
SED2_00977,400,76,2024
SED2_09822,400,32,2024
SED2_05852,160,SIN DATA,2024
SED2_03423,400,SIN DATA,2024
SED2_04137,400,SIN DATA,2024
SED2_04807,250,1,2024
SED2_01463,250,SIN DATA,2024
SED2_06859,250,SIN DATA,2024
SED2_09105,400,SIN DATA,2024
SED2_02457,630,267,2024
SED2_01116,400,SIN DATA,2024
SED2_01456,400,26,2024
SED2_06432,400,22,2024
SED2_03559,250,21,2024
SED2_05588,160,SIN DATA,2024
SED2_03163,400,SIN DATA,2024
SED2_08060,400,1,2024
SED2_05557,400,SIN DATA,2024
SED2_06247,400,SIN DATA,2024
SED2_03014,400,SIN DATA,2024
SED2_00964,630,497,2024
SED2_00423,400,SIN DATA,2024
SED2_05287,630,143,2024
SED2_06540,400,SIN DATA,2024
SED2_07540,400,44,2024
SED2_04949,400,2,2024
SED2_09398,250,58,2024
SED2_02832,400,36,2024
SED2_08963,250,SIN DATA,2024
SED2_05973,400,36,2024
SED2_03608,400,48,2024
SED2_00188,400,56,2024
SED2_00043,400,SIN DATA,2024
SED2_00019,400,SIN DATA,2024
SED2_07592,400,SIN DATA,2024
SED2_05701,400,SIN DATA,2024
SED2_00882,400,SIN DATA,2024
SED2_03220,400,SIN DATA,2024
SED2_03848,400,SIN DATA,2024
SED2_03113,160,38,2024
SED2_02858,160,6,2024
SED2_07345,250,1,2024
SED2_04270,400,172,2024
SED2_03056,400,93,2024
SED2_01742,400,75,2024
SED2_06227,400,SIN DATA,2024
SED2_00440,250,299,2024
SED2_09368,400,330,2024
SED2_03250,400,383,2024
SED2_02944,400,SIN DATA,2024
SED2_07964,250,169,2024
SED2_08457,400,2,2024
SED2_01197,250,56,2024
SED2_03060,250,117,2024
SED2_00639,400,SIN DATA,2024
SED2_02867,400,65,2024
SED2_01055,400,SIN DATA,2024
SED2_03673,400,116,2024
SED2_07783,630,36,2024
SED2_00500,250,63,2024
SED2_05759,400,SIN DATA,2024
SED2_09778,160,46,2024
SED2_07976,101,142,2024
SED2_00924,200,154,2024
SED2_03689,160,202,2024
SED2_06449,160,206,2024
SED2_07325,100,229,2024
SED2_06319,160,171,2024
SED2_04484,100,129,2024
SED2_05867,160,126,2024
SED2_09740,160,181,2024
SED2_08705,160,142,2024
SED2_03123,250,106,2024
SED2_04109,160,179,2024
SED2_03033,160,202,2024
SED2_02379,250,124,2024
SED2_07633,250,235,2024
SED2_09825,250,153,2024
SED2_03319,100,132,2024
SED2_09062,160,121,2024
SED2_06269,100,226,2024
SED2_04809,100,132,2024
SED2_02788,250,148,2024
SED2_02166,160,101,2024
SED2_02739,250,132,2024
SED2_01869,250,104,2024
SED2_09403,160,135,2024
SED2_04923,250,161,2024
SED2_02864,50,166,2024
SED2_05566,100,131,2024
SED2_05448,630,176,2024
SED2_01217,150,117,2024
SED2_07486,160,116,2024
SED2_09328,160,126,2024
SED2_01658,50,106,2024
SED2_03405,101,143,2024
SED2_03752,160,152,2024
SED2_07459,250,268,2024
SED2_05957,400,116,2024
SED2_09126,160,198,2024
SED2_07778,250,20,2024
SED2_08488,250,79,2024
SED2_03086,75,80,2024
SED2_03283,160,168,2024
SED2_03420,400,SIN DATA,2024
SED2_07414,400,61,2024
SED2_02087,160,22,2024
SED2_04940,400,40,2024
SED2_09714,630,SIN DATA,2024
SED2_09401,630,SIN DATA,2024
SED2_06437,400,423,2024
SED2_03757,250,79,2024
SED2_09583,400,SIN DATA,2024
SED2_06935,250,111,2024
SED2_09113,160,179,2024
SED2_06628,400,SIN DATA,2024
SED2_08782,400,SIN DATA,2024
SED2_04028,400,11,2024
SED2_01160,160,24,2024
SED2_01532,400,SIN DATA,2024
SED2_04551,160,SIN DATA,2024
SED2_06716,400,5,2024
SED2_08224,250,11,2024
SED2_00002,250,179,2024
SED2_03269,400,17,2024
SED2_05780,250,20,2024
SED2_05350,400,27,2024
SED2_08535,250,213,2024
SED2_05337,250,286,2024
SED2_01436,400,516,2024
SED2_04990,400,281,2024
SED2_08922,250,301,2024
SED2_06200,400,418,2024
SED2_08353,250,207,2024
SED2_04308,250,232,2024
SED2_07725,250,192,2024
SED2_00866,250,224,2024
SED2_06052,630,96,2024
SED2_08563,630,SIN DATA,2024
SED2_00744,400,SIN DATA,2024
SED2_05259,250,55,2024
SED2_05179,160,57,2024
SED2_04745,400,437,2024
SED2_00127,630,4,2024
SED2_08676,400,34,2024
SED2_09413,400,54,2024
SED2_07573,250,1,2024
SED2_03329,110,134,2024
SED2_05751,630,SIN DATA,2024
SED2_02803,400,215,2024
SED2_02297,630,SIN DATA,2024
SED2_03256,160,193,2024
SED2_06345,250,222,2024
SED2_09447,100,135,2024
SED2_00713,400,23,2024
SED2_09094,630,125,2024
SED2_05411,400,8,2024
SED2_02532,400,42,2024
SED2_03382,250,324,2024
SED2_00681,400,321,2024
SED2_00870,250,304,2024
SED2_04685,250,76,2024
SED2_00375,250,393,2024
SED2_08128,400,SIN DATA,2024
SED2_01240,400,132,2024
SED2_09724,160,188,2024
SED2_01483,250,388,2024
SED2_04364,250,252,2024
SED2_00781,400,219,2024
SED2_05582,400,SIN DATA,2024
SED2_06289,250,9,2024
SED2_06478,400,269,2024
SED2_09336,250,303,2024
SED2_03230,250,335,2024
SED2_07170,160,30,2024
SED2_02001,400,508,2024
SED2_02856,100,139,2024
SED2_05380,160,166,2024
SED2_01877,50,93,2024
SED2_06636,100,139,2024
SED2_05622,400,13,2024
SED2_00747,400,51,2024
SED2_00285,250,51,2024
SED2_08467,400,43,2024
SED2_05715,160,8,2024
SED2_05082,400,SIN DATA,2024
SED2_09312,250,28,2024
SED2_09706,630,126,2024
SED2_08187,160,100,2024
SED2_04120,160,92,2024
SED2_03755,160,122,2024
SED2_02331,630,3,2024
SED2_08148,400,SIN DATA,2024
SED2_06585,400,90,2024
SED2_09363,250,333,2024
SED2_03871,250,1,2024
SED2_05887,250,309,2024
SED2_03478,400,38,2024
SED2_08864,250,72,2024
SED2_08567,250,106,2024
SED2_04918,250,35,2024
SED2_02440,250,281,2024
SED2_01585,200,158,2024
SED2_05559,400,2,2024
SED2_01527,400,38,2024
SED2_08761,400,65,2024
SED2_05831,400,17,2024
SED2_04595,250,8,2024
SED2_01313,400,60,2024
SED2_00808,250,182,2024
SED2_06768,400,205,2024
SED2_03664,315,239,2024
SED2_08745,400,368,2024
SED2_03976,400,541,2024
SED2_00877,400,23,2024
SED2_00768,160,4,2024
SED2_02161,400,SIN DATA,2024
SED2_00689,630,33,2024
SED2_03268,400,153,2024
SED2_09397,400,SIN DATA,2024
SED2_04045,400,61,2024
SED2_00249,630,SIN DATA,2024
SED2_00934,630,SIN DATA,2024
SED2_02965,160,290,2024
SED2_02571,400,28,2024
SED2_06118,400,158,2024
SED2_09313,630,279,2024
SED2_05531,250,157,2024
SED2_09014,400,331,2024
SED2_05802,250,28,2024
SED2_05066,630,SIN DATA,2024
SED2_06995,400,485,2024
SED2_01662,160,SIN DATA,2024
SED2_09262,400,SIN DATA,2024
SED2_02798,250,4,2024
SED2_04814,400,SIN DATA,2024
SED2_02088,400,SIN DATA,2024
SED2_03683,400,18,2024
SED2_04490,80,48,2024
SED2_08565,400,138,2024
SED2_00626,400,272,2024
SED2_09698,160,188,2024
SED2_06356,160,197,2024
SED2_06809,250,173,2024
SED2_09743,250,261,2024
SED2_01574,110,1,2024
SED2_06108,400,393,2024
SED2_01967,250,122,2024
SED2_07755,100,148,2024
SED2_04292,160,115,2024
SED2_05695,160,130,2024
SED2_00470,100,149,2024
SED2_07830,160,35,2024
SED2_01571,160,48,2024
SED2_02859,50,61,2024
SED2_01941,110,90,2024
SED2_03861,400,3,2024
SED2_04240,400,SIN DATA,2024
SED2_00674,400,SIN DATA,2024
SED2_08270,250,198,2024
SED2_01261,400,SIN DATA,2024
SED2_08739,630,SIN DATA,2024
SED2_04006,400,60,2024
SED2_05631,250,12,2024
SED2_01501,630,566,2024
SED2_09656,160,251,2024
SED2_09911,160,167,2024
SED2_05918,250,247,2024
SED2_01819,160,89,2024
SED2_01071,250,235,2024
SED2_00534,250,372,2024
SED2_08459,250,135,2024
SED2_02738,400,SIN DATA,2024
SED2_01726,50,119,2024
SED2_02868,160,141,2024
SED2_05440,400,77,2024
SED2_00155,400,42,2024
SED2_07024,630,120,2024
SED2_04729,160,15,2024
SED2_02488,160,72,2024
SED2_04161,400,123,2024
SED2_08074,160,99,2024
SED2_07862,100,117,2024
SED2_04781,160,113,2024
SED2_03026,250,116,2024
SED2_01613,160,243,2024
SED2_07696,100,108,2024
SED2_08581,100,57,2024
SED2_06042,160,96,2024
SED2_02911,400,22,2024
SED2_02500,250,55,2024
SED2_03490,630,20,2024
SED2_05063,250,6,2024
SED2_07946,400,30,2024
SED2_00246,630,SIN DATA,2024
SED2_05044,400,3,2024
SED2_02140,630,646,2024
SED2_05977,630,44,2024
SED2_09508,250,87,2024
SED2_07313,630,227,2024
SED2_02180,250,487,2024
SED2_03492,250,326,2024
SED2_01768,160,154,2024
SED2_06273,250,178,2024
SED2_09050,630,SIN DATA,2024
SED2_02747,250,1,2024
SED2_06551,400,SIN DATA,2024
SED2_02419,250,117,2024
SED2_06714,250,380,2024
SED2_08293,250,347,2024
SED2_00266,300,443,2024
SED2_06066,160,182,2024
SED2_01133,250,11,2024
SED2_02420,400,SIN DATA,2024
SED2_07921,630,SIN DATA,2024
SED2_05704,400,23,2024
SED2_04760,630,SIN DATA,2024
SED2_03450,250,226,2024
SED2_05088,630,2,2024
SED2_07417,400,35,2024
SED2_05244,250,9,2024
SED2_02455,160,138,2024
SED2_07360,160,142,2024
SED2_04543,250,121,2024
SED2_02807,250,164,2024
SED2_06601,100,111,2024
SED2_03773,160,87,2024
SED2_06492,100,47,2024
SED2_06312,160,282,2024
SED2_01633,400,430,2024
SED2_03322,250,238,2024
SED2_03798,630,249,2024
SED2_05592,400,312,2024
SED2_06952,250,256,2024
SED2_04998,400,270,2024
SED2_04912,160,195,2024
SED2_02299,400,447,2024
SED2_05406,300,348,2024
SED2_03858,250,139,2024
SED2_04304,400,316,2024
SED2_06624,250,285,2024
SED2_08898,250,345,2024
SED2_08729,250,137,2024
SED2_09509,315,501,2024
SED2_05661,100,140,2024
SED2_07159,100,120,2024
SED2_08662,160,188,2024
SED2_05135,160,108,2024
SED2_02611,100,133,2024
SED2_01258,160,217,2024
SED2_02220,160,155,2024
SED2_08086,50,111,2024
SED2_02369,100,196,2024
SED2_06919,160,135,2024
SED2_09077,250,205,2024
SED2_06711,250,128,2024
SED2_00272,250,163,2024
SED2_04873,100,143,2024
SED2_04218,250,141,2024
SED2_09674,100,247,2024
SED2_01166,50,118,2024
SED2_00128,160,132,2024
SED2_06837,630,13,2024
SED2_05779,250,319,2024
SED2_06944,160,93,2024
SED2_07893,250,109,2024
SED2_04711,250,295,2024
SED2_03924,630,575,2024
SED2_03610,400,412,2024
SED2_03208,250,220,2024
SED2_05021,160,108,2024
SED2_01176,630,339,2024
SED2_04138,250,140,2024
SED2_03050,400,424,2024
SED2_07491,630,119,2024
SED2_07743,400,185,2024
SED2_00028,250,209,2024
SED2_03309,250,280,2024
SED2_07294,400,77,2024
SED2_04631,630,346,2024
SED2_09549,400,148,2024
SED2_00200,400,279,2024
SED2_00202,250,244,2024
SED2_00753,250,226,2024
SED2_04869,250,307,2024
SED2_08439,250,284,2024
SED2_01767,250,204,2024
SED2_05838,400,312,2024
SED2_06128,250,253,2024
SED2_07563,160,230,2024
SED2_05174,630,465,2024
SED2_04149,400,452,2024
SED2_06459,160,115,2024
SED2_02104,400,280,2024
SED2_03609,250,388,2024
SED2_05875,250,106,2024
SED2_03395,400,287,2024
SED2_08460,160,149,2024
SED2_05115,300,274,2024
SED2_08181,160,14,2024
SED2_00553,160,104,2024
SED2_01222,400,12,2024
SED2_07691,250,364,2024
SED2_05901,400,32,2024
SED2_05232,250,371,2024
SED2_08936,160,107,2024
SED2_03824,250,223,2024
SED2_02107,630,33,2024
SED2_01545,160,123,2024
SED2_00508,50,97,2024
SED2_02266,50,62,2024
SED2_02196,50,64,2024
SED2_06970,50,107,2024
SED2_08421,400,88,2024
SED2_09722,100,181,2024
SED2_00676,250,296,2024
SED2_00721,250,275,2024
SED2_08162,100,106,2024
SED2_04289,50,82,2024
SED2_04628,160,59,2024
SED2_09761,630,315,2024
SED2_06902,400,394,2024
SED2_07795,160,153,2024
SED2_04647,400,34,2024
SED2_04679,160,253,2024
SED2_03462,315,170,2024
SED2_03910,250,5,2024
SED2_07214,250,13,2024
SED2_01393,250,82,2024
SED2_06484,630,129,2024
SED2_01136,250,380,2024
SED2_04535,100,115,2024
SED2_04466,250,123,2024
SED2_08404,160,56,2024
SED2_01607,250,364,2024
SED2_05249,160,157,2024
SED2_06239,250,231,2024
SED2_02426,160,283,2024
SED2_04107,160,175,2024
SED2_05544,400,317,2024
SED2_00545,630,203,2024
SED2_09559,300,63,2024
SED2_01513,400,109,2024
SED2_03942,400,233,2024
SED2_02939,250,391,2024
SED2_04638,250,267,2024
SED2_08811,250,331,2024
SED2_08462,250,371,2024
SED2_00273,250,421,2024
SED2_05240,400,284,2024
SED2_07662,250,362,2024
SED2_00060,250,87,2024
SED2_03713,250,199,2024
SED2_08897,250,204,2024
SED2_05914,315,334,2024
SED2_09143,250,459,2024
SED2_05762,160,16,2024
SED2_07132,250,346,2024
SED2_04369,100,125,2024
SED2_00514,100,99,2024
SED2_05612,250,91,2024
SED2_05296,160,182,2024
SED2_00729,250,134,2024
SED2_00329,100,122,2024
SED2_06209,160,168,2024
SED2_06800,160,49,2024
SED2_01972,100,121,2024
SED2_09860,250,289,2024
SED2_03292,250,234,2024
SED2_01738,160,214,2024
SED2_06522,250,299,2024
SED2_05856,50,5,2024
SED2_03107,250,192,2024
SED2_03199,160,178,2024
SED2_03692,160,290,2024
SED2_03005,400,421,2024
SED2_01970,250,320,2024
SED2_04381,250,238,2024
SED2_02929,250,141,2024
SED2_07091,400,156,2024
SED2_03587,250,72,2024
SED2_07113,250,249,2024
SED2_01712,160,191,2024
SED2_07515,250,266,2024
SED2_09341,160,271,2024
SED2_06014,400,220,2024
SED2_07686,400,4,2024
SED2_07002,100,168,2024
SED2_03367,250,23,2024
SED2_06135,400,15,2024
SED2_02760,250,210,2024
SED2_06629,160,162,2024
SED2_09387,160,368,2024
SED2_02842,250,207,2024
SED2_00172,400,464,2024
SED2_03957,250,270,2024
SED2_07531,250,403,2024
SED2_06840,400,476,2024
SED2_00558,630,302,2024
SED2_09536,630,323,2024
SED2_06967,250,136,2024
SED2_01107,160,100,2024
SED2_09223,400,234,2024
SED2_08551,250,358,2024
SED2_09236,160,159,2024
SED2_00643,160,145,2024
SED2_01917,250,98,2024
SED2_04217,160,167,2024
SED2_03700,250,261,2024
SED2_05318,160,209,2024
SED2_08796,250,186,2024
SED2_08689,250,232,2024
SED2_01312,250,20,2024
SED2_06036,400,274,2024
SED2_09923,250,171,2024
SED2_01110,100,182,2024
SED2_00414,250,167,2024
SED2_00656,160,131,2024
SED2_04347,250,213,2024
SED2_02021,250,323,2024
SED2_04627,160,182,2024
SED2_09298,250,250,2024
SED2_00024,250,113,2024
SED2_02703,250,192,2024
SED2_05919,100,133,2024
SED2_04129,160,170,2024
SED2_05379,160,6,2024
SED2_08022,400,378,2024
SED2_09661,630,333,2024
SED2_02766,160,43,2024
SED2_00700,250,194,2024
SED2_07059,250,250,2024
SED2_03115,250,288,2024
SED2_03601,400,85,2024
SED2_08002,250,152,2024
SED2_04013,400,19,2024
SED2_06877,630,148,2024
SED2_04181,630,23,2024
SED2_08364,160,235,2024
SED2_06208,400,426,2024
SED2_01381,250,113,2024
SED2_03378,400,537,2024
SED2_06517,160,267,2024
SED2_00448,250,215,2024
SED2_02121,250,374,2024
SED2_06590,250,212,2024
SED2_04188,250,173,2024
SED2_00629,250,382,2024
SED2_08572,160,267,2024
SED2_04039,160,230,2024
SED2_02286,400,473,2024
SED2_08117,250,2,2024
SED2_01839,100,130,2024
SED2_04947,50,116,2024
SED2_02540,160,47,2024
SED2_01521,250,312,2024
SED2_06561,250,392,2024
SED2_07869,250,310,2024
SED2_02279,250,208,2024
SED2_02750,160,192,2024
SED2_08000,250,231,2024
SED2_01280,400,301,2024
SED2_01566,400,487,2024
SED2_09632,250,4,2024
SED2_03793,160,174,2024
SED2_02891,100,226,2024
SED2_09464,630,121,2024
SED2_06433,250,57,2024
SED2_08255,250,5,2024
SED2_03919,250,164,2024
SED2_01614,250,224,2024
SED2_04378,630,43,2024
SED2_01656,250,372,2024
SED2_08173,630,12,2024
SED2_08109,250,463,2024
SED2_08746,250,492,2024
SED2_02776,400,208,2024
SED2_02253,400,6,2024
SED2_03453,250,222,2024
SED2_05087,400,362,2024
SED2_04592,630,300,2024
SED2_04429,250,33,2024
SED2_09781,400,237,2024
SED2_03625,400,7,2024
SED2_01769,630,82,2024
SED2_06656,250,223,2024
SED2_03631,160,209,2024
SED2_08751,160,94,2024
SED2_04220,160,169,2024
SED2_06824,160,196,2024
SED2_04713,400,244,2024
SED2_08337,160,158,2024
SED2_03852,160,28,2024
SED2_09791,100,13,2024
SED2_07777,400,91,2024
SED2_08525,160,118,2024
SED2_04090,160,117,2024
SED2_09161,400,124,2024
SED2_03448,250,46,2024
SED2_07320,400,492,2024
SED2_00143,250,183,2024
SED2_02819,630,372,2024
SED2_00786,250,271,2024
SED2_03456,400,189,2024
SED2_08132,250,184,2024
SED2_02215,250,174,2024
SED2_06305,100,232,2024
SED2_07010,160,336,2024
SED2_01787,75,20,2024
SED2_00846,160,44,2024
SED2_06666,400,126,2024
SED2_06098,160,110,2024
SED2_04533,250,296,2024
SED2_02182,630,448,2024
SED2_07476,400,101,2024
SED2_04791,400,16,2024
SED2_02499,400,249,2024
SED2_07849,160,209,2024
SED2_04301,160,283,2024
SED2_08384,100,131,2024
SED2_09643,630,1,2024
SED2_08398,400,6,2024
SED2_06856,160,270,2024
SED2_02233,160,174,2024
SED2_09935,160,241,2024
SED2_04677,100,140,2024
SED2_00151,630,140,2024
SED2_06724,160,156,2024
SED2_04272,400,78,2024
SED2_00117,250,165,2024
SED2_09374,50,94,2024
SED2_00616,100,18,2024
SED2_03688,25,9,2024
SED2_01947,15,14,2024
SED2_01281,50,5,2024
SED2_00557,100,98,2024
SED2_08196,10,4,2024
SED2_03761,25,27,2024
SED2_02628,25,21,2024
SED2_03043,15,14,2024
SED2_06520,15,20,2024
SED2_09856,15,20,2024
SED2_06568,25,24,2024
SED2_04227,100,54,2024
SED2_05501,160,88,2024
SED2_03483,100,27,2024
SED2_01673,100,30,2024
SED2_05217,100,45,2024
SED2_00203,15,24,2024
SED2_09644,15,17,2024
SED2_00209,15,17,2024
SED2_05546,15,17,2024
SED2_04269,50,130,2024
SED2_00092,50,24,2024
SED2_05576,40,128,2024
SED2_08944,100,97,2024
SED2_03407,100,117,2024
SED2_08122,100,170,2024
SED2_05246,75,56,2024
SED2_07517,10,18,2024
SED2_03913,10,15,2024
SED2_06373,100,99,2024
SED2_04972,100,29,2024
SED2_00822,100,40,2024
SED2_06244,100,37,2024
SED2_07753,75,99,2024
SED2_05720,15,30,2024
SED2_04145,100,74,2024
SED2_07714,100,81,2024
SED2_02009,15,26,2024
SED2_00111,25,56,2024
SED2_00191,100,115,2024
SED2_06804,40,44,2024
SED2_04079,50,99,2024
SED2_07901,50,87,2024
SED2_07599,160,71,2024
SED2_03162,10,7,2024
SED2_05324,100,103,2024
SED2_01220,10,1,2024
SED2_09035,100,42,2024
SED2_06542,250,13,2024
SED2_08182,15,13,2024
SED2_00832,100,99,2024
SED2_07630,100,35,2024
SED2_05252,10,11,2024
SED2_05630,10,16,2024
SED2_01657,10,8,2024
SED2_04221,50,68,2024
SED2_07200,100,141,2024
SED2_07140,25,19,2024
SED2_07123,10,12,2024
SED2_09688,25,54,2024
SED2_03707,10,5,2024
SED2_01821,25,13,2024
SED2_08555,15,13,2024
SED2_07854,10,2,2024
SED2_02732,10,17,2024
SED2_05200,10,46,2024
SED2_00334,15,14,2024
SED2_03191,75,20,2024
SED2_05845,100,52,2024
SED2_06177,25,44,2024
SED2_08066,100,16,2024
SED2_05280,10,18,2024
SED2_06441,100,175,2024
SED2_02337,10,23,2024
SED2_03185,25,18,2024
SED2_02227,25,16,2024
SED2_06331,100,99,2024
SED2_08485,10,11,2024
SED2_03512,10,8,2024
SED2_00544,75,114,2024
SED2_09248,10,6,2024
SED2_05656,15,14,2024
SED2_07296,100,46,2024
SED2_01857,50,56,2024
SED2_05840,15,10,2024
SED2_07438,10,13,2024
SED2_04662,10,12,2024
SED2_03554,25,47,2024
SED2_05397,100,21,2024
SED2_02558,20,6,2024
SED2_06465,100,7,2024
SED2_03087,100,104,2024
SED2_09251,100,40,2024
SED2_02792,50,13,2024
SED2_06196,160,187,2024
SED2_02456,100,70,2024
SED2_00707,25,3,2024
SED2_07267,160,206,2024
SED2_04979,100,129,2024
SED2_05714,100,185,2024
SED2_08361,250,333,2024
SED2_09575,630,159,2024
SED2_04201,100,60,2024
SED2_01814,250,59,2024
SED2_07807,100,43,2024
SED2_04769,400,38,2024
SED2_00432,100,89,2024
SED2_07492,400,179,2024
SED2_02059,250,379,2024
SED2_04394,250,202,2024
SED2_06764,400,280,2024
SED2_02326,250,29,2024
SED2_02597,160,28,2024
SED2_07808,250,32,2024
SED2_02134,100,129,2024
SED2_05532,100,61,2024
SED2_02651,160,92,2024
SED2_06127,160,156,2024
SED2_07206,50,89,2024
SED2_01292,160,181,2024
SED2_06347,250,347,2024
SED2_08974,250,194,2024
SED2_05603,100,110,2024
SED2_06379,350,263,2024
SED2_07134,100,145,2024
SED2_08686,50,160,2024
SED2_07503,250,3,2024
SED2_05753,400,82,2024
SED2_05484,100,65,2024
SED2_04350,250,215,2024
SED2_06185,250,54,2024
SED2_02681,400,278,2024
SED2_01632,160,165,2024
SED2_04356,160,290,2024
SED2_00732,100,166,2024
SED2_02150,50,170,2024
SED2_03308,100,454,2024
SED2_05534,630,4,2024
SED2_00164,160,17,2024
SED2_04982,250,3,2024
SED2_05042,400,19,2024
SED2_02064,630,81,2024
SED2_01226,160,383,2024
SED2_04469,250,110,2024
SED2_01514,400,7,2024
SED2_07890,160,7,2024
SED2_06299,100,30,2024
SED2_04083,160,424,2024
SED2_08463,160,171,2024
SED2_03542,137,6,2024
SED2_06044,160,265,2024
SED2_05125,320,129,2024
SED2_08499,100,142,2024
SED2_05821,25,41,2024
SED2_09199,75,17,2024
SED2_03321,100,172,2024
SED2_02026,100,379,2024
SED2_08446,400,237,2024
SED2_06005,100,193,2024
SED2_04258,250,185,2024
SED2_02925,100,136,2024
SED2_01655,250,91,2024
SED2_08327,50,107,2024
SED2_05415,50,34,2024
SED2_04872,250,416,2024
SED2_01752,100,66,2024
SED2_01064,100,158,2024
SED2_09186,400,27,2024
SED2_00894,160,204,2024
SED2_04344,100,203,2024
SED2_09720,100,127,2024
SED2_06359,160,272,2024
SED2_02002,160,232,2024
SED2_08764,100,18,2024
SED2_05148,400,143,2024
SED2_00858,100,23,2024
SED2_04571,100,70,2024
SED2_09165,100,168,2024
SED2_06123,100,353,2024
SED2_08789,160,209,2024
SED2_08698,100,240,2024
SED2_00787,400,411,2024
SED2_06529,100,8,2024
SED2_09207,50,44,2024
SED2_02257,250,368,2024
SED2_05506,160,309,2024
SED2_00031,160,176,2024
SED2_09537,160,404,2024
SED2_02880,400,101,2024
SED2_04523,160,203,2024
SED2_05026,250,279,2024
SED2_02156,15,2,2024
SED2_03624,250,167,2024
SED2_04738,100,146,2024
SED2_09427,100,151,2024
SED2_08964,100,144,2024
SED2_09238,100,146,2024
SED2_08188,160,7,2024
SED2_06654,250,12,2024
SED2_07049,100,65,2024
SED2_07709,160,47,2024
SED2_05604,250,12,2024
SED2_08529,160,163,2024
SED2_04110,160,41,2024
SED2_03875,250,123,2024
SED2_00036,160,202,2024
SED2_05998,160,143,2024
SED2_08152,630,128,2024
SED2_01480,160,32,2024
SED2_00345,100,83,2024
SED2_09302,100,242,2024
SED2_00107,160,52,2024
SED2_00402,50,75,2024
SED2_04889,400,14,2024
SED2_03790,100,179,2024
SED2_03834,100,144,2024
SED2_04185,250,193,2024
SED2_02160,250,184,2024
SED2_09174,100,80,2024
SED2_02639,160,231,2024
SED2_06426,100,83,2024
SED2_04726,630,150,2024
SED2_01482,250,146,2024
SED2_01963,50,110,2024
SED2_06659,100,116,2024
SED2_08755,160,389,2024
SED2_07041,630,16,2024
SED2_04590,100,116,2024
SED2_02780,250,126,2024
SED2_08466,100,152,2024
SED2_02310,160,181,2024
SED2_03953,100,124,2024
SED2_02509,400,353,2024
SED2_01505,160,277,2024
SED2_00512,400,112,2024
SED2_08695,100,61,2024
SED2_04444,250,128,2024
SED2_05725,160,111,2024
SED2_00919,100,113,2024
SED2_01579,630,418,2024
SED2_07672,250,262,2024
SED2_09686,250,158,2024
SED2_07158,400,154,2024
SED2_01511,250,122,2024
SED2_03477,100,32,2024
SED2_02617,160,13,2024
SED2_03046,100,37,2024
SED2_06320,400,143,2024
SED2_08309,160,270,2024
SED2_02384,250,20,2024
SED2_09043,160,63,2024
SED2_02684,250,43,2024
SED2_03346,160,133,2024
SED2_09920,100,79,2024
SED2_00348,250,368,2024
SED2_03658,100,38,2024
SED2_02429,250,55,2024
SED2_02746,100,74,2024
SED2_05606,250,459,2024
SED2_03749,160,382,2024
SED2_04385,160,109,2024
SED2_00620,250,172,2024
SED2_08008,100,60,2024
SED2_00572,630,48,2024
SED2_04341,250,13,2024
SED2_09153,160,260,2024
SED2_02437,100,50,2024
SED2_03539,100,31,2024
SED2_05149,100,116,2024
SED2_01800,160,231,2024
SED2_08750,160,236,2024
SED2_00279,250,164,2024
SED2_05114,40,52,2024
SED2_04510,100,152,2024
SED2_04421,100,174,2024
SED2_08266,100,138,2024
SED2_07728,100,145,2024
SED2_04607,100,89,2024
SED2_02372,250,148,2024
SED2_04247,100,114,2024
SED2_09599,100,165,2024
SED2_08114,100,199,2024
SED2_01593,250,136,2024
SED2_09006,160,4,2024
SED2_04042,100,92,2024
SED2_05667,250,SIN DATA,2024
SED2_00833,250,79,2024
SED2_02382,160,178,2024
SED2_04232,250,60,2024
SED2_09121,100,147,2024
SED2_00047,150,91,2024
SED2_02784,400,59,2024
SED2_07506,400,19,2024
SED2_04718,250,211,2024
SED2_07076,250,277,2024
SED2_09579,250,7,2024
SED2_01554,250,135,2024
SED2_01154,250,239,2024
SED2_01161,40,59,2024
SED2_09596,250,72,2024
SED2_02451,250,53,2024
SED2_04618,100,135,2024
SED2_03860,100,201,2024
SED2_06279,100,128,2024
SED2_08622,100,157,2024
SED2_04234,50,169,2024
SED2_07160,100,82,2024
SED2_06102,100,140,2024
SED2_00455,100,136,2024
SED2_03914,160,88,2024
SED2_08222,100,102,2024
SED2_07552,400,70,2024
SED2_01809,250,363,2024
SED2_04632,100,169,2024
SED2_04375,100,142,2024
SED2_04192,250,13,2024
SED2_04073,100,235,2024
SED2_05165,160,64,2024
SED2_06360,320,133,2024
SED2_05223,400,303,2024
SED2_03967,100,57,2024
SED2_09106,400,252,2024
SED2_01345,100,11,2024
SED2_08387,315,3,2024
SED2_05746,250,159,2024
SED2_04259,400,337,2024
SED2_04522,400,70,2024
SED2_09245,400,289,2024
SED2_02905,400,150,2024
SED2_05781,100,178,2024
SED2_00313,100,173,2024
SED2_02913,250,2,2024
SED2_07213,160,101,2024
SED2_05827,160,176,2024
SED2_09481,160,249,2024
SED2_06680,160,348,2024
SED2_09257,100,133,2024
SED2_06674,160,8,2024
SED2_07149,160,7,2024
SED2_02459,50,115,2024
SED2_07246,250,34,2024
SED2_05711,160,181,2024
SED2_01202,250,160,2024
SED2_04526,400,389,2024
SED2_01910,50,88,2024
SED2_08697,250,195,2024
SED2_06820,630,264,2024
SED2_06649,100,16,2024
SED2_08839,250,163,2024
SED2_09813,400,223,2024
SED2_02534,250,18,2024
SED2_07048,250,197,2024
SED2_01449,100,170,2024
SED2_06929,250,218,2024
SED2_00949,160,224,2024
SED2_01276,160,220,2024
SED2_04948,630,87,2024
SED2_07590,100,22,2024
SED2_04942,160,128,2024
SED2_02110,160,97,2024
SED2_00331,250,346,2024
SED2_01960,250,217,2024
SED2_02249,250,511,2024
SED2_02272,160,68,2024
SED2_01391,160,103,2024
SED2_02781,160,293,2024
SED2_02024,250,68,2024
SED2_00112,50,96,2024
SED2_09339,160,232,2024
SED2_07810,100,55,2024
SED2_04882,250,358,2024
SED2_04759,250,143,2024
SED2_07522,250,186,2024
SED2_02010,100,351,2024
SED2_07477,100,25,2024
SED2_08297,400,123,2024
SED2_01507,100,177,2024
SED2_03131,100,148,2024
SED2_09347,100,199,2024
SED2_07399,100,286,2024
SED2_09628,100,180,2024
SED2_08532,160,11,2024
SED2_06039,100,6,2024
SED2_02016,100,192,2024
SED2_01608,160,100,2024
SED2_08325,160,105,2024
SED2_07742,100,62,2024
SED2_02577,250,110,2024
SED2_03063,250,304,2024
SED2_00347,250,70,2024
SED2_01815,100,65,2024
SED2_00798,250,127,2024
SED2_09320,250,300,2024
SED2_01146,250,337,2024
SED2_01617,160,181,2024
SED2_07789,250,74,2024
SED2_01379,100,150,2024
SED2_03888,100,87,2024
SED2_09755,160,240,2024
SED2_02884,400,317,2024
SED2_05455,160,169,2024
SED2_04040,100,88,2024
SED2_08091,160,203,2024
SED2_09041,250,187,2024
SED2_06007,160,186,2024
SED2_03169,160,81,2024
SED2_01635,250,260,2024
SED2_08561,100,84,2024
SED2_08375,250,95,2024
SED2_01923,250,157,2024
SED2_01318,160,62,2024
SED2_09534,100,152,2024
SED2_01651,100,97,2024
SED2_03528,250,415,2024
SED2_08809,250,159,2024
SED2_00941,400,166,2024
SED2_00660,160,244,2024
SED2_09280,100,29,2024
SED2_04172,250,181,2024
SED2_03410,630,7,2024
SED2_04886,250,255,2024
SED2_06119,400,294,2024
SED2_00287,400,267,2024
SED2_00452,250,256,2024
SED2_06619,160,38,2024
SED2_01198,250,17,2024
SED2_06963,100,38,2024
SED2_04015,250,242,2024
SED2_06431,100,104,2024
SED2_01358,250,170,2024
SED2_01761,400,50,2024
SED2_04327,100,135,2024
SED2_09932,250,40,2024
SED2_08765,250,23,2024
SED2_08135,400,32,2024
SED2_03867,100,101,2024
SED2_00710,100,156,2024
SED2_02243,100,72,2024
SED2_02469,100,10,2024
SED2_06960,50,111,2024
SED2_05495,250,87,2024
SED2_00585,160,195,2024
SED2_09560,250,127,2024
SED2_05302,250,186,2024
SED2_06746,160,202,2024
SED2_04355,250,150,2024
SED2_09689,250,300,2024
SED2_08236,160,211,2024
SED2_06577,100,96,2024
SED2_08454,250,213,2024
SED2_04459,250,318,2024
SED2_04852,100,110,2024
SED2_07406,250,149,2024
SED2_04051,250,169,2024
SED2_08824,160,147,2024
SED2_06398,160,158,2024
SED2_03291,400,141,2024
SED2_03246,250,206,2024
SED2_06284,250,169,2024
SED2_06050,250,159,2024
SED2_05105,160,157,2024
SED2_03354,100,8,2024
SED2_06870,160,125,2024
SED2_06872,250,271,2024
SED2_00916,250,6,2024
SED2_07475,250,166,2024
SED2_02336,100,15,2024
SED2_09027,100,100,2024
SED2_01870,400,169,2024
SED2_08842,250,17,2024
SED2_08018,250,281,2024
SED2_01681,250,109,2024
SED2_05403,100,82,2024
SED2_06569,160,345,2024
SED2_08585,160,148,2024
SED2_07125,160,94,2024
SED2_00485,160,154,2024
SED2_05502,400,93,2024
SED2_06923,250,268,2024
SED2_08484,100,209,2024
SED2_00033,160,181,2024
SED2_03289,100,112,2024
SED2_03510,400,317,2024
SED2_03415,100,244,2024
SED2_06744,100,153,2024
SED2_04530,250,31,2024
SED2_01851,250,16,2024
SED2_01562,400,121,2024
SED2_00897,250,81,2024
SED2_03172,100,150,2024
SED2_08687,100,136,2024
SED2_08913,400,335,2024
SED2_00461,400,301,2024
SED2_01956,160,249,2024
SED2_00237,250,2,2024
SED2_02741,250,188,2024
SED2_09858,400,108,2024
SED2_09350,100,39,2024
SED2_05626,160,147,2024
SED2_03231,160,127,2024
SED2_02396,630,305,2024
SED2_02683,100,109,2024
SED2_04666,160,49,2024
SED2_00490,100,96,2024
SED2_00401,100,121,2024
SED2_08969,100,198,2024
SED2_07735,50,47,2024
SED2_09903,160,199,2024
SED2_08886,100,93,2024
SED2_07237,100,121,2024
SED2_09736,160,89,2024
SED2_00789,100,197,2024
SED2_08743,100,141,2024
SED2_06237,100,107,2024
SED2_08521,100,119,2024
SED2_07700,100,61,2024
SED2_09484,160,105,2024
SED2_09568,160,212,2024
SED2_05944,250,13,2024
SED2_08028,100,128,2024
SED2_06407,100,123,2024
SED2_06571,100,274,2024
SED2_03336,160,139,2024
SED2_09455,100,186,2024
SED2_00593,160,164,2024
SED2_03421,250,85,2024
SED2_02870,100,185,2024
SED2_00322,250,245,2024
SED2_04707,250,4,2024
SED2_00939,160,174,2024
SED2_00134,100,186,2024
SED2_01073,100,143,2024
SED2_06254,250,26,2024
SED2_02229,250,33,2024
SED2_07823,250,374,2024
SED2_09802,250,48,2024
SED2_07883,250,24,2024
SED2_07279,400,254,2024
SED2_00100,100,148,2024
SED2_07875,100,2,2024
SED2_07758,160,144,2024
SED2_00599,40,162,2024
SED2_00907,250,7,2024
SED2_02786,50,149,2024
SED2_03592,100,4,2024
SED2_06152,400,21,2024
SED2_03851,250,184,2024
SED2_07639,100,187,2024
SED2_06022,100,110,2024
SED2_06819,160,192,2024
SED2_04377,100,101,2024
SED2_02892,160,208,2024
SED2_05229,100,56,2024
SED2_05255,100,56,2024
SED2_03339,250,7,2024
SED2_09918,160,201,2024
SED2_02282,250,205,2024
SED2_09109,100,146,2024
SED2_08776,160,212,2024
SED2_08058,100,115,2024
SED2_04365,250,55,2024
SED2_05911,100,3,2024
SED2_07584,250,4,2024
SED2_03802,160,105,2024
SED2_08821,250,2,2024
SED2_07879,400,241,2024
SED2_07139,100,87,2024
SED2_02866,50,74,2024
SED2_05707,250,276,2024
SED2_07990,630,117,2024
SED2_06513,100,68,2024
SED2_08420,250,17,2024
SED2_06583,250,24,2024
SED2_06115,250,99,2024
SED2_04370,50,1,2024
SED2_01637,160,186,2024
SED2_01398,160,105,2024
SED2_00187,250,327,2024
SED2_06750,400,30,2024
SED2_08220,100,17,2024
SED2_06652,400,16,2024
SED2_06980,250,41,2024
SED2_04832,100,73,2024
SED2_08218,100,199,2024
SED2_04178,100,97,2024
SED2_02084,250,57,2024
SED2_03003,160,184,2024
SED2_06812,160,122,2024
SED2_06888,50,19,2024
SED2_07716,100,125,2024
SED2_01316,160,14,2024
SED2_07576,100,129,2024
SED2_02559,250,53,2024
SED2_09702,250,246,2024
SED2_04573,400,12,2024
SED2_02449,250,260,2024
SED2_03659,160,79,2024
SED2_00424,250,170,2024
SED2_01698,400,31,2024
SED2_03878,160,153,2024
SED2_03132,250,113,2024
SED2_06229,50,5,2024
SED2_07329,400,46,2024
SED2_01496,100,133,2024
SED2_05354,250,109,2024
SED2_02089,50,169,2024
SED2_05675,250,14,2024
SED2_09009,160,240,2024
SED2_03400,250,101,2024
SED2_09637,160,54,2024
SED2_00958,160,92,2024
SED2_02300,160,47,2024
SED2_09012,160,2,2024
SED2_03760,100,59,2024
SED2_03558,160,139,2024
SED2_00299,160,69,2024
SED2_02890,160,230,2024
SED2_06890,250,253,2024
SED2_02974,160,185,2024
SED2_09799,100,163,2024
SED2_06642,250,135,2024
SED2_04455,100,78,2024
SED2_05209,100,80,2024
SED2_08872,100,116,2024
SED2_01209,250,178,2024
SED2_02986,100,94,2024
SED2_04189,100,29,2024
SED2_07028,100,30,2024
SED2_03318,250,34,2024
SED2_02111,100,184,2024
SED2_07295,100,161,2024
SED2_01108,100,168,2024
SED2_09116,100,148,2024
SED2_06507,50,61,2024
SED2_00281,250,24,2024
SED2_00533,100,83,2024
SED2_09670,250,92,2024
SED2_01361,100,140,2024
SED2_06414,250,10,2024
SED2_00447,250,55,2024
SED2_00503,160,268,2024
SED2_08590,100,73,2024
SED2_01210,100,139,2024
SED2_00316,100,69,2024
SED2_09168,100,2,2024
SED2_02718,250,29,2024
SED2_00044,400,55,2024
SED2_07887,160,24,2024
SED2_06733,100,160,2024
SED2_09309,160,5,2024
SED2_06570,100,2,2024
SED2_02695,100,10,2024
SED2_07207,250,324,2024
SED2_03619,250,99,2024
SED2_02810,160,8,2024
SED2_01477,250,30,2024
SED2_00548,400,65,2024
SED2_03039,250,3,2024
SED2_02208,250,14,2024
SED2_03175,400,56,2024
SED2_00847,160,110,2024
SED2_04140,160,61,2024
SED2_05938,400,25,2024
SED2_05394,100,216,2024
SED2_04245,100,85,2024
SED2_03080,400,7,2024
SED2_02592,400,98,2024
SED2_03929,250,324,2024
SED2_02782,100,21,2024
SED2_06327,160,101,2024
SED2_05377,100,91,2024
SED2_06120,400,28,2024
SED2_01954,50,23,2024
SED2_03726,160,22,2024
SED2_07895,250,7,2024
SED2_09844,160,179,2024
SED2_03789,100,139,2024
SED2_06473,160,327,2024
SED2_03890,100,319,2024
SED2_00609,160,273,2024
SED2_05708,160,91,2024
SED2_04275,100,107,2024
SED2_00465,160,116,2024
SED2_01830,160,10,2024
SED2_08526,100,146,2024
SED2_09486,100,146,2024
SED2_06582,100,108,2024
SED2_02203,50,234,2024
SED2_08539,100,240,2024
SED2_01212,50,120,2024
SED2_01139,250,120,2024
SED2_04478,50,104,2024
SED2_03870,100,96,2024
SED2_07737,250,4,2024
SED2_06785,630,161,2024
SED2_02246,160,119,2024
SED2_07579,100,2,2024
SED2_06226,160,25,2024
SED2_09936,15,2,2024
SED2_09673,100,148,2024
SED2_01070,630,51,2024
SED2_05131,250,161,2024
SED2_04290,400,18,2024
SED2_00600,100,46,2024
SED2_07671,160,52,2024
SED2_03850,160,56,2024
SED2_09171,100,42,2024
SED2_03612,100,179,2024
SED2_01805,100,2,2024
SED2_06657,100,17,2024
SED2_06712,250,378,2024
SED2_09007,400,20,2024
SED2_03536,400,9,2024
SED2_07193,250,127,2024
SED2_03915,100,99,2024
SED2_09712,250,172,2024
SED2_06592,160,21,2024
SED2_07168,160,105,2024
SED2_07504,250,392,2024
SED2_02857,160,SIN DATA,2024
SED2_00122,100,192,2024
SED2_03315,250,281,2024
SED2_08388,100,196,2024
SED2_04902,400,13,2024
SED2_06687,100,154,2024
SED2_02991,100,14,2024
SED2_00003,160,327,2024
SED2_07944,100,1,2024
SED2_07366,100,201,2024
SED2_06641,160,96,2024
SED2_05824,100,61,2024
SED2_05888,100,51,2024
SED2_03276,400,25,2024
SED2_08786,100,175,2024
SED2_06747,100,137,2024
SED2_04422,100,93,2024
SED2_09054,400,4,2024
SED2_00484,160,42,2024
SED2_04676,160,9,2024
SED2_02114,250,19,2024
SED2_08437,250,215,2024
SED2_01184,50,50,2024
SED2_02013,160,5,2024
SED2_09754,160,123,2024
SED2_05416,50,64,2024
SED2_07352,100,253,2024
SED2_06610,250,178,2024
SED2_05164,250,294,2024
SED2_09380,100,15,2024
SED2_09084,250,16,2024
SED2_09063,250,240,2024
SED2_08481,100,34,2024
SED2_03157,160,60,2024
SED2_02198,160,50,2024
SED2_04635,160,75,2024
SED2_05038,250,4,2024
SED2_04077,160,181,2024
SED2_08591,250,155,2024
SED2_09156,100,47,2024
SED2_08279,250,31,2024
SED2_02723,100,33,2024
SED2_00727,160,242,2024
SED2_00568,100,132,2024
SED2_05766,100,159,2024
SED2_08338,250,2,2024
SED2_09024,250,1,2024
SED2_08432,100,25,2024
SED2_08269,50,132,2024
SED2_01587,100,16,2024
SED2_05691,160,98,2024
SED2_09422,160,100,2024
SED2_04970,160,133,2024
SED2_06615,160,266,2024
SED2_06276,250,89,2024
SED2_03437,160,492,2024
SED2_00218,400,39,2024
SED2_08717,100,88,2024
SED2_02312,400,4,2024
SED2_07232,160,15,2024
SED2_07712,160,24,2024
SED2_07930,100,132,2024
SED2_06309,250,112,2024
SED2_08253,100,104,2024
SED2_01199,250,13,2024
SED2_09685,400,151,2024
SED2_04962,250,19,2024
SED2_01610,160,6,2024
SED2_01125,400,13,2024
SED2_06832,160,92,2024
SED2_08243,400,9,2024
SED2_08160,250,119,2024
SED2_03182,100,150,2024
SED2_02074,100,94,2024
SED2_09657,100,3,2024
SED2_03767,350,161,2024
SED2_07954,160,108,2024
SED2_06151,100,91,2024
SED2_03687,100,261,2024
SED2_06018,100,73,2024
SED2_07120,160,132,2024
SED2_04838,50,39,2024
SED2_09611,160,88,2024
SED2_06462,160,202,2024
SED2_07304,630,5,2024
SED2_03333,100,91,2024
SED2_06497,400,63,2024
SED2_09079,100,57,2024
SED2_02159,100,249,2024
SED2_07375,100,151,2024
SED2_05029,630,425,2024
SED2_01669,400,463,2024
SED2_00381,250,8,2024
SED2_01473,100,105,2024
SED2_01817,160,154,2024
SED2_00385,400,2,2024
SED2_06446,160,125,2024
SED2_09272,160,88,2024
SED2_03018,100,7,2024
SED2_05709,400,30,2024
SED2_03750,100,143,2024
SED2_00113,250,5,2024
SED2_08371,75,77,2024
SED2_03985,250,11,2024
SED2_03000,100,10,2024
SED2_04255,160,9,2024
SED2_03411,160,84,2024
SED2_06928,100,76,2024
SED2_03814,160,125,2024
SED2_06790,400,26,2024
SED2_07557,100,48,2024
SED2_08344,160,48,2024
SED2_07627,100,22,2024
SED2_06971,100,2,2024
SED2_03078,100,263,2024
SED2_03930,250,26,2024
SED2_07803,400,33,2024
SED2_06784,250,117,2024
SED2_00374,400,113,2024
SED2_00286,100,109,2024
SED2_08296,50,2,2024
SED2_08245,400,25,2024
SED2_08822,75,1,2024
SED2_09415,75,2,2024
SED2_07316,75,1,2024
SED2_04900,75,1,2024
SED2_06648,50,1,2024
SED2_04629,100,1,2024
SED2_04840,400,89,2024
SED2_01846,250,21,2024
SED2_04881,160,4,2024
SED2_01777,400,275,2024
SED2_03998,630,20,2024
SED2_06802,160,327,2024
SED2_01195,100,26,2024
SED2_00756,400,12,2024
SED2_08197,160,54,2024
SED2_02963,160,39,2024
SED2_09748,160,36,2024
SED2_08455,160,26,2024
SED2_07794,160,68,2024
SED2_03997,100,4,2024
SED2_03563,100,254,2024
SED2_03782,250,155,2024
SED2_05702,50,11,2024
SED2_04426,100,38,2024
SED2_04307,100,77,2024
SED2_02955,100,105,2024
SED2_03108,250,40,2024
SED2_05876,100,33,2024
SED2_00422,400,22,2024
SED2_00986,100,80,2024
SED2_06886,50,10,2024
SED2_09675,50,12,2024
SED2_00467,100,257,2024
SED2_06059,100,82,2024
SED2_04306,100,18,2024
SED2_05750,100,113,2024
SED2_03788,160,164,2024
SED2_06000,100,29,2024
SED2_01177,400,337,2024
SED2_03943,160,34,2024
SED2_07815,160,42,2024
SED2_01054,100,58,2024
SED2_03012,100,71,2024
SED2_01543,100,171,2024
SED2_04022,160,84,2024
SED2_06101,100,95,2024
SED2_00351,160,74,2024
SED2_01377,160,147,2024
SED2_08659,160,282,2024
SED2_07356,250,4,2024
SED2_08360,250,124,2024
SED2_06175,100,275,2024
SED2_00242,100,238,2024
SED2_08536,250,213,2024
SED2_04034,630,423,2024
SED2_04342,250,230,2024
SED2_05752,160,204,2024
SED2_02109,50,2,2024
SED2_04941,250,58,2024
SED2_03224,160,44,2024
SED2_00016,250,202,2024
SED2_07605,100,133,2024
SED2_00580,160,113,2024
SED2_06763,100,107,2024
SED2_03463,160,8,2024
SED2_06514,100,78,2024
SED2_00321,100,117,2024
SED2_04334,160,224,2024
SED2_03183,160,162,2024
SED2_09385,100,155,2024
SED2_00350,250,20,2024
SED2_08400,250,24,2024
SED2_01113,160,122,2024
SED2_04068,160,106,2024
SED2_09939,160,134,2024
SED2_04106,160,149,2024
SED2_04724,250,11,2024
SED2_09563,160,223,2024
SED2_05445,100,196,2024
SED2_00921,160,238,2024
SED2_08850,100,231,2024
SED2_08930,50,93,2024
SED2_03040,160,59,2024
SED2_02133,160,231,2024
SED2_03840,160,240,2024
SED2_05231,50,75,2024
SED2_02838,100,261,2024
SED2_00990,160,117,2024
SED2_06670,100,205,2024
SED2_01315,250,435,2024
SED2_01541,100,145,2024
SED2_01792,160,46,2024
SED2_07369,100,85,2024
SED2_06690,160,103,2024
SED2_03293,100,76,2024
SED2_07629,100,55,2024
SED2_00109,100,12,2024
SED2_07844,100,21,2024
SED2_01099,100,258,2024
SED2_07585,250,28,2024
SED2_03991,400,221,2024
SED2_06366,250,7,2024
SED2_03433,100,232,2024
SED2_07012,400,8,2024
SED2_00592,160,143,2024
SED2_08949,160,11,2024
SED2_09134,100,96,2024
SED2_05511,160,2,2024
SED2_05760,400,335,2024
SED2_04731,100,269,2024
SED2_03577,100,109,2024
SED2_06948,250,131,2024
SED2_01119,400,293,2024
SED2_03090,100,57,2024
SED2_04336,250,94,2024
SED2_08380,160,106,2024
SED2_03682,100,53,2024
SED2_07653,250,86,2024
SED2_02376,160,87,2024
SED2_02717,400,25,2024
SED2_03832,250,33,2024
SED2_00160,100,20,2024
SED2_00357,100,3,2024
SED2_05219,160,2,2024
SED2_06156,100,11,2024
SED2_07928,100,3,2024
SED2_07591,100,45,2024
SED2_06909,160,201,2024
SED2_08626,160,1,2024
SED2_05010,250,5,2024
SED2_09215,100,17,2024
SED2_02697,160,17,2024
SED2_07821,100,21,2024
SED2_02765,160,19,2024
SED2_01915,160,3,2024
SED2_01492,160,142,2024
SED2_05989,250,17,2024
SED2_00035,100,15,2024
SED2_04135,100,44,2024
SED2_03412,160,27,2024
SED2_06883,250,156,2024
SED2_06591,100,3,2024
SED2_00408,100,203,2024
SED2_01059,100,163,2024
SED2_07347,50,132,2024
SED2_04860,160,380,2024
SED2_01642,100,162,2024
SED2_03007,100,137,2024
SED2_02719,100,32,2024
SED2_04283,100,144,2024
SED2_02149,100,203,2024
SED2_05475,100,135,2024
SED2_00612,160,245,2024
SED2_08343,100,276,2024
SED2_02225,100,171,2024
SED2_05096,100,302,2024
SED2_08436,400,273,2024
SED2_05024,400,398,2024
SED2_01940,250,249,2024
SED2_08355,100,2,2024
SED2_06668,160,2,2024
SED2_09552,100,212,2024
SED2_08347,50,117,2024
SED2_08895,100,5,2024
SED2_00712,100,226,2024
SED2_08730,250,34,2024
SED2_02017,250,37,2024
SED2_05215,250,6,2024
SED2_06586,250,129,2024
SED2_01065,400,33,2024
SED2_00687,160,168,2024
SED2_02485,100,34,2024
SED2_07541,50,44,2024
SED2_02970,100,77,2024
SED2_07634,100,182,2024
SED2_07824,50,103,2024
SED2_01675,250,27,2024
SED2_05539,100,9,2024
SED2_02071,160,3,2024
SED2_01314,250,51,2024
SED2_00825,160,363,2024
SED2_01849,160,384,2024
SED2_06211,250,3,2024
SED2_00666,250,4,2024
SED2_00443,100,78,2024
SED2_09741,250,24,2024
SED2_05001,100,2,2024
SED2_05668,160,2,2024
SED2_07512,160,105,2024
SED2_01072,100,54,2024
SED2_00362,250,9,2024
SED2_07210,100,16,2024
SED2_09641,100,115,2024
SED2_05253,50,21,2024
SED2_04020,100,26,2024
SED2_03266,100,25,2024
SED2_01901,160,180,2024
SED2_03898,400,92,2024
SED2_01295,160,99,2024
SED2_04667,160,72,2024
SED2_03203,400,2,2024
SED2_01031,100,4,2024
SED2_07034,400,23,2024
SED2_08217,100,135,2024
SED2_03213,160,16,2024
SED2_02713,100,51,2024
SED2_05430,400,5,2024
SED2_04123,160,451,2024
SED2_07111,160,156,2024
SED2_04728,100,221,2024
SED2_00716,160,142,2024
SED2_02791,100,350,2024
SED2_08413,100,125,2024
SED2_00189,160,30,2024
SED2_09558,100,4,2024
SED2_05019,250,6,2024
SED2_07386,160,69,2024
SED2_06338,160,82,2024
SED2_03084,160,60,2024
SED2_03743,160,61,2024
SED2_09613,250,3,2024
SED2_05195,160,130,2024
SED2_04454,160,73,2024
SED2_01159,100,245,2024
SED2_06826,100,227,2024
SED2_09578,250,17,2024
SED2_00649,100,18,2024
SED2_05085,100,259,2024
SED2_04801,100,59,2024
SED2_09622,400,49,2024
SED2_07402,250,34,2024
SED2_08354,100,160,2024
SED2_07838,50,83,2024
SED2_00841,160,84,2024
SED2_07318,250,16,2024
SED2_05429,250,13,2024
SED2_01365,400,205,2024
SED2_09760,160,167,2024
SED2_09377,250,7,2024
SED2_02710,100,153,2024
SED2_06078,100,212,2024
SED2_06869,100,30,2024
SED2_03381,100,13,2024
SED2_00445,100,109,2024
SED2_01311,160,290,2024
SED2_06296,100,134,2024
SED2_04901,160,147,2024
SED2_07104,250,542,2024
SED2_06924,250,278,2024
SED2_04321,160,330,2024
SED2_09107,100,145,2024
SED2_00449,250,541,2024
SED2_06126,100,283,2024
SED2_02506,100,36,2024
SED2_05607,100,79,2024
SED2_09597,100,63,2024
SED2_02602,100,81,2024
SED2_07033,160,141,2024
SED2_00487,160,84,2024
SED2_04200,100,47,2024
SED2_09572,250,8,2024
SED2_06576,100,14,2024
SED2_02900,160,57,2024
SED2_05058,160,62,2024
SED2_05638,160,62,2024
SED2_06002,160,53,2024
SED2_09655,100,42,2024
SED2_09431,50,89,2024
SED2_03647,160,37,2024
SED2_04857,100,92,2024
SED2_08851,160,109,2024
SED2_04937,100,93,2024
SED2_09836,100,151,2024
SED2_01355,100,176,2024
SED2_09250,100,158,2024
SED2_05353,100,16,2024
SED2_05227,100,181,2024
SED2_04705,160,178,2024
SED2_08504,50,43,2024
SED2_09370,100,104,2024
SED2_05896,100,162,2024
SED2_05737,100,109,2024
SED2_07676,50,113,2024
SED2_09155,100,117,2024
SED2_09305,400,16,2024
SED2_03735,250,37,2024
SED2_03978,100,158,2024
SED2_09847,100,158,2024
SED2_07487,250,86,2024
SED2_06024,100,181,2024
SED2_00254,630,195,2024
SED2_02968,400,71,2024
SED2_06075,50,168,2024
SED2_03632,160,153,2024
SED2_08711,100,337,2024
SED2_00776,100,154,2024
SED2_09898,100,174,2024
SED2_09277,100,175,2024
SED2_05772,100,170,2024
SED2_09883,100,138,2024
SED2_00898,100,155,2024
SED2_01269,100,146,2024
SED2_01453,100,137,2024
SED2_03653,160,245,2024
SED2_06180,100,201,2024
SED2_06438,250,159,2024
SED2_00062,100,163,2024
SED2_02008,160,212,2024
SED2_01455,100,149,2024
SED2_07966,160,255,2024
SED2_02737,100,187,2024
SED2_06363,100,189,2024
SED2_04248,50,95,2024
SED2_09548,630,452,2024
SED2_09917,160,110,2024
SED2_07067,100,72,2024
SED2_08468,400,7,2024
SED2_01628,400,368,2024
SED2_06921,250,17,2024
SED2_08075,50,89,2024
SED2_08202,160,99,2024
SED2_07655,160,124,2024
SED2_02837,160,111,2024
SED2_04968,100,62,2024
SED2_09395,100,27,2024
SED2_00389,100,25,2024
SED2_08191,160,7,2024
SED2_05653,100,107,2024
SED2_08603,100,73,2024
SED2_01024,100,174,2024
SED2_04167,250,154,2024
SED2_04021,100,143,2024
SED2_09150,160,62,2024
SED2_01812,50,70,2024
SED2_03925,100,225,2024
SED2_06985,100,17,2024
SED2_08441,100,16,2024
SED2_05425,100,116,2024
SED2_03174,50,90,2024
SED2_08584,100,183,2024
SED2_04578,250,227,2024
SED2_09500,100,302,2024
SED2_02938,100,64,2024
SED2_06071,250,90,2024
SED2_07021,250,103,2024
SED2_04472,50,83,2024
SED2_06635,100,30,2024
SED2_09556,160,82,2024
SED2_02954,100,98,2024
SED2_07444,100,111,2024
SED2_01999,100,105,2024
SED2_05503,250,31,2024
SED2_01975,100,201,2024
SED2_07441,160,190,2024
SED2_09907,100,282,2024
SED2_09125,160,14,2024
SED2_00215,250,25,2024
SED2_07327,160,204,2024
SED2_07282,100,198,2024
SED2_04636,250,68,2024
SED2_00959,160,225,2024
SED2_09221,250,5,2024
SED2_04102,160,55,2024
SED2_02751,630,4,2024
SED2_00201,160,16,2024
SED2_00908,250,19,2024
SED2_03575,400,81,2024
SED2_04973,50,20,2024
SED2_09338,250,9,2024
SED2_09449,250,18,2024
SED2_00367,160,342,2024
SED2_00915,400,7,2024
SED2_04296,400,18,2024
SED2_08629,160,67,2024
SED2_02522,160,4,2024
SED2_00105,160,69,2024
SED2_05212,100,51,2024
SED2_05358,400,4,2024
SED2_02131,630,313,2024
SED2_01211,160,153,2024
SED2_09609,250,17,2024
SED2_07446,250,112,2024
SED2_03496,250,182,2024
SED2_07505,250,32,2024
SED2_04717,250,57,2024
SED2_02090,100,124,2024
SED2_09475,100,49,2024
SED2_03568,100,180,2024
SED2_00441,100,229,2024
SED2_05813,100,298,2024
SED2_01216,100,93,2024
SED2_07553,100,84,2024
SED2_07114,100,142,2024
SED2_07118,100,63,2024
SED2_09179,100,44,2024
SED2_09353,160,27,2024
SED2_02915,50,88,2024
SED2_07501,100,26,2024
SED2_06516,100,12,2024
SED2_00647,100,17,2024
SED2_03271,160,238,2024
SED2_07198,100,149,2024
SED2_09826,100,90,2024
SED2_06003,100,175,2024
SED2_04820,100,177,2024
SED2_07420,160,250,2024
SED2_01060,50,88,2024
SED2_09525,250,7,2024
SED2_05336,250,57,2024
SED2_05077,100,5,2024
SED2_03303,100,5,2024
SED2_01057,50,2,2024
SED2_07582,100,190,2024
SED2_07664,160,188,2024
SED2_02034,100,115,2024
SED2_09218,100,135,2024
SED2_06346,100,173,2024
SED2_03061,160,34,2024
SED2_07878,160,55,2024
SED2_02308,160,32,2024
SED2_05121,160,52,2024
SED2_08885,160,51,2024
SED2_00137,160,32,2024
SED2_07816,160,20,2024
SED2_05004,160,58,2024
SED2_01971,160,23,2024
SED2_07692,100,43,2024
SED2_02267,160,41,2024
SED2_06977,100,32,2024
SED2_01951,160,60,2024
SED2_01549,100,62,2024
SED2_06681,160,22,2024
SED2_03629,160,25,2024
SED2_06880,160,23,2024
SED2_07715,160,40,2024
SED2_06458,160,15,2024
SED2_06613,160,51,2024
SED2_06067,160,32,2024
SED2_05267,400,53,2024
SED2_06756,160,43,2024
SED2_08228,250,10,2024
SED2_01255,250,54,2024
SED2_03807,100,11,2024
SED2_02042,100,188,2024
SED2_04018,400,59,2024
SED2_06311,250,46,2024
SED2_03431,100,152,2024
SED2_07211,100,80,2024
SED2_04624,100,98,2024
SED2_05106,160,4,2024
SED2_07063,100,232,2024
SED2_09246,160,287,2024
SED2_00048,160,112,2024
SED2_05814,160,199,2024
SED2_06754,100,112,2024
SED2_05186,50,65,2024
SED2_00079,400,30,2024
SED2_05247,100,145,2024
SED2_01460,100,237,2024
SED2_04415,250,11,2024
SED2_00590,50,79,2024
SED2_05524,100,82,2024
SED2_03993,100,78,2024
SED2_00751,100,67,2024
SED2_01021,160,77,2024
SED2_06084,160,78,2024
SED2_05527,160,170,2024
SED2_01842,160,191,2024
SED2_05291,100,144,2024
SED2_09832,100,194,2024
SED2_05522,250,295,2024
SED2_07916,100,122,2024
SED2_04550,250,19,2024
SED2_05931,250,31,2024
SED2_07233,250,33,2024
SED2_06930,100,49,2024
SED2_00865,160,222,2024
SED2_00371,160,172,2024
SED2_02170,100,215,2024
SED2_09771,160,174,2024
SED2_07891,100,132,2024
SED2_06477,160,230,2024
SED2_03694,100,95,2024
SED2_04529,160,291,2024
SED2_02068,100,206,2024
SED2_05286,160,46,2024
SED2_03729,100,1,2024
SED2_09783,250,8,2024
SED2_05052,160,260,2024
SED2_03615,630,192,2024
SED2_00315,160,323,2024
SED2_09361,160,161,2024
SED2_00792,250,222,2024
SED2_06904,100,208,2024
SED2_09176,160,112,2024
SED2_07625,50,1,2024
SED2_01022,160,270,2024
SED2_04479,100,145,2024
SED2_06482,100,115,2024
SED2_09334,100,154,2024
SED2_08808,160,46,2024
SED2_03984,160,147,2024
SED2_03094,160,182,2024
SED2_00966,160,213,2024
SED2_07336,400,1,2024
SED2_02004,250,19,2024
SED2_04424,100,163,2024
SED2_01189,250,73,2024
SED2_06038,160,49,2024
SED2_04080,400,10,2024
SED2_01259,250,14,2024
SED2_08443,100,80,2024
SED2_00872,100,96,2024
SED2_02906,100,241,2024
SED2_01426,100,134,2024
SED2_07836,100,79,2024
SED2_01987,50,2,2024
SED2_06155,100,44,2024
SED2_04709,50,110,2024
SED2_00815,100,156,2024
SED2_04537,100,129,2024
SED2_04859,400,227,2024
SED2_02346,250,293,2024
SED2_06440,400,6,2024
SED2_09651,100,288,2024
SED2_08857,100,309,2024
SED2_09102,100,207,2024
SED2_02590,250,48,2024
SED2_05625,160,123,2024
SED2_09747,250,27,2024
SED2_05654,100,7,2024
SED2_09853,250,2,2024
SED2_04976,250,9,2024
SED2_08090,160,22,2024
SED2_06056,100,137,2024
SED2_09875,100,61,2024
SED2_05764,100,111,2024
SED2_03517,100,130,2024
SED2_01291,160,12,2024
SED2_09863,160,20,2024
SED2_03288,160,36,2024
SED2_03369,100,31,2024
SED2_09642,100,69,2024
SED2_01450,400,6,2024
SED2_05150,100,68,2024
SED2_05221,100,150,2024
SED2_02729,50,107,2024
SED2_05490,100,39,2024
SED2_03297,160,106,2024
SED2_03362,100,114,2024
SED2_01925,160,126,2024
SED2_08065,100,130,2024
SED2_07038,100,234,2024
SED2_05458,250,52,2024
SED2_03404,100,89,2024
SED2_06673,250,64,2024
SED2_07254,100,123,2024
SED2_04695,160,252,2024
SED2_08394,160,22,2024
SED2_00318,160,20,2024
SED2_00055,160,15,2024
SED2_01692,160,21,2024
SED2_05322,160,3,2024
SED2_08100,250,186,2024
SED2_05230,400,198,2024
SED2_02764,100,57,2024
SED2_07959,50,14,2024
SED2_02610,100,72,2024
SED2_07390,100,41,2024
SED2_04310,20,14,2024
SED2_01949,50,50,2024
SED2_04770,50,64,2024
SED2_09443,50,53,2024
SED2_05681,50,75,2024
SED2_09940,50,34,2024
SED2_00698,50,46,2024
SED2_09873,50,61,2024
SED2_04748,50,29,2024
SED2_06838,50,19,2024
SED2_02839,50,31,2024
SED2_03894,50,51,2024
SED2_08106,50,110,2024
SED2_07083,50,90,2024
SED2_00039,50,59,2024
SED2_02625,50,68,2024
SED2_01389,100,29,2024
SED2_07997,50,49,2024
SED2_01207,50,54,2024
SED2_00071,100,109,2024
SED2_04389,20,19,2024
SED2_09193,50,86,2024
SED2_06417,50,73,2024
SED2_03570,50,75,2024
SED2_01397,50,73,2024
SED2_08509,20,41,2024
SED2_01770,160,3,2024
SED2_03482,160,2,2024
SED2_08186,160,16,2024
SED2_03064,100,119,2024
SED2_00662,160,232,2024
SED2_09924,250,88,2024
SED2_09565,160,115,2024
SED2_07595,160,28,2024
SED2_06170,400,3,2024
SED2_03932,250,12,2024
SED2_02171,400,54,2024
SED2_05031,100,168,2024
SED2_04164,100,159,2024
SED2_08604,250,175,2024
SED2_09003,100,109,2024
SED2_01378,160,192,2024
SED2_06410,160,166,2024
SED2_05064,160,161,2024
SED2_02543,160,9,2024
SED2_03705,160,9,2024
SED2_04671,160,13,2024
SED2_00691,160,7,2024
SED2_01647,160,10,2024
SED2_01865,160,10,2024
SED2_02575,250,5,2024
SED2_04098,160,8,2024
SED2_04151,250,9,2024
SED2_08329,100,63,2024
SED2_02953,100,169,2024
SED2_07723,100,84,2024
SED2_03193,100,12,2024
SED2_05848,100,188,2024
SED2_07073,100,160,2024
SED2_00879,100,6,2024
SED2_05611,100,95,2024
SED2_06686,250,SIN DATA,2024
SED2_04357,160,4,2024
SED2_08937,100,117,2024
SED2_04246,160,1,2024
SED2_01246,160,2,2024
SED2_09593,50,110,2024
SED2_02057,100,170,2024
SED2_09117,100,107,2024
SED2_08793,100,92,2024
SED2_00392,160,240,2024
SED2_02834,160,146,2024
SED2_00022,100,91,2024
SED2_08681,160,142,2024
SED2_03839,100,136,2024
SED2_05842,400,38,2024
SED2_00614,250,63,2024
SED2_08215,160,44,2024
SED2_01471,100,245,2024
SED2_08345,250,1,2024
SED2_06187,250,11,2024
SED2_06130,100,38,2024
SED2_01010,100,37,2024
SED2_02435,250,88,2024
SED2_04382,100,9,2024
SED2_06588,100,122,2024
SED2_09555,160,78,2024
SED2_03290,100,53,2024
SED2_05793,100,131,2024
SED2_08227,100,153,2024
SED2_09080,250,43,2024
SED2_07797,160,41,2024
SED2_03555,160,32,2024
SED2_05122,160,19,2024
SED2_04087,160,45,2024
SED2_02162,100,253,2024
SED2_08019,160,30,2024
SED2_06762,250,21,2024
SED2_00009,250,9,2024
SED2_01164,160,1,2024
SED2_08627,100,152,2024
SED2_06634,250,25,2024
SED2_09868,160,35,2024
SED2_09206,400,205,2024
SED2_01126,160,8,2024
SED2_01754,160,54,2024
SED2_01732,50,4,2024
SED2_03459,50,1,2024
SED2_07970,160,58,2024
SED2_02989,250,19,2024
SED2_02512,160,105,2024
SED2_04303,160,38,2024
SED2_06362,100,51,2024
SED2_01690,160,65,2024
SED2_00132,50,2,2024
SED2_08381,400,15,2024
SED2_04010,50,1,2024
SED2_07754,160,140,2024
SED2_02410,160,208,2024
SED2_06810,160,193,2024
SED2_01908,100,45,2024
SED2_03711,160,8,2024
SED2_05216,250,21,2024
SED2_02294,50,4,2024
SED2_07722,400,232,2024
SED2_01236,100,100,2024
SED2_01034,250,35,2024
SED2_07537,100,21,2024
SED2_01612,100,277,2024
SED2_08084,250,106,2024
SED2_01565,100,5,2024
SED2_09434,100,5,2024
SED2_07644,160,66,2024
SED2_09496,160,67,2024
SED2_05362,160,68,2024
SED2_09048,250,18,2024
SED2_04846,400,39,2024
SED2_04173,160,136,2024
SED2_08425,160,161,2024
SED2_04492,160,160,2024
SED2_08006,160,220,2024
SED2_00030,100,220,2024
SED2_02128,100,71,2024
SED2_08003,400,5,2024
SED2_03355,160,6,2024
SED2_09020,400,63,2024
SED2_03874,400,7,2024
SED2_06853,160,104,2024
SED2_00848,100,52,2024
SED2_02358,160,7,2024
SED2_07932,160,126,2024
SED2_08772,160,246,2024
SED2_03439,250,1,2024
SED2_00418,160,234,2024
SED2_09065,100,61,2024
SED2_02202,100,66,2024
SED2_07472,100,35,2024
SED2_09318,160,28,2024
SED2_05655,250,33,2024
SED2_05577,100,43,2024
SED2_04587,100,190,2024
SED2_05496,100,13,2024
SED2_05530,100,1,2024
SED2_04117,160,SIN DATA,2024
SED2_08423,250,2,2024
SED2_00262,400,50,2024
SED2_05736,250,2,2024
SED2_04408,400,17,2024
SED2_09820,160,13,2024
SED2_03853,160,84,2024
SED2_02032,160,185,2024
SED2_03589,100,127,2024
SED2_08633,250,19,2024
SED2_00126,100,3,2024
SED2_07266,100,90,2024
SED2_01432,400,6,2024
SED2_04538,100,199,2024
SED2_09049,100,203,2024
SED2_05745,100,64,2024
SED2_00537,100,2,2024
SED2_05878,250,31,2024
SED2_02731,100,38,2024
SED2_00979,100,47,2024
SED2_03769,630,18,2024
SED2_07560,250,18,2024
SED2_00139,400,1,2024
SED2_00611,250,5,2024
SED2_01779,400,10,2024
SED2_00415,160,21,2024
SED2_03527,100,23,2024
SED2_05371,100,3,2024
SED2_03427,400,80,2024
SED2_04268,250,51,2024
SED2_08578,100,2,2024
SED2_04596,100,1,2024
SED2_00335,100,307,2024
SED2_00412,100,170,2024
SED2_09089,100,122,2024
SED2_04050,100,92,2024
SED2_03457,160,1,2024
SED2_00669,160,33,2024
SED2_02003,100,84,2024
SED2_07855,100,241,2024
SED2_01168,100,2,2024
SED2_05444,100,5,2024
SED2_04194,50,105,2024
SED2_09479,160,99,2024
SED2_02018,100,2,2024
SED2_07338,100,66,2024
SED2_03334,250,104,2024
SED2_03180,160,151,2024
SED2_00772,160,56,2024
SED2_08883,100,242,2024
SED2_08322,160,136,2024
SED2_07022,400,10,2024
SED2_06950,400,14,2024
SED2_02613,250,87,2024
SED2_04128,100,99,2024
SED2_08748,160,120,2024
SED2_08987,100,119,2024
SED2_08009,250,57,2024
SED2_00098,160,156,2024
SED2_07874,160,166,2024
SED2_06774,100,245,2024
SED2_00314,250,11,2024
SED2_06720,160,51,2024
SED2_02063,160,23,2024
SED2_01458,100,27,2024
SED2_09120,100,112,2024
SED2_08503,400,2,2024
SED2_00540,160,21,2024
SED2_04830,160,34,2024
SED2_05757,160,27,2024
SED2_04330,160,32,2024
SED2_02400,250,357,2024
SED2_02483,100,93,2024
SED2_02505,100,166,2024
SED2_00011,100,2,2024
SED2_04674,100,187,2024
SED2_02211,160,281,2024
SED2_09652,100,113,2024
SED2_05346,100,79,2024
SED2_02930,100,216,2024
SED2_02801,100,143,2024
SED2_06742,100,89,2024
SED2_09495,160,162,2024
SED2_05810,160,67,2024
SED2_03973,100,49,2024
SED2_02921,100,137,2024
SED2_07933,100,109,2024
SED2_09648,160,128,2024
SED2_08330,160,63,2024
SED2_02392,100,106,2024
SED2_00513,100,4,2024
SED2_03754,100,109,2024
SED2_03149,100,240,2024
SED2_06385,100,78,2024
SED2_08083,100,22,2024
SED2_07231,100,16,2024
SED2_01028,100,44,2024
SED2_05927,160,16,2024
SED2_06689,160,11,2024
SED2_09346,100,164,2024
SED2_09408,100,137,2024
SED2_02007,160,1,2024
SED2_07174,400,6,2024
SED2_05111,160,164,2024
SED2_01697,100,165,2024
SED2_00853,250,110,2024
SED2_04280,160,279,2024
SED2_01470,160,355,2024
SED2_09913,100,103,2024
SED2_00115,50,21,2024
SED2_06502,100,39,2024
SED2_04520,160,153,2024
SED2_04358,50,78,2024
SED2_06017,160,146,2024
SED2_03979,160,441,2024
SED2_04086,160,261,2024
SED2_02951,100,154,2024
SED2_01813,50,55,2024
SED2_09709,100,64,2024
SED2_03532,100,11,2024
SED2_07739,100,168,2024
SED2_03442,100,165,2024
SED2_04795,50,110,2024
SED2_08992,50,91,2024
SED2_04391,160,82,2024
SED2_04184,100,138,2024
SED2_01560,100,123,2024
SED2_03650,100,178,2024
SED2_02789,100,130,2024
SED2_03102,160,140,2024
SED2_03240,100,226,2024
SED2_09585,100,135,2024
SED2_06679,100,271,2024
SED2_03710,50,185,2024
SED2_05439,100,181,2024
SED2_06922,160,172,2024
SED2_05936,100,71,2024
SED2_07109,250,59,2024
SED2_01109,100,139,2024
SED2_04911,160,1,2024
SED2_02479,50,10,2024
SED2_04877,100,103,2024
SED2_03698,250,62,2024
SED2_05257,100,33,2024
SED2_06788,100,49,2024
SED2_04376,100,76,2024
SED2_00766,100,255,2024
SED2_06384,160,132,2024
SED2_07877,160,113,2024
SED2_04404,160,125,2024
SED2_01982,160,123,2024
SED2_08888,160,178,2024
SED2_05270,100,87,2024
SED2_04431,100,4,2024
SED2_03139,160,132,2024
SED2_00373,400,88,2024
SED2_05457,160,101,2024
SED2_07060,100,107,2024
SED2_00995,100,105,2024
SED2_05075,100,94,2024
SED2_00291,400,9,2024
SED2_06646,250,10,2024
SED2_07850,160,7,2024
SED2_09838,160,8,2024
SED2_05794,160,10,2024
SED2_01989,250,14,2024
SED2_00900,400,18,2024
SED2_08092,250,14,2024
SED2_04524,160,14,2024
SED2_09812,400,7,2024
SED2_06503,250,15,2024
SED2_02907,250,19,2024
SED2_02825,250,29,2024
SED2_05235,160,9,2024
SED2_05540,250,16,2024
SED2_04583,160,10,2024
SED2_00730,100,7,2024
SED2_01399,160,112,2024
SED2_01103,100,87,2024
SED2_03144,250,SIN DATA,2024
SED2_06396,100,142,2024
SED2_05059,100,103,2024
SED2_03347,100,83,2024
SED2_05427,160,204,2024
SED2_03016,100,52,2024
SED2_01603,100,104,2024
SED2_08306,160,274,2024
SED2_08124,160,16,2024
SED2_05567,160,98,2024
SED2_03522,400,5,2024
SED2_06383,250,136,2024
SED2_01900,160,171,2024
SED2_06365,160,71,2024
SED2_00146,160,111,2024
SED2_01601,100,63,2024
SED2_04694,100,62,2024
SED2_09888,400,2,2024
SED2_03715,160,2,2024
SED2_09311,250,15,2024
SED2_08103,100,2,2024
SED2_01551,250,82,2024
SED2_06122,400,7,2024
SED2_03611,160,9,2024
SED2_07495,160,194,2024
SED2_08736,160,41,2024
SED2_03188,160,79,2024
SED2_01020,160,68,2024
SED2_06854,100,44,2024
SED2_09175,400,3,2024
SED2_01293,100,262,2024
SED2_00499,160,84,2024
SED2_00473,100,18,2024
SED2_04481,160,2,2024
SED2_03128,100,SIN DATA,2024
SED2_06354,160,20,2024
SED2_08804,400,26,2024
SED2_00309,100,60,2024
SED2_06090,160,1,2024
SED2_08157,400,30,2024
SED2_07361,400,4,2024
SED2_08586,100,14,2024
SED2_00407,100,87,2024
SED2_07731,160,1,2024
SED2_00518,160,8,2024
SED2_04558,160,22,2024
SED2_00962,160,7,2024
SED2_07178,160,6,2024
SED2_07871,160,12,2024
SED2_01895,160,46,2024
SED2_04603,160,60,2024
SED2_08598,100,11,2024
SED2_01004,100,42,2024
SED2_09307,160,11,2024
SED2_04654,160,9,2024
SED2_07156,160,13,2024
SED2_05671,100,44,2024
SED2_07617,160,15,2024
SED2_06524,160,SIN DATA,2024
SED2_02535,160,21,2024
SED2_03363,100,95,2024
SED2_06107,160,249,2024
SED2_05142,160,104,2024
SED2_08608,100,SIN DATA,2024
SED2_09498,160,34,2024
SED2_04684,100,51,2024
SED2_08666,160,46,2024
SED2_04437,160,27,2024
SED2_08512,100,38,2024
SED2_02333,250,46,2024
SED2_09753,160,99,2024
SED2_00340,100,119,2024
SED2_02623,100,192,2024
SED2_08300,250,1,2024
SED2_07534,100,79,2024
SED2_05386,100,126,2024
SED2_03774,100,67,2024
SED2_09233,160,73,2024
SED2_06129,160,45,2024
SED2_09767,100,7,2024
SED2_08946,100,18,2024
SED2_09037,100,151,2024
SED2_00236,160,10,2024
SED2_02296,50,SIN DATA,2024
SED2_01367,400,18,2024
SED2_03454,100,7,2024
SED2_08733,400,35,2024
SED2_02183,100,5,2024
SED2_00607,250,138,2024
SED2_03799,160,29,2024
SED2_04885,250,28,2024
SED2_09378,250,24,2024
SED2_00063,250,20,2024
SED2_07474,100,50,2024
SED2_02466,100,47,2024
SED2_04323,160,93,2024
SED2_08968,400,42,2024
SED2_04540,160,19,2024
SED2_06302,100,66,2024
SED2_00711,160,67,2024
SED2_01087,100,17,2024
SED2_06481,160,109,2024
SED2_05271,160,209,2024
SED2_07126,100,17,2024
SED2_04961,100,106,2024
SED2_02513,100,74,2024
SED2_01829,160,61,2024
SED2_02795,160,132,2024
SED2_01305,250,1,2024
SED2_06607,160,1,2024
SED2_06683,160,52,2024
SED2_01745,160,50,2024
SED2_04735,250,SIN DATA,2024
SED2_00603,400,1,2024
SED2_06546,250,164,2024
SED2_05974,160,53,2024
SED2_06878,160,49,2024
SED2_04384,160,141,2024
SED2_04338,160,99,2024
SED2_09680,250,19,2024
SED2_08271,160,89,2024
SED2_07689,100,132,2024
SED2_02553,250,30,2024
SED2_03263,250,83,2024
SED2_00301,400,231,2024
SED2_05036,250,52,2024
SED2_02339,160,49,2024
SED2_06453,160,2,2024
SED2_08863,250,111,2024
SED2_03015,160,320,2024
SED2_02078,250,SIN DATA,2024
SED2_09621,160,102,2024
SED2_04339,100,33,2024
SED2_09319,100,16,2024
SED2_02677,100,36,2024
SED2_01369,100,40,2024
SED2_09459,100,19,2024
SED2_00635,100,30,2024
SED2_06221,160,30,2024
SED2_07243,160,138,2024
SED2_06912,160,2,2024
SED2_03103,50,85,2024
SED2_02525,250,9,2024
SED2_00221,160,54,2024
SED2_05710,160,1,2024
SED2_07988,400,1,2024
SED2_05279,160,194,2024
SED2_06157,160,85,2024
SED2_02536,400,21,2024
SED2_05889,400,19,2024
SED2_00968,100,11,2024
SED2_08150,100,14,2024
SED2_09051,160,1,2024
SED2_04360,160,36,2024
SED2_09078,100,36,2024
SED2_00867,100,28,2024
SED2_02952,250,196,2024
SED2_07787,160,1,2024
SED2_09138,160,147,2024
SED2_06710,160,91,2024
SED2_07706,160,119,2024
SED2_08050,250,4,2024
SED2_08438,160,37,2024
SED2_03258,160,26,2024
SED2_05118,50,164,2024
SED2_06434,100,124,2024
SED2_04506,160,41,2024
SED2_06397,100,49,2024
SED2_06512,160,201,2024
SED2_01504,50,30,2024
SED2_03876,160,12,2024
SED2_04557,100,93,2024
SED2_00725,100,1,2024
SED2_05679,100,347,2024
SED2_02054,160,130,2024
SED2_03460,100,80,2024
SED2_00880,100,94,2024
SED2_05591,400,33,2024
SED2_07539,160,256,2024
SED2_08416,100,153,2024
SED2_02544,160,5,2024
SED2_08480,250,5,2024
SED2_03880,100,18,2024
SED2_05995,100,27,2024
SED2_08826,100,29,2024
SED2_00850,100,85,2024
SED2_09870,250,2,2024
SED2_03150,400,62,2024
SED2_06328,160,17,2024
SED2_09758,400,12,2024
SED2_02758,250,15,2024
SED2_08862,160,50,2024
SED2_07332,100,2,2024
SED2_01343,100,136,2024
SED2_02234,400,4,2024
SED2_08238,160,10,2024
SED2_04928,160,54,2024
SED2_05005,100,93,2024
SED2_03235,100,161,2024
SED2_06595,50,SIN DATA,2024
SED2_09189,160,73,2024
SED2_05623,160,61,2024
SED2_06143,100,176,2024
SED2_08870,100,13,2024
SED2_06290,100,30,2024
SED2_01713,100,58,2024
SED2_04103,160,73,2024
SED2_01866,160,192,2024
SED2_09703,100,154,2024
SED2_00741,50,165,2024
SED2_00912,160,61,2024
SED2_05902,160,93,2024
SED2_07363,160,9,2024
SED2_00310,160,205,2024
SED2_07046,100,9,2024
SED2_08571,160,26,2024
SED2_08879,100,187,2024
SED2_08667,160,1,2024
SED2_08235,250,101,2024
SED2_05220,100,103,2024
SED2_09437,50,39,2024
SED2_02515,160,118,2024
SED2_05319,250,1,2024
SED2_00771,160,2,2024
SED2_02418,160,SIN DATA,2024
SED2_01854,100,70,2024
SED2_05461,160,27,2024
SED2_05456,160,187,2024
SED2_03325,160,195,2024
SED2_00950,160,8,2024
SED2_03543,160,14,2024
SED2_00256,250,8,2024
SED2_00391,250,6,2024
SED2_05784,160,26,2024
SED2_01703,250,91,2024
SED2_01606,160,31,2024
SED2_06783,100,2,2024
SED2_07967,160,1,2024
SED2_01076,250,243,2024
SED2_01671,100,265,2024
SED2_06339,250,66,2024
SED2_06771,100,SIN DATA,2024
SED2_02425,160,10,2024
SED2_03784,50,SIN DATA,2024
SED2_06260,50,31,2024
SED2_08393,160,117,2024
SED2_06608,160,33,2024
SED2_00294,160,27,2024
SED2_07926,400,3,2024
SED2_05948,160,121,2024
SED2_03723,100,163,2024
SED2_06550,100,110,2024
SED2_09081,160,5,2024
SED2_02076,250,192,2024
SED2_03267,100,91,2024
SED2_00213,160,126,2024
SED2_06491,100,33,2024
SED2_04461,160,325,2024
SED2_09766,160,78,2024
SED2_03249,160,37,2024
SED2_03684,160,67,2024
SED2_01061,100,157,2024
SED2_01993,160,22,2024
SED2_02206,160,7,2024
SED2_05676,160,15,2024
SED2_05767,160,14,2024
SED2_00324,250,23,2024
SED2_05785,100,103,2024
SED2_00486,100,135,2024
SED2_09570,50,5,2024
SED2_07357,160,62,2024
SED2_09886,250,76,2024
SED2_06176,160,41,2024
SED2_03111,160,1,2024
SED2_07389,100,73,2024
SED2_02904,100,SIN DATA,2024
SED2_05405,160,199,2024
SED2_05916,160,157,2024
SED2_03452,160,75,2024
SED2_06815,100,23,2024
SED2_07039,160,58,2024
SED2_03436,160,169,2024
SED2_05639,250,45,2024
SED2_05464,100,71,2024
SED2_01375,160,281,2024
SED2_02093,250,8,2024
SED2_05061,100,22,2024
SED2_07987,160,2,2024
SED2_07321,100,106,2024
SED2_03525,100,58,2024
SED2_03248,250,2,2024
SED2_07892,250,136,2024
SED2_04985,160,27,2024
SED2_01440,160,SIN DATA,2024
SED2_00478,100,93,2024
SED2_02214,250,79,2024
SED2_02735,100,105,2024
SED2_09087,100,46,2024
SED2_03277,100,24,2024
SED2_00481,400,24,2024
SED2_06333,100,135,2024
SED2_02638,160,131,2024
SED2_00546,160,260,2024
SED2_09451,160,316,2024
SED2_09322,160,183,2024
SED2_01253,160,294,2024
SED2_06203,400,1,2024
SED2_03054,100,4,2024
SED2_07508,160,3,2024
SED2_07784,160,8,2024
SED2_05462,100,60,2024
SED2_03197,160,21,2024
SED2_07042,100,57,2024
SED2_00037,160,187,2024
SED2_03207,100,4,2024
SED2_04683,160,14,2024
SED2_04266,250,173,2024
SED2_07317,100,76,2024
SED2_03006,250,28,2024
SED2_09507,100,107,2024
SED2_03328,100,16,2024
SED2_04812,160,12,2024
SED2_04773,100,30,2024
SED2_03280,100,54,2024
SED2_06748,100,45,2024
SED2_02546,160,17,2024
SED2_03030,160,3,2024
SED2_09493,100,1,2024
SED2_01581,160,22,2024
SED2_03282,100,3,2024
SED2_04681,250,10,2024
SED2_09074,160,107,2024
SED2_06860,160,100,2024
SED2_08528,100,83,2024
SED2_01700,100,218,2024
SED2_04056,160,127,2024
SED2_00333,50,146,2024
SED2_08923,50,137,2024
SED2_08720,160,25,2024
SED2_08458,100,41,2024
SED2_07528,100,107,2024
SED2_04932,160,50,2024
SED2_03980,100,7,2024
SED2_02105,100,117,2024
SED2_07011,160,120,2024
SED2_00764,250,242,2024
SED2_01962,400,251,2024
SED2_06851,160,363,2024
SED2_08904,100,40,2024
SED2_04065,100,26,2024
SED2_09332,100,1,2024
SED2_05628,100,59,2024
SED2_06136,250,9,2024
SED2_03380,100,37,2024
SED2_06190,160,40,2024
SED2_02629,100,109,2024
SED2_03337,50,27,2024
SED2_05103,630,119,2024
SED2_04744,100,134,2024
SED2_07403,50,69,2024
SED2_00948,400,197,2024
SED2_05946,250,106,2024
SED2_03287,100,SIN DATA,2024
SED2_03940,250,57,2024
SED2_04845,250,11,2024
SED2_00575,160,218,2024
SED2_07819,100,54,2024
SED2_03109,100,1,2024
SED2_04742,400,27,2024
SED2_02329,100,6,2024
SED2_05460,160,30,2024
SED2_08927,160,12,2024
SED2_00376,100,56,2024
SED2_03440,400,12,2024
SED2_07017,400,39,2024
SED2_00857,160,115,2024
SED2_05545,100,30,2024
SED2_01011,400,13,2024
SED2_01252,100,27,2024
SED2_00403,100,50,2024
SED2_07460,100,104,2024
SED2_08268,100,99,2024
SED2_00717,100,198,2024
SED2_01475,160,264,2024
SED2_05507,100,106,2024
SED2_08193,400,1,2024
SED2_05083,250,4,2024
SED2_04753,100,76,2024
SED2_01996,160,47,2024
SED2_09419,250,34,2024
SED2_06836,250,116,2024
SED2_09342,250,1,2024
SED2_00072,160,2,2024
SED2_04004,100,1,2024
SED2_01609,160,2,2024
SED2_01037,100,68,2024
SED2_02865,160,46,2024
SED2_04288,160,118,2024
SED2_04640,100,1,2024
SED2_07545,100,163,2024
SED2_05991,160,108,2024
SED2_00295,100,109,2024
SED2_01892,100,SIN DATA,2024
SED2_09725,100,150,2024
SED2_01968,100,45,2024
SED2_07482,400,SIN DATA,2024
SED2_04464,160,54,2024
SED2_07251,250,86,2024
SED2_04075,50,SIN DATA,2024
SED2_05515,250,6,2024
SED2_03768,100,178,2024
SED2_03275,160,9,2024
SED2_02936,160,SIN DATA,2024
SED2_08970,160,SIN DATA,2024
SED2_06941,160,176,2024
SED2_07724,100,SIN DATA,2024
SED2_02946,250,174,2024
SED2_05782,160,321,2024
SED2_08731,100,8,2024
SED2_05289,100,1,2024
SED2_08435,160,105,2024
SED2_07759,100,SIN DATA,2024
SED2_03833,160,SIN DATA,2024
SED2_05222,160,70,2024
SED2_05391,160,302,2024
SED2_01921,160,46,2024
SED2_00918,100,81,2024
SED2_09296,400,SIN DATA,2024
SED2_03882,100,209,2024
SED2_06959,100,16,2024
SED2_09550,100,194,2024
SED2_01912,100,160,2024
SED2_05590,100,224,2024
SED2_05002,100,184,2024
SED2_08131,100,225,2024
SED2_04955,100,85,2024
SED2_04448,100,102,2024
SED2_00052,100,69,2024
SED2_00640,100,89,2024
SED2_03530,50,59,2024
SED2_06961,250,SIN DATA,2024
SED2_00157,250,16,2024
SED2_05796,100,SIN DATA,2024
SED2_05982,100,89,2024
SED2_08167,250,2,2024
SED2_00453,160,144,2024
SED2_07020,160,26,2024
SED2_02593,100,17,2024
SED2_06292,250,152,2024
SED2_08935,160,175,2024
SED2_03821,100,116,2024
SED2_09729,160,34,2024
SED2_07955,160,98,2024
SED2_01935,100,41,2024
SED2_00359,100,84,2024
SED2_09057,160,211,2024
SED2_07607,100,38,2024
SED2_07262,100,93,2024
SED2_00426,100,103,2024
SED2_07081,100,90,2024
SED2_05706,160,119,2024
SED2_06973,100,94,2024
SED2_02712,100,61,2024
SED2_04294,100,126,2024
SED2_00250,100,55,2024
SED2_08875,160,1,2024
SED2_05579,100,76,2024
SED2_04862,100,5,2024
SED2_06906,100,75,2024
SED2_07106,160,SIN DATA,2024
SED2_08566,250,213,2024
SED2_05155,400,SIN DATA,2024
SED2_07469,160,SIN DATA,2024
SED2_02283,100,SIN DATA,2024
SED2_06528,160,226,2024
SED2_00502,160,1,2024
SED2_06494,100,323,2024
SED2_08376,160,49,2024
SED2_02496,100,101,2024
SED2_03244,400,241,2024
SED2_02528,400,19,2024
SED2_09369,160,1,2024
SED2_06412,250,SIN DATA,2024
SED2_02621,250,SIN DATA,2024
SED2_06498,100,134,2024
SED2_09796,250,1,2024
SED2_05334,100,84,2024
SED2_03934,100,SIN DATA,2024
SED2_09088,100,85,2024
SED2_08899,400,1,2024
SED2_08594,50,SIN DATA,2024
SED2_08648,250,216,2024
SED2_04875,250,SIN DATA,2024
SED2_05970,100,SIN DATA,2024
SED2_02600,100,SIN DATA,2024
SED2_08089,160,105,2024
SED2_00624,160,127,2024
SED2_01602,160,SIN DATA,2024
SED2_03218,250,14,2024
SED2_09442,160,91,2024
SED2_04502,160,25,2024
SED2_00922,160,52,2024
SED2_04665,160,SIN DATA,2024
SED2_03971,160,SIN DATA,2024
SED2_00053,160,SIN DATA,2024
SED2_08928,160,176,2024
SED2_01859,100,182,2024
SED2_03679,100,1,2024
SED2_02897,250,247,2024
SED2_08262,160,1,2024
SED2_00358,400,SIN DATA,2024
SED2_08820,100,SIN DATA,2024
SED2_05000,160,236,2024
SED2_02809,50,21,2024
SED2_00925,250,226,2024
SED2_06548,160,7,2024
SED2_00601,100,SIN DATA,2024
SED2_09785,250,1,2024
SED2_08397,250,355,2024
SED2_00884,250,106,2024
SED2_02871,250,3,2024
SED2_02493,50,14,2024
SED2_07910,100,SIN DATA,2024
SED2_08757,160,SIN DATA,2024
SED2_08289,250,42,2024
SED2_04606,100,4,2024
SED2_04916,160,80,2024
SED2_06609,100,SIN DATA,2024
SED2_02124,250,174,2024
SED2_01590,250,SIN DATA,2024
SED2_05926,160,SIN DATA,2024
SED2_03742,160,SIN DATA,2024
SED2_00523,250,SIN DATA,2024
SED2_04474,160,90,2024
SED2_04903,160,73,2024
SED2_01663,100,SIN DATA,2024
SED2_02824,160,88,2024
SED2_01552,160,169,2024
SED2_07562,160,58,2024
SED2_04740,160,104,2024
SED2_08713,160,42,2024
SED2_08256,160,259,2024
SED2_01880,250,SIN DATA,2024
SED2_01693,100,19,2024
SED2_00509,50,SIN DATA,2024
SED2_02405,160,116,2024
SED2_09046,250,SIN DATA,2024
SED2_09469,160,34,2024
SED2_04826,100,SIN DATA,2024
SED2_06053,100,SIN DATA,2024
SED2_06189,160,SIN DATA,2024
SED2_00875,100,80,2024
SED2_05635,160,61,2024
SED2_02502,160,SIN DATA,2024
SED2_00307,400,13,2024
SED2_09694,160,134,2024
SED2_06647,160,124,2024
SED2_00889,100,SIN DATA,2024
SED2_09938,160,SIN DATA,2024
SED2_07697,160,43,2024
SED2_06685,400,21,2024
SED2_03620,250,172,2024
SED2_08175,100,SIN DATA,2024
SED2_06879,50,SIN DATA,2024
SED2_04402,160,SIN DATA,2024
SED2_04486,100,12,2024
SED2_00905,160,SIN DATA,2024
SED2_09584,400,SIN DATA,2024
SED2_04706,250,SIN DATA,2024
SED2_07940,160,83,2024
SED2_07129,160,SIN DATA,2024
SED2_00528,250,SIN DATA,2024
SED2_09383,100,55,2024
SED2_09775,250,1,2024
SED2_00758,160,SIN DATA,2024
SED2_07586,100,SIN DATA,2024
SED2_02044,160,SIN DATA,2024
SED2_05034,160,SIN DATA,2024
SED2_08288,100,SIN DATA,2024
SED2_05173,160,21,2024
SED2_07030,400,SIN DATA,2024
SED2_07840,100,156,2024
SED2_08623,400,117,2024
SED2_06552,100,117,2024
SED2_03281,160,SIN DATA,2024
SED2_04965,160,SIN DATA,2024
SED2_02855,160,41,2024
SED2_04608,100,127,2024
SED2_09255,400,SIN DATA,2024
SED2_02918,160,24,2024
SED2_05447,160,SIN DATA,2024
SED2_08989,100,176,2024
SED2_00383,160,157,2024
SED2_08910,100,SIN DATA,2024
SED2_07315,250,SIN DATA,2024
SED2_01310,50,SIN DATA,2024
SED2_00671,400,160,2024
SED2_07912,160,SIN DATA,2024
SED2_08476,100,56,2024
SED2_06025,100,76,2024
SED2_04024,100,174,2024
SED2_06723,100,95,2024
SED2_01174,160,SIN DATA,2024
SED2_07834,100,SIN DATA,2024
SED2_00474,50,230,2024
SED2_04300,100,9,2024
SED2_07493,160,SIN DATA,2024
SED2_06757,100,SIN DATA,2024
SED2_04884,400,50,2024
SED2_07162,400,3,2024
SED2_04139,160,242,2024
SED2_00190,160,SIN DATA,2024
SED2_02998,160,SIN DATA,2024
SED2_02145,160,40,2024
SED2_07270,160,72,2024
SED2_04351,100,45,2024
SED2_02529,160,165,2024
SED2_04545,100,SIN DATA,2024
SED2_03125,160,77,2024
SED2_01965,160,11,2024
SED2_08893,100,73,2024
SED2_07866,160,SIN DATA,2024
SED2_02143,160,23,2024
SED2_02495,250,1,2024
SED2_04333,100,SIN DATA,2024
SED2_05188,160,35,2024
SED2_06833,160,SIN DATA,2024
SED2_09835,160,SIN DATA,2024
SED2_00057,160,6,2024
SED2_07161,100,3,2024
SED2_06043,100,SIN DATA,2024
SED2_07790,160,53,2024
SED2_08341,100,23,2024
SED2_02049,160,SIN DATA,2024
SED2_03879,100,SIN DATA,2024
SED2_08094,160,7,2024
SED2_00761,160,4,2024
SED2_09225,160,102,2024
SED2_04473,160,10,2024
SED2_03074,100,SIN DATA,2024
SED2_05877,100,11,2024
SED2_00578,160,100,2024
SED2_07437,250,183,2024
SED2_03999,100,69,2024
SED2_08357,100,137,2024
SED2_03956,160,341,2024
SED2_01644,160,50,2024
SED2_06074,100,125,2024
SED2_04576,250,8,2024
SED2_06324,100,9,2024
SED2_01403,160,261,2024
SED2_02673,160,SIN DATA,2024
SED2_09803,160,SIN DATA,2024
SED2_02992,250,445,2024
SED2_08144,100,62,2024
SED2_06915,100,12,2024
SED2_06150,100,15,2024
SED2_01791,100,SIN DATA,2024
SED2_08280,100,SIN DATA,2024
SED2_02715,160,1,2024
SED2_07845,100,SIN DATA,2024
SED2_04766,100,1,2024
SED2_08984,160,1,2024
SED2_06990,400,206,2024
SED2_06989,160,42,2024
SED2_03211,100,18,2024
SED2_04871,50,71,2024
SED2_09098,100,56,2024
SED2_08971,100,41,2024
SED2_07328,160,10,2024
SED2_09242,160,20,2024
SED2_01670,160,22,2024
SED2_05185,250,6,2024
SED2_07163,250,36,2024
SED2_07594,250,45,2024
SED2_09086,250,57,2024
SED2_07222,400,5,2024
SED2_09393,100,3,2024
SED2_06065,160,38,2024
SED2_02409,100,154,2024
SED2_06069,100,1,2024
SED2_06533,160,19,2024
SED2_07733,160,38,2024
SED2_01049,160,5,2024
SED2_00080,100,69,2024
SED2_01684,160,SIN DATA,2024
SED2_06207,160,SIN DATA,2024
SED2_08427,160,SIN DATA,2024
SED2_08997,160,SIN DATA,2024
SED2_04265,160,SIN DATA,2024
SED2_03704,160,SIN DATA,2024
SED2_05210,160,102,2024
SED2_07407,100,SIN DATA,2024
SED2_08540,100,60,2024
SED2_09428,160,1,2024
SED2_04964,160,118,2024
SED2_04130,100,77,2024
SED2_03119,100,78,2024
SED2_02655,100,SIN DATA,2024
SED2_04892,160,64,2024
SED2_06734,100,41,2024
SED2_04286,100,6,2024
SED2_05435,400,2,2024
SED2_07618,100,47,2024
SED2_07066,160,12,2024
SED2_00549,250,92,2024
SED2_01995,160,35,2024
SED2_01088,50,9,2024
SED2_03458,100,49,2024
SED2_05207,160,SIN DATA,2024
SED2_02473,100,75,2024
SED2_02113,100,136,2024
SED2_04581,160,132,2024
SED2_03501,160,33,2024
SED2_01902,160,187,2024
SED2_04499,160,1,2024
SED2_03524,100,SIN DATA,2024
SED2_09588,400,15,2024
SED2_02573,100,18,2024
SED2_01244,160,80,2024
SED2_04615,100,113,2024
SED2_01321,160,4,2024
SED2_03002,400,21,2024
SED2_05828,160,SIN DATA,2024
SED2_02122,100,SIN DATA,2024
SED2_04808,160,SIN DATA,2024
SED2_08658,400,4,2024
SED2_03435,100,SIN DATA,2024
SED2_06011,160,SIN DATA,2024
SED2_08072,50,SIN DATA,2024
SED2_01063,160,SIN DATA,2024
SED2_03388,160,6,2024
SED2_04733,250,SIN DATA,2024
SED2_01807,160,36,2024
SED2_04230,100,SIN DATA,2024
SED2_04374,100,1,2024
SED2_03286,100,23,2024
SED2_06419,250,12,2024
SED2_07087,160,SIN DATA,2024
SED2_02565,100,SIN DATA,2024
SED2_03147,160,SIN DATA,2024
SED2_04541,100,SIN DATA,2024
SED2_00129,100,SIN DATA,2024
SED2_00745,100,SIN DATA,2024
SED2_00194,100,1,2024
SED2_09194,160,SIN DATA,2024
SED2_03921,160,81,2024
SED2_00483,400,SIN DATA,2024
SED2_08896,250,SIN DATA,2024
SED2_04055,100,194,2024
SED2_01152,100,56,2024
SED2_08619,160,55,2024
SED2_06539,160,68,2024
SED2_01876,160,SIN DATA,2024
SED2_09108,400,5,2024
SED2_02576,160,SIN DATA,2024
SED2_01120,100,8,2024
SED2_02281,100,38,2024
SED2_06245,160,SIN DATA,2024
SED2_04257,160,SIN DATA,2024
SED2_06703,100,SIN DATA,2024
SED2_08823,100,SIN DATA,2024
SED2_00276,160,34,2024
SED2_04059,50,59,2024
SED2_00248,160,149,2024
SED2_09196,160,64,2024
SED2_09104,100,SIN DATA,2024
SED2_07186,100,59,2024
SED2_02416,160,17,2024
SED2_01546,100,78,2024
SED2_00536,160,SIN DATA,2024
SED2_03259,160,26,2024
SED2_00843,100,302,2024
SED2_03649,160,SIN DATA,2024
SED2_00069,250,SIN DATA,2024
SED2_08649,100,2,2024
SED2_01564,160,SIN DATA,2024
SED2_09367,100,SIN DATA,2024
SED2_05452,160,SIN DATA,2024
SED2_06223,160,101,2024
SED2_06374,160,SIN DATA,2024
SED2_05621,160,SIN DATA,2024
SED2_04122,100,SIN DATA,2024
SED2_03335,160,SIN DATA,2024
SED2_03772,160,SIN DATA,2024
SED2_01006,400,SIN DATA,2024
SED2_05608,100,SIN DATA,2024
SED2_05687,160,SIN DATA,2024
SED2_07626,100,98,2024
SED2_07800,400,72,2024
SED2_00427,100,22,2024
SED2_00589,50,63,2024
SED2_02186,100,105,2024
SED2_01844,160,55,2024
SED2_02378,160,154,2024
SED2_05126,400,347,2024
SED2_07035,160,SIN DATA,2024
SED2_04276,100,SIN DATA,2024
SED2_04847,160,4,2024
SED2_04563,100,10,2024
SED2_07078,100,67,2024
SED2_01000,100,39,2024
SED2_01828,100,56,2024
SED2_04828,100,SIN DATA,2024
SED2_06908,160,44,2024
SED2_01716,160,138,2024
SED2_02491,400,1,2024
SED2_01913,100,222,2024
SED2_09521,160,240,2024
SED2_02995,100,101,2024
SED2_08813,160,1,2024
SED2_03696,100,216,2024
SED2_03320,100,170,2024
SED2_08373,400,166,2024
SED2_06390,100,168,2024
SED2_02450,100,131,2024
SED2_08975,250,180,2024
SED2_00965,100,187,2024
SED2_02983,100,163,2024
SED2_07445,250,108,2024
SED2_07256,160,103,2024
SED2_04511,50,151,2024
SED2_06707,100,107,2024
SED2_06727,100,119,2024
SED2_06274,25,58,2024
SED2_02058,250,103,2024
SED2_02386,100,163,2024
SED2_03300,100,191,2024
SED2_02061,160,147,2024
SED2_06329,100,50,2024
SED2_00819,400,31,2024
SED2_07199,160,58,2024
SED2_08267,400,7,2024
SED2_05797,250,299,2024
SED2_05400,160,3,2024
SED2_04739,250,366,2024
SED2_06430,250,518,2024
SED2_00233,160,31,2024
SED2_09852,25,73,2024
SED2_04498,50,93,2024
SED2_02596,100,71,2024
SED2_03143,100,2,2024
SED2_05123,100,85,2024
SED2_05011,160,77,2024
SED2_07337,800,42,2024
SED2_07341,15,18,2024
SED2_09762,100,201,2024
SED2_05323,160,295,2024
SED2_03361,160,276,2024
SED2_02790,250,208,2024
SED2_00763,100,212,2024
SED2_03546,100,160,2024
SED2_05776,250,248,2024
SED2_04392,50,83,2024
SED2_01679,160,224,2024
SED2_06198,50,95,2024
SED2_09646,100,137,2024
SED2_05556,100,217,2024
SED2_03855,100,230,2024
SED2_01977,100,164,2024
SED2_04064,100,101,2024
SED2_01092,160,144,2024
SED2_03196,25,45,2024
SED2_01659,100,155,2024
SED2_01237,100,143,2024
SED2_06265,50,60,2024
SED2_02518,75,23,2024
SED2_05508,25,36,2024
SED2_07253,25,60,2024
SED2_06616,25,32,2024
SED2_01592,160,143,2024
SED2_03544,100,118,2024
SED2_01039,100,242,2024
SED2_09770,160,133,2024
SED2_05765,100,193,2024
SED2_01494,250,226,2024
SED2_02468,160,281,2024
SED2_08039,100,206,2024
SED2_00121,160,123,2024
SED2_03545,160,238,2024
SED2_09664,100,198,2024
SED2_02433,100,6,2024
SED2_02691,25,64,2024
SED2_04904,100,257,2024
SED2_05414,50,81,2024
SED2_01098,160,152,2024
SED2_03818,160,115,2024
SED2_04267,160,208,2024
SED2_02265,160,166,2024
SED2_01798,100,174,2024
SED2_06696,50,75,2024
SED2_04704,50,97,2024
SED2_04531,50,95,2024
SED2_03765,100,71,2024
SED2_07274,100,100,2024
SED2_01701,250,127,2024
SED2_06927,250,122,2024
SED2_02407,160,145,2024
SED2_08032,100,87,2024
SED2_01278,400,16,2024
SED2_03895,160,111,2024
SED2_04601,100,124,2024
SED2_01782,100,115,2024
SED2_06399,100,93,2024
SED2_00208,160,102,2024
SED2_04887,160,357,2024
SED2_09535,160,94,2024
SED2_00739,50,85,2024
SED2_08415,160,119,2024
SED2_08274,100,133,2024
SED2_02465,100,154,2024
SED2_03732,100,12,2024
SED2_01994,100,180,2024
SED2_00702,160,97,2024
SED2_02648,100,197,2024
SED2_07455,250,100,2024
SED2_08570,50,248,2024
SED2_00936,100,53,2024
SED2_02541,630,452,2024
SED2_02659,250,89,2024
SED2_07951,400,116,2024
SED2_02141,100,209,2024
SED2_09232,250,74,2024
SED2_03521,160,162,2024
SED2_08712,50,78,2024
SED2_00130,75,23,2024
SED2_02877,50,21,2024
SED2_05108,40,79,2024
SED2_05171,160,265,2024
SED2_07577,100,15,2024
SED2_07546,25,52,2024
SED2_04856,250,352,2024
SED2_00460,250,129,2024
SED2_04853,100,57,2024
SED2_09410,100,155,2024
SED2_07915,160,83,2024
SED2_02146,160,28,2024
SED2_02097,160,170,2024
SED2_00051,50,64,2024
SED2_08618,160,163,2024
SED2_02990,100,234,2024
SED2_03847,100,173,2024
SED2_06874,100,68,2024
SED2_02895,100,11,2024
SED2_05491,250,186,2024
SED2_03759,100,283,2024
SED2_03718,50,106,2024
SED2_03491,400,82,2024
SED2_03763,100,90,2024
SED2_09142,250,273,2024
SED2_08740,250,14,2024
SED2_08326,250,192,2024
SED2_07025,250,315,2024
SED2_01414,100,149,2024
SED2_09211,50,106,2024
SED2_08434,160,5,2024
SED2_09075,160,14,2024
SED2_00462,160,64,2024
SED2_09631,400,58,2024
SED2_06816,250,64,2024
SED2_09828,100,90,2024
SED2_03083,100,33,2024
SED2_05040,25,115,2024
SED2_05304,100,181,2024
SED2_06715,160,124,2024
SED2_01526,100,58,2024
SED2_07103,100,72,2024
SED2_04088,250,82,2024
SED2_05565,160,199,2024
SED2_08389,40,48,2024
SED2_01605,100,138,2024
SED2_09426,50,88,2024
SED2_05648,160,153,2024
SED2_00790,50,87,2024
SED2_01228,100,127,2024
SED2_07497,250,172,2024
SED2_00638,50,3,2024
SED2_03467,100,56,2024
SED2_01274,400,326,2024
SED2_04921,400,119,2024
SED2_09823,160,201,2024
SED2_06212,250,121,2024
SED2_00433,100,55,2024
SED2_01652,400,7,2024
SED2_06161,250,351,2024
SED2_01542,250,199,2024
SED2_00914,100,202,2024
SED2_02091,100,166,2024
SED2_03617,160,140,2024
SED2_03168,160,97,2024
SED2_04238,400,22,2024
SED2_09865,100,139,2024
SED2_00457,160,213,2024
SED2_08670,250,373,2024
SED2_06760,630,13,2024
SED2_02674,250,98,2024
SED2_06536,100,95,2024
SED2_04727,100,216,2024
SED2_02692,100,183,2024
SED2_05422,100,97,2024
SED2_00567,100,158,2024
SED2_06364,100,143,2024
SED2_01030,400,79,2024
SED2_02033,250,36,2024
SED2_00945,250,79,2024
SED2_03865,160,175,2024
SED2_05338,100,122,2024
SED2_08843,250,224,2024
SED2_00653,50,132,2024
SED2_01015,250,162,2024
SED2_09502,400,268,2024
SED2_04388,250,295,2024
SED2_04125,100,128,2024
SED2_07128,100,231,2024
SED2_04416,100,102,2024
SED2_07194,160,132,2024
SED2_08723,160,94,2024
SED2_09515,160,132,2024
SED2_07621,100,114,2024
SED2_07943,160,97,2024
SED2_07333,100,34,2024
SED2_01530,100,117,2024
SED2_08023,175,118,2024
SED2_00670,250,221,2024
SED2_01672,100,73,2024
SED2_04756,50,76,2024
SED2_09091,100,45,2024
SED2_07239,100,155,2024
SED2_08054,100,134,2024
SED2_09394,250,286,2024
SED2_03469,100,245,2024
SED2_07529,100,98,2024
SED2_04798,160,224,2024
SED2_01508,15,47,2024
SED2_05652,50,86,2024
SED2_04568,160,197,2024
SED2_00306,160,137,2024
SED2_01346,50,39,2024
SED2_01784,400,100,2024
SED2_05602,100,149,2024
SED2_01270,100,95,2024
SED2_08853,160,165,2024
SED2_02802,160,4,2024
SED2_00688,50,54,2024
SED2_05900,100,200,2024
SED2_07873,100,192,2024
SED2_01945,100,255,2024
SED2_04788,100,207,2024
SED2_03264,100,110,2024
SED2_03425,50,100,2024
SED2_01431,100,36,2024
SED2_00892,100,93,2024
SED2_03481,100,114,2024
SED2_04482,50,35,2024
SED2_08211,50,56,2024
SED2_09587,160,195,2024
SED2_07268,100,64,2024
SED2_00225,100,132,2024
SED2_08759,400,312,2024
SED2_07116,160,344,2024
SED2_00856,50,119,2024
SED2_02685,250,171,2024
SED2_00570,160,9,2024
SED2_08807,40,33,2024
SED2_08307,250,196,2024
SED2_03148,250,146,2024
SED2_05768,250,218,2024
SED2_08251,100,256,2024
SED2_07981,250,517,2024
SED2_02568,160,213,2024
SED2_07101,50,15,2024
SED2_02994,50,5,2024
SED2_07307,50,3,2024
SED2_06555,160,10,2024
SED2_04142,250,4,2024
SED2_01009,160,211,2024
SED2_08508,50,118,2024
SED2_07281,160,66,2024
SED2_03475,250,11,2024
SED2_00094,160,180,2024
SED2_00182,250,198,2024
SED2_01319,50,93,2024
SED2_07000,100,122,2024
SED2_00166,250,13,2024
SED2_05145,400,174,2024
SED2_08599,400,313,2024
SED2_02397,160,92,2024
SED2_09600,160,4,2024
SED2_01289,250,24,2024
SED2_00695,100,199,2024
SED2_00421,100,18,2024
SED2_00482,160,181,2024
SED2_01105,160,25,2024
SED2_04462,160,231,2024
SED2_02327,400,99,2024
SED2_07223,100,98,2024
SED2_01401,100,115,2024
SED2_03160,400,75,2024
SED2_01053,250,362,2024
SED2_04031,100,84,2024
SED2_02860,250,5,2024
SED2_03359,50,81,2024
SED2_09518,100,114,2024
SED2_01418,50,9,2024
SED2_04104,160,169,2024
SED2_00251,25,10,2024
SED2_01167,160,164,2024
SED2_06149,100,211,2024
SED2_06332,50,135,2024
SED2_02481,100,206,2024
SED2_07822,250,88,2024
SED2_04656,100,299,2024
SED2_06537,160,147,2024
SED2_04605,250,189,2024
SED2_08592,100,93,2024
SED2_08442,50,15,2024
SED2_01600,100,126,2024
SED2_00161,160,519,2024
SED2_01736,100,141,2024
SED2_02284,160,193,2024
SED2_01706,50,74,2024
SED2_02357,160,11,2024
SED2_02354,400,347,2024
SED2_08419,250,185,2024
SED2_06314,400,225,2024
SED2_06436,160,114,2024
SED2_08031,50,117,2024
SED2_03557,250,264,2024
SED2_07829,100,247,2024
SED2_05012,160,152,2024
SED2_04736,100,140,2024
SED2_06731,100,159,2024
SED2_05192,100,136,2024
SED2_00270,15,54,2024
SED2_00532,25,147,2024
SED2_00023,50,43,2024
SED2_09662,160,164,2024
SED2_03600,250,37,2024
SED2_01599,50,83,2024
SED2_09693,100,78,2024
SED2_02814,250,288,2024
SED2_04997,250,322,2024
SED2_02728,160,183,2024
SED2_05755,250,181,2024
SED2_06206,100,119,2024
SED2_00765,100,131,2024
SED2_09252,100,101,2024
SED2_09513,160,8,2024
SED2_05213,400,230,2024
SED2_00582,100,123,2024
SED2_08632,100,276,2024
SED2_07433,250,109,2024
SED2_05387,25,63,2024
SED2_07749,100,84,2024
SED2_00904,250,192,2024
SED2_01353,160,2,2024
SED2_03357,100,20,2024
SED2_06216,40,28,2024
SED2_02188,250,13,2024
SED2_09933,50,34,2024
SED2_04561,100,228,2024
SED2_03701,100,149,2024
SED2_06638,160,200,2024
SED2_06978,100,135,2024
SED2_03117,400,151,2024
SED2_07636,160,364,2024
SED2_04320,100,183,2024
SED2_08515,100,156,2024
SED2_04353,100,139,2024
SED2_09477,100,217,2024
SED2_00563,50,16,2024
SED2_07868,100,87,2024
SED2_07077,160,177,2024
SED2_02770,100,80,2024
SED2_07124,160,445,2024
SED2_06070,160,101,2024
SED2_03787,160,135,2024
SED2_08469,100,121,2024
SED2_09082,160,249,2024
SED2_05069,100,94,2024
SED2_01914,50,94,2024
SED2_06932,100,68,2024
SED2_08367,100,274,2024
SED2_02301,100,250,2024
SED2_06030,250,197,2024
SED2_01618,250,179,2024
SED2_03986,100,103,2024
SED2_05908,100,118,2024
SED2_06233,160,199,2024
SED2_04817,160,169,2024
SED2_05412,100,187,2024
SED2_04131,100,65,2024
SED2_09366,400,56,2024
SED2_08219,250,279,2024
SED2_08865,160,2,2024
SED2_02635,250,11,2024
SED2_08708,250,17,2024
SED2_01438,400,197,2024
SED2_04598,250,137,2024
SED2_09902,250,102,2024
SED2_03566,400,61,2024
SED2_05978,250,51,2024
SED2_04467,400,218,2024
SED2_01873,250,61,2024
SED2_07130,160,185,2024
SED2_05972,320,6,2024
SED2_05929,160,178,2024
SED2_08800,400,32,2024
SED2_05243,250,209,2024
SED2_03523,160,379,2024
SED2_06857,160,19,2024
SED2_07498,100,30,2024
SED2_09425,100,3,2024
SED2_07601,400,40,2024
SED2_01952,160,178,2024
SED2_01936,160,106,2024
SED2_06645,250,5,2024
SED2_00517,160,148,2024
SED2_02224,400,386,2024
SED2_07813,250,151,2024
SED2_09543,400,326,2024
SED2_03579,100,20,2024
SED2_04136,160,163,2024
SED2_08615,100,114,2024
SED2_08556,100,91,2024
SED2_06849,100,91,2024
SED2_05274,100,141,2024
SED2_08735,100,157,2024
SED2_00370,160,126,2024
SED2_00337,250,259,2024
SED2_01988,100,166,2024
SED2_02463,630,274,2025
SED2_04730,400,280,2025
SED2_01360,630,636,2025
SED2_05992,400,312,2025
SED2_06077,630,479,2025
SED2_08291,630,389,2025
SED2_03190,1430,914,2025
SED2_03338,630,76,2025
SED2_04324,630,299,2025
SED2_09840,1030,312,2025
SED2_05376,630,212,2025
SED2_03418,1260,382,2025
SED2_08461,1260,322,2025
SED2_04183,630,317,2025
SED2_08921,630,858,2025
SED2_04452,1200,170,2025
SED2_03983,1260,412,2025
SED2_00013,800,422,2025
SED2_02055,630,251,2025
SED2_05169,630,306,2025
SED2_04648,1030,309,2025
SED2_09551,630,535,2025
SED2_01694,630,861,2025
SED2_06112,1260,417,2025
SED2_08601,630,455,2025
SED2_01512,630,1108,2025
SED2_04687,400,1018,2025
SED2_08383,630,649,2025
SED2_00264,400,376,2025
SED2_03306,1260,205,2025
SED2_00960,1030,180,2025
SED2_08405,400,41,2025
SED2_02919,630,836,2025
SED2_06263,400,367,2025
SED2_06660,630,477,2025
SED2_09878,900,39,2025
SED2_04186,1400,728,2025
SED2_01942,800,794,2025
SED2_03273,980,218,2025
SED2_06147,250,2,2025
SED2_04549,630,173,2025
SED2_04133,800,221,2025
SED2_05832,630,274,2025
SED2_08158,630,666,2025
SED2_01889,250,245,2025
SED2_08332,630,766,2025
SED2_01410,400,289,2025
SED2_02221,1030,814,2025
SED2_04413,1100,414,2025
SED2_05542,400,187,2025
SED2_03574,250,342,2025
SED2_06991,630,182,2025
SED2_08656,400,215,2025
SED2_08771,350,436,2025
SED2_04567,630,710,2025
SED2_07679,630,293,2025
SED2_09467,630,328,2025
SED2_02614,630,760,2025
SED2_02787,150,427,2025
SED2_02148,250,75,2025
SED2_04057,250,82,2025
SED2_08107,100,2,2025
SED2_05629,50,SIN DATA,2025
SED2_07614,50,SIN DATA,2025
SED2_05855,50,1,2025
SED2_09619,400,345,2025
SED2_07650,630,304,2025
SED2_09358,630,228,2025
SED2_02773,800,856,2025
SED2_09315,350,87,2025
SED2_08976,1260,412,2025
SED2_05328,1260,347,2025
SED2_08248,500,24,2025
SED2_00463,800,3,2025
SED2_09278,630,15,2025
SED2_03513,630,532,2025
SED2_07701,250,3,2025
SED2_06159,400,195,2025
SED2_03565,630,708,2025
SED2_03603,1180,536,2025
SED2_01001,630,13,2025
SED2_07917,400,230,2025
SED2_07684,0,SIN DATA,2025
SED2_06179,400,19,2025
SED2_01990,630,73,2025
SED2_00476,50,SIN DATA,2025
SED2_05554,800,272,2025
SED2_02853,630,157,2025
SED2_09197,50,SIN DATA,2025
SED2_05872,800,630,2025
SED2_01573,1030,143,2025
SED2_09286,1260,98,2025
SED2_00159,25,SIN DATA,2025
SED2_05754,630,590,2025
SED2_08184,1260,243,2025
SED2_09146,630,106,2025
SED2_03622,700,675,2025
SED2_00569,0,SIN DATA,2025
SED2_02029,630,637,2025
SED2_01597,630,833,2025
SED2_00110,50,SIN DATA,2025
SED2_09636,630,78,2025
SED2_09067,630,437,2025
SED2_00267,630,446,2025
SED2_01727,630,495,2025
SED2_04555,600,274,2025
SED2_09716,400,241,2025
SED2_02373,50,SIN DATA,2025
SED2_07387,630,411,2025
SED2_07500,630,360,2025
SED2_05958,400,113,2025
SED2_09679,630,177,2025
SED2_01832,630,259,2025
SED2_06415,1260,623,2025
SED2_03239,630,425,2025
SED2_00384,50,SIN DATA,2025
SED2_02985,630,417,2025
SED2_05843,1260,142,2025
SED2_07053,1730,302,2025
SED2_09829,630,369,2025
SED2_07740,630,171,2025
SED2_04816,0,SIN DATA,2025
SED2_01416,630,150,2025
SED2_07215,50,SIN DATA,2025
SED2_00994,1260,466,2025
SED2_03502,400,382,2025
SED2_02730,400,90,2025
SED2_05308,50,SIN DATA,2025
SED2_04712,630,213,2025
SED2_04116,250,89,2025
SED2_05646,1260,378,2025
SED2_06597,1350,13,2025
SED2_06072,400,394,2025
SED2_08595,800,775,2025
SED2_02144,630,910,2025
SED2_00885,630,935,2025
SED2_00749,400,174,2025
SED2_01121,400,441,2025
SED2_06032,400,420,2025
SED2_03534,200,329,2025
SED2_08232,400,476,2025
SED2_06191,50,SIN DATA,2025
SED2_07598,630,227,2025
SED2_02547,160,SIN DATA,2025
SED2_07195,800,106,2025
SED2_06154,800,312,2025
SED2_00405,400,369,2025
SED2_06926,400,391,2025
SED2_01219,630,629,2025
SED2_01664,630,287,2025
SED2_06178,630,143,2025
SED2_09044,630,331,2025
SED2_01626,630,774,2025
SED2_05159,800,304,2025
SED2_08275,0,SIN DATA,2025
SED2_00238,0,SIN DATA,2025
SED2_03646,0,SIN DATA,2025
SED2_02585,630,70,2025
SED2_03486,400,173,2025
SED2_05955,400,453,2025
SED2_00783,630,566,2025
SED2_01267,1040,793,2025
SED2_05269,50,SIN DATA,2025
SED2_05826,50,SIN DATA,2025
SED2_05731,630,44,2025
SED2_07244,100,4,2025
SED2_09453,50,SIN DATA,2025
SED2_02598,50,SIN DATA,2025
SED2_06813,50,SIN DATA,2025
SED2_05660,0,SIN DATA,2025
SED2_07400,100,35,2025
SED2_02841,220,182,2025
SED2_03663,400,108,2025
SED2_01822,25,SIN DATA,2025
SED2_04939,630,574,2025
SED2_08161,50,SIN DATA,2025
SED2_06519,50,SIN DATA,2025
SED2_02811,400,24,2025
SED2_02699,400,148,2025
SED2_01435,400,284,2025
SED2_01640,630,642,2025
SED2_06080,160,SIN DATA,2025
SED2_03905,630,299,2025
SED2_02527,0,SIN DATA,2025
SED2_06201,800,81,2025
SED2_07383,100,2,2025
SED2_04708,50,SIN DATA,2025
SED2_03744,630,1211,2025
SED2_08190,630,556,2025
SED2_08941,350,273,2025
SED2_05968,160,4,2025
SED2_09430,630,15,2025
SED2_04715,550,11,2025
SED2_06806,630,565,2025
SED2_09283,50,SIN DATA,2025
SED2_03841,630,444,2025
SED2_08125,800,757,2025
SED2_08783,400,499,2025
SED2_02520,400,414,2025
SED2_00521,800,996,2025
SED2_04092,630,20,2025
SED2_05497,800,164,2025
SED2_00564,630,247,2025
SED2_03360,1260,158,2025
SED2_04420,400,12,2025
SED2_02624,1430,128,2025
SED2_02549,400,111,2025
SED2_04645,400,377,2025
SED2_01522,550,511,2025
SED2_04967,0,268,2025
SED2_07818,25,SIN DATA,2025
SED2_02997,50,57,2025
SED2_03819,630,222,2025
SED2_08104,250,11,2025
SED2_08194,50,SIN DATA,2025
SED2_02258,160,183,2025
SED2_00269,0,SIN DATA,2025
SED2_03639,50,SIN DATA,2025
SED2_00543,250,58,2025
SED2_08547,630,355,2025
SED2_08292,0,SIN DATA,2025
SED2_02850,630,497,2025
SED2_07549,0,SIN DATA,2025
SED2_01719,630,23,2025
SED2_03966,100,11,2025
SED2_03668,50,SIN DATA,2025
SED2_04945,250,SIN DATA,2025
SED2_02218,1030,388,2025
SED2_05697,630,706,2025
SED2_03731,630,627,2025
SED2_06495,250,158,2025
SED2_06291,350,264,2025
SED2_04508,400,308,2025
SED2_06893,800,303,2025
SED2_03795,630,260,2025
SED2_09158,50,SIN DATA,2025
SED2_09851,0,SIN DATA,2025
SED2_02580,1260,373,2025
SED2_03628,630,1284,2025
SED2_05349,640,265,2025
SED2_05281,630,651,2025
SED2_09000,630,429,2025
SED2_05932,630,757,2025
SED2_08077,800,576,2025
SED2_06987,750,SIN DATA,2025
SED2_06073,50,SIN DATA,2025
SED2_00174,400,471,2025
SED2_02836,630,484,2025
SED2_03897,630,639,2025
SED2_06372,630,664,2025
SED2_09391,1260,507,2025
SED2_05804,250,1,2025
SED2_04743,50,SIN DATA,2025
SED2_03488,630,928,2025
SED2_04023,50,SIN DATA,2025
SED2_07646,650,122,2025
SED2_03933,50,SIN DATA,2025
SED2_02263,0,SIN DATA,2025
SED2_05830,0,SIN DATA,2025
SED2_09325,630,179,2025
SED2_02462,50,SIN DATA,2025
SED2_06903,25,SIN DATA,2025
SED2_01179,0,SIN DATA,2025
SED2_02408,630,157,2025
SED2_06805,630,18,2025
SED2_03766,0,SIN DATA,2025
SED2_04570,400,120,2025
SED2_09517,160,348,2025
SED2_02564,400,150,2025
SED2_02303,50,SIN DATA,2025
SED2_07151,50,SIN DATA,2025
SED2_03422,50,SIN DATA,2025
SED2_01979,400,4,2025
SED2_03298,250,21,2025
SED2_08956,160,71,2025
SED2_05014,50,SIN DATA,2025
SED2_03815,160,5,2025
SED2_03352,630,25,2025
SED2_08568,630,121,2025
SED2_09491,400,16,2025
SED2_00058,400,173,2025
SED2_04723,50,SIN DATA,2025
SED2_02019,250,243,2025
SED2_05478,400,134,2025
SED2_01437,400,438,2025
SED2_02899,630,883,2025
SED2_01156,630,390,2025
SED2_02569,50,3,2025
SED2_01926,630,252,2025
SED2_08478,630,120,2025
SED2_04198,400,1,2025
SED2_08768,630,378,2025
SED2_08212,400,12,2025
SED2_09877,50,SIN DATA,2025
SED2_00140,400,237,2025
SED2_00085,640,746,2025
SED2_06943,630,538,2025
SED2_03238,400,280,2025
SED2_07212,400,301,2025
SED2_02388,1260,227,2025
SED2_07324,50,SIN DATA,2025
SED2_01623,400,223,2025
SED2_00844,630,314,2025
SED2_07439,400,56,2025
SED2_09061,400,66,2025
SED2_08905,630,588,2025
SED2_03606,160,80,2025
SED2_03518,630,149,2025
SED2_00073,220,139,2025
SED2_07284,1260,81,2025
SED2_03691,50,SIN DATA,2025
SED2_04293,630,392,2025
SED2_02356,630,379,2025
SED2_08583,1030,129,2025
SED2_06215,100,24,2025
SED2_08013,400,142,2025
SED2_08554,400,364,2025
SED2_05928,160,19,2025
SED2_00663,160,12,2025
SED2_02349,50,SIN DATA,2025
SED2_01093,630,681,2025
SED2_06369,400,87,2025
SED2_00459,50,1,2025
SED2_06174,50,SIN DATA,2025
SED2_00678,100,6,2025
SED2_07449,630,355,2025
SED2_08693,50,SIN DATA,2025
SED2_08798,250,12,2025
SED2_00584,1030,250,2025
SED2_00120,50,SIN DATA,2025
SED2_00658,630,502,2025
SED2_05568,400,1,2025
SED2_06451,250,69,2025
SED2_00697,630,675,2025
SED2_08209,250,164,2025
SED2_08835,0,SIN DATA,2025
SED2_03599,250,5,2025
SED2_02823,890,718,2025
SED2_08834,630,517,2025
SED2_04282,100,30,2025
SED2_08192,400,638,2025
SED2_04297,250,13,2025
SED2_06988,25,SIN DATA,2025
SED2_01903,50,SIN DATA,2025
SED2_08727,50,SIN DATA,2025
SED2_04027,50,SIN DATA,2025
SED2_00644,0,SIN DATA,2025
SED2_05960,1030,924,2025
SED2_09726,1260,644,2025
SED2_02116,400,253,2025
SED2_00429,1270,945,2025
SED2_01268,0,SIN DATA,2025
SED2_09751,50,SIN DATA,2025
SED2_06393,630,2,2025
SED2_08045,1260,127,2025
SED2_09092,400,7,2025
SED2_07863,10,SIN DATA,2025
SED2_08015,50,SIN DATA,2025
SED2_04242,250,116,2025
SED2_03770,400,172,2025
SED2_06111,1260,702,2025
SED2_06842,630,339,2025
SED2_05529,50,SIN DATA,2025
SED2_08673,50,SIN DATA,2025
SED2_09659,400,339,2025
SED2_05935,50,SIN DATA,2025
SED2_09834,400,519,2025
SED2_00642,400,380,2025
SED2_03383,630,408,2025
SED2_06779,630,510,2025
SED2_08967,640,385,2025
SED2_01959,400,177,2025
SED2_08513,50,SIN DATA,2025
SED2_07734,50,SIN DATA,2025
SED2_06807,630,630,2025
SED2_09660,630,696,2025
SED2_05375,50,SIN DATA,2025
SED2_06413,250,224,2025
SED2_07761,1260,517,2025
SED2_02101,250,334,2025
SED2_05553,220,221,2025
SED2_05438,200,299,2025
SED2_06099,400,307,2025
SED2_02755,250,120,2025
SED2_09476,400,605,2025
SED2_00014,400,205,2025
SED2_00985,400,38,2025
SED2_00428,10,SIN DATA,2025
SED2_09018,100,61,2025
SED2_05072,400,342,2025
SED2_02431,630,467,2025
SED2_01788,630,111,2025
SED2_07001,630,1004,2025
SED2_05451,350,275,2025
SED2_00618,350,4,2025
SED2_01201,630,116,2025
SED2_03229,400,271,2025
SED2_01472,400,401,2025
SED2_00059,1260,856,2025
SED2_01097,1260,756,2025
SED2_01491,800,610,2025
SED2_00386,630,1114,2025
SED2_05158,1030,458,2025
SED2_05487,800,511,2025
SED2_02945,1430,193,2025
SED2_02231,400,464,2025
SED2_01964,400,540,2025
SED2_02245,800,42,2025
SED2_07606,630,523,2025
SED2_09289,630,678,2025
SED2_06732,630,596,2025
SED2_04757,50,SIN DATA,2025
SED2_02081,0,SIN DATA,2025
SED2_09013,50,SIN DATA,2025
SED2_03019,400,14,2025
SED2_00597,0,SIN DATA,2025
SED2_08402,400,341,2025
SED2_04249,630,545,2025
SED2_02100,630,581,2025
SED2_09381,630,400,2025
SED2_03051,250,40,2025
SED2_06040,640,710,2025
SED2_04144,50,SIN DATA,2025
SED2_06243,400,4,2025
SED2_07860,1260,13,2025
SED2_08614,400,499,2025
SED2_07009,630,712,2025
SED2_08068,630,822,2025
SED2_02486,630,669,2025
SED2_01356,630,372,2025
SED2_00142,250,183,2025
SED2_04536,400,20,2025
SED2_06401,1890,127,2025
SED2_00628,250,2,2025
SED2_02072,400,183,2025
SED2_05722,630,401,2025
SED2_05348,400,606,2025
SED2_08263,400,434,2025
SED2_04439,400,386,2025
SED2_00393,800,609,2025
SED2_09574,400,479,2025
SED2_03209,400,101,2025
SED2_09357,400,134,2025
SED2_06745,400,138,2025
SED2_02817,630,390,2025
SED2_01032,800,104,2025
SED2_09926,400,483,2025
SED2_07110,550,683,2025
SED2_06662,630,214,2025
SED2_01275,400,257,2025
SED2_02025,50,359,2025
SED2_05074,400,858,2025
SED2_08830,400,6,2025
SED2_06020,630,334,2025
SED2_05990,630,634,2025
SED2_01497,160,94,2025
SED2_09234,630,419,2025
SED2_02043,160,70,2025
SED2_03178,1660,282,2025
SED2_09616,100,SIN DATA,2025
SED2_07523,640,397,2025
SED2_00755,50,SIN DATA,2025
SED2_07278,50,SIN DATA,2025
SED2_05892,1260,213,2025
SED2_09183,50,SIN DATA,2025
SED2_02062,50,SIN DATA,2025
SED2_04999,630,495,2025
SED2_08151,630,344,2025
SED2_02594,400,358,2025
SED2_04274,160,113,2025
SED2_03142,250,297,2025
SED2_04262,630,388,2025
SED2_08017,50,SIN DATA,2025
SED2_08541,630,255,2025
SED2_02341,50,SIN DATA,2025
SED2_07817,50,SIN DATA,2025
SED2_09004,1030,128,2025
SED2_02960,50,SIN DATA,2025
SED2_01182,0,SIN DATA,2025
SED2_09064,400,2,2025
SED2_08369,630,408,2025
SED2_07961,800,300,2025
SED2_08206,400,198,2025
SED2_05601,400,290,2025
SED2_06841,400,347,2025
SED2_04938,50,SIN DATA,2025
SED2_06549,400,771,2025
SED2_06965,630,977,2025
SED2_04432,630,55,2025
SED2_09068,400,282,2025
SED2_06199,160,180,2025
SED2_02313,400,1,2025
SED2_06169,50,SIN DATA,2025
SED2_01689,50,SIN DATA,2025
SED2_07150,50,SIN DATA,2025
SED2_01691,50,SIN DATA,2025
SED2_00938,50,SIN DATA,2025
SED2_08422,400,417,2025
SED2_04017,275,11,2025
SED2_03531,630,314,2025
SED2_00650,750,89,2025
SED2_03739,400,444,2025
SED2_00890,50,SIN DATA,2025
SED2_00183,400,10,2025
SED2_07312,50,SIN DATA,2025
SED2_02232,160,209,2025
SED2_09837,250,227,2025
SED2_09544,630,201,2025
SED2_05961,1260,232,2025
SED2_09402,100,208,2025
SED2_08407,630,174,2025
SED2_02670,400,71,2025
SED2_06475,400,80,2025
SED2_07985,400,10,2025
SED2_00824,630,74,2025
SED2_07708,50,SIN DATA,2025
SED2_01985,630,421,2025
SED2_05976,250,23,2025
SED2_09649,630,311,2025
SED2_08644,630,314,2025
SED2_03386,630,263,2025
SED2_01409,1260,364,2025
SED2_08237,630,255,2025
SED2_06377,50,SIN DATA,2025
SED2_05783,275,74,2025
SED2_02642,160,152,2025
SED2_07996,50,SIN DATA,2025
SED2_06722,50,SIN DATA,2025
SED2_05719,250,SIN DATA,2025
SED2_04025,50,SIN DATA,2025
SED2_02566,160,212,2025
SED2_04626,400,400,2025
SED2_04501,160,190,2025
SED2_07385,220,198,2025
SED2_06421,250,88,2025
SED2_05688,160,76,2025
SED2_09042,250,338,2025
SED2_00341,250,335,2025
SED2_02736,160,103,2025
SED2_03114,100,136,2025
SED2_00382,100,160,2025
SED2_07298,100,45,2025
SED2_04609,160,159,2025
SED2_06232,100,92,2025
SED2_01636,200,71,2025
SED2_06505,630,125,2025
SED2_05143,50,SIN DATA,2025
SED2_02248,50,2,2025
SED2_03952,400,183,2025
SED2_05294,630,106,2025
SED2_08640,630,207,2025
SED2_04072,160,18,2025
SED2_09372,630,222,2025
SED2_04927,630,302,2025
SED2_08172,50,SIN DATA,2025
SED2_07255,950,46,2025
SED2_00845,50,SIN DATA,2025
SED2_00175,50,SIN DATA,2025
SED2_07478,160,227,2025
SED2_01395,250,286,2025
SED2_08363,1260,420,2025
SED2_01537,630,148,2025
SED2_09788,250,119,2025
SED2_09436,1030,SIN DATA,2025
SED2_02698,630,231,2025
SED2_03391,250,120,2025
SED2_05408,50,SIN DATA,2025
SED2_03838,400,710,2025
SED2_01966,400,319,2025
SED2_00148,1260,874,2025
SED2_09629,400,594,2025
SED2_07180,630,SIN DATA,2025
SED2_08099,400,409,2025
SED2_08216,630,679,2025
SED2_03129,50,93,2025
SED2_02452,800,SIN DATA,2025
SED2_02796,400,286,2025
SED2_03511,400,11,2025
SED2_02005,630,248,2025
SED2_06637,50,SIN DATA,2025
SED2_03210,250,336,2025
SED2_00550,400,357,2025
SED2_07310,630,81,2025
SED2_07152,400,658,2025
SED2_02262,630,522,2025
SED2_07762,630,262,2025
SED2_02444,630,334,2025
SED2_04475,630,321,2025
SED2_02579,50,SIN DATA,2025
SED2_09793,400,2,2025
SED2_05517,630,262,2025
SED2_00708,1260,468,2025
SED2_08683,630,215,2025
SED2_06839,50,SIN DATA,2025
SED2_03472,50,SIN DATA,2025
SED2_08914,50,SIN DATA,2025
SED2_09269,630,10,2025
SED2_07929,400,740,2025
SED2_04741,400,443,2025
SED2_04554,630,121,2025
SED2_01898,630,SIN DATA,2025
SED2_02714,400,323,2025
SED2_02644,630,SIN DATA,2025
SED2_06518,400,407,2025
SED2_01018,50,SIN DATA,2025
SED2_04326,50,SIN DATA,2025
SED2_00619,50,SIN DATA,2025
SED2_02031,250,78,2025
SED2_05805,400,261,2025
SED2_06297,250,172,2025
SED2_01334,160,5,2025
SED2_08607,250,283,2025
SED2_04003,650,63,2025
SED2_02241,400,46,2025
SED2_05446,630,83,2025
SED2_05716,550,430,2025
SED2_06515,800,364,2025
SED2_07982,630,SIN DATA,2025
SED2_08744,630,90,2025
SED2_07675,250,354,2025
SED2_05680,400,31,2025
SED2_06341,630,215,2025
SED2_05006,25,SIN DATA,2025
SED2_08123,630,257,2025
SED2_03079,630,359,2025
SED2_02442,630,24,2025
SED2_01005,1260,210,2025
SED2_04111,630,SIN DATA,2025
SED2_09666,630,90,2025
SED2_07788,160,11,2025
SED2_06479,630,180,2025
SED2_03470,630,SIN DATA,2025
SED2_04680,630,30,2025
SED2_03403,320,194,2025
SED2_07480,400,302,2025
SED2_06740,630,SIN DATA,2025
SED2_05417,630,3,2025
SED2_07216,630,7,2025
SED2_00205,400,201,2025
SED2_03034,250,41,2025
SED2_02962,100,SIN DATA,2025
SED2_09470,630,66,2025
SED2_02330,0,SIN DATA,2025
SED2_00149,200,127,2025
SED2_02302,630,51,2025
SED2_03037,250,167,2025
SED2_01423,630,72,2025
SED2_03785,640,565,2025
SED2_00981,630,560,2025
SED2_01841,400,491,2025
SED2_07645,630,SIN DATA,2025
SED2_00731,50,SIN DATA,2025
SED2_09202,400,SIN DATA,2025
SED2_07694,800,125,2025
SED2_08891,800,5,2025
SED2_07848,550,309,2025
SED2_02754,800,211,2025
SED2_02050,630,25,2025
SED2_05573,400,SIN DATA,2025
SED2_06626,630,SIN DATA,2025
SED2_03285,630,2,2025
SED2_07587,400,78,2025
SED2_06064,220,101,2025
SED2_07286,0,SIN DATA,2025
SED2_03140,400,306,2025
SED2_02139,100,78,2025
SED2_08035,25,SIN DATA,2025
SED2_06046,630,652,2025
SED2_09746,400,306,2025
SED2_02015,400,220,2025
SED2_01796,250,210,2025
SED2_02461,630,658,2025
SED2_09501,100,8,2025
SED2_09055,400,411,2025
SED2_06504,1030,221,2025
SED2_06617,160,288,2025
SED2_06141,0,SIN DATA,2025
SED2_06442,250,250,2025
SED2_03899,250,336,2025
SED2_06277,250,341,2025
SED2_05881,400,375,2025
SED2_08587,250,327,2025
SED2_04623,250,276,2025
SED2_02261,630,82,2025
SED2_07805,400,330,2025
SED2_04476,400,99,2025
SED2_05370,400,334,2025
SED2_05882,400,425,2025
SED2_00693,100,73,2025
SED2_06388,0,SIN DATA,2025
SED2_07881,640,168,2025
SED2_02725,220,256,2025
SED2_09400,0,SIN DATA,2025
SED2_06298,630,50,2025
SED2_09916,400,409,2025
SED2_07182,160,31,2025
SED2_07043,150,80,2025
SED2_03963,630,408,2025
SED2_01218,630,388,2025
SED2_02207,400,335,2025
SED2_04171,630,265,2025
SED2_06918,0,SIN DATA,2025
SED2_08085,630,137,2025
SED2_00360,160,4,2025
SED2_02053,0,SIN DATA,2025
SED2_07108,25,1,2025
SED2_06326,0,SIN DATA,2025
SED2_00831,0,SIN DATA,2025
SED2_09011,25,SIN DATA,2025
SED2_02709,400,305,2025
SED2_07561,630,512,2025
SED2_05912,15,SIN DATA,2025
SED2_08924,350,237,2025
SED2_03323,630,361,2025
SED2_07422,400,318,2025
SED2_02872,250,247,2025
SED2_05643,320,448,2025
SED2_05817,320,555,2025
SED2_06676,0,SIN DATA,2025
SED2_06900,250,127,2025
SED2_03872,160,73,2025
SED2_03387,0,SIN DATA,2025
SED2_05666,250,356,2025
SED2_01118,250,3,2025
SED2_03550,630,612,2025
SED2_02193,160,33,2025
SED2_05513,250,325,2025
SED2_00446,250,198,2025
SED2_06464,630,157,2025
SED2_01078,250,17,2025
SED2_07084,400,41,2025
SED2_04441,0,SIN DATA,2025
SED2_02626,400,7,2025
SED2_09929,160,146,2025
SED2_03590,250,313,2025
SED2_01158,250,137,2025
SED2_07750,400,525,2025
SED2_03514,400,241,2025
SED2_09019,100,110,2025
SED2_03260,250,136,2025
SED2_01630,250,129,2025
SED2_03222,160,192,2025
SED2_06336,250,11,2025
SED2_05516,220,55,2025
SED2_06892,400,268,2025
SED2_08636,350,382,2025
SED2_04260,250,155,2025
SED2_00927,160,2,2025
SED2_02334,400,255,2025
SED2_08134,160,130,2025
SED2_01026,200,263,2025
SED2_06701,400,673,2025
SED2_01330,400,404,2025
SED2_09267,250,405,2025
SED2_04691,250,187,2025
SED2_00320,400,376,2025
SED2_03697,275,478,2025
SED2_06213,160,101,2025
SED2_08507,400,435,2025
SED2_02385,160,151,2025
SED2_08522,250,241,2025
SED2_02237,630,92,2025
SED2_08991,630,504,2025
SED2_01611,250,249,2025
SED2_00454,250,257,2025
SED2_09038,250,140,2025
SED2_03187,160,178,2025
SED2_00817,250,404,2025
SED2_01882,160,127,2025
SED2_04980,160,21,2025
SED2_06096,400,346,2025
SED2_09806,630,14,2025
SED2_03804,400,48,2025
SED2_02056,320,29,2025
SED2_09795,315,6,2025
SED2_07061,50,SIN DATA,2025
SED2_07269,250,156,2025
SED2_03234,400,350,2025
SED2_03261,630,377,2025
SED2_00963,160,185,2025
SED2_08299,250,261,2025
SED2_02103,400,38,2025
SED2_09123,250,9,2025
SED2_03027,160,2,2025
SED2_05520,350,308,2025
SED2_02335,800,189,2025
SED2_03270,25,SIN DATA,2025
SED2_04199,250,5,2025
SED2_01077,400,300,2025
SED2_06001,350,332,2025
SED2_04934,400,255,2025
SED2_05741,25,1,2025
SED2_04806,400,179,2025
SED2_03955,400,14,2025
SED2_01569,10,SIN DATA,2025
SED2_07747,630,436,2025
SED2_08399,160,76,2025
SED2_03791,160,121,2025
SED2_08785,250,22,2025
SED2_03598,550,106,2025
SED2_05649,250,231,2025
SED2_05205,160,118,2025
SED2_02656,250,459,2025
SED2_05225,160,8,2025
SED2_05373,400,607,2025
SED2_09300,630,115,2025
SED2_03926,630,350,2025
SED2_07099,250,119,2025
SED2_03580,220,5,2025
SED2_06238,250,304,2025
SED2_01115,400,357,2025
SED2_04063,250,183,2025
SED2_02503,275,29,2025
SED2_00709,800,288,2025
SED2_04556,160,5,2025
SED2_07473,250,6,2025
SED2_01427,400,480,2025
SED2_03842,100,5,2025
SED2_09728,400,203,2025
SED2_08502,250,402,2025
SED2_06863,160,202,2025
SED2_05175,630,33,2025
SED2_06525,350,22,2025
SED2_07732,250,138,2025
SED2_02608,400,542,2025
SED2_01162,630,29,2025
SED2_01646,250,5,2025
SED2_04591,400,138,2025
SED2_03621,100,146,2025
SED2_01214,75,71,2025
SED2_01855,50,84,2025
SED2_01247,100,192,2025
SED2_09330,250,126,2025
SED2_05390,100,67,2025
SED2_04176,100,179,2025
SED2_05537,160,181,2025
SED2_05327,0,SIN DATA,2025
SED2_06677,100,41,2025
SED2_04950,160,239,2025
SED2_01285,100,44,2025
SED2_09052,160,314,2025
SED2_02660,400,334,2025
SED2_09190,100,168,2025
SED2_03727,250,7,2025
SED2_04849,160,236,2025
SED2_03430,100,10,2025
SED2_09900,100,6,2025
SED2_06605,400,54,2025
SED2_06566,250,321,2025
SED2_04298,250,361,2025
SED2_09036,160,393,2025
SED2_02192,100,185,2025
SED2_02775,250,95,2025
SED2_05449,250,399,2025
SED2_06435,250,390,2025
SED2_06235,160,326,2025
SED2_02006,75,23,2025
SED2_00390,630,138,2025
SED2_07971,160,194,2025
SED2_05841,160,174,2025
SED2_04703,100,199,2025
SED2_03181,250,236,2025
SED2_06467,160,342,2025
SED2_04497,250,411,2025
SED2_06968,100,97,2025
SED2_03827,160,7,2025
SED2_07947,250,258,2025
SED2_06936,250,443,2025
SED2_05095,250,171,2025
SED2_03775,250,352,2025
SED2_04917,250,372,2025
SED2_05301,250,322,2025
SED2_02957,160,300,2025
SED2_02179,100,216,2025
SED2_02398,250,396,2025
SED2_06735,100,151,2025
SED2_05535,250,239,2025
SED2_02030,160,284,2025
SED2_05803,250,276,2025
SED2_06793,100,3,2025
SED2_06230,250,7,2025
SED2_09842,160,407,2025
SED2_08004,160,294,2025
SED2_06794,400,444,2025
SED2_08352,250,301,2025
SED2_06866,50,93,2025
SED2_03671,100,192,2025
SED2_04546,400,336,2025
SED2_09351,250,309,2025
SED2_04085,100,228,2025
SED2_05453,250,533,2025
SED2_02172,160,290,2025
SED2_01096,100,362,2025
SED2_01003,160,129,2025
SED2_00957,160,152,2025
SED2_05090,250,105,2025
SED2_06538,160,287,2025
SED2_03823,160,269,2025
SED2_06262,50,46,2025
SED2_05799,250,268,2025
SED2_00535,100,161,2025
SED2_06301,100,157,2025
SED2_05721,50,25,2025
SED2_03669,250,386,2025
SED2_08829,160,167,2025
SED2_07071,160,424,2025
SED2_06109,160,110,2025
SED2_02829,250,394,2025
SED2_09212,160,193,2025
SED2_04793,630,39,2025
SED2_01424,400,163,2025
SED2_06236,160,261,2025
SED2_00417,160,197,2025
SED2_08869,100,197,2025
SED2_03597,160,243,2025
SED2_05744,250,394,2025
SED2_00020,50,221,2025
SED2_01843,250,178,2025
SED2_05172,250,405,2025
SED2_02151,160,234,2025
SED2_07950,160,235,2025
SED2_00379,400,202,2025
SED2_09654,100,184,2025
SED2_08286,160,123,2025
SED2_07069,250,358,2025
SED2_05134,400,532,2025
SED2_09133,400,24,2025
SED2_02191,160,172,2025
SED2_03907,250,467,2025
SED2_02672,400,446,2025
SED2_01649,160,100,2025
SED2_02289,400,94,2025
SED2_02794,400,200,2025
SED2_02194,250,144,2025
SED2_09002,250,26,2025
SED2_09727,50,76,2025
SED2_02721,630,169,2025
SED2_06655,100,323,2025
SED2_05696,250,38,2025
SED2_02494,250,487,2025
SED2_07023,100,120,2025
SED2_07972,160,100,2025
SED2_01751,400,26,2025
SED2_03613,250,277,2025
SED2_07613,250,5,2025
SED2_00437,160,285,2025
SED2_00195,160,232,2025
SED2_08029,160,131,2025
SED2_04776,100,96,2025
SED2_08511,160,4,2025
SED2_01493,50,79,2025
SED2_02014,160,196,2025
SED2_02288,100,125,2025
SED2_02164,250,247,2025
SED2_04287,100,182,2025
SED2_04602,160,132,2025
SED2_05586,160,166,2025
SED2_02883,160,175,2025
SED2_00777,100,154,2025
SED2_01643,160,140,2025
SED2_01019,160,41,2025
SED2_05966,100,186,2025
SED2_00365,250,269,2025
SED2_09638,100,134,2025
SED2_05076,160,218,2025
SED2_08349,160,113,2025
SED2_04761,160,162,2025
SED2_05361,160,240,2025
SED2_01111,50,95,2025
SED2_01248,250,397,2025
SED2_08577,160,162,2025
SED2_05885,250,131,2025
SED2_01957,100,3,2025
SED2_06321,100,79,2025
SED2_06493,250,216,2025
SED2_02893,400,95,2025
SED2_07089,250,221,2025
SED2_06033,160,221,2025
SED2_09045,400,30,2025
SED2_08575,250,205,2025
SED2_01806,100,107,2025
SED2_09167,160,112,2025
SED2_02932,250,17,2025
SED2_00167,400,290,2025
SED2_02526,100,99,2025
SED2_08767,100,172,2025
SED2_08867,160,193,2025
SED2_03146,250,236,2025
SED2_06148,250,164,2025
SED2_05835,250,198,2025
SED2_03588,100,94,2025
SED2_06250,400,38,2025
SED2_05870,250,338,2025
SED2_04579,160,165,2025
SED2_06579,250,498,2025
SED2_07547,400,239,2025
SED2_09472,250,65,2025
SED2_06738,160,117,2025
SED2_06055,160,2,2025
SED2_01387,160,110,2025
SED2_01641,160,51,2025
SED2_03796,250,18,2025
SED2_05420,250,62,2025
SED2_05894,250,280,2025
SED2_00489,50,122,2025
SED2_07143,250,306,2025
SED2_02583,250,79,2025
SED2_03591,400,245,2025
SED2_08871,100,227,2025
SED2_05140,160,55,2025
SED2_00451,250,51,2025
SED2_05043,25,43,2025
SED2_00234,160,13,2025
SED2_06521,250,7,2025
SED2_05564,100,146,2025
SED2_06395,100,5,2025
SED2_01344,100,188,2025
SED2_02401,75,121,2025
SED2_04692,400,481,2025
SED2_03708,160,154,2025
SED2_01756,160,151,2025
SED2_08628,100,168,2025
SED2_00104,250,410,2025
SED2_03529,250,324,2025
SED2_01753,400,170,2025
SED2_08994,160,101,2025
SED2_01596,160,118,2025
SED2_05717,320,406,2025
SED2_02365,100,190,2025
SED2_06532,160,200,2025
SED2_05086,100,146,2025
SED2_06448,250,223,2025
SED2_03424,10,24,2025
SED2_03661,25,29,2025
SED2_00969,100,189,2025
SED2_06845,160,23,2025
SED2_02686,400,380,2025
SED2_06125,250,256,2025
SED2_01622,40,36,2025
SED2_03184,160,235,2025
SED2_03272,160,341,2025
SED2_06246,160,88,2025
SED2_09681,100,201,2025
SED2_00054,400,7,2025
SED2_00235,100,16,2025
SED2_01529,250,206,2025
SED2_01429,160,26,2025
SED2_03830,100,14,2025
SED2_09817,400,7,2025
SED2_01192,100,142,2025
SED2_06406,100,110,2025
SED2_07806,100,47,2025
SED2_05263,100,171,2025
SED2_02252,100,368,2025
SED2_04191,630,270,2025
SED2_00012,250,144,2025
SED2_05382,160,111,2025
SED2_09576,160,78,2025
SED2_01634,100,195,2025
SED2_04514,160,202,2025
SED2_05801,100,6,2025
SED2_06622,100,4,2025
SED2_01556,100,94,2025
SED2_08962,160,331,2025
SED2_01390,400,11,2025
SED2_08281,250,448,2025
SED2_02108,160,349,2025
SED2_06574,250,170,2025
SED2_07665,160,333,2025
SED2_05613,160,175,2025
SED2_08138,250,228,2025
SED2_02903,250,246,2025
SED2_00998,160,428,2025
SED2_01187,250,438,2025
SED2_07919,250,52,2025
SED2_08981,100,158,2025
SED2_00694,100,23,2025
SED2_09181,160,226,2025
SED2_07396,160,344,2025
SED2_01786,630,406,2025
SED2_02634,250,323,2025
SED2_08903,320,276,2025
SED2_09164,100,65,2025
SED2_06730,250,398,2025
SED2_07192,50,10,2025
SED2_03097,250,590,2025
SED2_06294,250,292,2025
SED2_08465,400,571,2025
SED2_03972,50,1,2025
SED2_01969,50,50,2025
SED2_01533,160,302,2025
SED2_05505,100,297,2025
SED2_01186,160,200,2025
SED2_03085,160,281,2025
SED2_07938,400,376,2025
SED2_06286,160,309,2025
SED2_05016,160,361,2025
SED2_00480,50,83,2025
SED2_04203,100,170,2025
SED2_05459,160,220,2025
SED2_09241,250,187,2025
SED2_02511,250,257,2025
SED2_01245,160,143,2025
SED2_08728,160,144,2025
SED2_06713,100,166,2025
SED2_05388,160,181,2025
SED2_01376,100,297,2025
SED2_05237,50,105,2025
SED2_05326,250,224,2025
SED2_02999,100,188,2025
SED2_04373,160,160,2025
SED2_03135,160,193,2025
SED2_05616,50,106,2025
SED2_06814,160,187,2025
SED2_09418,250,163,2025
SED2_06979,100,99,2025
SED2_03756,250,264,2025
SED2_03783,160,310,2025
SED2_04279,250,2,2025
SED2_04202,250,244,2025
SED2_01366,250,290,2025
SED2_04952,250,163,2025
SED2_02812,400,542,2025
SED2_01721,160,163,2025
SED2_04037,160,191,2025
SED2_09297,100,143,2025
SED2_06567,100,154,2025
SED2_07202,400,243,2025
SED2_06468,250,189,2025
SED2_09239,100,142,2025
SED2_05664,160,205,2025
SED2_03151,160,309,2025
SED2_05599,50,117,2025
SED2_01591,50,103,2025
SED2_03820,100,87,2025
SED2_01396,100,84,2025
SED2_03965,100,211,2025
SED2_08418,100,285,2025
SED2_02011,250,188,2025
SED2_09448,250,91,2025
SED2_08241,250,521,2025
SED2_00909,100,45,2025
SED2_00491,100,39,2025
SED2_03409,160,252,2025
SED2_09097,160,59,2025
SED2_05248,100,170,2025
SED2_09445,160,377,2025
SED2_02631,160,353,2025
SED2_07219,100,142,2025
SED2_02581,250,525,2025
SED2_04204,160,238,2025
SED2_00338,250,250,2025
SED2_04316,50,99,2025
SED2_03406,160,291,2025
SED2_04521,160,237,2025
SED2_05729,50,74,2025
SED2_05869,250,250,2025
SED2_07484,100,122,2025
SED2_08613,250,393,2025
SED2_07658,250,195,2025
SED2_00507,250,301,2025
SED2_08688,400,10,2025
SED2_07335,250,425,2025
SED2_08489,250,246,2025
SED2_04610,50,115,2025
SED2_05589,250,321,2025
SED2_00303,250,476,2025
SED2_09562,160,280,2025
SED2_00026,250,375,2025
SED2_05829,250,211,2025
SED2_09005,250,282,2025
SED2_08303,250,259,2025
SED2_05197,50,62,2025
SED2_05713,160,158,2025
SED2_08030,100,207,2025
SED2_09790,250,171,2025
SED2_02474,160,220,2025
SED2_05206,160,326,2025
SED2_01362,250,374,2025
SED2_09605,160,110,2025
SED2_05846,50,170,2025
SED2_06496,100,12,2025
SED2_03067,100,77,2025
SED2_06323,250,72,2025
SED2_06889,250,188,2025
SED2_00806,250,228,2025
SED2_01932,100,95,2025
SED2_03883,160,3,2025
SED2_01688,160,309,2025
SED2_02454,100,25,2025
SED2_07641,630,335,2025
SED2_09691,100,68,2025
SED2_01853,100,233,2025
SED2_01298,160,92,2025
SED2_04489,400,223,2025
SED2_03863,160,274,2025
SED2_01241,160,251,2025
SED2_02187,250,169,2025
SED2_04216,160,351,2025
SED2_09310,250,506,2025
SED2_01506,400,532,2025
SED2_02612,160,322,2025
SED2_08710,160,364,2025
SED2_08801,160,17,2025
SED2_04060,250,78,2025
SED2_04007,100,73,2025
SED2_05329,100,191,2025
SED2_04959,250,74,2025
SED2_03970,400,47,2025
SED2_09901,250,9,2025
SED2_08429,160,263,2025
SED2_09110,250,260,2025
SED2_05769,250,273,2025
SED2_08791,50,73,2025
SED2_08810,50,197,2025
SED2_00088,250,144,2025
SED2_06466,250,136,2025
SED2_08230,250,218,2025
SED2_03397,160,17,2025
SED2_09147,160,10,2025
SED2_06158,400,54,2025
SED2_02273,400,76,2025
SED2_01044,250,141,2025
SED2_07657,630,404,2025
SED2_06916,250,140,2025
SED2_07040,250,251,2025
SED2_01304,250,370,2025
SED2_09667,250,139,2025
SED2_06704,160,173,2025
SED2_06091,250,121,2025
SED2_05018,160,67,2025
SED2_09850,100,160,2025
SED2_05204,160,320,2025
SED2_07494,100,152,2025
SED2_01759,50,100,2025
SED2_08701,100,39,2025
SED2_03681,160,236,2025
SED2_05700,100,120,2025
SED2_04779,160,359,2025
SED2_08156,100,73,2025
SED2_06193,160,134,2025
SED2_03375,100,164,2025
SED2_06231,160,313,2025
SED2_02821,250,396,2025
SED2_00261,25,90,2025
SED2_04589,100,287,2025
SED2_07558,100,184,2025
SED2_05419,160,168,2025
SED2_08277,100,201,2025
SED2_08919,250,153,2025
SED2_00156,250,5,2025
SED2_04785,100,111,2025
SED2_03837,160,293,2025
SED2_03215,160,353,2025
SED2_00138,250,373,2025
SED2_09185,100,100,2025
SED2_04876,160,210,2025
SED2_07044,160,29,2025
SED2_09731,160,155,2025
SED2_01035,160,220,2025
SED2_09532,160,320,2025
SED2_00809,250,365,2025
SED2_00887,50,114,2025
SED2_02582,100,87,2025
SED2_07702,250,314,2025
SED2_07602,250,398,2025
SED2_04888,250,274,2025
SED2_06669,160,216,2025
SED2_03813,250,3,2025
SED2_00802,250,214,2025
SED2_00524,160,336,2025
SED2_02325,250,220,2025
SED2_02315,160,245,2025
SED2_06217,160,227,2025
SED2_08170,160,137,2025
SED2_08169,100,158,2025
SED2_03342,160,174,2025
SED2_09026,100,137,2025
SED2_01404,100,157,2025
SED2_05615,100,3,2025
SED2_08606,160,209,2025
SED2_09344,100,173,2025
SED2_05117,100,444,2025
SED2_05959,100,169,2025
SED2_04209,250,458,2025
SED2_05347,160,105,2025
SED2_01766,100,260,2025
SED2_05822,100,275,2025
SED2_07564,100,106,2025
SED2_00654,100,143,2025
SED2_09845,160,208,2025
SED2_09201,100,240,2025
SED2_07432,50,190,2025
SED2_07050,400,197,2025
SED2_05642,250,164,2025
SED2_09546,100,215,2025
SED2_01544,100,298,2025
SED2_01933,250,217,2025
SED2_05619,250,21,2025
SED2_09159,250,69,2025
SED2_00304,250,20,2025
SED2_00352,250,18,2025
SED2_00942,250,20,2025
SED2_03192,160,14,2025
SED2_06387,250,36,2025
SED2_07008,250,21,2025
SED2_00150,160,38,2025
SED2_08716,250,12,2025
SED2_07820,250,60,2025
SED2_09023,100,5,2025
SED2_07058,250,294,2025
SED2_00839,100,285,2025
SED2_03353,160,174,2025
SED2_09831,250,93,2025
SED2_08544,400,47,2025
SED2_06780,400,111,2025
SED2_06031,100,24,2025
SED2_04349,100,291,2025
SED2_06543,100,124,2025
SED2_05473,100,219,2025
SED2_06463,100,201,2025
SED2_08165,160,340,2025
SED2_07372,630,333,2025
SED2_07234,75,174,2025
SED2_07673,50,179,2025
SED2_06526,100,168,2025
SED2_01428,100,217,2025
SED2_09603,400,30,2025
SED2_05682,100,124,2025
SED2_09478,50,44,2025
SED2_03556,250,99,2025
SED2_06848,160,3,2025
SED2_02552,100,6,2025
SED2_01498,160,156,2025
SED2_08025,250,214,2025
SED2_00034,100,170,2025
SED2_06012,250,166,2025
SED2_04969,250,385,2025
SED2_06913,100,258,2025
SED2_09306,250,50,2025
SED2_04114,100,315,2025
SED2_01887,100,152,2025
SED2_08617,160,194,2025
SED2_03121,100,276,2025
SED2_02818,250,476,2025
SED2_03716,100,101,2025
SED2_02830,50,110,2025
SED2_02275,400,159,2025
SED2_09635,100,169,2025
SED2_04689,100,125,2025
SED2_00204,100,176,2025
SED2_09151,100,164,2025
SED2_00029,50,11,2025
SED2_05981,250,23,2025
SED2_09937,100,115,2025
SED2_08242,100,168,2025
SED2_03800,100,14,2025
SED2_00982,250,19,2025
SED2_07142,100,193,2025
SED2_00989,100,306,2025
SED2_03164,400,179,2025
SED2_02665,100,2,2025
SED2_03487,100,53,2025
SED2_05658,50,23,2025
SED2_08112,100,52,2025
SED2_04228,160,171,2025
SED2_09483,100,151,2025
SED2_04390,100,176,2025
SED2_02827,50,68,2025
SED2_06088,160,224,2025
SED2_00228,160,411,2025
SED2_08198,250,7,2025
SED2_06846,100,69,2025
SED2_08576,75,148,2025
SED2_03047,50,82,2025
SED2_07963,160,460,2025
SED2_00794,250,55,2025
SED2_00158,275,73,2025
SED2_02304,100,132,2025
SED2_08582,50,105,2025
SED2_03392,100,116,2025
SED2_04841,160,151,2025
SED2_00404,100,154,2025
SED2_00559,160,71,2025
SED2_02394,250,313,2025
SED2_06004,250,305,2025
SED2_04470,160,76,2025
SED2_08189,400,224,2025
SED2_02276,160,105,2025
SED2_09382,100,2,2025
SED2_03389,160,9,2025
SED2_01127,250,194,2025
SED2_00759,400,233,2025
SED2_03920,400,41,2025
SED2_05862,250,10,2025
SED2_08180,160,7,2025
SED2_02287,250,12,2025
SED2_05514,50,102,2025
SED2_09438,250,15,2025
SED2_01082,250,32,2025
SED2_01479,250,20,2025
SED2_00987,400,52,2025
SED2_03728,250,6,2025
SED2_00547,100,8,2025
SED2_01884,160,12,2025
SED2_04639,160,20,2025
SED2_01620,100,56,2025
SED2_05385,160,320,2025
SED2_00715,160,246,2025
SED2_04332,100,194,2025
SED2_07306,250,231,2025
SED2_06375,100,69,2025
SED2_08588,100,319,2025
SED2_07825,100,270,2025
SED2_04299,100,114,2025
SED2_03434,50,222,2025
SED2_03105,100,344,2025
SED2_04584,160,90,2025
SED2_02201,160,399,2025
SED2_08080,50,199,2025
SED2_02129,160,469,2025
SED2_04471,50,87,2025
SED2_02793,100,196,2025
SED2_06340,160,185,2025
SED2_06698,160,372,2025
SED2_06153,100,32,2025
SED2_09462,250,79,2025
SED2_02268,250,105,2025
SED2_04163,400,30,2025
SED2_01584,160,275,2025
SED2_02763,630,15,2025
SED2_06895,160,2,2025
SED2_01567,250,15,2025
SED2_01420,400,276,2025
SED2_03243,25,68,2025
SED2_08021,100,18,2025
SED2_03156,160,218,2025
SED2_07242,250,6,2025
SED2_05963,100,202,2025
SED2_03098,250,365,2025
SED2_01563,250,26,2025
SED2_09276,160,339,2025
SED2_03284,160,228,2025
SED2_05463,250,200,2025
SED2_09210,160,259,2025
SED2_03136,160,152,2025
SED2_05251,100,11,2025
SED2_03648,100,224,2025
SED2_02374,400,250,2025
SED2_06705,100,196,2025
SED2_05543,100,179,2025
SED2_00743,160,147,2025
SED2_00243,50,116,2025
SED2_04616,100,124,2025
SED2_02399,400,97,2025
SED2_03010,400,132,2025
SED2_08403,75,122,2025
SED2_01847,100,174,2025
SED2_05641,75,197,2025
SED2_00025,40,79,2025
SED2_03797,100,102,2025
SED2_04686,100,140,2025
SED2_07760,100,158,2025
SED2_03489,75,167,2025
SED2_08249,250,267,2025
SED2_04147,160,179,2025
SED2_00527,250,348,2025
SED2_01260,100,141,2025
SED2_07578,100,218,2025
SED2_07185,100,140,2025
SED2_09687,100,160,2025
SED2_03982,50,116,2025
SED2_01411,160,173,2025
SED2_07847,40,164,2025
SED2_03877,100,126,2025
SED2_09237,100,167,2025
SED2_04456,160,384,2025
SED2_02295,160,253,2025
SED2_00762,50,88,2025
SED2_02489,100,140,2025
SED2_09882,100,63,2025
SED2_02920,100,59,2025
SED2_08311,100,123,2025
SED2_06450,160,71,2025
SED2_06382,160,130,2025
SED2_04226,50,18,2025
SED2_00961,160,429,2025
SED2_09271,25,62,2025
SED2_06612,100,221,2025
SED2_02370,160,166,2025
SED2_06295,250,113,2025
SED2_09122,100,164,2025
SED2_02519,250,345,2025
SED2_07412,40,49,2025
SED2_08038,100,95,2025
SED2_00836,160,273,2025
SED2_06416,400,10,2025
SED2_04219,50,162,2025
SED2_09308,160,138,2025
SED2_03242,250,SIN DATA,2025
SED2_04450,100,174,2025
SED2_00220,160,324,2025
SED2_07133,100,118,2025
SED2_07447,50,92,2025
SED2_07350,250,309,2025
SED2_07181,100,139,2025
SED2_01047,100,235,2025
SED2_04180,50,116,2025
SED2_04496,250,276,2025
SED2_01588,100,117,2025
SED2_01062,160,209,2025
SED2_03859,100,215,2025
SED2_00297,100,169,2025
SED2_03441,100,283,2025
SED2_08902,100,158,2025
SED2_04175,160,22,2025
SED2_01338,160,33,2025
SED2_05119,50,97,2025
SED2_08171,100,190,2025
SED2_08287,75,133,2025
SED2_00703,75,136,2025
SED2_05898,50,92,2025
SED2_08758,100,139,2025
SED2_09421,100,116,2025
SED2_03455,100,126,2025
SED2_08362,65,116,2025
SED2_01710,75,134,2025
SED2_03634,100,90,2025
SED2_00947,40,71,2025
SED2_00876,100,277,2025
SED2_06500,160,137,2025
SED2_02176,100,98,2025
SED2_01707,100,155,2025
SED2_03247,100,156,2025
SED2_04372,100,150,2025
SED2_05049,160,282,2025
SED2_04380,160,248,2025
SED2_02353,400,27,2025
SED2_04993,250,75,2025
SED2_04850,100,215,2025
SED2_04210,250,395,2025
SED2_08646,400,214,2025
SED2_04899,100,86,2025
SED2_04215,100,131,2025
SED2_04095,250,272,2025
SED2_07147,250,17,2025
SED2_00097,100,267,2025
SED2_02293,50,137,2025
SED2_09243,100,128,2025
SED2_00506,100,98,2025
SED2_08067,100,99,2025
SED2_08225,100,99,2025
SED2_02769,100,115,2025
SED2_05409,630,179,2025
SED2_05953,100,139,2025
SED2_04491,160,159,2025
SED2_09676,160,314,2025
SED2_08684,100,133,2025
SED2_07351,100,153,2025
SED2_09295,160,182,2025
SED2_07467,160,182,2025
SED2_03569,160,101,2025
SED2_02743,160,232,2025
SED2_04585,160,212,2025
SED2_03479,160,187,2025
SED2_07368,250,101,2025
SED2_04430,40,108,2025
SED2_00625,100,213,2025
SED2_06325,50,83,2025
SED2_09417,160,254,2025
SED2_03194,250,276,2025
SED2_08087,400,344,2025
SED2_09247,250,410,2025
SED2_05949,100,151,2025
SED2_03662,160,83,2025
SED2_08179,100,139,2025
SED2_05434,100,97,2025
SED2_02324,250,140,2025
SED2_05756,50,93,2025
SED2_01826,400,577,2025
SED2_04263,40,249,2025
SED2_04335,50,50,2025
SED2_03345,50,163,2025
SED2_01714,15,47,2025
SED2_01718,100,191,2025
SED2_00050,160,137,2025
SED2_02640,250,279,2025
SED2_06509,400,464,2025
SED2_07994,100,161,2025
SED2_04009,100,145,2025
SED2_07373,100,1,2025
SED2_08995,100,145,2025
SED2_02427,160,352,2025
SED2_01558,25,139,2025
SED2_08201,100,107,2025
SED2_06353,160,133,2025
SED2_04158,100,108,2025
SED2_07465,100,91,2025
SED2_04160,100,109,2025
SED2_06835,400,72,2025
SED2_09745,100,149,2025
SED2_05740,100,157,2025
SED2_02845,100,89,2025
SED2_09274,160,174,2025
SED2_06106,250,208,2025
SED2_02694,15,160,2025
SED2_07096,160,171,2025
SED2_00229,100,187,2025
SED2_00895,250,40,2025
SED2_03547,100,72,2025
SED2_02318,100,119,2025
SED2_04190,100,148,2025
SED2_09200,250,45,2025
SED2_07677,400,182,2025
SED2_01550,100,88,2025
SED2_07346,400,448,2025
SED2_06914,250,10,2025
SED2_08395,100,4,2025
SED2_02332,160,151,2025
SED2_03349,100,189,2025
SED2_06455,50,72,2025
SED2_07952,250,151,2025
SED2_05035,250,10,2025
SED2_05633,250,446,2025
SED2_06596,400,45,2025
SED2_06469,400,321,2025
SED2_01288,250,33,2025
SED2_06057,250,59,2025
SED2_03001,400,26,2025
SED2_01151,160,40,2025
SED2_04906,250,311,2025
SED2_01893,160,263,2025
SED2_09056,160,191,2025
SED2_00219,160,227,2025
SED2_01741,160,176,2025
SED2_08254,160,219,2025
SED2_06572,160,169,2025
SED2_09734,160,232,2025
SED2_00951,160,31,2025
SED2_00935,400,105,2025
SED2_03941,100,167,2025
SED2_06117,160,37,2025
SED2_06631,250,294,2025
SED2_02949,50,148,2025
SED2_08861,160,230,2025
SED2_08537,250,317,2025
SED2_08076,50,271,2025
SED2_03365,100,26,2025
SED2_05526,75,13,2025
SED2_09222,160,395,2025
SED2_02322,100,195,2025
SED2_00818,50,74,2025
SED2_03444,100,45,2025
SED2_09787,40,58,2025
SED2_05151,100,163,2025
SED2_02690,100,115,2025
SED2_09139,160,241,2025
SED2_00186,160,198,2025
SED2_07886,250,285,2025
SED2_05261,100,150,2025
SED2_05450,250,342,2025
SED2_01598,160,285,2025
SED2_04658,400,96,2025
SED2_07411,50,67,2025
SED2_05605,50,4,2025
SED2_01725,250,99,2025
SED2_01373,250,8,2025
SED2_01412,160,407,2025
SED2_01243,40,92,2025
SED2_04406,100,221,2025
SED2_01835,100,62,2025
SED2_07711,100,121,2025
SED2_09226,630,216,2025
SED2_01476,40,27,2025
SED2_03826,250,200,2025
SED2_05262,250,7,2025
SED2_00170,100,164,2025
SED2_05541,100,240,2025
SED2_04127,400,229,2025
SED2_01384,25,94,2025
SED2_01349,100,104,2025
SED2_04833,15,33,2025
SED2_09749,250,460,2025
SED2_06759,250,287,2025
SED2_04891,100,72,2025
SED2_07398,100,156,2025
SED2_08620,250,293,2025
SED2_04644,100,114,2025
SED2_06034,100,103,2025
SED2_05879,75,120,2025
SED2_06403,40,52,2025
SED2_07257,250,232,2025
SED2_01582,160,159,2025
SED2_04174,100,184,2025
SED2_07628,100,118,2025
SED2_06266,160,21,2025
SED2_08641,100,144,2025
SED2_07637,250,44,2025
SED2_04322,25,118,2025
SED2_00937,250,90,2025
SED2_09198,100,108,2025
SED2_04815,100,101,2025
SED2_00733,160,206,2025
SED2_07588,160,212,2025
SED2_07291,250,75,2025
SED2_02498,100,235,2025
SED2_05560,50,50,2025
SED2_08854,100,91,2025
SED2_06769,25,78,2025
SED2_04914,40,93,2025
SED2_06487,25,27,2025
SED2_04002,15,13,2025
SED2_01194,15,48,2025
SED2_01875,160,226,2025
SED2_04487,100,230,2025
SED2_02366,100,107,2025
SED2_05116,80,194,2025
SED2_06736,100,239,2025
SED2_06817,160,241,2025
SED2_03110,160,345,2025
SED2_01235,250,543,2025
SED2_06506,50,206,2025
SED2_04787,50,126,2025
SED2_02978,160,192,2025
SED2_05084,40,75,2025
SED2_03586,50,122,2025
SED2_00538,100,15,2025
SED2_05907,50,118,2025
SED2_04995,40,86,2025
SED2_04778,400,11,2025
SED2_02620,160,349,2025
SED2_00652,160,160,2025
SED2_08069,250,12,2025
SED2_06381,400,103,2025
SED2_08358,160,225,2025
SED2_07719,250,403,2025
SED2_06661,160,197,2025
SED2_09329,100,80,2025
SED2_02589,160,271,2025
SED2_06058,100,62,2025
SED2_02028,100,127,2025
SED2_01991,25,86,2025
SED2_00636,250,366,2025
SED2_02228,250,263,2025
SED2_07809,160,284,2025
SED2_03101,50,12,2025
SED2_08052,100,181,2025
SED2_01722,160,305,2025
SED2_03364,250,361,2025
SED2_07416,160,223,2025
SED2_07687,250,232,2025
SED2_06541,100,54,2025
SED2_09653,50,28,2025
SED2_06023,160,114,2025
SED2_08724,100,79,2025
SED2_06651,160,151,2025
SED2_06718,160,293,2025
SED2_05758,160,214,2025
SED2_01518,160,475,2025
SED2_09268,160,517,2025
SED2_01520,100,128,2025
SED2_09416,160,255,2025
SED2_00328,160,278,2025
SED2_00498,160,230,2025
SED2_00726,50,8,2025
SED2_05618,400,343,2025
SED2_01481,250,44,2025
SED2_02831,160,18,2025
SED2_09119,100,45,2025
SED2_06310,100,23,2025
SED2_02270,100,118,2025
SED2_05634,15,79,2025
SED2_08650,400,86,2025
SED2_08696,100,4,2025
SED2_02501,400,11,2025
SED2_03678,50,29,2025
SED2_09433,100,206,2025
SED2_02052,160,237,2025
SED2_00193,160,243,2025
SED2_06933,160,325,2025
SED2_07117,160,170,2025
SED2_04755,160,215,2025
SED2_09608,160,274,2025
SED2_08668,100,170,2025
SED2_03567,100,117,2025
SED2_03835,100,113,2025
SED2_02390,160,210,2025
SED2_05651,100,149,2025
SED2_09777,160,214,2025
SED2_08070,160,218,2025
SED2_06547,400,201,2025
SED2_03471,100,180,2025
SED2_05724,200,319,2025
SED2_06559,250,279,2025
SED2_00972,160,235,2025
SED2_09145,160,213,2025
SED2_02876,160,310,2025
SED2_05224,25,28,2025
SED2_03159,15,29,2025
SED2_03737,250,314,2025
SED2_02200,250,497,2025
SED2_03987,160,97,2025
SED2_01685,160,161,2025
SED2_01165,400,29,2025
SED2_06367,50,139,2025
SED2_02278,50,94,2025
SED2_07197,50,69,2025
SED2_01150,630,25,2025
SED2_01920,160,214,2025
SED2_04359,100,186,2025
SED2_09759,100,80,2025
SED2_01746,250,264,2025
SED2_03217,160,41,2025
SED2_07902,400,163,2025
SED2_01250,50,2,2025
SED2_04207,160,13,2025
SED2_05951,400,131,2025
SED2_09872,250,223,2025
SED2_05028,250,44,2025
SED2_01402,250,114,2025
SED2_09810,160,270,2025
SED2_05563,160,257,2025
SED2_00339,100,108,2025
SED2_08491,75,14,2025
SED2_05157,50,88,2025
SED2_00719,100,149,2025
SED2_06445,400,490,2025
SED2_04646,400,57,2025
SED2_09256,630,569,2025
SED2_00805,50,102,2025
SED2_06268,75,103,2025
SED2_06958,100,156,2025
SED2_03426,250,156,2025
SED2_04829,50,117,2025
SED2_03923,100,88,2025
SED2_07536,100,49,2025
SED2_03571,275,341,2025
SED2_08553,100,26,2025
SED2_06627,250,76,2025
SED2_09704,160,137,2025
SED2_07456,50,107,2025
SED2_03508,100,97,2025
SED2_07367,100,200,2025
SED2_09492,250,43,2025
SED2_04507,250,43,2025
SED2_07580,160,106,2025
SED2_05674,100,6,2025
SED2_01867,100,103,2025
SED2_05389,250,112,2025
SED2_04710,400,20,2025
SED2_01863,100,301,2025
SED2_06029,400,803,2025
SED2_03311,250,411,2025
SED2_05421,250,689,2025
SED2_06081,40,19,2025
SED2_04924,100,136,2025
SED2_00096,250,13,2025
SED2_05728,100,60,2025
SED2_03376,25,56,2025
SED2_05983,400,4,2025
SED2_00807,15,70,2025
SED2_01357,100,116,2025
SED2_02749,250,52,2025
SED2_06457,250,24,2025
SED2_05988,630,95,2025
SED2_00396,160,61,2025
SED2_06308,160,80,2025
SED2_01824,250,16,2025
SED2_06313,100,15,2025
SED2_00598,50,60,2025
SED2_04153,50,72,2025
SED2_02599,400,102,2025
SED2_02380,100,3,2025
SED2_08788,400,8,2025
SED2_08176,250,240,2025
SED2_05512,160,164,2025
SED2_07208,160,174,2025
SED2_02238,400,288,2025
SED2_01147,250,354,2025
SED2_04054,250,385,2025
SED2_01094,250,419,2025
SED2_04868,400,252,2025
SED2_09017,250,441,2025
SED2_00116,160,14,2025
SED2_05698,160,34,2025
SED2_01143,15,18,2025
SED2_05593,100,189,2025
SED2_00353,50,35,2025
SED2_09359,25,39,2025
SED2_01468,250,181,2025
SED2_05921,50,17,2025
SED2_02808,160,107,2025
SED2_05925,100,118,2025
SED2_00526,250,79,2025
SED2_08754,160,230,2025
SED2_00081,160,285,2025
SED2_03145,100,117,2025
SED2_03341,250,435,2025
SED2_04485,250,377,2025
SED2_08706,160,251,2025
SED2_02439,160,235,2025
SED2_07148,160,284,2025
SED2_09684,160,339,2025
SED2_09021,160,193,2025
SED2_00933,400,75,2025
SED2_09494,250,274,2025
SED2_02852,250,302,2025
SED2_02023,250,210,2025
SED2_01531,100,91,2025
SED2_04825,160,201,2025
SED2_01500,250,123,2025
SED2_06751,100,27,2025
SED2_01595,160,233,2025
SED2_07652,250,348,2025
SED2_09480,250,310,2025
SED2_05965,250,164,2025
SED2_01905,250,290,2025
SED2_01524,250,333,2025
SED2_01148,250,71,2025
SED2_02591,100,214,2025
SED2_03533,250,116,2025
SED2_05395,100,199,2025
SED2_07397,100,167,2025
SED2_08926,100,14,2025
SED2_01485,250,242,2025
SED2_08391,25,8,2025
SED2_00804,160,320,2025
SED2_08379,250,252,2025
SED2_00734,100,251,2025
SED2_06140,160,174,2025
SED2_07685,125,212,2025
SED2_08401,160,180,2025
SED2_06910,400,252,2025
SED2_05233,160,262,2025
SED2_08837,160,244,2025
SED2_08333,160,242,2025
SED2_01332,100,115,2025
SED2_00078,100,209,2025
SED2_09069,100,253,2025
SED2_07247,250,324,2025
SED2_05137,100,168,2025
SED2_07464,160,198,2025
SED2_00861,160,295,2025
SED2_05984,250,118,2025
SED2_03344,100,182,2025
SED2_01340,160,140,2025
SED2_05472,400,242,2025
SED2_00185,250,149,2025
SED2_04195,100,144,2025
SED2_00165,100,217,2025
SED2_09821,160,275,2025
SED2_08593,100,183,2025
SED2_08340,100,259,2025
SED2_05705,160,251,2025
SED2_05404,160,257,2025
SED2_07785,250,88,2025
SED2_02177,160,258,2025
SED2_05465,160,317,2025
SED2_01140,160,234,2025
SED2_08040,250,127,2025
SED2_09814,160,238,2025
SED2_08657,100,174,2025
SED2_03393,160,276,2025
SED2_01576,160,228,2025
SED2_09471,100,235,2025
SED2_01733,160,230,2025
SED2_02909,160,234,2025
SED2_02996,250,254,2025
SED2_01801,250,259,2025
SED2_09833,100,139,2025
SED2_00520,100,217,2025
SED2_08001,100,62,2025
SED2_05857,50,122,2025
SED2_07137,160,548,2025
SED2_00899,160,140,2025
SED2_09581,160,254,2025
SED2_03417,100,84,2025
SED2_05187,75,39,2025
SED2_05314,160,24,2025
SED2_07229,50,33,2025
SED2_04810,400,191,2025
SED2_00657,25,28,2025
SED2_05650,25,31,2025
SED2_01329,100,246,2025
SED2_05293,100,140,2025
SED2_00683,100,195,2025
SED2_04480,100,80,2025
SED2_02649,250,365,2025
SED2_02306,160,229,2025
SED2_09497,250,171,2025
SED2_05692,160,194,2025
SED2_05761,250,297,2025
SED2_07258,250,186,2025
SED2_06818,250,284,2025
SED2_03498,100,126,2025
SED2_09589,400,53,2025
SED2_02066,250,14,2025
SED2_07249,250,32,2025
SED2_01785,250,56,2025
SED2_02767,160,29,2025
SED2_04084,250,423,2025
SED2_02716,400,167,2025
SED2_08409,250,298,2025
SED2_04124,50,22,2025
SED2_00472,160,16,2025
SED2_07183,250,60,2025
SED2_01704,160,242,2025
SED2_04285,250,371,2025
SED2_09891,250,152,2025
SED2_00154,100,133,2025
SED2_06460,250,4,2025
SED2_09229,250,31,2025
SED2_05678,100,17,2025
SED2_04224,160,275,2025
SED2_07683,400,143,2025
SED2_03537,250,376,2025
SED2_01516,400,268,2025
SED2_04097,100,27,2025
SED2_02894,250,177,2025
SED2_03497,160,72,2025
SED2_04878,400,285,2025
SED2_01916,25,111,2025
SED2_00902,160,181,2025
SED2_03201,160,179,2025
SED2_03828,400,116,2025
SED2_03241,250,27,2025
SED2_05836,160,253,2025
SED2_09601,250,83,2025
SED2_09861,250,40,2025
SED2_08283,250,94,2025
SED2_07991,250,93,2025
SED2_05178,250,96,2025
SED2_07425,160,28,2025
SED2_05837,160,44,2025
SED2_09705,400,18,2025
SED2_03753,250,131,2025
SED2_07693,160,338,2025
SED2_03578,160,223,2025
SED2_05278,100,194,2025
SED2_08301,250,122,2025
SED2_09249,250,248,2025
SED2_00992,40,16,2025
SED2_04383,250,69,2025
SED2_03099,400,30,2025
SED2_01890,100,57,2025
SED2_07899,160,160,2025
SED2_00571,250,335,2025
SED2_05398,160,302,2025
SED2_01264,250,377,2025
SED2_09340,100,7,2025
SED2_05584,100,122,2025
SED2_05971,400,15,2025
SED2_07880,100,92,2025
SED2_04465,100,144,2025
SED2_09765,100,124,2025
SED2_04819,100,118,2025
SED2_03173,100,247,2025
SED2_08918,250,168,2025
SED2_08977,250,306,2025
SED2_02524,160,159,2025
SED2_07858,250,559,2025
SED2_01417,250,295,2025
SED2_05819,250,229,2025
SED2_05685,100,33,2025
SED2_02981,250,393,2025
SED2_02067,160,266,2025
SED2_07141,160,143,2025
SED2_05320,400,202,2025
SED2_02184,160,103,2025
SED2_00838,250,175,2025
SED2_00163,100,164,2025
SED2_02587,250,273,2025
SED2_05332,100,79,2025
SED2_07841,400,265,2025
SED2_07088,250,258,2025
SED2_01927,250,238,2025
SED2_03666,400,330,2025
SED2_05003,400,276,2025
SED2_09784,25,62,2025
SED2_06357,160,126,2025
SED2_02849,160,254,2025
SED2_03299,250,94,2025
SED2_06776,160,243,2025
SED2_00754,160,182,2025
SED2_05469,400,379,2025
SED2_09639,160,10,2025
SED2_04652,160,176,2025
SED2_06138,160,54,2025
SED2_09032,400,305,2025
SED2_01224,160,266,2025
SED2_04409,25,65,2025
SED2_06917,160,238,2025
SED2_09195,160,261,2025
SED2_03052,160,133,2025
SED2_05945,160,237,2025
SED2_07300,160,298,2025
SED2_02189,160,205,2025
SED2_03670,50,41,2025
SED2_06306,250,260,2025
SED2_06264,160,50,2025
SED2_05357,100,140,2025
SED2_03945,160,3,2025
SED2_05033,160,214,2025
SED2_04668,400,316,2025
SED2_04593,250,248,2025
SED2_05657,160,271,2025
SED2_00630,400,172,2025
SED2_05007,160,267,2025
SED2_01363,100,231,2025
SED2_04588,160,239,2025
SED2_04978,50,111,2025
SED2_04367,400,40,2025
SED2_00823,250,363,2025
SED2_01191,250,315,2025
SED2_04661,160,531,2025
SED2_02460,100,133,2025
SED2_08574,75,37,2025
SED2_07772,250,355,2025
SED2_06564,15,1,2025
SED2_02212,100,162,2025
SED2_07428,100,158,2025
SED2_01386,250,108,2025
SED2_08141,160,259,2025
SED2_08792,250,252,2025
SED2_09752,250,245,2025
SED2_04569,250,360,2025
SED2_02771,50,100,2025
SED2_03307,100,115,2025
SED2_08412,160,275,2025
SED2_05670,350,133,2025
SED2_01446,250,371,2025
SED2_09254,250,222,2025
SED2_07176,160,333,2025
SED2_00605,100,199,2025
SED2_04863,100,119,2025
SED2_01083,50,8,2025
SED2_06349,400,13,2025
SED2_07884,160,138,2025
SED2_05047,250,138,2025
SED2_04651,50,15,2025
SED2_09665,250,196,2025
SED2_01948,250,174,2025
SED2_00511,250,421,2025
SED2_03949,250,334,2025
SED2_04517,250,317,2025
SED2_07543,160,138,2025
SED2_05300,100,176,2025
SED2_06792,100,177,2025
SED2_03461,100,107,2025
SED2_05937,100,23,2025
SED2_03474,15,25,2025
SED2_05067,50,65,2025
SED2_00587,100,122,2025
SED2_05027,160,80,2025
SED2_04407,50,40,2025
SED2_01589,50,81,2025
SED2_05342,50,64,2025
SED2_02445,160,40,2025
SED2_00576,100,132,2025
SED2_02833,160,192,2025
SED2_05299,100,220,2025
SED2_08140,100,120,2025
SED2_06875,100,237,2025
SED2_04720,400,20,2025
SED2_01434,160,18,2025
SED2_07660,400,34,2025
SED2_07983,400,48,2025
SED2_04252,300,30,2025
SED2_07965,400,43,2025
SED2_02595,100,23,2025
SED2_06761,250,16,2025
SED2_09157,250,42,2025
SED2_08505,160,41,2025
SED2_09485,100,25,2025
SED2_03137,100,117,2025
SED2_06934,160,92,2025
SED2_06137,100,17,2025
SED2_02274,100,55,2025
SED2_07026,100,156,2025
SED2_06709,400,36,2025
SED2_09441,160,5,2025
SED2_04893,400,25,2025
SED2_01335,160,159,2025
SED2_05102,250,327,2025
SED2_01680,250,43,2025
SED2_04515,630,23,2025
SED2_01487,400,5,2025
SED2_07843,250,24,2025
SED2_08048,250,18,2025
SED2_00910,160,15,2025
SED2_09111,160,33,2025
SED2_08999,250,120,2025
SED2_05181,50,123,2025
SED2_06675,160,254,2025
SED2_05600,100,296,2025
SED2_04604,250,206,2025
SED2_00581,250,353,2025
SED2_05997,160,116,2025
SED2_08057,400,386,2025
SED2_00178,250,369,2025
SED2_04411,250,228,2025
SED2_07654,400,267,2025
SED2_03021,250,265,2025
SED2_02484,250,210,2025
SED2_02964,400,435,2025
SED2_05051,160,90,2025
SED2_02622,40,62,2025
SED2_05859,160,325,2025
SED2_08026,250,271,2025
SED2_00192,250,342,2025
SED2_03170,400,330,2025
SED2_08328,250,233,2025
SED2_05107,400,392,2025
SED2_07462,250,351,2025
SED2_01711,250,264,2025
SED2_01696,160,219,2025
SED2_06966,50,72,2025
SED2_03153,160,168,2025
SED2_02889,160,59,2025
SED2_06489,250,152,2025
SED2_08011,100,129,2025
SED2_09321,250,299,2025
SED2_02424,250,602,2025
SED2_08010,100,203,2025
SED2_07520,160,298,2025
SED2_07828,250,226,2025
SED2_00931,100,70,2025
SED2_00296,400,507,2025
SED2_03548,250,463,2025
SED2_06942,250,10,2025
SED2_04936,160,189,2025
SED2_02588,250,99,2025
SED2_02777,100,79,2025
SED2_06376,100,119,2025
SED2_02654,250,183,2025
SED2_04208,250,352,2025
SED2_00008,160,307,2025
SED2_09029,160,427,2025
SED2_02874,160,343,2025
SED2_03630,160,199,2025
SED2_07914,160,397,2025
SED2_05471,250,302,2025
SED2_02079,160,175,2025
SED2_08078,160,97,2025
SED2_05384,160,453,2025
SED2_01795,100,270,2025
SED2_05321,250,379,2025
SED2_00976,100,37,2025
SED2_08737,250,158,2025
SED2_00740,250,25,2025
SED2_05924,50,260,2025
SED2_05162,40,19,2025
SED2_00045,50,176,2025
SED2_08233,100,110,2025
SED2_00634,100,183,2025
SED2_04082,50,88,2025
SED2_02561,160,157,2025
SED2_09324,250,62,2025
SED2_09040,160,77,2025
SED2_06741,400,110,2025
SED2_09099,15,10,2025
SED2_08313,160,321,2025
SED2_04663,250,196,2025
SED2_01169,160,3,2025
SED2_06861,25,49,2025
SED2_04619,250,86,2025
SED2_01871,250,316,2025
SED2_03939,400,356,2025
SED2_01676,250,326,2025
SED2_03881,75,124,2025
SED2_02882,50,2,2025
SED2_02969,250,332,2025
SED2_07923,250,199,2025
SED2_00268,160,362,2025
SED2_03693,250,255,2025
SED2_03245,630,393,2025
SED2_07331,160,4,2025
SED2_04331,250,176,2025
SED2_07593,250,51,2025
SED2_08530,160,184,2025
SED2_06288,100,68,2025
SED2_08239,100,327,2025
SED2_00066,160,142,2025
SED2_01888,100,114,2025
SED2_05825,400,255,2025
SED2_01388,100,188,2025
SED2_06773,400,332,2025
SED2_07424,100,48,2025
SED2_07094,50,1,2025
SED2_01919,160,123,2025
SED2_02636,40,112,2025
SED2_03473,25,40,2025
SED2_00368,160,3,2025
SED2_08226,25,50,2025
SED2_01980,160,148,2025
SED2_05100,100,47,2025
SED2_06604,15,20,2025
SED2_01448,50,121,2025
SED2_04657,50,48,2025
SED2_03091,250,9,2025
SED2_03279,15,21,2025
SED2_05933,160,252,2025
SED2_03891,160,312,2025
SED2_03873,250,295,2025
SED2_08866,160,223,2025
SED2_05466,160,291,2025
SED2_06114,160,163,2025
SED2_02476,160,273,2025
SED2_08033,400,20,2025
SED2_02351,25,137,2025
SED2_01425,50,70,2025
SED2_01484,250,55,2025
SED2_04799,50,53,2025
SED2_08707,400,87,2025
SED2_03166,250,204,2025
SED2_00258,15,14,2025
SED2_02847,160,176,2025
SED2_02157,25,38,2025
SED2_08406,50,43,2025
SED2_09816,250,443,2025
SED2_07079,50,14,2025
SED2_04446,250,517,2025
SED2_09362,160,240,2025
SED2_07583,250,398,2025
SED2_09279,250,207,2025
SED2_00541,400,87,2025
SED2_09756,160,304,2025
SED2_07669,100,235,2025
SED2_04451,100,312,2025
SED2_07177,400,313,2025
SED2_05739,250,320,2025
SED2_09169,320,179,2025
SED2_04552,250,316,2025
SED2_03794,160,369,2025
SED2_02046,100,28,2025
SED2_08490,100,72,2025
SED2_01188,400,384,2025
SED2_03618,160,198,2025
SED2_03977,250,469,2025
SED2_01333,160,317,2025
SED2_08682,160,191,2025
SED2_04764,100,194,2025
SED2_02115,160,206,2025
SED2_00144,160,368,2025
SED2_00859,250,178,2025
SED2_08159,160,298,2025
SED2_04043,250,518,2025
SED2_00684,100,50,2025
SED2_04920,400,80,2025
SED2_00690,160,351,2025
SED2_01928,100,261,2025
SED2_07909,400,399,2025
SED2_04926,100,132,2025
SED2_08803,160,314,2025
SED2_08510,160,302,2025
SED2_04348,160,230,2025
SED2_05498,100,56,2025
SED2_07115,160,1,2025
SED2_01720,160,364,2025
SED2_00583,250,335,2025
SED2_09188,250,331,2025
SED2_07957,160,183,2025
SED2_09240,100,239,2025
SED2_07348,160,305,2025
SED2_01881,160,250,2025
SED2_03348,250,249,2025
SED2_03041,400,350,2025
SED2_04963,160,255,2025
SED2_03216,160,132,2025
SED2_09131,100,162,2025
SED2_01678,160,414,2025
SED2_01392,100,166,2025
SED2_03645,100,17,2025
SED2_05068,50,134,2025
SED2_00006,160,133,2025
SED2_06562,100,82,2025
SED2_02848,100,139,2025
SED2_03088,100,143,2025
SED2_08378,250,41,2025
SED2_08130,160,444,2025
SED2_00468,160,424,2025
SED2_00704,160,313,2025
SED2_02828,160,183,2025
SED2_09779,160,326,2025
SED2_05341,250,348,2025
SED2_05771,160,223,2025
SED2_08368,250,327,2025
SED2_05399,160,191,2025
SED2_09076,250,394,2025
SED2_09404,250,289,2025
SED2_03745,400,235,2025
SED2_07259,160,150,2025
SED2_00394,100,146,2025
SED2_06420,100,195,2025
SED2_03253,400,298,2025
SED2_01955,250,195,2025
SED2_06370,100,200,2025
SED2_01299,400,283,2025
SED2_08417,40,91,2025
SED2_08295,160,338,2025
SED2_01451,160,383,2025
SED2_04387,160,140,2025
SED2_07894,250,133,2025
SED2_09859,250,313,2025
SED2_05818,100,224,2025
SED2_07713,50,182,2025
SED2_01171,100,167,2025
SED2_02223,250,381,2025
SED2_07006,250,405,2025
SED2_03552,100,210,2025
SED2_04236,250,4,2025
SED2_04488,160,179,2025
SED2_09701,160,332,2025
SED2_04442,400,517,2025
SED2_02138,50,2,2025
SED2_01823,400,318,2025
SED2_01820,250,355,2025
SED2_07774,160,17,2025
SED2_08955,250,359,2025
SED2_06911,250,393,2025
SED2_00207,160,60,2025
SED2_07905,250,252,2025
SED2_01302,50,111,2025
SED2_07250,100,97,2025
SED2_08487,250,18,2025
SED2_02269,250,251,2025
SED2_00801,250,381,2025
SED2_01831,250,431,2025
SED2_06827,250,375,2025
SED2_01976,400,504,2025
SED2_08108,250,98,2025
SED2_03032,250,275,2025
SED2_08742,250,426,2025
SED2_08986,250,521,2025
SED2_02504,250,456,2025
SED2_04754,160,369,2025
SED2_01045,250,22,2025
SED2_06830,250,355,2025
SED2_06589,160,186,2025
SED2_01772,100,53,2025
SED2_09710,100,116,2025
SED2_06008,100,42,2025
SED2_05866,100,167,2025
SED2_00007,100,297,2025
SED2_07235,250,268,2025
SED2_07135,100,130,2025
SED2_09564,630,127,2025
SED2_00788,250,299,2025
SED2_08517,250,304,2025
SED2_04035,160,189,2025
SED2_04352,160,291,2025
SED2_00668,100,131,2025
SED2_02475,400,500,2025
SED2_08784,160,192,2025
SED2_00119,160,190,2025
SED2_04414,50,107,2025
SED2_07948,100,225,2025
SED2_07405,100,223,2025
SED2_04108,100,136,2025
SED2_00665,160,414,2025
SED2_06389,100,262,2025
SED2_01251,160,165,2025
SED2_01227,160,307,2025
SED2_00554,320,4,2025
SED2_03642,630,288,2025
SED2_01027,400,465,2025
SED2_00458,100,149,2025
SED2_02785,100,89,2025
SED2_06905,50,47,2025
SED2_09184,160,220,2025
SED2_00230,50,30,2025
SED2_04698,50,54,2025
SED2_05335,50,60,2025
SED2_02012,160,266,2025
SED2_07196,160,68,2025
SED2_02806,25,38,2025
SED2_09618,100,76,2025
SED2_01233,160,238,2025
SED2_08294,160,4,2025
SED2_05046,630,33,2025
SED2_09855,250,160,2025
SED2_05282,160,61,2025
SED2_06920,100,39,2025
SED2_02185,160,99,2025
SED2_01992,100,38,2025
SED2_03120,160,71,2025
SED2_05099,50,31,2025
SED2_05360,160,71,2025
SED2_07574,100,96,2025
SED2_02820,25,41,2025
SED2_08298,100,99,2025
SED2_08775,160,392,2025
SED2_06013,25,49,2025
SED2_07538,50,112,2025
SED2_06664,50,54,2025
SED2_01459,100,42,2025
SED2_01755,160,263,2025
SED2_05372,250,190,2025
SED2_01986,250,5,2025
SED2_08411,630,18,2025
SED2_05345,100,85,2025
SED2_00108,250,227,2025
SED2_00298,160,97,2025
SED2_05442,100,71,2025
SED2_01958,100,188,2025
SED2_05492,160,132,2025
SED2_06834,160,105,2025
SED2_01090,100,44,2025
SED2_07263,100,67,2025
SED2_08741,25,29,2025
SED2_02492,100,40,2025
SED2_05057,160,496,2025
SED2_00955,250,489,2025
SED2_09260,250,457,2025
SED2_08321,250,346,2025
SED2_03927,100,2,2025
SED2_01984,50,26,2025
SED2_03721,160,301,2025
SED2_01058,100,161,2025
SED2_09059,160,230,2025
SED2_09406,160,283,2025
SED2_02069,160,292,2025
SED2_00881,160,257,2025
SED2_05956,250,433,2025
SED2_01452,160,428,2025
SED2_00705,250,328,2025
SED2_08915,160,259,2025
SED2_05050,160,259,2025
SED2_05393,160,305,2025
SED2_06422,160,263,2025
SED2_03373,250,43,2025
SED2_04898,250,344,2025
SED2_00837,250,363,2025
SED2_04425,100,14,2025
SED2_04213,100,14,2025
SED2_04314,400,11,2025
SED2_01273,160,283,2025
SED2_08071,400,87,2025
SED2_01502,160,7,2025
SED2_07322,100,27,2025
SED2_08957,400,291,2025
SED2_00434,160,300,2025
SED2_07958,160,316,2025
SED2_05309,160,265,2025
SED2_05909,160,376,2025
SED2_08081,400,359,2025
SED2_06142,250,232,2025
SED2_07992,160,250,2025
SED2_01944,160,258,2025
SED2_04977,250,37,2025
SED2_07230,100,2,2025
SED2_07275,100,168,2025
SED2_07554,160,2,2025
SED2_02153,250,110,2025
SED2_09516,160,135,2025
SED2_02550,100,40,2025
SED2_06060,250,8,2025
SED2_01465,250,279,2025
SED2_01383,250,3,2025
SED2_02537,630,204,2025
SED2_03816,250,4,2025
SED2_05311,160,144,2025
SED2_03152,400,328,2025
SED2_01266,100,37,2025
SED2_00864,50,13,2025
SED2_03313,160,321,2025
SED2_02854,160,314,2025
SED2_02464,250,24,2025
SED2_02977,250,4,2025
SED2_01723,400,9,2025
SED2_03969,250,238,2025
SED2_07678,630,180,2025
SED2_06695,50,2,2025
SED2_05699,160,47,2025
SED2_03831,250,292,2025
SED2_07619,250,256,2025
SED2_01046,160,160,2025
SED2_02414,160,292,2025
SED2_05443,250,340,2025
SED2_01997,250,339,2025
SED2_00842,250,121,2025
SED2_05689,160,264,2025
SED2_06035,400,60,2025
SED2_03747,400,87,2025
SED2_04539,160,258,2025
SED2_06798,160,262,2025
SED2_08495,160,178,2025
SED2_06633,160,199,2025
SED2_06402,160,309,2025
SED2_02458,250,406,2025
SED2_06580,400,128,2025
SED2_06799,100,256,2025
SED2_00888,160,141,2025
SED2_02557,250,303,2025
SED2_05110,160,216,2025
SED2_03133,250,294,2025
SED2_04309,250,267,2025
SED2_08802,160,261,2025
SED2_09022,250,287,2025
SED2_09808,160,196,2025
SED2_04700,160,165,2025
SED2_05718,250,297,2025
SED2_01008,250,242,2025
SED2_08284,250,325,2025
SED2_08679,100,70,2025
SED2_05690,160,128,2025
SED2_09124,160,187,2025
SED2_07906,250,397,2025
SED2_00479,250,96,2025
SED2_01645,100,19,2025
SED2_01051,250,451,2025
SED2_09291,400,84,2025
SED2_02988,250,48,2025
SED2_05571,100,38,2025
SED2_07225,100,140,2025
SED2_08111,250,275,2025
SED2_07362,100,79,2025
SED2_08763,160,198,2025
SED2_08827,400,205,2025
SED2_07609,160,414,2025
SED2_07635,160,246,2025
SED2_04837,160,178,2025
SED2_05124,160,194,2025
SED2_05092,630,348,2025
SED2_02886,160,188,2025
SED2_06317,160,187,2025
SED2_09287,100,12,2025
SED2_03748,50,16,2025
SED2_07979,15,21,2025
SED2_08621,100,282,2025
SED2_00425,630,225,2025
SED2_03868,50,115,2025
SED2_07448,250,222,2025
SED2_07757,400,357,2025
SED2_04678,250,191,2025
SED2_07064,250,251,2025
SED2_07052,630,13,2025
SED2_07392,250,2,2025
SED2_07458,250,379,2025
SED2_05806,100,111,2025
SED2_02669,100,213,2025
SED2_06172,160,161,2025
SED2_04453,400,503,2025
SED2_09887,250,480,2025
SED2_01764,400,682,2025
SED2_07355,160,410,2025
SED2_09273,250,330,2025
SED2_03176,160,421,2025
SED2_00124,250,413,2025
SED2_07773,250,195,2025
SED2_09927,100,35,2025
SED2_06252,250,127,2025
SED2_05129,160,310,2025
SED2_08940,100,108,2025
SED2_06825,100,37,2025
SED2_06350,250,420,2025
SED2_08229,100,170,2025
SED2_01128,160,364,2025
SED2_04880,160,116,2025
SED2_02778,160,196,2025
SED2_09595,100,147,2025
SED2_03812,160,237,2025
SED2_05665,100,207,2025
SED2_04182,630,348,2025
SED2_02242,400,76,2025
SED2_01114,100,152,2025
SED2_08450,160,249,2025
SED2_05528,100,188,2025
SED2_08047,100,216,2025
SED2_01708,100,136,2025
SED2_09461,160,279,2025
SED2_08948,100,127,2025
SED2_09798,160,174,2025
SED2_05519,160,238,2025
SED2_06708,250,211,2025
SED2_06087,100,71,2025
SED2_04179,101,120,2025
SED2_03212,160,247,2025
SED2_05056,100,180,2025
SED2_08514,160,172,2025
SED2_01067,100,112,2025
SED2_00330,250,186,2025
SED2_00692,250,422,2025
SED2_00265,250,264,2025
SED2_09604,250,367,2025
SED2_02662,160,158,2025
SED2_05423,100,241,2025
SED2_08832,160,150,2025
SED2_07496,100,165,2025
SED2_05980,100,160,2025
SED2_05967,250,312,2025
SED2_00363,250,189,2025
SED2_08534,160,193,2025
SED2_06186,150,114,2025
SED2_05770,630,167,2025
SED2_00061,100,175,2025
SED2_02916,160,117,2025
SED2_05536,160,221,2025
SED2_07031,250,225,2025
SED2_09301,100,198,2025
SED2_02756,160,228,2025
SED2_02805,400,210,2025
SED2_07401,101,139,2025
SED2_00651,160,217,2025
SED2_04611,100,219,2025
SED2_02661,160,118,2025
SED2_02421,160,234,2025
SED2_09294,100,120,2025
SED2_01287,100,209,2025
SED2_05834,160,157,2025
SED2_02835,160,240,2025
SED2_06782,100,146,2025
SED2_08246,160,288,2025
SED2_07248,250,471,2025
SED2_06485,160,222,2025
SED2_09405,250,466,2025
SED2_01309,160,193,2025
SED2_00686,250,207,2025
SED2_05915,160,154,2025
SED2_07166,160,166,2025
SED2_06261,160,134,2025
SED2_03675,160,236,2025
SED2_06358,160,256,2025
SED2_01466,100,311,2025
SED2_07302,160,210,2025
SED2_01731,250,167,2025
SED2_01038,100,129,2025
SED2_05307,100,70,2025
SED2_05861,101,144,2025
SED2_01124,100,139,2025
SED2_04765,160,274,2025
SED2_03676,160,129,2025
SED2_04457,160,191,2025
SED2_05193,100,137,2025
SED2_02080,100,161,2025
SED2_05561,250,206,2025
SED2_02290,250,165,2025
SED2_07651,160,295,2025
SED2_01561,100,165,2025
SED2_05283,100,168,2025
SED2_05839,250,232,2025
SED2_01135,250,146,2025
SED2_07937,250,122,2025
SED2_03990,160,218,2025
SED2_02875,160,91,2025
SED2_09414,250,157,2025
SED2_06240,100,65,2025
SED2_07960,160,141,2025
SED2_08153,250,109,2025
SED2_08718,250,7,2025
SED2_01998,250,127,2025
SED2_07746,250,61,2025
SED2_05773,100,115,2025
SED2_06643,160,3,2025
SED2_09352,100,209,2025
SED2_03931,250,24,2025
SED2_00738,400,364,2025
SED2_00813,250,409,2025
SED2_06964,100,122,2025
SED2_08652,160,126,2025
SED2_09454,50,91,2025
SED2_07047,160,169,2025
SED2_06006,100,166,2025
SED2_03516,160,222,2025
SED2_05786,100,124,2025
SED2_03778,250,98,2025
SED2_05627,100,124,2025
SED2_07261,160,159,2025
SED2_00923,100,191,2025
SED2_05242,100,157,2025
SED2_00631,250,52,2025
SED2_02675,400,12,2025
SED2_07688,250,29,2025
SED2_05374,160,74,2025
SED2_06272,250,218,2025
SED2_02976,630,313,2025
SED2_00940,250,142,2025
SED2_06452,400,556,2025
SED2_01740,400,138,2025
SED2_06665,250,393,2025
SED2_09060,400,425,2025
SED2_08335,160,88,2025
SED2_03466,400,84,2025
SED2_06702,630,279,2025
SED2_00615,400,97,2025
SED2_02355,160,117,2025
SED2_07122,630,216,2025
SED2_02726,630,174,2025
SED2_01102,630,152,2025
SED2_08985,400,187,2025
SED2_06885,250,212,2025
SED2_08234,400,138,2025
SED2_05555,400,54,2025
SED2_08794,0,SIN DATA,2025
SED2_05482,160,206,2025
SED2_06256,250,198,2025
SED2_08105,300,315,2025
SED2_06787,400,37,2025
SED2_04396,400,44,2025
SED2_04503,300,1,2025
SED2_08779,110,2,2025
SED2_00271,250,327,2025
SED2_01368,400,285,2025
SED2_06146,400,285,2025
SED2_06490,250,217,2025
SED2_03023,300,348,2025
SED2_00282,250,93,2025
SED2_07730,400,26,2025
SED2_01961,300,88,2025
SED2_00471,400,225,2025
SED2_04848,250,157,2025
SED2_05256,250,173,2025
SED2_06192,250,328,2025
SED2_04528,101,147,2025
SED2_04634,250,166,2025
SED2_04701,100,191,2025
SED2_02197,250,156,2025
SED2_08856,400,109,2025
SED2_05383,160,125,2025
SED2_05763,250,188,2025
SED2_08424,100,166,2025
SED2_05733,100,186,2025
SED2_06486,160,116,2025
SED2_08410,400,652,2025
SED2_04048,630,770,2025
SED2_05275,630,183,2025
SED2_03777,250,153,2025
SED2_07057,160,279,2025
SED2_00645,160,200,2025
SED2_05098,100,149,2025
SED2_02941,160,292,2025
SED2_01840,250,184,2025
SED2_08477,100,140,2025
SED2_08051,250,163,2025
SED2_08272,250,125,2025
SED2_07936,100,136,2025
SED2_08831,160,149,2025
SED2_00699,250,225,2025
SED2_08982,250,201,2025
SED2_07085,160,130,2025
SED2_06531,250,194,2025
SED2_07314,160,158,2025
SED2_05488,160,190,2025
SED2_07568,160,176,2025
SED2_09333,250,103,2025
SED2_04797,160,111,2025
SED2_07305,250,196,2025
SED2_05363,160,172,2025
SED2_08564,250,232,2025
SED2_05013,250,268,2025
SED2_07974,160,85,2025
SED2_09692,160,97,2025
SED2_00826,400,379,2025
SED2_01534,250,582,2025
SED2_02984,400,85,2025
SED2_01123,400,224,2025
SED2_01231,400,281,2025
SED2_09769,400,4,2025
SED2_05306,630,158,2025
SED2_04066,400,200,2025
SED2_08356,250,110,2025
SED2_00093,400,214,2025
SED2_04231,400,173,2025
SED2_00027,160,107,2025
SED2_07510,630,189,2025
SED2_02175,250,255,2025
SED2_09553,630,366,2025
SED2_04271,630,349,2025
SED2_07548,400,277,2025
SED2_07748,250,150,2025
SED2_08990,630,332,2025
SED2_07201,630,303,2025
SED2_06581,400,321,2025
SED2_02478,250,207,2025
SED2_04690,630,129,2025
SED2_05032,400,213,2025
SED2_05201,400,115,2025
SED2_02584,250,416,2025
SED2_08909,400,97,2025
SED2_04527,400,540,2025
SED2_05094,400,336,2025
SED2_08952,250,116,2025
SED2_03024,400,519,2025
SED2_03332,400,295,2025
SED2_06786,400,45,2025
SED2_08805,400,313,2025
SED2_01380,400,379,2025
SED2_00906,400,395,2025
SED2_09586,160,104,2025
SED2_04922,400,127,2025
SED2_07013,250,299,2025
SED2_02603,250,335,2025
SED2_04673,160,304,2025
SED2_08943,250,110,2025
SED2_04093,250,204,2025
SED2_09230,630,223,2025
SED2_01934,400,329,2025
SED2_04150,250,235,2025
SED2_09396,160,71,2025
SED2_01586,400,208,2025
SED2_09867,400,207,2025
SED2_03660,630,322,2025
SED2_04261,300,340,2025
SED2_05136,250,312,2025
SED2_07833,400,15,2025
SED2_04399,400,94,2025
SED2_09811,160,55,2025
SED2_05788,400,282,2025
SED2_01467,50,2,2025
SED2_05549,50,2,2025
SED2_07802,250,119,2025
SED2_03495,250,154,2025
SED2_03073,100,2,2025
SED2_09488,160,245,2025
SED2_08769,100,119,2025
SED2_09531,630,336,2025
SED2_01555,250,84,2025
SED2_03008,630,211,2025
SED2_01674,250,95,2025
SED2_00911,400,330,2025
SED2_04722,630,112,2025
SED2_09626,250,161,2025
SED2_07190,630,10,2025
SED2_04746,630,245,2025
SED2_03025,250,269,2025
SED2_06380,160,102,2025
SED2_03803,400,431,2025
SED2_01897,250,148,2025
SED2_01615,630,280,2025
SED2_05133,630,397,2025
SED2_01848,400,245,2025
SED2_08500,630,96,2025
SED2_00257,400,105,2025
SED2_08845,400,236,2025
SED2_08324,250,137,2025
SED2_05791,100,11,2025
SED2_08912,250,370,2025
SED2_06026,630,284,2025
SED2_05575,250,252,2025
SED2_00975,250,309,2025
SED2_08149,630,226,2025
SED2_07924,50,SIN DATA,2025
SED2_02982,630,68,2025
SED2_00223,250,28,2025
SED2_02689,630,338,2025
SED2_01739,250,182,2025
SED2_09905,400,280,2025
SED2_06739,400,113,2025
SED2_08600,250,159,2025
SED2_08448,400,52,2025
SED2_09473,400,4,2025
SED2_00617,400,289,2025
SED2_08978,630,372,2025
SED2_08464,400,170,2025
SED2_00613,630,40,2025
SED2_08007,630,127,2025
SED2_03989,630,338,2025
SED2_08336,250,150,2025
SED2_07107,250,296,2025
SED2_04643,400,252,2025
SED2_02748,400,193,2025
SED2_05899,400,90,2025
SED2_01904,250,235,2025
SED2_09540,250,104,2025
SED2_01724,630,167,2025
SED2_03947,250,4,2025
SED2_08447,250,52,2025
SED2_01922,400,128,2025
SED2_03909,400,135,2025
SED2_01667,400,163,2025
SED2_08611,400,16,2025
SED2_07453,250,507,2025
SED2_02993,400,104,2025
SED2_08651,400,164,2025
SED2_01503,400,126,2025
SED2_08860,250,65,2025
SED2_08472,400,301,2025
SED2_00530,630,304,2025
SED2_03296,250,226,2025
SED2_01012,250,28,2025
SED2_07682,160,119,2025
SED2_02615,400,264,2025
SED2_08836,400,79,2025
SED2_08671,630,367,2025
SED2_01653,400,146,2025
SED2_01444,400,146,2025
SED2_03503,400,228,2025
SED2_06251,400,132,2025
SED2_01783,250,44,2025
SED2_08531,630,60,2025
SED2_07097,400,161,2025
SED2_00746,400,248,2025
SED2_06620,400,205,2025
SED2_06205,250,240,2025
SED2_09733,400,332,2025
SED2_07782,400,98,2025
SED2_03221,160,4,2025
SED2_05969,160,227,2025
SED2_02169,250,376,2025
SED2_04572,250,229,2025
SED2_08889,630,230,2025
SED2_03204,400,135,2025
SED2_03781,250,205,2025
SED2_03399,630,120,2025
SED2_05686,400,105,2025
SED2_02065,250,71,2025
SED2_09219,630,150,2025
SED2_01323,400,29,2025
SED2_08316,400,112,2025
SED2_01525,400,6,2025
SED2_05079,630,75,2025
SED2_04379,400,153,2025
SED2_00438,0,SIN DATA,2025
SED2_01974,400,132,2025
SED2_00344,250,41,2025
SED2_07935,400,194,2025
SED2_09288,160,187,2025
SED2_05617,250,63,2025
SED2_00594,400,110,2025
SED2_08672,400,214,2025
SED2_02740,630,104,2025
SED2_07839,400,274,2025
SED2_04612,400,268,2025
SED2_01748,400,316,2025
SED2_09253,250,181,2025
SED2_09647,400,323,2025
SED2_03582,630,269,2025
SED2_03413,250,266,2025
SED2_04157,630,219,2025
SED2_08250,250,194,2025
SED2_04317,315,460,2025
SED2_07718,250,108,2025
SED2_00010,250,117,2025
SED2_09137,250,32,2025
SED2_00041,630,244,2025
SED2_09864,200,308,2025
SED2_04600,630,293,2025
SED2_06871,630,291,2025
SED2_05065,400,112,2025
SED2_00442,400,213,2025
SED2_05672,630,341,2025
SED2_07297,630,51,2025
SED2_06976,400,244,2025
SED2_03161,200,3,2025
SED2_08203,400,196,2025
SED2_04594,400,178,2025
SED2_06831,630,300,2025
SED2_03233,400,35,2025
SED2_06558,400,21,2025
SED2_09914,630,281,2025
SED2_08732,400,5,2025
SED2_02236,400,345,2025
SED2_08625,250,227,2025
SED2_06470,250,213,2025
SED2_08037,250,219,2025
SED2_05343,100,145,2025
SED2_05297,100,117,2025
SED2_06456,100,73,2025
SED2_05163,400,114,2025
SED2_06599,250,294,2025
SED2_08911,160,106,2025
SED2_02704,250,118,2025
SED2_03065,250,239,2025
SED2_00661,400,120,2025
SED2_00529,630,230,2025
SED2_01804,630,173,2025
SED2_06726,630,162,2025
SED2_09348,250,149,2025
SED2_09144,250,148,2025
SED2_02531,400,166,2025
SED2_02657,400,24,2025
SED2_02663,400,179,2025
SED2_07514,250,97,2025
SED2_08579,630,346,2025
SED2_01419,250,131,2025
SED2_00811,400,48,2025
SED2_00701,630,291,2025
SED2_05811,400,257,2025
SED2_01225,250,39,2025
SED2_03252,250,88,2025
SED2_06640,630,126,2025
SED2_01265,160,211,2025
SED2_08113,250,53,2025
SED2_06653,250,83,2025
SED2_09264,400,197,2025
SED2_06868,400,196,2025
SED2_00562,250,173,2025
SED2_07027,400,217,2025
SED2_00496,400,101,2025
SED2_08749,400,212,2025
SED2_04433,400,260,2025
SED2_08653,630,218,2025
SED2_04897,400,312,2025
SED2_03343,400,93,2025
SED2_03095,400,220,2025
SED2_04861,400,182,2025
SED2_00795,630,263,2025
SED2_01771,630,107,2025
SED2_03903,630,51,2025
SED2_02395,630,197,2025
SED2_08855,400,107,2025
SED2_04458,400,204,2025
SED2_09602,250,130,2025
SED2_07555,160,84,2025
SED2_09739,250,226,2025
SED2_09782,250,190,2025
SED2_00364,400,164,2025
SED2_01885,250,114,2025
SED2_07980,250,300,2025
SED2_07410,400,155,2025
SED2_07435,400,133,2025
SED2_06173,250,215,2025
SED2_05572,400,360,2025
SED2_05975,400,336,2025
SED2_04784,630,314,2025
SED2_06418,100,SIN DATA,2025
SED2_00862,400,161,2025
SED2_01296,400,89,2025
SED2_04126,160,40,2025
SED2_04302,400,329,2025
SED2_05194,630,210,2025
SED2_09025,400,188,2025
SED2_07525,400,145,2025
SED2_00770,160,161,2025
SED2_04483,160,175,2025
SED2_05552,630,203,2025
SED2_03476,630,260,2025
SED2_05183,630,281,2025
SED2_04649,400,197,2025
SED2_08483,250,218,2025
SED2_04870,630,58,2025
SED2_06974,250,185,2025
SED2_04822,630,43,2025
SED2_07771,400,33,2025
SED2_01407,630,151,2025
SED2_07404,400,354,2025
SED2_01433,250,175,2025
SED2_06993,400,402,2025
SED2_06051,400,417,2025
SED2_09772,400,81,2025
SED2_07036,630,220,2025
SED2_06423,400,183,2025
SED2_05191,400,208,2025
SED2_07661,630,234,2025
SED2_05860,400,63,2025
SED2_07065,630,191,2025
SED2_00217,400,245,2025
SED2_00038,400,220,2025
SED2_02130,400,279,2025
SED2_07939,630,336,2025
SED2_06882,250,108,2025
SED2_09209,400,224,2025
SED2_02508,250,70,2025
SED2_00896,630,316,2025
SED2_07826,400,138,2025
SED2_00504,250,198,2025
SED2_09265,250,88,2025
SED2_01864,630,251,2025
SED2_05266,250,172,2025
SED2_00750,400,2,2025
SED2_04438,250,75,2025
SED2_00886,250,64,2025
SED2_05112,250,188,2025
SED2_01773,400,140,2025
SED2_05864,630,241,2025
SED2_03806,250,401,2025
SED2_09070,250,348,2025
SED2_08549,160,231,2025
SED2_03988,250,66,2025
SED2_00444,630,157,2025
SED2_04763,160,131,2025
SED2_04495,250,105,2025
SED2_02510,250,19,2025
SED2_04477,250,358,2025
SED2_09053,250,310,2025
SED2_02902,200,216,2025
SED2_02321,250,207,2025
SED2_02259,250,249,2025
SED2_09922,250,279,2025
SED2_01106,250,130,2025
SED2_02152,250,207,2025
SED2_08449,250,253,2025
SED2_05547,250,90,2025
SED2_08559,160,223,2025
SED2_03446,400,74,2025
SED2_04115,630,184,2025
SED2_08699,630,487,2025
SED2_09285,630,344,2025
SED2_00255,630,184,2025
SED2_09270,250,233,2025
SED2_03595,250,22,2025
SED2_09899,400,177,2025
SED2_06218,630,268,2025
SED2_01486,400,213,2025
SED2_06344,630,252,2025
SED2_09136,400,225,2025
SED2_05245,250,SIN DATA,2025
SED2_00999,630,162,2025
SED2_07303,630,185,2025
SED2_00323,630,168,2025
SED2_05550,160,257,2025
SED2_08252,400,46,2025
SED2_06255,250,2,2025
SED2_07394,400,199,2025
SED2_01818,160,139,2025
SED2_07191,250,36,2025
SED2_07377,630,212,2025
SED2_03616,630,46,2025
SED2_07913,400,200,2025
SED2_02966,400,117,2025
SED2_01370,250,122,2025
SED2_00253,630,142,2025
SED2_02391,630,258,2025
SED2_02706,400,46,2025
SED2_05562,250,86,2025
SED2_05139,300,169,2025
SED2_08558,400,62,2025
SED2_00416,160,12,2025
SED2_04058,400,129,2025
SED2_06765,100,128,2025
SED2_04141,400,45,2025
SED2_04250,250,132,2025
SED2_08276,160,25,2025
SED2_00495,250,297,2025
SED2_05798,250,9,2025
SED2_06663,400,101,2025
SED2_07698,630,52,2025
SED2_06182,400,219,2025
SED2_04650,160,112,2025
SED2_06280,400,212,2025
SED2_02430,400,222,2025
SED2_03740,250,217,2025
SED2_07454,630,201,2025
SED2_07502,300,290,2025
SED2_00319,400,554,2025
SED2_01262,160,38,2025
SED2_09567,630,7,2025
SED2_02216,630,197,2025
SED2_08497,630,185,2025
SED2_05273,630,160,2025
SED2_09824,630,75,2025
SED2_08773,400,186,2025
SED2_07995,630,214,2025
SED2_06791,400,73,2025
SED2_07240,630,368,2025
SED2_02975,630,183,2025
SED2_01683,630,199,2025
SED2_04796,400,128,2025
SED2_06009,100,148,2025
SED2_07330,101,139,2025
SED2_05726,160,152,2025
SED2_01559,250,91,2025
SED2_06472,250,131,2025
SED2_04119,400,6,2025
SED2_01043,630,3,2025
SED2_09690,250,116,2025
SED2_01687,630,252,2025
SED2_05359,250,135,2025
SED2_09786,250,55,2025
SED2_01924,160,128,2025
SED2_09526,400,403,2025
SED2_06962,250,192,2025
SED2_00227,630,146,2025
SED2_09115,160,78,2025
SED2_05523,50,27,2025
SED2_04211,400,231,2025
SED2_05093,250,164,2025
SED2_04559,250,4,2025
SED2_08925,100,2,2025
SED2_02260,250,4,2025
SED2_01153,250,18,2025
SED2_05939,630,189,2025
SED2_08178,250,2,2025
SED2_00928,630,413,2025
SED2_06534,400,51,2025
SED2_04447,250,198,2025
SED2_05467,400,103,2025
SED2_08062,400,186,2025
SED2_07666,400,1,2025
SED2_02230,400,162,2025
SED2_02774,630,195,2025
SED2_00621,150,2,2025
SED2_01336,250,69,2025
SED2_08703,630,208,2025
SED2_09580,630,220,2025
SED2_03538,400,146,2025
SED2_00984,250,147,2025
SED2_01023,630,296,2025
SED2_04100,400,53,2025
SED2_01810,400,247,2025
SED2_04534,630,538,2025
SED2_08799,400,145,2025
SED2_07765,250,79,2025
SED2_00722,630,85,2025
SED2_06957,100,44,2025
SED2_08645,630,326,2025
SED2_03889,250,90,2025
SED2_07055,630,203,2025
SED2_09409,400,190,2025
SED2_00552,160,116,2025
SED2_07488,630,241,2025
SED2_00283,630,89,2025
SED2_05239,160,31,2025
SED2_04030,400,137,2025
SED2_06253,400,221,2025
SED2_06614,400,231,2025
SED2_08471,160,127,2025
SED2_00773,250,303,2025
SED2_00932,250,125,2025
SED2_01834,250,163,2025
SED2_07423,160,122,2025
SED2_03944,160,96,2025
SED2_03059,630,1,2025
SED2_07157,150,91,2025
SED2_02863,630,162,2025
SED2_03118,160,1,2025
SED2_04734,160,13,2025
SED2_07941,160,1,2025
SED2_07443,160,172,2025
SED2_01677,250,316,2025
SED2_04975,250,2,2025
SED2_08947,630,138,2025
SED2_02521,400,9,2025
SED2_08847,50,8,2025
SED2_09149,400,226,2025
SED2_06808,400,196,2025
SED2_00196,160,242,2025
SED2_01499,250,12,2025
SED2_08643,160,101,2025
SED2_07752,250,188,2025
SED2_07289,400,295,2025
SED2_05742,160,221,2025
SED2_03480,160,121,2025
SED2_05624,630,164,2025
SED2_01523,400,171,2025
SED2_07273,400,266,2025
SED2_08917,160,44,2025
SED2_05128,400,106,2025
SED2_07572,160,10,2025
SED2_00147,160,93,2025
SED2_00956,630,199,2025
SED2_06828,400,243,2025
SED2_06139,160,154,2025
SED2_08304,250,36,2025
SED2_07293,400,229,2025
SED2_05509,630,393,2025
SED2_04890,630,299,2025
SED2_08210,75,194,2025
SED2_00123,250,187,2025
SED2_03869,400,250,2025
SED2_02487,400,322,2025
SED2_08675,250,29,2025
SED2_08408,630,510,2025
SED2_02650,400,109,2025
SED2_08906,300,102,2025
SED2_03906,630,148,2025
SED2_06016,400,31,2025
SED2_00728,400,94,2025
SED2_08365,160,60,2025
SED2_06188,400,251,2025
SED2_08310,250,27,2025
SED2_09757,400,278,2025
SED2_01803,160,164,2025
SED2_01627,250,431,2025
SED2_07217,400,215,2025
SED2_00274,630,392,2025
SED2_03640,630,463,2025
SED2_05109,630,510,2025
SED2_05468,160,50,2025
SED2_05640,400,159,2025
SED2_03295,630,400,2025
SED2_06083,160,86,2025
SED2_07608,160,142,2025
SED2_08199,160,49,2025
SED2_01141,400,85,2025
SED2_08126,160,86,2025
SED2_04223,250,157,2025
SED2_01138,160,32,2025
SED2_08095,630,347,2025
SED2_01068,400,439,2025
SED2_06471,400,320,2025
SED2_07519,250,96,2025
SED2_08938,0,SIN DATA,2025
SED2_02347,160,122,2025
SED2_02826,250,5,2025
SED2_03948,400,90,2025
SED2_07280,250,99,2025
SED2_02554,250,72,2025
SED2_03992,250,157,2025
SED2_07388,400,19,2025
SED2_00275,250,7,2025
SED2_07226,250,176,2025
SED2_02987,400,178,2025
SED2_06700,630,219,2025
SED2_07978,250,68,2025
SED2_02545,250,1,2025
SED2_02371,400,124,2025
SED2_04823,630,242,2025
SED2_06587,630,93,2025
SED2_04400,630,321,2025
SED2_02574,400,221,2025
SED2_08346,400,207,2025
SED2_03445,400,74,2025
SED2_04340,250,285,2025
SED2_06951,160,187,2025
SED2_07100,630,131,2025
SED2_02676,250,341,2025
SED2_06632,100,45,2025
SED2_07575,630,197,2025
SED2_03384,400,259,2025
SED2_01983,160,28,2025
SED2_08945,400,69,2025
SED2_07167,400,225,2025
SED2_04008,160,13,2025
SED2_04016,250,111,2025
SED2_01790,250,106,2025
SED2_01350,400,514,2025
SED2_08972,250,80,2025
SED2_09683,100,82,2025
SED2_05023,160,153,2025
SED2_05883,630,5,2025
SED2_00675,160,154,2025
SED2_05080,160,232,2025
SED2_05880,75,87,2025
SED2_03062,250,140,2025
SED2_07896,630,140,2025
SED2_09208,630,343,2025
SED2_06766,250,56,2025
SED2_08546,200,129,2025
SED2_04582,160,151,2025
SED2_08451,100,123,2025
SED2_00168,100,150,2025
SED2_01382,100,104,2025
SED2_07019,160,129,2025
SED2_07452,101,104,2025
SED2_09789,250,189,2025
SED2_02637,75,109,2025
SED2_01709,400,167,2025
SED2_02387,100,42,2025
SED2_08825,250,166,2025
SED2_07589,160,53,2025
SED2_03623,400,198,2025
SED2_05494,630,133,2025
SED2_00342,630,307,2025
SED2_06578,250,20,2025
SED2_05812,160,60,2025
SED2_03553,160,94,2025
SED2_06392,250,290,2025
SED2_04786,400,67,2025
SED2_04621,400,224,2025
SED2_07631,630,193,2025
SED2_07695,630,201,2025
SED2_04767,630,6,2025
SED2_01799,630,3,2025
SED2_00263,250,101,2025
SED2_00814,400,42,2025
SED2_01811,250,232,2025
SED2_01256,630,194,2025
SED2_02255,400,213,2025
SED2_00920,250,233,2025
SED2_07856,160,36,2025
SED2_02843,160,105,2025
SED2_03379,250,2,2025
SED2_08882,400,180,2025
SED2_05525,630,493,2025
SED2_06303,630,179,2025
SED2_07153,630,166,2025
SED2_03549,400,76,2025
SED2_07796,250,129,2025
SED2_05858,250,50,2025
SED2_05548,400,164,2025
SED2_02173,400,171,2025
SED2_01747,400,29,2025
SED2_06480,250,33,2025
SED2_02744,160,1,2025
SED2_07426,250,2,2025
SED2_09217,160,74,2025
SED2_05166,160,139,2025
SED2_02271,400,107,2025
SED2_04494,160,180,2025
SED2_00774,100,150,2025
SED2_03866,160,251,2025
SED2_05712,160,42,2025
SED2_09623,160,97,2025
SED2_05930,160,49,2025
SED2_01297,400,311,2025
SED2_02345,250,319,2025
SED2_07550,200,230,2025
SED2_01535,400,575,2025
SED2_07922,160,102,2025
SED2_05277,250,14,2025
SED2_00387,160,50,2025
SED2_05922,250,17,2025
SED2_02328,160,65,2025
SED2_02980,250,73,2025
SED2_01639,250,342,2025
SED2_06267,400,237,2025
SED2_09717,300,393,2025
SED2_06563,200,187,2025
SED2_05120,250,213,2025
SED2_04908,250,240,2025
SED2_07832,630,SIN DATA,2025
SED2_06876,400,370,2025
SED2_01439,100,104,2025
SED2_06086,630,195,2025
SED2_09512,250,337,2025
SED2_03900,400,248,2025
SED2_00685,250,152,2025
SED2_01157,630,394,2025
SED2_01013,400,4,2025
SED2_01075,250,2,2025
SED2_02567,160,31,2025
SED2_05808,400,192,2025
SED2_09386,400,516,2025
SED2_03725,200,201,2025
SED2_05684,250,207,2025
SED2_05792,160,51,2025
SED2_04187,400,205,2025
SED2_07082,400,388,2025
SED2_02119,160,178,2025
SED2_06939,160,209,2025
SED2_05241,100,49,2025
SED2_08635,630,42,2025
SED2_06316,630,453,2025
SED2_01856,400,184,2025
SED2_08370,630,415,2025
SED2_08119,400,13,2025
SED2_05015,160,119,2025
SED2_03438,630,179,2025
SED2_05310,400,72,2025
SED2_01131,160,64,2025
SED2_06887,250,80,2025
SED2_01294,400,374,2025
SED2_05208,630,478,2025
SED2_08815,400,159,2025
SED2_03576,630,187,2025
SED2_02618,400,191,2025
SED2_01490,400,256,2025
SED2_03419,630,193,2025
SED2_00171,400,96,2025
SED2_06167,400,50,2025
SED2_07853,630,492,2025
SED2_07779,400,289,2025
SED2_04547,400,252,2025
SED2_02060,250,244,2025
SED2_07721,250,398,2025
SED2_02896,250,84,2025
SED2_05480,250,112,2025
SED2_07920,250,184,2025
SED2_05950,400,167,2025
SED2_09354,400,180,2025
SED2_00084,250,119,2025
SED2_04732,100,28,2025
SED2_04445,160,60,2025
SED2_06721,250,45,2025
SED2_06630,250,67,2025
SED2_09331,100,6,2025
SED2_06133,160,3,2025
SED2_01648,100,41,2025
SED2_08543,630,112,2025
SED2_07616,630,92,2025
SED2_07544,160,68,2025
SED2_02516,250,72,2025
SED2_07667,160,24,2025
SED2_00835,400,4,2025
SED2_07457,250,38,2025
SED2_07165,250,114,2025
SED2_03017,250,99,2025
SED2_09100,630,228,2025
SED2_03155,400,150,2025
SED2_08088,630,114,2025
SED2_09228,630,356,2025
SED2_00206,250,395,2025
SED2_04782,250,347,2025
SED2_05331,400,59,2025
SED2_03884,400,185,2025
SED2_03048,250,330,2025
SED2_07518,250,217,2025
SED2_04311,100,65,2025
SED2_01002,250,261,2025
SED2_07105,630,3,2025
SED2_02797,400,89,2025
SED2_04319,250,98,2025
SED2_03636,400,58,2025
SED2_08523,160,86,2025
SED2_08790,250,389,2025
SED2_08954,100,127,2025
SED2_08538,250,87,2025
SED2_05727,400,172,2025
SED2_01279,400,91,2025
SED2_01249,400,448,2025
SED2_06852,250,152,2025
SED2_00018,250,59,2025
SED2_04879,250,6,2025
SED2_04670,160,130,2025
SED2_02942,250,403,2025
SED2_04264,630,136,2025
SED2_09818,630,211,2025
SED2_03886,630,323,2025
SED2_02037,250,146,2025
SED2_02403,400,114,2025
SED2_03314,250,186,2025
SED2_05873,250,101,2025
SED2_09528,160,177,2025
SED2_08386,160,175,2025
SED2_01033,630,274,2025
SED2_06439,400,262,2025
SED2_02888,400,198,2025
SED2_03138,250,123,2025
SED2_02671,100,75,2025
SED2_08980,250,1,2025
SED2_09696,160,165,2025
SED2_01405,400,33,2025
SED2_03038,630,391,2025
SED2_03583,400,169,2025
SED2_03449,250,198,2025
SED2_05433,250,289,2025
SED2_00114,400,75,2025
SED2_08747,250,21,2025
SED2_00632,400,249,2025
SED2_06028,250,10,2025
SED2_00325,400,209,2025
SED2_06621,250,113,2025
SED2_06444,400,183,2025
SED2_06743,160,13,2025
SED2_04165,250,31,2025
SED2_04052,630,226,2025
SED2_02757,400,214,2025
SED2_05078,250,387,2025
SED2_02630,160,204,2025
SED2_06527,250,319,2025
SED2_04637,250,387,2025
SED2_04835,160,80,2025
SED2_09768,250,323,2025
SED2_04328,630,264,2025
SED2_01408,160,258,2025
SED2_04532,250,222,2025
SED2_02020,250,209,2025
SED2_08817,250,256,2025
SED2_00852,250,246,2025
SED2_00943,160,147,2025
SED2_06594,250,224,2025
SED2_03214,160,213,2025
SED2_06901,160,271,2025
SED2_02102,400,219,2025
SED2_07227,200,99,2025
SED2_04196,400,281,2025
SED2_02972,250,217,2025
SED2_08908,250,101,2025
SED2_03416,400,288,2025
SED2_00410,400,202,2025
SED2_07323,250,255,2025
SED2_04737,250,299,2025
SED2_08433,400,272,2025
SED2_07092,250,325,2025
SED2_01583,160,185,2025
SED2_04553,400,124,2025
SED2_07872,250,220,2025
SED2_06300,100,84,2025
SED2_05048,250,197,2025
SED2_06222,160,130,2025
SED2_04244,250,122,2025
SED2_09700,630,144,2025
SED2_07690,160,181,2025
SED2_02136,630,283,2025
SED2_01909,400,119,2025
SED2_09524,250,77,2025
SED2_04620,400,144,2025
SED2_00135,630,120,2025
SED2_01619,400,108,2025
SED2_03741,250,111,2025
SED2_07973,630,220,2025
SED2_06443,630,277,2025
SED2_04566,250,64,2025
SED2_03792,250,88,2025
SED2_06054,400,123,2025
SED2_09282,160,240,2025
SED2_06095,100,235,2025
SED2_03223,150,199,2025
SED2_05723,160,389,2025
SED2_05180,250,263,2025
SED2_09934,250,74,2025
SED2_03154,100,146,2025
SED2_05807,160,130,2025
SED2_03901,250,113,2025
SED2_08655,250,282,2025
SED2_06461,100,149,2025
SED2_00793,160,154,2025
SED2_01879,160,348,2025
SED2_09904,101,187,2025
SED2_07370,50,134,2025
SED2_01778,160,133,2025
SED2_04405,400,149,2025
SED2_02523,250,172,2025
SED2_03396,160,186,2025
SED2_01624,250,17,2025
SED2_08204,630,156,2025
SED2_04418,250,96,2025
SED2_08678,160,7,2025
SED2_01548,400,34,2025
SED2_06938,160,196,2025
SED2_04693,250,237,2025
SED2_02971,400,195,2025
SED2_09890,250,186,2025
SED2_06062,250,174,2025
SED2_00926,250,92,2025
SED2_00005,160,188,2025
SED2_07466,250,397,2025
SED2_07112,300,331,2025
SED2_03703,200,405,2025
SED2_05298,160,288,2025
SED2_00378,160,289,2025
SED2_06992,400,172,2025
SED2_00980,100,29,2025
SED2_07837,630,102,2025
SED2_00106,100,SIN DATA,2025
SED2_03402,630,138,2025
SED2_05020,630,136,2025
SED2_05330,100,40,2025
SED2_02158,400,98,2025
SED2_01172,400,156,2025
SED2_08753,400,142,2025
SED2_05113,400,297,2025
SED2_09033,250,101,2025
SED2_05775,630,366,2025
SED2_08816,400,155,2025
SED2_02922,400,114,2025
SED2_07029,400,109,2025
SED2_01413,630,290,2025
SED2_09557,400,121,2025
SED2_05276,400,185,2025
SED2_05747,630,236,2025
SED2_04112,250,263,2025
SED2_04783,160,193,2025
SED2_07016,160,246,2025
SED2_08096,250,101,2025
SED2_05954,630,397,2025
SED2_01825,630,130,2025
SED2_07622,630,344,2025
SED2_09227,630,472,2025
SED2_08953,250,69,2025
SED2_02264,400,311,2025
SED2_04831,250,117,2025
SED2_05994,400,274,2025
SED2_06225,400,519,2025
SED2_00510,400,116,2025
SED2_03561,400,130,2025
SED2_09561,150,150,2025
SED2_07419,250,184,2025
SED2_06850,400,140,2025
SED2_00181,400,231,2025
SED2_08005,630,485,2025
SED2_06692,630,483,2025
SED2_00216,160,24,2025
SED2_03049,250,3,2025
SED2_08046,400,261,2025
SED2_01178,250,1,2025
SED2_02181,250,95,2025
SED2_01100,630,114,2025
SED2_06181,400,369,2025
SED2_04397,630,391,2025
SED2_06778,400,162,2025
SED2_02389,630,128,2025
SED2_00399,250,1,2025
SED2_09763,160,18,2025
SED2_01086,160,59,2025
SED2_03274,100,100,2025
SED2_02338,630,199,2025
SED2_02073,400,80,2025
SED2_02393,160,161,2025
SED2_01354,630,210,2025
SED2_08414,250,355,2025
SED2_05138,630,485,2025
SED2_05820,250,123,2025
SED2_07766,160,135,2025
SED2_00834,400,119,2025
SED2_09450,630,211,2025
SED2_01580,250,146,2025
SED2_04768,630,117,2025
SED2_03736,400,41,2025
SED2_08431,160,105,2025
SED2_06688,400,89,2025
SED2_04851,250,86,2025
SED2_04913,630,197,2025
SED2_01443,400,115,2025
SED2_00973,250,49,2025
SED2_09343,250,295,2025
SED2_03607,640,19,2025
SED2_01129,400,146,2025
SED2_04239,400,123,2025
SED2_08612,100,231,2025
SED2_00917,400,139,2025
SED2_04699,630,121,2025
SED2_04933,630,193,2025
SED2_04542,400,173,2025
SED2_08453,400,196,2025
SED2_04118,400,213,2025
SED2_05254,400,44,2025
SED2_00284,400,70,2025
SED2_02517,160,75,2025
SED2_09160,75,124,2025
SED2_08920,160,178,2025
SED2_04562,100,95,2025
SED2_03265,100,135,2025
SED2_00162,160,155,2025
SED2_04915,100,87,2025
SED2_02309,250,183,2025
SED2_07276,160,156,2025
SED2_02548,300,41,2025
SED2_01272,400,238,2025
SED2_05923,630,141,2025
SED2_06100,100,136,2025
SED2_03350,400,311,2025
SED2_05441,100,70,2025
SED2_09132,250,43,2025
SED2_01899,400,74,2025
SED2_06947,630,372,2025
SED2_06037,630,372,2025
SED2_00827,400,10,2025
SED2_07090,630,352,2025
SED2_01737,160,147,2025
SED2_04659,160,251,2025
SED2_09474,100,145,2025
SED2_03141,200,454,2025
SED2_04132,400,207,2025
SED2_04957,50,97,2025
SED2_02934,160,235,2025
SED2_09103,100,161,2025
SED2_08722,160,147,2025
SED2_03520,160,163,2025
SED2_02118,400,195,2025
SED2_02643,100,95,2025
SED2_06728,100,114,2025
SED2_06729,160,86,2025
SED2_09606,0,SIN DATA,2025
SED2_01896,160,112,2025
SED2_03908,250,191,2025
SED2_04076,250,173,2025
SED2_02285,100,133,2025
SED2_07252,160,167,2025
SED2_02967,50,54,2025
SED2_01229,160,98,2025
SED2_08014,100,93,2025
SED2_09432,100,107,2025
SED2_04014,160,144,2025
SED2_06248,160,131,2025
SED2_02813,100,136,2025
SED2_00305,160,122,2025
SED2_00997,200,118,2025
SED2_00724,160,40,2025
SED2_00757,160,108,2025
SED2_03951,160,159,2025
SED2_05913,160,125,2025
SED2_01196,250,134,2025
SED2_03031,250,39,2025
SED2_04423,160,208,2025
SED2_01320,160,20,2025
SED2_02652,630,283,2025
SED2_09182,400,141,2025
SED2_02250,630,135,2025
SED2_06822,400,123,2025
SED2_05504,630,646,2025
SED2_09337,200,321,2025
SED2_02727,400,34,2025
SED2_00606,400,101,2025
SED2_01132,630,198,2025
SED2_08261,400,35,2025
SED2_07792,630,393,2025
SED2_06337,630,181,2025
SED2_02551,630,134,2025
SED2_04834,400,185,2025
SED2_08259,400,142,2025
SED2_09031,630,205,2025
SED2_04613,250,10,2025
SED2_08700,400,19,2025
SED2_00718,250,77,2025
SED2_06623,160,100,2025
SED2_06027,160,92,2025
SED2_02132,400,67,2025
SED2_07556,250,43,2025
SED2_04994,400,206,2025
SED2_04996,250,196,2025
SED2_02753,400,99,2025
SED2_03672,400,107,2025
SED2_03961,400,153,2025
SED2_09633,400,323,2025
SED2_03447,250,138,2025
SED2_08056,630,82,2025
SED2_05677,250,252,2025
SED2_01052,160,146,2025
SED2_06283,160,170,2025
SED2_06258,160,198,2025
SED2_08818,100,225,2025
SED2_05356,250,60,2025
SED2_09663,400,26,2025
SED2_01661,400,16,2025
SED2_08887,250,238,2025
SED2_07703,50,108,2025
SED2_05295,250,261,2025
SED2_00259,75,116,2025
SED2_02251,160,201,2025
SED2_09582,400,136,2025
SED2_04564,630,122,2025
SED2_00551,400,100,2025
SED2_04443,630,280,2025
SED2_05141,400,399,2025
SED2_08200,400,223,2025
SED2_03112,160,158,2025
SED2_09180,630,424,2025
SED2_01519,250,155,2025
SED2_06999,250,70,2025
SED2_08273,400,137,2025
SED2_07204,160,166,2025
SED2_03198,400,175,2025
SED2_04343,250,226,2025
SED2_04790,250,6,2025
SED2_05396,630,408,2025
SED2_06394,630,SIN DATA,2025
SED2_06047,630,129,2025
SED2_07993,400,62,2025
SED2_01308,250,46,2025
SED2_04105,400,100,2025
SED2_03398,400,312,2025
SED2_01937,400,59,2025
SED2_08042,400,94,2025
SED2_09719,400,127,2025
SED2_02209,400,272,2025
SED2_00608,250,77,2025
SED2_05748,250,65,2025
SED2_02570,250,64,2025
SED2_07483,250,69,2025
SED2_09849,160,151,2025
SED2_01230,400,77,2025
SED2_05598,250,102,2025
SED2_07674,630,218,2025
SED2_08430,250,58,2025
SED2_05250,400,175,2025
SED2_09906,400,76,2025
SED2_05595,630,224,2025
SED2_06483,250,26,2025
SED2_00946,400,290,2025
SED2_03809,250,52,2025
SED2_07767,250,98,2025
SED2_07751,400,105,2025
SED2_02901,400,206,2025
SED2_05486,160,100,2025
SED2_07900,250,172,2025
SED2_01066,250,106,2025
SED2_09841,160,184,2025
SED2_09128,160,119,2025
SED2_03366,400,12,2025
SED2_03746,400,314,2025
SED2_05369,250,190,2025
SED2_00032,400,56,2025
SED2_09323,160,110,2025
SED2_04614,250,150,2025
SED2_08616,250,187,2025
SED2_09542,400,186,2025
SED2_02040,400,SIN DATA,2025
SED2_09073,400,SIN DATA,2025
SED2_00505,250,172,2025
SED2_06811,250,106,2025
SED2_08319,250,134,2025
SED2_00977,400,78,2025
SED2_09822,400,96,2025
SED2_05852,160,SIN DATA,2025
SED2_03423,400,SIN DATA,2025
SED2_04137,400,SIN DATA,2025
SED2_04807,250,145,2025
SED2_01463,250,SIN DATA,2025
SED2_06859,250,1,2025
SED2_09105,400,SIN DATA,2025
SED2_02457,630,269,2025
SED2_01116,400,SIN DATA,2025
SED2_01456,400,49,2025
SED2_06432,400,82,2025
SED2_03559,250,84,2025
SED2_05588,160,SIN DATA,2025
SED2_03163,400,362,2025
SED2_08060,400,115,2025
SED2_05557,400,SIN DATA,2025
SED2_06247,400,SIN DATA,2025
SED2_03014,400,93,2025
SED2_00964,630,121,2025
SED2_00423,400,5,2025
SED2_05287,630,251,2025
SED2_06540,400,139,2025
SED2_07540,400,65,2025
SED2_04949,400,2,2025
SED2_09398,250,81,2025
SED2_02832,400,173,2025
SED2_08963,250,SIN DATA,2025
SED2_05973,400,37,2025
SED2_03608,400,50,2025
SED2_00188,400,130,2025
SED2_00043,400,63,2025
SED2_00019,400,122,2025
SED2_07592,400,SIN DATA,2025
SED2_05701,400,159,2025
SED2_00882,400,107,2025
SED2_03220,400,SIN DATA,2025
SED2_03848,400,73,2025
SED2_03113,160,42,2025
SED2_02858,160,6,2025
SED2_07345,250,1,2025
SED2_04270,400,173,2025
SED2_03056,400,94,2025
SED2_01742,400,77,2025
SED2_06227,400,435,2025
SED2_00440,250,307,2025
SED2_09368,400,524,2025
SED2_02944,400,1,2025
SED2_07964,250,182,2025
SED2_08457,400,159,2025
SED2_01197,250,128,2025
SED2_03060,400,130,2025
SED2_00639,400,SIN DATA,2025
SED2_02867,400,140,2025
SED2_01055,400,117,2025
SED2_03673,400,116,2025
SED2_07783,630,83,2025
SED2_00500,250,66,2025
SED2_05759,400,SIN DATA,2025
SED2_09778,160,46,2025
SED2_07976,101,148,2025
SED2_00924,200,160,2025
SED2_03689,160,204,2025
SED2_06449,160,212,2025
SED2_07325,100,232,2025
SED2_06319,160,170,2025
SED2_04484,100,129,2025
SED2_05867,160,128,2025
SED2_09740,160,244,2025
SED2_08705,160,145,2025
SED2_03123,250,108,2025
SED2_04109,160,181,2025
SED2_03033,160,211,2025
SED2_02379,250,128,2025
SED2_07633,250,235,2025
SED2_09825,250,153,2025
SED2_03319,100,133,2025
SED2_09062,160,126,2025
SED2_06269,160,231,2025
SED2_04809,100,132,2025
SED2_02788,250,151,2025
SED2_02166,160,105,2025
SED2_02739,250,134,2025
SED2_01869,250,106,2025
SED2_09403,160,136,2025
SED2_04923,250,161,2025
SED2_02864,50,171,2025
SED2_05566,100,144,2025
SED2_05448,630,177,2025
SED2_01217,150,118,2025
SED2_07486,160,113,2025
SED2_09328,160,130,2025
SED2_01658,50,105,2025
SED2_03405,101,152,2025
SED2_03752,160,154,2025
SED2_07459,250,274,2025
SED2_05957,400,146,2025
SED2_09126,160,198,2025
SED2_07778,250,20,2025
SED2_08488,250,83,2025
SED2_03086,75,81,2025
SED2_03283,160,169,2025
SED2_03420,400,1,2025
SED2_07414,400,64,2025
SED2_02087,160,22,2025
SED2_04940,400,173,2025
SED2_09714,630,165,2025
SED2_09401,630,195,2025
SED2_06437,400,428,2025
SED2_03757,250,79,2025
SED2_09583,400,SIN DATA,2025
SED2_06935,250,116,2025
SED2_09113,160,183,2025
SED2_06628,400,1,2025
SED2_08782,400,SIN DATA,2025
SED2_04028,400,121,2025
SED2_01160,160,29,2025
SED2_01532,400,121,2025
SED2_04551,160,1,2025
SED2_06716,400,179,2025
SED2_08224,250,92,2025
SED2_00002,250,185,2025
SED2_03269,400,18,2025
SED2_05780,250,20,2025
SED2_05350,400,110,2025
SED2_08535,250,215,2025
SED2_05337,250,290,2025
SED2_01436,400,524,2025
SED2_04990,400,289,2025
SED2_08922,250,305,2025
SED2_06200,400,427,2025
SED2_08353,250,212,2025
SED2_04308,250,241,2025
SED2_07725,250,197,2025
SED2_00866,250,249,2025
SED2_06052,630,97,2025
SED2_08563,630,SIN DATA,2025
SED2_00744,400,SIN DATA,2025
SED2_05259,250,62,2025
SED2_05179,160,85,2025
SED2_04745,400,445,2025
SED2_00127,630,212,2025
SED2_08676,400,72,2025
SED2_09413,400,54,2025
SED2_07573,250,1,2025
SED2_03329,110,135,2025
SED2_05751,630,163,2025
SED2_02803,400,218,2025
SED2_02297,630,SIN DATA,2025
SED2_03256,160,193,2025
SED2_06345,250,230,2025
SED2_09447,100,136,2025
SED2_00713,400,124,2025
SED2_09094,630,127,2025
SED2_05411,400,53,2025
SED2_02532,400,117,2025
SED2_03382,250,330,2025
SED2_00681,400,323,2025
SED2_00870,250,250,2025
SED2_04685,250,81,2025
SED2_00375,250,397,2025
SED2_08128,400,160,2025
SED2_01240,400,133,2025
SED2_09724,160,197,2025
SED2_01483,250,391,2025
SED2_04364,250,257,2025
SED2_00781,400,225,2025
SED2_05582,400,4,2025
SED2_06289,250,54,2025
SED2_06478,400,274,2025
SED2_09336,250,503,2025
SED2_03230,250,355,2025
SED2_07170,160,30,2025
SED2_02001,400,436,2025
SED2_02856,100,143,2025
SED2_05380,160,172,2025
SED2_01877,50,99,2025
SED2_06636,100,140,2025
SED2_05622,400,64,2025
SED2_00747,400,52,2025
SED2_00285,250,51,2025
SED2_08467,400,125,2025
SED2_00355,160,2,2025
SED2_05715,160,8,2025
SED2_05082,400,14,2025
SED2_09312,250,101,2025
SED2_09706,630,531,2025
SED2_08187,160,116,2025
SED2_04120,160,102,2025
SED2_03755,160,128,2025
SED2_02331,630,173,2025
SED2_08148,400,SIN DATA,2025
SED2_06585,400,106,2025
SED2_09363,250,346,2025
SED2_03871,250,48,2025
SED2_05887,250,311,2025
SED2_03478,400,38,2025
SED2_08864,250,73,2025
SED2_08567,250,107,2025
SED2_04918,250,37,2025
SED2_02440,250,295,2025
SED2_01585,200,160,2025
SED2_05559,400,104,2025
SED2_01527,400,167,2025
SED2_08761,400,158,2025
SED2_05831,400,95,2025
SED2_07571,250,165,2025
SED2_04595,250,8,2025
SED2_01313,400,109,2025
SED2_00808,250,187,2025
SED2_06768,400,207,2025
SED2_03664,315,245,2025
SED2_08745,400,373,2025
SED2_03976,400,554,2025
SED2_00877,400,23,2025
SED2_00768,160,4,2025
SED2_02161,400,175,2025
SED2_00689,630,69,2025
SED2_03268,400,153,2025
SED2_09397,400,83,2025
SED2_04045,400,123,2025
SED2_00249,630,1,2025
SED2_00934,630,SIN DATA,2025
SED2_02965,160,303,2025
SED2_02571,400,125,2025
SED2_06118,400,159,2025
SED2_07814,630,318,2025
SED2_05531,250,162,2025
SED2_09014,400,339,2025
SED2_05802,250,31,2025
SED2_05066,630,442,2025
SED2_06995,400,417,2025
SED2_01662,160,SIN DATA,2025
SED2_09262,630,253,2025
SED2_02798,250,46,2025
SED2_04814,400,139,2025
SED2_02088,400,141,2025
SED2_03683,400,138,2025
SED2_04490,80,56,2025
SED2_08565,400,140,2025
SED2_00626,400,276,2025
SED2_09698,160,195,2025
SED2_06356,160,205,2025
SED2_06809,250,186,2025
SED2_09743,250,304,2025
SED2_01574,110,1,2025
SED2_06108,400,398,2025
SED2_01967,250,123,2025
SED2_07755,100,150,2025
SED2_04292,160,123,2025
SED2_05695,160,131,2025
SED2_00470,100,152,2025
SED2_07830,160,37,2025
SED2_01571,160,48,2025
SED2_02859,50,64,2025
SED2_01941,250,90,2025
SED2_03861,400,92,2025
SED2_04240,400,6,2025
SED2_00674,400,229,2025
SED2_08270,250,208,2025
SED2_01261,400,SIN DATA,2025
SED2_08739,630,SIN DATA,2025
SED2_04006,400,165,2025
SED2_05631,250,36,2025
SED2_01501,630,585,2025
SED2_09656,160,253,2025
SED2_09911,160,169,2025
SED2_05918,250,252,2025
SED2_01819,160,92,2025
SED2_01071,250,241,2025
SED2_00534,250,390,2025
SED2_08459,250,135,2025
SED2_02738,400,SIN DATA,2025
SED2_01726,50,120,2025
SED2_02868,160,142,2025
SED2_05440,400,141,2025
SED2_01170,160,95,2025
SED2_00155,400,72,2025
SED2_07024,630,124,2025
SED2_04729,160,56,2025
SED2_02488,160,72,2025
SED2_04161,400,140,2025
SED2_08074,160,100,2025
SED2_07862,100,122,2025
SED2_04781,160,166,2025
SED2_03026,250,120,2025
SED2_01613,160,245,2025
SED2_07696,100,113,2025
SED2_08581,100,59,2025
SED2_06042,160,100,2025
SED2_02911,400,23,2025
SED2_02500,250,55,2025
SED2_03490,630,56,2025
SED2_05063,250,6,2025
SED2_07946,400,105,2025
SED2_00246,630,SIN DATA,2025
SED2_05044,400,120,2025
SED2_02140,630,653,2025
SED2_05977,630,44,2025
SED2_09508,250,87,2025
SED2_07313,630,290,2025
SED2_02180,250,498,2025
SED2_03492,250,312,2025
SED2_01768,160,177,2025
SED2_06273,250,186,2025
SED2_08692,630,SIN DATA,2025
SED2_09050,630,SIN DATA,2025
SED2_02747,250,1,2025
SED2_06551,400,SIN DATA,2025
SED2_02419,250,157,2025
SED2_06714,250,392,2025
SED2_08293,250,358,2025
SED2_00266,300,460,2025
SED2_06066,160,183,2025
SED2_05669,400,63,2025
SED2_01133,250,11,2025
SED2_02420,400,175,2025
SED2_04155,160,157,2025
SED2_05917,250,34,2025
SED2_06575,400,SIN DATA,2025
SED2_07921,630,2,2025
SED2_00542,250,79,2025
SED2_02364,400,16,2025
SED2_01181,400,253,2025
SED2_05704,400,14,2025
SED2_04760,630,150,2025
SED2_03450,250,231,2025
SED2_05088,630,167,2025
SED2_06404,250,33,2025
SED2_07812,400,SIN DATA,2025
SED2_03677,400,SIN DATA,2025
SED2_03786,250,70,2025
SED2_07417,400,34,2025
SED2_05244,250,8,2025
SED2_06625,250,346,2025
SED2_09715,250,237,2025
SED2_02455,160,148,2025
SED2_07360,160,149,2025
SED2_04543,250,125,2025
SED2_02807,250,167,2025
SED2_06601,100,112,2025
SED2_03773,160,93,2025
SED2_06492,100,47,2025
SED2_06312,160,291,2025
SED2_01633,400,435,2025
SED2_03322,250,253,2025
SED2_03798,630,257,2025
SED2_05592,400,319,2025
SED2_07615,250,4,2025
SED2_06952,250,261,2025
SED2_04998,400,279,2025
SED2_04912,160,198,2025
SED2_02299,400,455,2025
SED2_05406,300,353,2025
SED2_03779,630,528,2025
SED2_02711,250,26,2025
SED2_03858,250,139,2025
SED2_06797,160,SIN DATA,2025
SED2_04304,400,322,2025
SED2_06624,250,290,2025
SED2_08898,250,350,2025
SED2_04505,250,2,2025
SED2_08729,250,141,2025
SED2_06865,400,32,2025
SED2_04625,630,4,2025
SED2_02470,630,SIN DATA,2025
SED2_09650,250,134,2025
SED2_09509,315,506,2025
SED2_05661,100,141,2025
SED2_07159,100,134,2025
SED2_08662,160,191,2025
SED2_05135,160,112,2025
SED2_02611,100,135,2025
SED2_01258,160,226,2025
SED2_02220,160,160,2025
SED2_08086,50,116,2025
SED2_02369,100,208,2025
SED2_06919,160,137,2025
SED2_09077,250,210,2025
SED2_06711,250,130,2025
SED2_00272,250,165,2025
SED2_04873,100,144,2025
SED2_04218,250,146,2025
SED2_09674,100,253,2025
SED2_01166,50,119,2025
SED2_00128,160,134,2025
SED2_06837,630,13,2025
SED2_08524,250,35,2025
SED2_07768,400,152,2025
SED2_05779,250,324,2025
SED2_00641,400,134,2025
SED2_07897,250,35,2025
SED2_02959,160,18,2025
SED2_06944,160,93,2025
SED2_07559,400,5,2025
SED2_07893,250,112,2025
SED2_05190,250,187,2025
SED2_07567,160,1,2025
SED2_02163,400,23,2025
SED2_05097,160,72,2025
SED2_03377,250,46,2025
SED2_04711,250,300,2025
SED2_03924,630,579,2025
SED2_03610,400,414,2025
SED2_08073,400,45,2025
SED2_03208,250,222,2025
SED2_05021,160,123,2025
SED2_07908,250,24,2025
SED2_02696,630,SIN DATA,2025
SED2_03605,400,113,2025
SED2_09375,400,55,2025
SED2_05410,400,SIN DATA,2025
SED2_08890,250,2,2025
SED2_01762,400,3,2025
SED2_04758,400,SIN DATA,2025
SED2_00082,160,17,2025
SED2_09713,250,174,2025
SED2_01176,630,351,2025
SED2_06234,630,241,2025
SED2_09876,630,1,2025
SED2_02772,160,66,2025
SED2_03310,630,SIN DATA,2025
SED2_00406,400,214,2025
SED2_05863,400,32,2025
SED2_00086,250,SIN DATA,2025
SED2_01495,400,39,2025
SED2_06867,400,19,2025
SED2_07507,400,187,2025
SED2_03050,400,427,2025
SED2_07491,630,120,2025
SED2_04436,630,SIN DATA,2025
SED2_03862,160,36,2025
SED2_00083,250,189,2025
SED2_04597,250,7,2025
SED2_05587,250,20,2025
SED2_07743,400,187,2025
SED2_01040,400,7,2025
SED2_00028,250,205,2025
SED2_08320,400,401,2025
SED2_07888,400,9,2025
SED2_01095,400,SIN DATA,2025
SED2_03309,250,286,2025
SED2_07294,400,77,2025
SED2_04631,630,348,2025
SED2_09549,400,155,2025
SED2_00200,400,289,2025
SED2_00202,250,257,2025
SED2_00753,250,244,2025
SED2_04869,250,317,2025
SED2_08439,250,296,2025
SED2_01767,250,208,2025
SED2_05838,400,331,2025
SED2_06128,250,268,2025
SED2_07563,160,246,2025
SED2_05174,630,479,2025
SED2_04149,400,460,2025
SED2_06459,160,121,2025
SED2_02104,400,295,2025
SED2_03609,250,406,2025
SED2_05875,250,108,2025
SED2_03395,400,304,2025
SED2_08460,160,150,2025
SED2_05115,300,276,2025
SED2_08181,160,14,2025
SED2_00553,250,109,2025
SED2_01222,400,12,2025
SED2_07691,250,368,2025
SED2_05901,400,32,2025
SED2_05232,250,382,2025
SED2_08936,160,109,2025
SED2_03824,250,226,2025
SED2_02107,630,34,2025
SED2_01545,160,125,2025
SED2_00508,50,99,2025
SED2_02266,50,63,2025
SED2_02196,50,66,2025
SED2_06970,50,109,2025
SED2_08421,400,91,2025
SED2_09722,100,182,2025
SED2_00676,250,307,2025
SED2_00721,250,276,2025
SED2_08162,100,107,2025
SED2_04289,50,82,2025
SED2_04628,160,63,2025
SED2_09761,630,319,2025
SED2_06902,400,408,2025
SED2_07795,160,158,2025
SED2_04647,400,35,2025
SED2_04679,160,321,2025
SED2_03462,315,170,2025
SED2_03910,400,5,2025
SED2_07214,250,13,2025
SED2_01393,250,83,2025
SED2_06484,630,130,2025
SED2_01136,250,391,2025
SED2_04535,100,120,2025
SED2_04466,250,123,2025
SED2_08404,160,56,2025
SED2_01607,250,369,2025
SED2_05249,160,159,2025
SED2_06239,250,242,2025
SED2_02426,160,288,2025
SED2_04107,160,184,2025
SED2_05544,400,341,2025
SED2_00545,630,165,2025
SED2_09559,300,74,2025
SED2_01513,400,110,2025
SED2_03942,400,236,2025
SED2_02939,250,400,2025
SED2_04638,250,274,2025
SED2_08811,250,353,2025
SED2_08462,250,391,2025
SED2_00273,250,441,2025
SED2_05240,400,285,2025
SED2_07662,250,374,2025
SED2_00060,250,90,2025
SED2_03713,250,211,2025
SED2_08897,250,206,2025
SED2_05914,315,349,2025
SED2_09143,250,460,2025
SED2_05762,160,18,2025
SED2_07132,250,356,2025
SED2_04369,100,120,2025
SED2_00514,100,100,2025
SED2_05612,250,95,2025
SED2_05296,160,182,2025
SED2_00729,250,136,2025
SED2_00329,100,123,2025
SED2_06209,160,174,2025
SED2_06800,160,50,2025
SED2_01972,100,125,2025
SED2_09860,250,292,2025
SED2_03292,250,235,2025
SED2_01738,160,221,2025
SED2_06522,250,303,2025
SED2_05856,50,5,2025
SED2_03107,250,201,2025
SED2_03199,160,178,2025
SED2_03692,160,296,2025
SED2_03005,400,427,2025
SED2_01970,250,332,2025
SED2_04381,250,244,2025
SED2_02929,250,141,2025
SED2_07091,400,169,2025
SED2_03587,250,73,2025
SED2_07113,250,252,2025
SED2_01712,160,191,2025
SED2_07515,250,276,2025
SED2_09341,160,305,2025
SED2_06014,400,222,2025
SED2_07686,400,4,2025
SED2_07002,100,176,2025
SED2_03367,250,24,2025
SED2_06135,400,16,2025
SED2_02760,250,210,2025
SED2_06629,160,166,2025
SED2_09387,160,383,2025
SED2_02842,250,208,2025
SED2_00172,400,475,2025
SED2_03957,250,283,2025
SED2_07531,250,422,2025
SED2_06840,400,491,2025
SED2_00558,630,316,2025
SED2_09536,630,341,2025
SED2_06967,250,136,2025
SED2_01107,160,100,2025
SED2_09223,400,240,2025
SED2_08551,250,373,2025
SED2_09236,160,131,2025
SED2_00643,160,147,2025
SED2_01917,250,105,2025
SED2_04217,160,173,2025
SED2_03700,250,264,2025
SED2_05318,160,210,2025
SED2_08796,250,191,2025
SED2_08689,250,239,2025
SED2_01312,250,20,2025
SED2_06036,400,247,2025
SED2_09923,250,177,2025
SED2_01110,100,186,2025
SED2_00414,250,171,2025
SED2_00656,160,148,2025
SED2_04347,250,219,2025
SED2_02021,250,333,2025
SED2_04627,160,194,2025
SED2_09298,250,256,2025
SED2_00024,250,115,2025
SED2_02703,250,196,2025
SED2_05919,100,137,2025
SED2_04129,160,174,2025
SED2_05379,160,6,2025
SED2_08022,400,384,2025
SED2_09661,630,320,2025
SED2_02766,160,43,2025
SED2_00700,250,197,2025
SED2_07059,250,265,2025
SED2_03115,250,310,2025
SED2_03601,400,86,2025
SED2_08002,250,153,2025
SED2_04013,400,19,2025
SED2_06877,630,148,2025
SED2_04181,630,23,2025
SED2_08364,160,247,2025
SED2_06208,400,426,2025
SED2_01381,250,113,2025
SED2_03378,400,553,2025
SED2_06517,160,277,2025
SED2_00448,250,218,2025
SED2_02121,250,382,2025
SED2_06590,250,219,2025
SED2_04188,250,174,2025
SED2_00629,250,398,2025
SED2_08572,250,265,2025
SED2_04039,160,235,2025
SED2_02286,400,471,2025
SED2_08117,250,2,2025
SED2_01839,100,140,2025
SED2_04947,50,120,2025
SED2_02540,160,47,2025
SED2_01521,250,289,2025
SED2_06561,250,405,2025
SED2_07869,250,323,2025
SED2_02279,250,221,2025
SED2_02750,160,198,2025
SED2_08000,250,234,2025
SED2_01280,400,304,2025
SED2_01566,400,493,2025
SED2_09632,250,4,2025
SED2_03793,160,174,2025
SED2_02891,100,229,2025
SED2_09464,630,123,2025
SED2_06433,250,58,2025
SED2_08255,250,5,2025
SED2_03919,250,171,2025
SED2_01614,250,236,2025
SED2_04378,630,43,2025
SED2_01656,250,411,2025
SED2_08173,630,12,2025
SED2_08109,250,475,2025
SED2_08746,250,501,2025
SED2_02776,400,210,2025
SED2_02253,400,5,2025
SED2_03453,250,227,2025
SED2_05087,400,381,2025
SED2_04592,630,309,2025
SED2_04429,250,33,2025
SED2_09781,400,237,2025
SED2_03625,400,7,2025
SED2_01769,630,82,2025
SED2_06656,250,225,2025
SED2_03631,160,213,2025
SED2_08751,160,97,2025
SED2_04220,160,171,2025
SED2_06824,160,196,2025
SED2_04713,400,248,2025
SED2_08337,160,167,2025
SED2_03852,160,28,2025
SED2_09791,100,12,2025
SED2_07777,400,91,2025
SED2_08525,160,118,2025
SED2_04090,160,118,2025
SED2_09161,400,124,2025
SED2_03448,250,46,2025
SED2_07320,400,557,2025
SED2_00143,250,187,2025
SED2_02819,630,373,2025
SED2_00786,250,281,2025
SED2_03456,400,201,2025
SED2_08132,250,188,2025
SED2_02215,250,252,2025
SED2_06305,100,233,2025
SED2_07010,160,338,2025
SED2_01787,75,20,2025
SED2_00846,400,62,2025
SED2_06666,400,127,2025
SED2_06098,160,111,2025
SED2_04533,250,302,2025
SED2_02182,630,456,2025
SED2_07476,400,101,2025
SED2_04791,400,16,2025
SED2_02499,400,251,2025
SED2_07849,160,217,2025
SED2_04301,160,290,2025
SED2_08384,100,139,2025
SED2_09643,630,1,2025
SED2_08398,400,7,2025
SED2_06856,160,194,2025
SED2_02233,160,178,2025
SED2_09935,160,242,2025
SED2_04677,100,149,2025
SED2_00151,630,140,2025
SED2_06724,160,156,2025
SED2_04272,400,78,2025
SED2_00117,250,165,2025
SED2_09374,50,96,2025
SED2_00616,100,20,2025
SED2_03688,25,9,2025
SED2_01947,15,16,2025
SED2_01281,50,5,2025
SED2_00557,100,100,2025
SED2_08196,10,4,2025
SED2_03761,25,27,2025
SED2_02628,25,21,2025
SED2_03043,15,14,2025
SED2_06520,15,20,2025
SED2_09856,15,20,2025
SED2_06568,25,24,2025
SED2_04227,100,55,2025
SED2_05501,160,89,2025
SED2_03483,100,29,2025
SED2_01673,100,33,2025
SED2_05217,100,45,2025
SED2_00203,15,26,2025
SED2_09644,15,17,2025
SED2_00209,15,18,2025
SED2_05546,15,17,2025
SED2_04269,50,134,2025
SED2_00092,50,24,2025
SED2_05576,40,130,2025
SED2_08944,100,102,2025
SED2_03407,100,121,2025
SED2_08122,100,176,2025
SED2_05246,75,56,2025
SED2_07517,10,11,2025
SED2_03913,10,15,2025
SED2_06373,100,105,2025
SED2_04972,100,30,2025
SED2_00822,100,43,2025
SED2_06244,100,37,2025
SED2_04145,100,76,2025
SED2_07714,100,83,2025
SED2_02009,15,26,2025
SED2_00111,25,56,2025
SED2_00191,100,143,2025
SED2_06804,40,64,2025
SED2_04079,50,102,2025
SED2_07901,50,88,2025
SED2_07599,160,71,2025
SED2_03162,10,7,2025
SED2_05324,100,111,2025
SED2_01220,10,1,2025
SED2_09035,100,43,2025
SED2_08182,15,15,2025
SED2_00832,100,100,2025
SED2_07630,100,6,2025
SED2_05252,10,11,2025
SED2_05630,10,16,2025
SED2_01657,10,9,2025
SED2_04221,50,69,2025
SED2_07200,100,146,2025
SED2_07140,25,19,2025
SED2_07123,10,12,2025
SED2_09688,25,55,2025
SED2_03707,10,5,2025
SED2_01821,25,13,2025
SED2_08555,15,13,2025
SED2_07854,10,2,2025
SED2_02732,10,17,2025
SED2_05200,10,78,2025
SED2_00334,15,15,2025
SED2_03191,75,20,2025
SED2_05845,100,59,2025
SED2_06177,25,44,2025
SED2_08066,100,16,2025
SED2_05280,10,18,2025
SED2_06441,100,179,2025
SED2_03185,25,18,2025
SED2_02227,25,16,2025
SED2_06331,100,105,2025
SED2_08485,10,11,2025
SED2_03512,10,8,2025
SED2_00544,75,120,2025
SED2_09248,10,6,2025
SED2_05656,15,14,2025
SED2_07296,100,53,2025
SED2_01857,50,66,2025
SED2_05840,15,10,2025
SED2_07438,10,13,2025
SED2_04662,10,12,2025
SED2_03554,25,50,2025
SED2_05397,100,21,2025
SED2_02558,20,10,2025
SED2_06465,100,7,2025
SED2_03087,100,110,2025
SED2_09251,100,44,2025
SED2_02792,50,13,2025
SED2_06196,160,191,2025
SED2_02456,100,75,2025
SED2_00707,25,3,2025
SED2_07267,160,209,2025
SED2_04979,100,135,2025
SED2_05714,100,187,2025
SED2_08361,250,338,2025
SED2_09575,630,160,2025
SED2_04201,100,63,2025
SED2_01814,250,64,2025
SED2_07807,100,44,2025
SED2_04769,400,38,2025
SED2_00432,100,95,2025
SED2_07492,400,192,2025
SED2_02059,250,385,2025
SED2_04394,250,205,2025
SED2_06764,400,285,2025
SED2_02326,250,30,2025
SED2_02597,160,28,2025
SED2_07808,250,130,2025
SED2_02134,100,132,2025
SED2_05532,100,64,2025
SED2_02651,160,92,2025
SED2_06127,160,158,2025
SED2_07206,50,89,2025
SED2_01292,160,195,2025
SED2_06347,250,348,2025
SED2_08974,250,202,2025
SED2_05603,100,113,2025
SED2_06379,350,280,2025
SED2_07134,100,146,2025
SED2_08686,50,166,2025
SED2_07503,250,3,2025
SED2_05753,400,83,2025
SED2_05484,100,66,2025
SED2_04350,250,229,2025
SED2_06185,250,55,2025
SED2_02681,400,281,2025
SED2_01632,160,168,2025
SED2_04356,160,303,2025
SED2_00732,100,171,2025
SED2_02150,50,176,2025
SED2_03308,100,456,2025
SED2_05534,630,4,2025
SED2_00164,160,18,2025
SED2_04982,250,3,2025
SED2_05042,400,21,2025
SED2_02064,630,81,2025
SED2_01226,160,422,2025
SED2_04469,250,111,2025
SED2_01514,400,7,2025
SED2_07890,160,7,2025
SED2_06299,100,30,2025
SED2_04083,160,447,2025
SED2_08463,160,180,2025
SED2_03542,137,6,2025
SED2_06044,160,268,2025
SED2_05125,320,130,2025
SED2_08499,100,151,2025
SED2_05821,25,41,2025
SED2_09199,75,17,2025
SED2_03321,100,177,2025
SED2_02026,100,385,2025
SED2_08446,400,251,2025
SED2_06005,100,200,2025
SED2_04258,250,189,2025
SED2_02925,100,143,2025
SED2_01655,250,91,2025
SED2_08327,50,108,2025
SED2_05415,50,34,2025
SED2_04872,250,419,2025
SED2_01752,100,68,2025
SED2_01064,100,165,2025
SED2_09186,400,28,2025
SED2_00894,160,206,2025
SED2_04344,100,206,2025
SED2_09720,100,129,2025
SED2_06359,160,276,2025
SED2_02002,250,236,2025
SED2_08764,100,18,2025
SED2_05148,400,147,2025
SED2_00858,100,23,2025
SED2_04571,100,78,2025
SED2_09165,100,179,2025
SED2_06123,100,363,2025
SED2_08789,160,209,2025
SED2_08698,100,242,2025
SED2_00787,400,436,2025
SED2_06529,100,8,2025
SED2_09207,50,44,2025
SED2_02257,250,372,2025
SED2_05506,160,313,2025
SED2_00031,160,182,2025
SED2_09537,160,406,2025
SED2_02880,400,111,2025
SED2_04523,160,208,2025
SED2_05026,250,283,2025
SED2_02156,15,2,2025
SED2_03624,250,172,2025
SED2_04738,100,153,2025
SED2_09427,100,164,2025
SED2_08964,100,146,2025
SED2_09238,100,211,2025
SED2_08188,160,7,2025
SED2_06654,250,14,2025
SED2_07049,100,75,2025
SED2_07709,160,47,2025
SED2_05604,250,12,2025
SED2_08529,160,166,2025
SED2_04110,160,42,2025
SED2_03875,250,127,2025
SED2_00036,160,203,2025
SED2_05998,160,145,2025
SED2_08152,630,129,2025
SED2_01480,160,33,2025
SED2_00345,100,84,2025
SED2_09302,100,263,2025
SED2_00107,160,53,2025
SED2_00402,50,76,2025
SED2_04889,400,14,2025
SED2_03790,100,184,2025
SED2_03834,100,145,2025
SED2_04185,250,208,2025
SED2_02160,250,197,2025
SED2_09174,100,80,2025
SED2_02639,160,247,2025
SED2_06426,100,83,2025
SED2_04726,630,151,2025
SED2_01482,250,155,2025
SED2_01963,50,111,2025
SED2_06659,100,119,2025
SED2_08755,160,396,2025
SED2_07041,630,16,2025
SED2_04590,100,117,2025
SED2_02780,250,130,2025
SED2_08466,100,152,2025
SED2_02310,160,183,2025
SED2_03953,100,125,2025
SED2_02509,400,361,2025
SED2_01505,160,278,2025
SED2_00512,400,120,2025
SED2_08695,100,64,2025
SED2_04444,250,128,2025
SED2_05725,160,112,2025
SED2_00919,250,141,2025
SED2_01579,630,347,2025
SED2_07672,250,266,2025
SED2_09686,250,165,2025
SED2_07158,400,156,2025
SED2_01511,250,125,2025
SED2_03477,100,34,2025
SED2_02617,160,13,2025
SED2_03046,100,37,2025
SED2_06320,400,151,2025
SED2_02384,250,20,2025
SED2_09043,160,72,2025
SED2_02684,250,44,2025
SED2_03346,160,143,2025
SED2_09920,100,83,2025
SED2_00348,250,385,2025
SED2_03658,100,38,2025
SED2_02429,250,58,2025
SED2_02746,100,79,2025
SED2_05606,250,463,2025
SED2_03749,160,385,2025
SED2_04385,160,122,2025
SED2_00620,250,182,2025
SED2_08008,100,64,2025
SED2_00572,630,50,2025
SED2_04341,250,13,2025
SED2_09153,160,263,2025
SED2_02437,100,50,2025
SED2_03539,100,34,2025
SED2_05149,100,110,2025
SED2_01800,160,235,2025
SED2_08750,160,244,2025
SED2_00279,250,169,2025
SED2_05114,50,55,2025
SED2_04510,100,141,2025
SED2_04421,100,203,2025
SED2_08266,100,146,2025
SED2_07728,100,151,2025
SED2_04607,100,91,2025
SED2_02372,250,156,2025
SED2_04247,100,114,2025
SED2_09599,100,168,2025
SED2_08114,100,201,2025
SED2_01593,250,141,2025
SED2_09006,160,4,2025
SED2_04042,100,92,2025
SED2_05667,250,SIN DATA,2025
SED2_00833,250,84,2025
SED2_02382,160,179,2025
SED2_04232,250,62,2025
SED2_09121,100,148,2025
SED2_00047,150,91,2025
SED2_02784,400,60,2025
SED2_07506,400,21,2025
SED2_04718,250,218,2025
SED2_07076,250,291,2025
SED2_09579,250,7,2025
SED2_01554,250,137,2025
SED2_01154,250,252,2025
SED2_01161,40,63,2025
SED2_09596,250,74,2025
SED2_02451,250,54,2025
SED2_04618,100,138,2025
SED2_03860,100,214,2025
SED2_06279,100,130,2025
SED2_08622,100,161,2025
SED2_04234,50,173,2025
SED2_07160,100,85,2025
SED2_06102,100,146,2025
SED2_00455,100,145,2025
SED2_03914,160,98,2025
SED2_08222,100,105,2025
SED2_07552,400,78,2025
SED2_01809,250,381,2025
SED2_04632,100,171,2025
SED2_04375,100,142,2025
SED2_04192,250,14,2025
SED2_04073,100,236,2025
SED2_05165,160,66,2025
SED2_06360,320,94,2025
SED2_05223,400,316,2025
SED2_03967,100,58,2025
SED2_09106,400,407,2025
SED2_01345,100,11,2025
SED2_08387,315,3,2025
SED2_05746,250,163,2025
SED2_04259,400,331,2025
SED2_04522,400,73,2025
SED2_09245,400,296,2025
SED2_02905,400,154,2025
SED2_05781,100,77,2025
SED2_00313,100,176,2025
SED2_02913,250,2,2025
SED2_07213,160,112,2025
SED2_05827,160,179,2025
SED2_09481,160,255,2025
SED2_06680,160,354,2025
SED2_09257,100,133,2025
SED2_06674,160,8,2025
SED2_07149,160,14,2025
SED2_02459,50,125,2025
SED2_07246,250,34,2025
SED2_05711,160,186,2025
SED2_01202,250,161,2025
SED2_04526,400,389,2025
SED2_01910,50,90,2025
SED2_08697,250,198,2025
SED2_06820,630,265,2025
SED2_06649,100,32,2025
SED2_08839,400,171,2025
SED2_09813,400,226,2025
SED2_02534,250,18,2025
SED2_07048,250,197,2025
SED2_01449,100,171,2025
SED2_06929,250,224,2025
SED2_00949,160,233,2025
SED2_01276,160,226,2025
SED2_04948,630,91,2025
SED2_07590,100,29,2025
SED2_04942,160,138,2025
SED2_02110,160,103,2025
SED2_00331,250,355,2025
SED2_01960,250,218,2025
SED2_02249,250,518,2025
SED2_02272,160,71,2025
SED2_01391,160,105,2025
SED2_02781,160,303,2025
SED2_02024,250,70,2025
SED2_00112,50,96,2025
SED2_09339,160,237,2025
SED2_07810,100,58,2025
SED2_04882,250,377,2025
SED2_04759,250,145,2025
SED2_07522,250,189,2025
SED2_02010,160,352,2025
SED2_07477,100,27,2025
SED2_08297,400,126,2025
SED2_01507,100,180,2025
SED2_03131,100,152,2025
SED2_09347,100,201,2025
SED2_07399,100,286,2025
SED2_09628,100,184,2025
SED2_08532,160,14,2025
SED2_06039,100,6,2025
SED2_02016,100,222,2025
SED2_01608,160,119,2025
SED2_08325,160,105,2025
SED2_07742,100,63,2025
SED2_02577,250,110,2025
SED2_03063,250,314,2025
SED2_00347,250,70,2025
SED2_01815,100,72,2025
SED2_00798,250,128,2025
SED2_09320,250,301,2025
SED2_01146,250,343,2025
SED2_01617,160,186,2025
SED2_07789,250,78,2025
SED2_01379,100,152,2025
SED2_03888,100,95,2025
SED2_09755,160,247,2025
SED2_02884,400,439,2025
SED2_05455,160,185,2025
SED2_04040,100,96,2025
SED2_08091,160,205,2025
SED2_09041,250,195,2025
SED2_06007,160,188,2025
SED2_03169,160,83,2025
SED2_01635,250,271,2025
SED2_08561,100,96,2025
SED2_08375,250,100,2025
SED2_01923,250,170,2025
SED2_01318,160,63,2025
SED2_09534,100,153,2025
SED2_01651,100,99,2025
SED2_03528,250,425,2025
SED2_08809,250,160,2025
SED2_00941,400,168,2025
SED2_00660,160,251,2025
SED2_09280,100,30,2025
SED2_04172,250,187,2025
SED2_03410,630,8,2025
SED2_04886,250,258,2025
SED2_06119,400,297,2025
SED2_00287,400,270,2025
SED2_00452,250,256,2025
SED2_06619,160,38,2025
SED2_01198,250,17,2025
SED2_06963,100,39,2025
SED2_04015,250,244,2025
SED2_06431,100,106,2025
SED2_01358,250,193,2025
SED2_01761,400,52,2025
SED2_04327,100,135,2025
SED2_09932,250,40,2025
SED2_08765,250,24,2025
SED2_08135,400,36,2025
SED2_03867,100,102,2025
SED2_00710,100,162,2025
SED2_02243,100,75,2025
SED2_02469,100,32,2025
SED2_06960,50,111,2025
SED2_05495,250,89,2025
SED2_00585,160,200,2025
SED2_09560,250,141,2025
SED2_05302,250,191,2025
SED2_06746,160,221,2025
SED2_04355,250,151,2025
SED2_09689,250,302,2025
SED2_08236,160,216,2025
SED2_06577,100,100,2025
SED2_08454,250,215,2025
SED2_04459,400,333,2025
SED2_04852,100,113,2025
SED2_07406,250,149,2025
SED2_04051,250,173,2025
SED2_08824,160,148,2025
SED2_06398,160,158,2025
SED2_03291,400,141,2025
SED2_03246,250,208,2025
SED2_06284,250,169,2025
SED2_06050,250,160,2025
SED2_05105,160,157,2025
SED2_03354,100,8,2025
SED2_06870,160,127,2025
SED2_06872,250,279,2025
SED2_00916,250,6,2025
SED2_07475,250,174,2025
SED2_02336,100,15,2025
SED2_09027,100,100,2025
SED2_01870,400,169,2025
SED2_08842,250,17,2025
SED2_08018,250,290,2025
SED2_01681,250,109,2025
SED2_05403,100,84,2025
SED2_06569,160,351,2025
SED2_08585,160,168,2025
SED2_07125,160,97,2025
SED2_00485,160,157,2025
SED2_05502,400,103,2025
SED2_06923,250,279,2025
SED2_08484,100,222,2025
SED2_00033,160,189,2025
SED2_03289,0,113,2025
SED2_03510,400,318,2025
SED2_03415,100,250,2025
SED2_06744,100,158,2025
SED2_04530,250,66,2025
SED2_01851,250,16,2025
SED2_01562,400,121,2025
SED2_00897,250,84,2025
SED2_03172,100,156,2025
SED2_08687,100,143,2025
SED2_08913,400,337,2025
SED2_00461,400,304,2025
SED2_01956,160,249,2025
SED2_00237,250,2,2025
SED2_02741,250,185,2025
SED2_09858,400,112,2025
SED2_09350,100,40,2025
SED2_05626,160,159,2025
SED2_03231,160,172,2025
SED2_02396,630,306,2025
SED2_02683,100,117,2025
SED2_04666,160,49,2025
SED2_00490,100,101,2025
SED2_00401,100,134,2025
SED2_08969,100,199,2025
SED2_07735,50,51,2025
SED2_09903,160,201,2025
SED2_08886,100,103,2025
SED2_07237,100,124,2025
SED2_09736,160,96,2025
SED2_00789,100,211,2025
SED2_08743,100,150,2025
SED2_06237,100,108,2025
SED2_08521,100,123,2025
SED2_07700,100,64,2025
SED2_09484,160,108,2025
SED2_09568,160,215,2025
SED2_05944,250,14,2025
SED2_08028,100,129,2025
SED2_06407,100,128,2025
SED2_06571,100,288,2025
SED2_03336,160,142,2025
SED2_09455,100,186,2025
SED2_00593,160,225,2025
SED2_03421,250,87,2025
SED2_02870,100,188,2025
SED2_00322,250,249,2025
SED2_04707,250,4,2025
SED2_00939,160,194,2025
SED2_01073,100,147,2025
SED2_06254,250,27,2025
SED2_02229,250,33,2025
SED2_09802,250,49,2025
SED2_07883,250,24,2025
SED2_07279,400,259,2025
SED2_00100,100,151,2025
SED2_07875,100,2,2025
SED2_07758,160,146,2025
SED2_00599,40,164,2025
SED2_00907,250,7,2025
SED2_02786,50,153,2025
SED2_03592,100,4,2025
SED2_06152,400,21,2025
SED2_03851,250,194,2025
SED2_07639,100,187,2025
SED2_06022,100,116,2025
SED2_06819,160,193,2025
SED2_04377,100,103,2025
SED2_02892,160,210,2025
SED2_05229,100,60,2025
SED2_05255,100,57,2025
SED2_03339,250,8,2025
SED2_09918,160,206,2025
SED2_02282,250,206,2025
SED2_09109,100,149,2025
SED2_08776,160,217,2025
SED2_08058,100,119,2025
SED2_04365,250,58,2025
SED2_05911,100,3,2025
SED2_07584,250,4,2025
SED2_03802,160,117,2025
SED2_08821,250,2,2025
SED2_07879,400,243,2025
SED2_07139,100,87,2025
SED2_02866,50,78,2025
SED2_05707,250,285,2025
SED2_07990,630,119,2025
SED2_06513,100,52,2025
SED2_08420,250,19,2025
SED2_06583,250,24,2025
SED2_06115,250,99,2025
SED2_04370,50,1,2025
SED2_01637,160,186,2025
SED2_01398,160,105,2025
SED2_00187,400,365,2025
SED2_06750,400,30,2025
SED2_08220,100,17,2025
SED2_06652,400,19,2025
SED2_06980,250,42,2025
SED2_04832,100,75,2025
SED2_08218,100,207,2025
SED2_04178,100,98,2025
SED2_02084,250,57,2025
SED2_03003,160,187,2025
SED2_06812,160,125,2025
SED2_06888,50,21,2025
SED2_07716,100,127,2025
SED2_01316,160,14,2025
SED2_07576,100,131,2025
SED2_02559,250,53,2025
SED2_09702,250,254,2025
SED2_04573,400,10,2025
SED2_02449,250,263,2025
SED2_03659,160,76,2025
SED2_00424,250,198,2025
SED2_01698,400,35,2025
SED2_03878,160,154,2025
SED2_03132,250,118,2025
SED2_06229,50,5,2025
SED2_07329,400,47,2025
SED2_01496,100,145,2025
SED2_05354,250,109,2025
SED2_02089,100,172,2025
SED2_05675,250,12,2025
SED2_09009,160,245,2025
SED2_03400,250,110,2025
SED2_09637,160,55,2025
SED2_00958,160,94,2025
SED2_02300,160,49,2025
SED2_09012,160,2,2025
SED2_03760,100,60,2025
SED2_03558,160,164,2025
SED2_00299,160,70,2025
SED2_02890,160,259,2025
SED2_06890,250,253,2025
SED2_02974,160,194,2025
SED2_09799,100,166,2025
SED2_06642,250,148,2025
SED2_04455,100,79,2025
SED2_05209,100,80,2025
SED2_08872,100,121,2025
SED2_01209,250,184,2025
SED2_02986,100,95,2025
SED2_04189,100,31,2025
SED2_07028,100,30,2025
SED2_03318,250,34,2025
SED2_02111,160,186,2025
SED2_07295,100,165,2025
SED2_01108,100,176,2025
SED2_09116,100,151,2025
SED2_06507,50,62,2025
SED2_00281,250,24,2025
SED2_00533,100,86,2025
SED2_09670,250,93,2025
SED2_01361,100,144,2025
SED2_06414,250,10,2025
SED2_00447,250,58,2025
SED2_00503,160,175,2025
SED2_08590,100,76,2025
SED2_01210,100,146,2025
SED2_00316,100,73,2025
SED2_09168,100,2,2025
SED2_02718,250,29,2025
SED2_00044,400,56,2025
SED2_07887,160,4,2025
SED2_06733,100,156,2025
SED2_09309,160,5,2025
SED2_06570,100,2,2025
SED2_02695,100,11,2025
SED2_07207,250,337,2025
SED2_03619,250,103,2025
SED2_02810,160,8,2025
SED2_01477,250,50,2025
SED2_00548,400,66,2025
SED2_03039,250,3,2025
SED2_02208,250,15,2025
SED2_03175,400,56,2025
SED2_00847,160,119,2025
SED2_04140,160,62,2025
SED2_05938,400,26,2025
SED2_05394,100,225,2025
SED2_04245,100,88,2025
SED2_03080,400,9,2025
SED2_02592,400,101,2025
SED2_03929,250,327,2025
SED2_02782,100,24,2025
SED2_06327,160,104,2025
SED2_05377,100,95,2025
SED2_06120,400,32,2025
SED2_01954,50,24,2025
SED2_03726,160,25,2025
SED2_07895,250,7,2025
SED2_09844,160,184,2025
SED2_03789,100,140,2025
SED2_06473,160,331,2025
SED2_03890,100,324,2025
SED2_00609,160,277,2025
SED2_05708,160,91,2025
SED2_04275,100,113,2025
SED2_00465,160,117,2025
SED2_01830,160,10,2025
SED2_08526,100,162,2025
SED2_09486,100,181,2025
SED2_06582,100,112,2025
SED2_02203,50,239,2025
SED2_08539,100,242,2025
SED2_01212,50,123,2025
SED2_01139,250,120,2025
SED2_04478,100,98,2025
SED2_03870,100,101,2025
SED2_07737,250,5,2025
SED2_06785,630,168,2025
SED2_02246,160,121,2025
SED2_07579,100,2,2025
SED2_06226,160,25,2025
SED2_09936,15,2,2025
SED2_09673,100,160,2025
SED2_01070,630,53,2025
SED2_05131,250,163,2025
SED2_04290,400,20,2025
SED2_00600,100,53,2025
SED2_07671,160,57,2025
SED2_03850,160,57,2025
SED2_09171,100,42,2025
SED2_03612,100,185,2025
SED2_01805,100,2,2025
SED2_06657,100,17,2025
SED2_06712,250,387,2025
SED2_09007,400,41,2025
SED2_03536,400,9,2025
SED2_07193,250,137,2025
SED2_03915,100,99,2025
SED2_09712,250,173,2025
SED2_06592,160,30,2025
SED2_07168,160,123,2025
SED2_07504,250,406,2025
SED2_02857,160,SIN DATA,2025
SED2_00122,100,228,2025
SED2_03315,250,198,2025
SED2_08388,100,215,2025
SED2_04902,400,15,2025
SED2_06687,100,157,2025
SED2_02991,100,14,2025
SED2_00003,160,332,2025
SED2_07944,100,1,2025
SED2_07366,100,208,2025
SED2_06641,160,103,2025
SED2_05824,100,63,2025
SED2_05888,100,57,2025
SED2_03276,400,28,2025
SED2_08786,100,178,2025
SED2_06747,100,140,2025
SED2_04422,100,111,2025
SED2_09054,400,5,2025
SED2_00484,160,43,2025
SED2_04676,160,9,2025
SED2_02114,250,23,2025
SED2_08437,250,216,2025
SED2_01184,50,51,2025
SED2_02013,160,5,2025
SED2_09754,160,267,2025
SED2_05416,50,66,2025
SED2_07352,100,257,2025
SED2_06610,250,179,2025
SED2_05164,250,301,2025
SED2_09380,100,16,2025
SED2_09084,250,16,2025
SED2_09063,250,247,2025
SED2_08481,100,37,2025
SED2_03157,160,61,2025
SED2_02198,160,54,2025
SED2_04635,160,79,2025
SED2_05038,250,4,2025
SED2_04077,160,249,2025
SED2_08591,250,155,2025
SED2_09156,100,55,2025
SED2_08279,250,31,2025
SED2_02723,100,35,2025
SED2_00727,160,248,2025
SED2_00568,100,133,2025
SED2_05766,100,163,2025
SED2_08338,250,2,2025
SED2_09024,250,1,2025
SED2_08432,100,25,2025
SED2_08269,50,133,2025
SED2_01587,100,16,2025
SED2_05691,160,106,2025
SED2_09422,160,107,2025
SED2_04970,160,137,2025
SED2_06615,160,284,2025
SED2_06276,250,90,2025
SED2_03437,160,504,2025
SED2_00218,400,41,2025
SED2_08717,100,92,2025
SED2_02312,400,4,2025
SED2_07232,160,15,2025
SED2_07712,160,24,2025
SED2_07930,100,133,2025
SED2_06309,250,112,2025
SED2_08253,100,106,2025
SED2_01199,250,14,2025
SED2_09685,400,152,2025
SED2_04962,250,20,2025
SED2_01610,160,6,2025
SED2_01125,400,13,2025
SED2_06832,160,101,2025
SED2_08243,400,9,2025
SED2_08160,250,121,2025
SED2_03182,100,155,2025
SED2_02074,100,100,2025
SED2_09657,100,3,2025
SED2_03767,350,202,2025
SED2_07954,160,109,2025
SED2_06151,100,93,2025
SED2_03687,100,267,2025
SED2_06018,100,76,2025
SED2_07120,160,136,2025
SED2_04838,50,47,2025
SED2_09611,160,93,2025
SED2_06462,160,202,2025
SED2_07304,630,5,2025
SED2_03333,100,93,2025
SED2_06497,400,69,2025
SED2_09079,100,57,2025
SED2_02159,100,257,2025
SED2_07375,100,157,2025
SED2_05029,630,425,2025
SED2_01669,400,464,2025
SED2_00381,250,8,2025
SED2_01473,100,109,2025
SED2_01817,160,159,2025
SED2_00385,400,2,2025
SED2_06446,160,129,2025
SED2_09272,160,92,2025
SED2_03018,100,7,2025
SED2_05709,400,30,2025
SED2_03750,100,151,2025
SED2_00113,250,5,2025
SED2_03985,250,11,2025
SED2_03000,100,9,2025
SED2_04255,160,9,2025
SED2_03411,160,89,2025
SED2_06928,100,78,2025
SED2_03814,160,156,2025
SED2_06790,400,26,2025
SED2_07557,100,52,2025
SED2_08344,160,50,2025
SED2_07627,100,22,2025
SED2_06971,100,2,2025
SED2_03078,100,269,2025
SED2_03930,250,27,2025
SED2_07803,400,33,2025
SED2_06784,250,121,2025
SED2_00374,400,116,2025
SED2_00286,100,113,2025
SED2_08296,50,2,2025
SED2_08245,400,26,2025
SED2_08822,75,1,2025
SED2_09415,75,2,2025
SED2_07316,75,1,2025
SED2_04900,75,1,2025
SED2_06648,50,1,2025
SED2_04629,100,1,2025
SED2_04840,400,56,2025
SED2_01846,250,26,2025
SED2_04881,160,4,2025
SED2_01777,400,275,2025
SED2_03998,630,20,2025
SED2_06802,160,331,2025
SED2_01195,100,31,2025
SED2_00756,400,13,2025
SED2_08197,160,65,2025
SED2_02963,160,42,2025
SED2_09748,160,37,2025
SED2_08455,160,27,2025
SED2_07794,160,75,2025
SED2_03997,100,4,2025
SED2_03563,100,315,2025
SED2_03782,250,155,2025
SED2_05702,50,11,2025
SED2_04426,100,39,2025
SED2_04307,100,85,2025
SED2_02955,100,112,2025
SED2_03108,250,41,2025
SED2_05876,100,40,2025
SED2_00422,400,22,2025
SED2_00986,100,82,2025
SED2_06886,50,10,2025
SED2_09675,50,12,2025
SED2_00467,100,263,2025
SED2_06059,100,83,2025
SED2_04306,100,19,2025
SED2_05750,100,117,2025
SED2_03788,160,174,2025
SED2_06000,100,31,2025
SED2_01177,400,337,2025
SED2_03943,160,39,2025
SED2_07815,160,44,2025
SED2_01054,100,60,2025
SED2_03012,100,79,2025
SED2_01543,100,174,2025
SED2_04022,160,85,2025
SED2_06101,100,101,2025
SED2_00351,160,83,2025
SED2_01377,160,154,2025
SED2_08659,160,285,2025
SED2_07356,250,4,2025
SED2_08360,250,134,2025
SED2_06175,100,280,2025
SED2_00242,100,242,2025
SED2_08536,250,213,2025
SED2_04034,630,423,2025
SED2_04342,250,245,2025
SED2_05752,160,218,2025
SED2_02109,50,2,2025
SED2_04941,250,63,2025
SED2_03224,160,52,2025
SED2_00016,250,209,2025
SED2_07605,100,137,2025
SED2_00580,160,117,2025
SED2_06763,100,107,2025
SED2_03463,160,8,2025
SED2_06514,100,79,2025
SED2_00321,100,125,2025
SED2_04334,160,237,2025
SED2_03183,160,170,2025
SED2_09385,100,162,2025
SED2_00350,250,20,2025
SED2_08400,250,24,2025
SED2_01113,160,130,2025
SED2_04068,160,114,2025
SED2_09939,160,137,2025
SED2_04106,160,174,2025
SED2_04724,250,11,2025
SED2_09563,160,226,2025
SED2_05445,100,199,2025
SED2_00921,160,252,2025
SED2_08850,100,242,2025
SED2_08930,50,119,2025
SED2_03040,160,60,2025
SED2_02133,160,239,2025
SED2_03840,160,246,2025
SED2_05231,50,76,2025
SED2_02838,100,262,2025
SED2_00990,160,282,2025
SED2_06670,100,220,2025
SED2_01315,250,468,2025
SED2_01541,100,148,2025
SED2_01792,160,58,2025
SED2_07369,100,90,2025
SED2_06690,160,110,2025
SED2_03293,100,77,2025
SED2_07629,100,57,2025
SED2_00109,100,14,2025
SED2_07844,100,27,2025
SED2_01099,100,262,2025
SED2_07585,250,28,2025
SED2_03991,400,221,2025
SED2_06366,250,8,2025
SED2_03433,100,241,2025
SED2_07012,400,9,2025
SED2_00592,160,185,2025
SED2_08949,160,11,2025
SED2_05511,160,2,2025
SED2_05760,400,343,2025
SED2_04731,100,275,2025
SED2_03577,100,116,2025
SED2_06948,250,80,2025
SED2_01119,400,293,2025
SED2_03090,100,57,2025
SED2_04336,250,101,2025
SED2_08380,160,119,2025
SED2_03682,100,79,2025
SED2_07653,250,92,2025
SED2_02376,160,91,2025
SED2_02717,400,25,2025
SED2_03832,250,36,2025
SED2_00160,100,22,2025
SED2_00357,100,3,2025
SED2_05219,160,2,2025
SED2_06156,100,11,2025
SED2_07928,100,3,2025
SED2_07591,100,49,2025
SED2_06909,160,203,2025
SED2_08626,160,35,2025
SED2_05010,250,5,2025
SED2_09215,100,18,2025
SED2_02697,160,85,2025
SED2_07821,100,24,2025
SED2_02765,160,19,2025
SED2_01915,160,3,2025
SED2_01492,160,143,2025
SED2_05989,250,19,2025
SED2_00035,100,15,2025
SED2_04135,100,44,2025
SED2_03412,160,27,2025
SED2_06883,250,154,2025
SED2_06591,100,3,2025
SED2_01059,100,175,2025
SED2_07347,100,180,2025
SED2_04860,160,394,2025
SED2_01642,100,229,2025
SED2_03007,100,141,2025
SED2_02719,100,36,2025
SED2_04283,100,145,2025
SED2_02149,100,209,2025
SED2_05475,100,174,2025
SED2_00612,160,256,2025
SED2_08343,100,286,2025
SED2_02225,100,180,2025
SED2_05096,100,317,2025
SED2_08436,400,276,2025
SED2_05024,400,398,2025
SED2_01940,250,251,2025
SED2_08355,100,2,2025
SED2_06668,160,2,2025
SED2_09552,100,216,2025
SED2_08347,100,130,2025
SED2_08895,100,5,2025
SED2_00712,100,238,2025
SED2_08730,250,64,2025
SED2_02017,250,37,2025
SED2_05215,250,6,2025
SED2_06586,250,133,2025
SED2_01065,400,31,2025
SED2_00687,160,170,2025
SED2_02485,100,40,2025
SED2_07541,50,44,2025
SED2_02970,100,71,2025
SED2_07634,100,253,2025
SED2_07824,100,104,2025
SED2_01675,250,27,2025
SED2_05539,100,10,2025
SED2_02071,160,3,2025
SED2_01314,250,55,2025
SED2_00825,160,366,2025
SED2_01849,160,429,2025
SED2_06211,250,3,2025
SED2_00666,250,5,2025
SED2_00443,100,78,2025
SED2_09741,250,25,2025
SED2_05001,100,2,2025
SED2_05668,160,2,2025
SED2_07512,160,110,2025
SED2_01072,100,58,2025
SED2_00362,250,11,2025
SED2_07210,400,16,2025
SED2_09641,100,120,2025
SED2_05253,50,26,2025
SED2_04020,100,28,2025
SED2_03266,100,40,2025
SED2_01901,160,192,2025
SED2_03898,400,94,2025
SED2_01295,160,100,2025
SED2_04667,160,73,2025
SED2_03203,400,2,2025
SED2_01031,100,4,2025
SED2_07034,400,23,2025
SED2_08217,100,103,2025
SED2_03213,160,17,2025
SED2_02713,100,52,2025
SED2_05430,400,5,2025
SED2_04123,160,457,2025
SED2_07111,160,159,2025
SED2_04728,100,223,2025
SED2_00716,160,143,2025
SED2_02791,100,354,2025
SED2_08413,100,125,2025
SED2_00189,160,30,2025
SED2_09558,100,4,2025
SED2_05019,250,6,2025
SED2_07386,160,75,2025
SED2_06338,160,90,2025
SED2_03084,160,60,2025
SED2_03743,160,61,2025
SED2_09613,250,3,2025
SED2_05195,160,134,2025
SED2_04454,160,73,2025
SED2_01159,100,247,2025
SED2_06826,100,227,2025
SED2_09578,250,17,2025
SED2_00649,100,20,2025
SED2_05085,100,273,2025
SED2_04801,100,60,2025
SED2_09622,400,49,2025
SED2_07402,250,35,2025
SED2_08354,100,167,2025
SED2_07838,50,84,2025
SED2_00841,160,92,2025
SED2_07318,250,16,2025
SED2_05429,250,15,2025
SED2_01365,400,205,2025
SED2_09760,160,170,2025
SED2_09377,250,7,2025
SED2_02710,100,157,2025
SED2_06078,100,225,2025
SED2_06869,100,32,2025
SED2_03381,100,19,2025
SED2_00445,100,112,2025
SED2_01311,160,296,2025
SED2_06296,100,138,2025
SED2_04901,160,154,2025
SED2_07104,250,552,2025
SED2_06924,250,285,2025
SED2_04321,160,339,2025
SED2_09107,100,151,2025
SED2_00449,250,549,2025
SED2_06126,100,292,2025
SED2_02506,100,39,2025
SED2_05607,100,83,2025
SED2_09597,100,69,2025
SED2_02602,100,83,2025
SED2_07033,160,148,2025
SED2_00487,160,87,2025
SED2_04200,100,47,2025
SED2_09572,250,8,2025
SED2_06576,100,16,2025
SED2_02900,160,69,2025
SED2_05058,160,70,2025
SED2_05638,160,67,2025
SED2_06002,160,57,2025
SED2_09655,100,46,2025
SED2_09431,50,100,2025
SED2_03647,160,45,2025
SED2_04857,100,94,2025
SED2_08851,160,116,2025
SED2_04937,100,95,2025
SED2_09836,100,159,2025
SED2_01355,100,179,2025
SED2_09250,100,164,2025
SED2_05353,100,16,2025
SED2_05227,100,183,2025
SED2_04705,160,179,2025
SED2_08504,50,44,2025
SED2_09370,100,104,2025
SED2_05896,100,169,2025
SED2_05737,100,113,2025
SED2_07676,50,117,2025
SED2_09155,100,120,2025
SED2_09305,400,16,2025
SED2_03735,250,40,2025
SED2_03978,100,163,2025
SED2_09847,100,184,2025
SED2_07487,250,89,2025
SED2_06024,100,183,2025
SED2_00254,630,196,2025
SED2_02968,400,73,2025
SED2_06075,50,168,2025
SED2_03632,160,159,2025
SED2_08711,100,347,2025
SED2_00776,100,154,2025
SED2_09898,100,128,2025
SED2_09277,100,175,2025
SED2_05772,100,176,2025
SED2_09883,100,141,2025
SED2_00898,100,155,2025
SED2_01269,100,147,2025
SED2_01453,100,139,2025
SED2_03653,160,249,2025
SED2_06180,100,202,2025
SED2_06438,250,161,2025
SED2_00062,100,164,2025
SED2_02008,160,215,2025
SED2_01455,100,153,2025
SED2_07966,160,258,2025
SED2_02737,100,192,2025
SED2_06363,100,190,2025
SED2_04248,50,96,2025
SED2_09548,630,455,2025
SED2_09917,160,109,2025
SED2_07067,100,74,2025
SED2_08468,400,9,2025
SED2_01628,400,369,2025
SED2_06921,250,17,2025
SED2_08075,50,94,2025
SED2_08202,160,107,2025
SED2_07655,160,127,2025
SED2_02837,160,111,2025
SED2_04968,100,63,2025
SED2_09395,100,33,2025
SED2_00389,100,25,2025
SED2_08191,160,7,2025
SED2_05653,100,108,2025
SED2_08603,100,76,2025
SED2_01024,100,181,2025
SED2_04167,250,158,2025
SED2_04021,100,146,2025
SED2_09150,160,81,2025
SED2_01812,50,71,2025
SED2_03925,100,231,2025
SED2_06985,100,18,2025
SED2_08441,100,19,2025
SED2_05425,100,119,2025
SED2_03174,50,91,2025
SED2_08584,100,226,2025
SED2_04578,250,230,2025
SED2_09500,100,310,2025
SED2_02938,100,65,2025
SED2_06071,250,90,2025
SED2_07021,250,103,2025
SED2_04472,50,88,2025
SED2_06635,100,32,2025
SED2_09556,160,84,2025
SED2_02954,100,100,2025
SED2_07444,100,111,2025
SED2_01999,100,106,2025
SED2_05503,250,31,2025
SED2_01975,100,250,2025
SED2_07441,160,193,2025
SED2_09907,100,292,2025
SED2_09125,160,14,2025
SED2_00215,250,26,2025
SED2_07327,160,210,2025
SED2_07282,100,203,2025
SED2_04636,250,84,2025
SED2_00959,160,228,2025
SED2_09221,250,5,2025
SED2_04102,160,56,2025
SED2_02751,630,6,2025
SED2_00201,160,16,2025
SED2_00908,250,19,2025
SED2_03575,400,53,2025
SED2_04973,50,20,2025
SED2_09338,250,41,2025
SED2_09449,250,18,2025
SED2_00367,160,348,2025
SED2_00915,400,7,2025
SED2_04296,400,20,2025
SED2_08629,160,70,2025
SED2_02522,160,4,2025
SED2_00105,160,70,2025
SED2_05212,100,54,2025
SED2_05358,400,4,2025
SED2_02131,630,314,2025
SED2_01211,160,154,2025
SED2_09609,250,17,2025
SED2_07446,250,112,2025
SED2_03496,250,189,2025
SED2_07505,250,34,2025
SED2_04717,250,64,2025
SED2_02090,100,134,2025
SED2_09475,100,49,2025
SED2_03568,100,186,2025
SED2_00441,100,236,2025
SED2_05813,100,300,2025
SED2_01216,100,94,2025
SED2_07553,100,86,2025
SED2_07114,100,150,2025
SED2_07118,100,64,2025
SED2_09179,100,47,2025
SED2_09353,160,32,2025
SED2_02915,50,89,2025
SED2_07501,100,30,2025
SED2_06516,100,15,2025
SED2_00647,100,22,2025
SED2_03271,160,328,2025
SED2_07198,100,157,2025
SED2_09826,100,90,2025
SED2_06003,100,177,2025
SED2_04820,100,181,2025
SED2_07420,160,257,2025
SED2_01060,50,90,2025
SED2_09525,250,9,2025
SED2_05336,250,60,2025
SED2_05077,100,5,2025
SED2_03303,100,5,2025
SED2_01057,50,2,2025
SED2_07582,100,192,2025
SED2_07664,160,196,2025
SED2_02034,100,115,2025
SED2_09218,100,137,2025
SED2_06346,100,175,2025
SED2_03061,160,38,2025
SED2_07878,160,63,2025
SED2_02308,160,37,2025
SED2_05121,160,57,2025
SED2_08885,160,54,2025
SED2_00137,160,36,2025
SED2_07816,160,23,2025
SED2_05004,160,63,2025
SED2_01971,160,25,2025
SED2_07692,100,44,2025
SED2_02267,160,44,2025
SED2_06977,100,34,2025
SED2_01951,160,61,2025
SED2_01549,100,66,2025
SED2_06681,160,22,2025
SED2_03629,160,28,2025
SED2_06880,160,26,2025
SED2_07715,160,46,2025
SED2_06458,160,18,2025
SED2_06613,160,53,2025
SED2_06067,160,32,2025
SED2_05267,400,57,2025
SED2_06756,160,46,2025
SED2_08228,250,10,2025
SED2_01255,250,56,2025
SED2_03807,100,11,2025
SED2_02042,100,193,2025
SED2_04018,400,63,2025
SED2_06311,250,54,2025
SED2_03431,100,157,2025
SED2_07211,100,86,2025
SED2_04624,100,103,2025
SED2_05106,160,4,2025
SED2_07063,160,319,2025
SED2_01173,250,88,2025
SED2_09246,160,305,2025
SED2_00048,160,118,2025
SED2_05814,160,212,2025
SED2_06754,100,122,2025
SED2_05186,50,65,2025
SED2_00079,400,31,2025
SED2_05247,100,147,2025
SED2_01460,100,243,2025
SED2_04415,250,11,2025
SED2_00590,50,80,2025
SED2_05524,100,82,2025
SED2_03993,100,82,2025
SED2_00751,100,67,2025
SED2_01021,160,82,2025
SED2_06084,160,83,2025
SED2_05527,160,185,2025
SED2_01842,160,163,2025
SED2_05291,100,146,2025
SED2_09832,100,202,2025
SED2_05522,250,316,2025
SED2_07916,100,226,2025
SED2_04550,250,20,2025
SED2_05931,250,33,2025
SED2_07233,250,34,2025
SED2_06930,100,51,2025
SED2_00865,160,262,2025
SED2_00371,160,178,2025
SED2_02170,100,229,2025
SED2_09771,160,197,2025
SED2_07891,100,134,2025
SED2_06477,160,298,2025
SED2_03694,100,95,2025
SED2_04529,160,293,2025
SED2_02068,100,211,2025
SED2_05286,160,46,2025
SED2_03729,100,1,2025
SED2_09783,250,8,2025
SED2_05052,160,264,2025
SED2_03615,630,192,2025
SED2_00315,160,335,2025
SED2_09361,160,164,2025
SED2_00792,250,230,2025
SED2_06904,100,214,2025
SED2_09176,160,113,2025
SED2_07625,50,1,2025
SED2_01022,160,276,2025
SED2_04479,100,148,2025
SED2_06482,100,116,2025
SED2_09334,100,159,2025
SED2_08808,160,57,2025
SED2_03984,160,153,2025
SED2_03094,160,196,2025
SED2_00966,160,230,2025
SED2_07336,400,1,2025
SED2_02004,250,19,2025
SED2_04424,100,164,2025
SED2_01189,250,82,2025
SED2_06038,160,54,2025
SED2_04080,400,12,2025
SED2_01259,250,15,2025
SED2_08443,100,130,2025
SED2_00872,100,96,2025
SED2_02906,100,242,2025
SED2_01426,100,141,2025
SED2_07836,100,80,2025
SED2_01987,50,2,2025
SED2_06155,100,46,2025
SED2_04709,50,116,2025
SED2_00815,100,161,2025
SED2_04537,100,130,2025
SED2_04859,400,240,2025
SED2_02346,250,307,2025
SED2_06440,400,6,2025
SED2_09651,100,325,2025
SED2_08857,100,366,2025
SED2_09102,100,208,2025
SED2_02590,250,53,2025
SED2_05625,160,127,2025
SED2_09747,250,27,2025
SED2_05654,100,7,2025
SED2_09853,250,2,2025
SED2_04976,250,10,2025
SED2_08090,160,23,2025
SED2_06056,100,142,2025
SED2_09875,100,62,2025
SED2_05764,100,115,2025
SED2_03517,100,139,2025
SED2_01291,160,13,2025
SED2_09863,160,20,2025
SED2_03288,160,36,2025
SED2_03369,100,31,2025
SED2_09642,100,74,2025
SED2_01450,400,6,2025
SED2_05150,100,68,2025
SED2_05221,100,157,2025
SED2_02729,100,108,2025
SED2_05490,100,40,2025
SED2_03297,160,110,2025
SED2_03362,100,119,2025
SED2_01925,160,133,2025
SED2_08065,100,130,2025
SED2_07038,100,234,2025
SED2_05458,250,56,2025
SED2_03404,100,90,2025
SED2_06673,250,65,2025
SED2_07254,100,125,2025
SED2_04695,160,258,2025
SED2_08394,160,23,2025
SED2_00318,160,22,2025
SED2_00055,160,20,2025
SED2_01692,160,22,2025
SED2_05322,160,3,2025
SED2_08100,250,188,2025
SED2_05230,400,199,2025
SED2_02764,100,58,2025
SED2_07959,50,14,2025
SED2_02610,100,94,2025
SED2_07390,100,24,2025
SED2_04310,20,14,2025
SED2_01949,50,52,2025
SED2_04770,50,70,2025
SED2_09443,50,54,2025
SED2_05681,50,77,2025
SED2_09940,50,40,2025
SED2_00698,50,48,2025
SED2_09873,50,61,2025
SED2_04748,50,29,2025
SED2_06838,50,19,2025
SED2_02839,50,31,2025
SED2_03894,50,55,2025
SED2_08106,50,113,2025
SED2_07083,50,98,2025
SED2_00039,50,62,2025
SED2_02625,50,68,2025
SED2_01389,100,31,2025
SED2_07997,50,51,2025
SED2_01207,50,55,2025
SED2_00071,100,113,2025
SED2_04389,20,19,2025
SED2_09193,50,87,2025
SED2_06417,50,73,2025
SED2_03570,50,75,2025
SED2_01397,50,76,2025
SED2_08509,20,42,2025
SED2_01770,160,3,2025
SED2_03482,160,2,2025
SED2_08186,160,16,2025
SED2_03064,100,200,2025
SED2_00662,160,234,2025
SED2_09924,250,100,2025
SED2_09565,160,120,2025
SED2_07595,160,28,2025
SED2_06170,400,4,2025
SED2_03932,250,12,2025
SED2_02171,400,55,2025
SED2_05031,100,170,2025
SED2_04164,100,162,2025
SED2_08604,250,178,2025
SED2_09003,100,110,2025
SED2_01378,160,198,2025
SED2_06410,160,176,2025
SED2_05064,160,171,2025
SED2_02543,160,10,2025
SED2_03705,160,11,2025
SED2_04671,160,15,2025
SED2_00691,160,9,2025
SED2_01647,160,11,2025
SED2_01865,160,13,2025
SED2_02575,250,5,2025
SED2_04098,160,8,2025
SED2_04151,250,9,2025
SED2_08329,100,72,2025
SED2_02953,100,171,2025
SED2_07723,100,91,2025
SED2_03193,100,14,2025
SED2_05848,100,192,2025
SED2_07073,100,165,2025
SED2_00879,100,6,2025
SED2_05611,100,100,2025
SED2_06686,250,1,2025
SED2_04357,160,4,2025
SED2_08937,100,117,2025
SED2_04246,160,1,2025
SED2_01246,160,3,2025
SED2_09593,50,114,2025
SED2_02057,100,277,2025
SED2_09117,100,108,2025
SED2_08793,100,101,2025
SED2_00392,160,244,2025
SED2_02834,160,149,2025
SED2_00022,100,92,2025
SED2_08681,160,150,2025
SED2_03839,100,139,2025
SED2_05842,400,42,2025
SED2_00614,250,68,2025
SED2_08215,160,45,2025
SED2_01471,100,253,2025
SED2_08345,250,1,2025
SED2_06187,250,11,2025
SED2_06130,100,38,2025
SED2_01010,100,38,2025
SED2_02435,250,91,2025
SED2_04382,100,9,2025
SED2_06588,100,125,2025
SED2_09555,160,79,2025
SED2_03290,100,54,2025
SED2_05793,100,220,2025
SED2_08227,100,162,2025
SED2_09080,250,49,2025
SED2_07797,160,50,2025
SED2_03555,160,33,2025
SED2_05122,160,25,2025
SED2_04087,160,49,2025
SED2_02162,100,258,2025
SED2_08019,160,33,2025
SED2_06762,250,21,2025
SED2_00009,250,9,2025
SED2_01164,160,1,2025
SED2_08627,100,174,2025
SED2_06634,250,60,2025
SED2_09868,160,47,2025
SED2_09206,400,206,2025
SED2_01126,160,8,2025
SED2_01754,160,54,2025
SED2_01732,50,4,2025
SED2_03459,50,1,2025
SED2_07970,160,59,2025
SED2_02989,250,20,2025
SED2_02512,160,109,2025
SED2_04303,160,46,2025
SED2_06362,100,55,2025
SED2_01690,160,73,2025
SED2_00132,50,3,2025
SED2_08381,400,15,2025
SED2_04010,50,1,2025
SED2_07754,160,149,2025
SED2_02410,160,212,2025
SED2_06810,160,205,2025
SED2_01908,100,47,2025
SED2_03711,160,8,2025
SED2_05216,250,21,2025
SED2_02294,50,4,2025
SED2_07722,400,235,2025
SED2_01236,100,101,2025
SED2_01034,250,37,2025
SED2_07537,100,27,2025
SED2_01612,100,281,2025
SED2_08084,250,110,2025
SED2_01565,100,5,2025
SED2_09434,100,7,2025
SED2_07644,160,71,2025
SED2_09496,160,72,2025
SED2_05362,160,74,2025
SED2_09048,250,18,2025
SED2_04836,100,64,2025
SED2_04846,400,39,2025
SED2_04173,160,203,2025
SED2_08425,160,170,2025
SED2_04492,160,165,2025
SED2_08006,160,230,2025
SED2_00030,100,219,2025
SED2_02128,100,75,2025
SED2_08003,400,6,2025
SED2_03355,160,6,2025
SED2_09020,400,74,2025
SED2_03874,400,9,2025
SED2_06853,160,106,2025
SED2_00848,100,52,2025
SED2_02358,160,8,2025
SED2_07932,160,132,2025
SED2_08772,250,262,2025
SED2_03439,250,2,2025
SED2_00418,160,236,2025
SED2_09065,100,63,2025
SED2_02202,100,68,2025
SED2_07472,100,37,2025
SED2_09318,160,29,2025
SED2_05655,250,35,2025
SED2_05577,100,96,2025
SED2_04587,100,195,2025
SED2_05496,100,15,2025
SED2_05530,100,1,2025
SED2_04117,160,SIN DATA,2025
SED2_08423,250,2,2025
SED2_00262,400,52,2025
SED2_05736,250,2,2025
SED2_04408,400,17,2025
SED2_09820,160,14,2025
SED2_03853,160,89,2025
SED2_02032,160,195,2025
SED2_03589,100,130,2025
SED2_08633,250,21,2025
SED2_00126,100,3,2025
SED2_07266,100,92,2025
SED2_03226,100,97,2025
SED2_01432,400,7,2025
SED2_04538,100,202,2025
SED2_09049,100,203,2025
SED2_05745,100,138,2025
SED2_00537,250,2,2025
SED2_05878,250,31,2025
SED2_02731,100,39,2025
SED2_00979,100,50,2025
SED2_03769,630,19,2025
SED2_07560,250,22,2025
SED2_00139,400,1,2025
SED2_00611,250,6,2025
SED2_01779,400,10,2025
SED2_00415,160,25,2025
SED2_03527,100,24,2025
SED2_05371,100,4,2025
SED2_03427,400,81,2025
SED2_04268,250,52,2025
SED2_08578,100,2,2025
SED2_04596,100,1,2025
SED2_00335,100,307,2025
SED2_00412,100,173,2025
SED2_09089,100,122,2025
SED2_04050,100,92,2025
SED2_03457,160,2,2025
SED2_00669,160,42,2025
SED2_02003,100,87,2025
SED2_07855,100,249,2025
SED2_01168,100,3,2025
SED2_05444,100,7,2025
SED2_04194,50,106,2025
SED2_09479,160,112,2025
SED2_02018,100,2,2025
SED2_07338,100,69,2025
SED2_03334,250,109,2025
SED2_03180,160,151,2025
SED2_00772,160,58,2025
SED2_08883,100,247,2025
SED2_08322,160,139,2025
SED2_07022,400,15,2025
SED2_06950,400,14,2025
SED2_02613,250,87,2025
SED2_04128,100,121,2025
SED2_08748,160,130,2025
SED2_08987,100,135,2025
SED2_08009,250,62,2025
SED2_00098,160,160,2025
SED2_07874,160,170,2025
SED2_06774,100,271,2025
SED2_00314,250,11,2025
SED2_06720,160,66,2025
SED2_02063,160,38,2025
SED2_01458,100,28,2025
SED2_09120,100,113,2025
SED2_08503,400,2,2025
SED2_00540,160,29,2025
SED2_04830,160,40,2025
SED2_05757,160,27,2025
SED2_04330,160,35,2025
SED2_02400,250,368,2025
SED2_02483,100,100,2025
SED2_02505,100,168,2025
SED2_00011,100,2,2025
SED2_04674,100,190,2025
SED2_02211,160,358,2025
SED2_09652,100,114,2025
SED2_05346,100,142,2025
SED2_02930,100,236,2025
SED2_02801,100,147,2025
SED2_06742,100,90,2025
SED2_09495,160,172,2025
SED2_05810,160,67,2025
SED2_03973,100,51,2025
SED2_02921,100,142,2025
SED2_07933,100,114,2025
SED2_09648,160,144,2025
SED2_08330,160,63,2025
SED2_02392,100,108,2025
SED2_00513,100,4,2025
SED2_03754,100,112,2025
SED2_03149,100,241,2025
SED2_06385,100,80,2025
SED2_08083,100,25,2025
SED2_07231,100,17,2025
SED2_01028,100,44,2025
SED2_05927,160,17,2025
SED2_06689,160,14,2025
SED2_09346,100,167,2025
SED2_09408,100,138,2025
SED2_02007,160,1,2025
SED2_07174,400,8,2025
SED2_05111,160,186,2025
SED2_01697,100,172,2025
SED2_00853,250,117,2025
SED2_04280,160,283,2025
SED2_01470,160,374,2025
SED2_09913,100,121,2025
SED2_00115,50,22,2025
SED2_06502,100,45,2025
SED2_04520,160,173,2025
SED2_04358,50,165,2025
SED2_06017,160,152,2025
SED2_03979,160,498,2025
SED2_04086,160,270,2025
SED2_02951,100,164,2025
SED2_01813,50,57,2025
SED2_09709,100,66,2025
SED2_03532,100,12,2025
SED2_07739,100,177,2025
SED2_03442,100,167,2025
SED2_04795,50,115,2025
SED2_08992,50,96,2025
SED2_04391,160,93,2025
SED2_04184,100,158,2025
SED2_01560,100,145,2025
SED2_03650,100,193,2025
SED2_02789,100,150,2025
SED2_03102,160,151,2025
SED2_03240,100,240,2025
SED2_09585,100,142,2025
SED2_06679,100,281,2025
SED2_03710,50,208,2025
SED2_05439,100,194,2025
SED2_06922,160,184,2025
SED2_05936,100,79,2025
SED2_07109,250,62,2025
SED2_01109,100,139,2025
SED2_04911,160,1,2025
SED2_02479,50,10,2025
SED2_04877,100,103,2025
SED2_03698,250,62,2025
SED2_05257,100,35,2025
SED2_06788,100,51,2025
SED2_04376,100,81,2025
SED2_00766,100,258,2025
SED2_06384,160,166,2025
SED2_07877,160,117,2025
SED2_04404,160,131,2025
SED2_01982,160,123,2025
SED2_08888,160,181,2025
SED2_05270,100,90,2025
SED2_04431,100,4,2025
SED2_03139,160,136,2025
SED2_00373,400,88,2025
SED2_05457,160,107,2025
SED2_07060,100,113,2025
SED2_00995,100,226,2025
SED2_05075,100,97,2025
SED2_00291,400,10,2025
SED2_06646,250,10,2025
SED2_07850,160,7,2025
SED2_09838,160,9,2025
SED2_05794,160,10,2025
SED2_01989,250,16,2025
SED2_00900,400,22,2025
SED2_08092,250,15,2025
SED2_04524,160,14,2025
SED2_09812,400,9,2025
SED2_06503,250,15,2025
SED2_02907,250,20,2025
SED2_02825,250,23,2025
SED2_05235,160,19,2025
SED2_05540,250,16,2025
SED2_04583,160,11,2025
SED2_00730,100,9,2025
SED2_01399,160,125,2025
SED2_01103,100,225,2025
SED2_03144,250,SIN DATA,2025
SED2_06396,100,146,2025
SED2_05059,100,108,2025
SED2_03347,100,84,2025
SED2_05427,160,216,2025
SED2_03016,100,87,2025
SED2_01603,100,108,2025
SED2_08306,160,280,2025
SED2_08124,160,17,2025
SED2_05567,160,101,2025
SED2_03522,400,6,2025
SED2_06383,250,144,2025
SED2_01900,160,171,2025
SED2_06365,160,78,2025
SED2_00146,160,114,2025
SED2_01601,100,63,2025
SED2_04694,100,63,2025
SED2_09888,400,2,2025
SED2_03715,160,47,2025
SED2_09311,250,15,2025
SED2_08103,100,2,2025
SED2_01551,250,92,2025
SED2_06122,400,7,2025
SED2_03611,160,9,2025
SED2_07495,160,196,2025
SED2_08736,160,48,2025
SED2_03188,160,90,2025
SED2_01020,160,76,2025
SED2_06854,100,57,2025
SED2_09175,400,3,2025
SED2_01293,100,265,2025
SED2_00499,160,88,2025
SED2_00473,100,20,2025
SED2_04481,160,11,2025
SED2_03128,100,1,2025
SED2_06354,160,20,2025
SED2_08804,400,26,2025
SED2_00309,100,66,2025
SED2_06090,160,1,2025
SED2_08157,400,31,2025
SED2_01017,100,176,2025
SED2_07361,400,21,2025
SED2_08586,100,15,2025
SED2_00407,100,SIN DATA,2025
SED2_07731,160,1,2025
SED2_00518,160,10,2025
SED2_04558,160,23,2025
SED2_00962,160,12,2025
SED2_07178,160,6,2025
SED2_07871,160,15,2025
SED2_01895,160,55,2025
SED2_04603,160,64,2025
SED2_08598,100,51,2025
SED2_01004,100,60,2025
SED2_09307,160,15,2025
SED2_04654,160,13,2025
SED2_07156,160,13,2025
SED2_05671,100,45,2025
SED2_07617,160,15,2025
SED2_06524,160,SIN DATA,2025
SED2_02535,160,22,2025
SED2_03363,100,97,2025
SED2_06107,160,255,2025
SED2_05142,160,106,2025
SED2_08608,100,1,2025
SED2_09498,160,39,2025
SED2_04684,100,54,2025
SED2_08666,160,54,2025
SED2_04437,160,29,2025
SED2_08512,100,33,2025
SED2_02333,250,52,2025
SED2_09753,160,101,2025
SED2_00340,100,123,2025
SED2_02623,100,200,2025
SED2_08300,250,1,2025
SED2_07534,100,84,2025
SED2_05386,100,129,2025
SED2_03774,100,73,2025
SED2_09233,160,95,2025
SED2_06129,160,58,2025
SED2_09767,100,7,2025
SED2_08946,100,23,2025
SED2_09037,100,163,2025
SED2_00236,160,10,2025
SED2_02296,50,SIN DATA,2025
SED2_01367,400,20,2025
SED2_03454,100,8,2025
SED2_08733,400,36,2025
SED2_02183,100,33,2025
SED2_00607,250,141,2025
SED2_03799,160,35,2025
SED2_04885,250,30,2025
SED2_09378,250,26,2025
SED2_00063,250,21,2025
SED2_07474,100,76,2025
SED2_02466,100,49,2025
SED2_04323,160,93,2025
SED2_08968,400,46,2025
SED2_04540,160,13,2025
SED2_06302,100,66,2025
SED2_00711,160,68,2025
SED2_01087,100,24,2025
SED2_06481,160,110,2025
SED2_05271,160,210,2025
SED2_07126,100,17,2025
SED2_04961,100,115,2025
SED2_02513,100,75,2025
SED2_01829,160,64,2025
SED2_02795,160,134,2025
SED2_01305,250,2,2025
SED2_06607,160,1,2025
SED2_06683,160,53,2025
SED2_01745,160,546,2025
SED2_04735,250,SIN DATA,2025
SED2_00603,400,3,2025
SED2_06546,250,169,2025
SED2_05974,160,53,2025
SED2_06878,160,49,2025
SED2_04384,160,149,2025
SED2_04338,160,103,2025
SED2_09680,250,23,2025
SED2_08271,160,90,2025
SED2_07689,100,134,2025
SED2_02553,250,30,2025
SED2_03263,250,88,2025
SED2_00301,400,239,2025
SED2_05036,250,53,2025
SED2_02339,160,54,2025
SED2_06453,160,2,2025
SED2_08863,250,118,2025
SED2_03015,160,352,2025
SED2_02078,250,SIN DATA,2025
SED2_09621,160,103,2025
SED2_04339,100,37,2025
SED2_09319,100,19,2025
SED2_02677,100,43,2025
SED2_01369,100,45,2025
SED2_09459,100,21,2025
SED2_00635,100,37,2025
SED2_06221,160,54,2025
SED2_07243,160,139,2025
SED2_06912,160,2,2025
SED2_03103,50,89,2025
SED2_02525,250,10,2025
SED2_00221,400,39,2025
SED2_05710,0,SIN DATA,2025
SED2_07988,400,2,2025
SED2_05279,160,239,2025
SED2_06157,160,86,2025
SED2_02536,400,22,2025
SED2_05889,400,19,2025
SED2_00968,100,15,2025
SED2_08150,100,18,2025
SED2_09051,160,1,2025
SED2_04360,160,44,2025
SED2_09078,100,37,2025
SED2_00867,100,33,2025
SED2_02952,250,198,2025
SED2_07787,160,1,2025
SED2_09138,160,151,2025
SED2_06710,160,91,2025
SED2_07706,160,119,2025
SED2_08050,250,4,2025
SED2_08438,160,45,2025
SED2_03258,160,31,2025
SED2_05118,50,167,2025
SED2_06434,100,133,2025
SED2_04506,160,41,2025
SED2_06397,100,49,2025
SED2_06512,160,204,2025
SED2_01504,50,30,2025
SED2_03876,160,12,2025
SED2_04557,100,95,2025
SED2_00725,100,1,2025
SED2_05679,100,369,2025
SED2_02054,160,133,2025
SED2_03460,100,135,2025
SED2_00880,100,95,2025
SED2_05591,400,33,2025
SED2_07539,160,271,2025
SED2_08416,100,154,2025
SED2_02544,160,5,2025
SED2_08480,250,5,2025
SED2_03880,100,18,2025
SED2_05995,100,31,2025
SED2_08826,100,36,2025
SED2_00850,100,88,2025
SED2_09870,250,2,2025
SED2_03150,400,64,2025
SED2_06328,160,17,2025
SED2_09758,400,12,2025
SED2_02758,250,21,2025
SED2_08862,160,57,2025
SED2_07332,100,2,2025
SED2_01343,100,137,2025
SED2_02234,400,4,2025
SED2_08238,160,12,2025
SED2_04928,160,55,2025
SED2_05005,100,59,2025
SED2_03235,100,164,2025
SED2_06595,50,SIN DATA,2025
SED2_09189,160,79,2025
SED2_05623,160,61,2025
SED2_06143,100,180,2025
SED2_08870,100,13,2025
SED2_06290,100,30,2025
SED2_01713,100,58,2025
SED2_04103,160,77,2025
SED2_01866,160,193,2025
SED2_09703,100,155,2025
SED2_00741,50,167,2025
SED2_00912,160,70,2025
SED2_05902,160,93,2025
SED2_07363,160,9,2025
SED2_00310,160,213,2025
SED2_07046,100,9,2025
SED2_08571,160,65,2025
SED2_08879,100,188,2025
SED2_08667,160,1,2025
SED2_08235,250,103,2025
SED2_05220,100,108,2025
SED2_09437,50,39,2025
SED2_02515,160,119,2025
SED2_05319,250,1,2025
SED2_00771,160,56,2025
SED2_02418,160,1,2025
SED2_01854,100,70,2025
SED2_05461,160,29,2025
SED2_05456,160,299,2025
SED2_03325,160,197,2025
SED2_00950,160,8,2025
SED2_03543,160,14,2025
SED2_00256,250,8,2025
SED2_05784,160,27,2025
SED2_01703,250,93,2025
SED2_01606,160,32,2025
SED2_06783,100,2,2025
SED2_07967,160,2,2025
SED2_01076,250,244,2025
SED2_01671,100,280,2025
SED2_06339,250,66,2025
SED2_06771,100,1,2025
SED2_02425,160,10,2025
SED2_03784,50,SIN DATA,2025
SED2_06260,50,32,2025
SED2_08393,160,117,2025
SED2_06608,160,49,2025
SED2_00294,160,37,2025
SED2_07926,400,5,2025
SED2_05948,160,121,2025
SED2_03723,100,218,2025
SED2_06550,100,112,2025
SED2_09081,160,6,2025
SED2_02076,250,194,2025
SED2_03267,100,96,2025
SED2_00213,160,127,2025
SED2_06491,100,37,2025
SED2_04461,160,341,2025
SED2_09766,160,85,2025
SED2_03249,160,40,2025
SED2_03684,160,67,2025
SED2_01061,100,163,2025
SED2_01993,160,44,2025
SED2_02206,160,16,2025
SED2_05676,160,54,2025
SED2_05767,160,78,2025
SED2_00324,250,31,2025
SED2_05785,100,103,2025
SED2_00486,100,136,2025
SED2_09570,50,5,2025
SED2_07357,160,63,2025
SED2_09886,250,88,2025
SED2_06176,160,42,2025
SED2_03111,160,1,2025
SED2_07389,100,75,2025
SED2_02904,100,SIN DATA,2025
SED2_05405,160,203,2025
SED2_05916,160,157,2025
SED2_03452,160,79,2025
SED2_06815,100,25,2025
SED2_07039,160,59,2025
SED2_03436,160,179,2025
SED2_05639,250,46,2025
SED2_05464,100,75,2025
SED2_01375,160,285,2025
SED2_02093,250,8,2025
SED2_05061,100,22,2025
SED2_07987,160,2,2025
SED2_07321,100,125,2025
SED2_03525,100,59,2025
SED2_03248,250,2,2025
SED2_07892,250,137,2025
SED2_04985,160,35,2025
SED2_01440,160,SIN DATA,2025
SED2_00478,100,96,2025
SED2_02214,250,80,2025
SED2_02735,100,106,2025
SED2_09087,100,50,2025
SED2_03277,100,32,2025
SED2_00481,400,25,2025
SED2_06333,100,136,2025
SED2_02638,160,136,2025
SED2_00546,160,270,2025
SED2_09451,160,329,2025
SED2_09322,160,188,2025
SED2_01253,160,300,2025
SED2_06203,400,1,2025
SED2_03054,100,11,2025
SED2_07508,160,13,2025
SED2_07784,160,21,2025
SED2_05462,100,65,2025
SED2_03197,160,1,2025
SED2_07042,100,59,2025
SED2_00037,160,194,2025
SED2_03207,100,4,2025
SED2_04683,160,15,2025
SED2_04266,250,174,2025
SED2_07317,100,130,2025
SED2_03006,250,30,2025
SED2_09507,100,109,2025
SED2_03328,100,29,2025
SED2_04812,160,12,2025
SED2_04773,100,30,2025
SED2_03280,100,54,2025
SED2_06748,100,46,2025
SED2_02546,160,30,2025
SED2_03030,160,11,2025
SED2_09493,100,3,2025
SED2_01581,160,37,2025
SED2_03282,100,3,2025
SED2_04681,250,10,2025
SED2_09074,160,112,2025
SED2_06860,160,100,2025
SED2_08528,100,86,2025
SED2_01700,100,299,2025
SED2_04056,160,268,2025
SED2_00333,50,170,2025
SED2_08923,50,140,2025
SED2_08720,160,26,2025
SED2_08458,100,42,2025
SED2_07528,100,113,2025
SED2_04932,160,50,2025
SED2_03980,100,7,2025
SED2_02105,100,117,2025
SED2_07011,160,124,2025
SED2_00764,250,245,2025
SED2_01962,400,261,2025
SED2_06851,160,378,2025
SED2_08904,100,38,2025
SED2_04065,100,33,2025
SED2_09332,100,1,2025
SED2_05628,100,61,2025
SED2_06136,250,9,2025
SED2_03380,100,54,2025
SED2_06190,160,65,2025
SED2_02629,100,112,2025
SED2_03337,50,34,2025
SED2_05103,630,120,2025
SED2_04744,100,134,2025
SED2_07403,50,71,2025
SED2_00948,400,245,2025
SED2_05946,250,111,2025
SED2_03287,100,SIN DATA,2025
SED2_03940,250,61,2025
SED2_04845,250,12,2025
SED2_00575,160,376,2025
SED2_07819,100,61,2025
SED2_03109,100,1,2025
SED2_04742,400,31,2025
SED2_02329,100,6,2025
SED2_05460,160,31,2025
SED2_08927,160,30,2025
SED2_00376,100,57,2025
SED2_03440,400,12,2025
SED2_07017,400,42,2025
SED2_00857,160,127,2025
SED2_05545,100,30,2025
SED2_01011,400,14,2025
SED2_01252,100,45,2025
SED2_00403,100,51,2025
SED2_07460,100,117,2025
SED2_08268,100,102,2025
SED2_00717,100,203,2025
SED2_01475,160,278,2025
SED2_05507,100,142,2025
SED2_08193,400,1,2025
SED2_05083,250,4,2025
SED2_04753,100,81,2025
SED2_01996,160,48,2025
SED2_09419,250,36,2025
SED2_06836,250,117,2025
SED2_09342,250,1,2025
SED2_00072,160,17,2025
SED2_04004,100,6,2025
SED2_01609,160,16,2025
SED2_01037,100,71,2025
SED2_02865,160,46,2025
SED2_04288,160,120,2025
SED2_04640,100,1,2025
SED2_07545,100,165,2025
SED2_05991,160,109,2025
SED2_00295,100,127,2025
SED2_01892,100,SIN DATA,2025
SED2_09725,100,152,2025
SED2_01968,100,47,2025
SED2_07482,400,SIN DATA,2025
SED2_04464,160,65,2025
SED2_07251,250,88,2025
SED2_04075,50,SIN DATA,2025
SED2_05515,250,12,2025
SED2_03768,100,233,2025
SED2_03275,160,9,2025
SED2_02936,160,SIN DATA,2025
SED2_08970,160,SIN DATA,2025
SED2_06941,160,319,2025
SED2_07724,100,104,2025
SED2_02946,250,176,2025
SED2_05782,160,343,2025
SED2_08731,100,25,2025
SED2_05289,100,SIN DATA,2025
SED2_08435,160,111,2025
SED2_07759,100,SIN DATA,2025
SED2_03833,160,SIN DATA,2025
SED2_05222,160,67,2025
SED2_05391,160,303,2025
SED2_01921,160,46,2025
SED2_00918,100,83,2025
SED2_09296,400,1,2025
SED2_03882,100,273,2025
SED2_06959,100,19,2025
SED2_09550,100,200,2025
SED2_01912,100,172,2025
SED2_05590,100,229,2025
SED2_05002,100,189,2025
SED2_08131,100,230,2025
SED2_04955,100,88,2025
SED2_04448,100,108,2025
SED2_00052,100,72,2025
SED2_00640,100,90,2025
SED2_03530,50,88,2025
SED2_06961,250,SIN DATA,2025
SED2_00157,250,16,2025
SED2_05796,100,SIN DATA,2025
SED2_05982,100,93,2025
SED2_08167,250,2,2025
SED2_00453,160,147,2025
SED2_07020,160,26,2025
SED2_02593,100,19,2025
SED2_06292,250,155,2025
SED2_08935,160,211,2025
SED2_03821,100,121,2025
SED2_09729,160,68,2025
SED2_07955,160,101,2025
SED2_01935,100,43,2025
SED2_00359,100,86,2025
SED2_09057,160,216,2025
SED2_07607,100,63,2025
SED2_07262,100,98,2025
SED2_00426,100,105,2025
SED2_07081,100,96,2025
SED2_05706,160,124,2025
SED2_06973,100,103,2025
SED2_02712,100,63,2025
SED2_04294,100,129,2025
SED2_00250,100,57,2025
SED2_08875,160,1,2025
SED2_05579,100,77,2025
SED2_04862,100,8,2025
SED2_06906,100,75,2025
SED2_07106,160,SIN DATA,2025
SED2_08566,250,216,2025
SED2_05155,400,SIN DATA,2025
SED2_07469,160,SIN DATA,2025
SED2_06528,160,278,2025
SED2_00502,160,1,2025
SED2_06494,100,329,2025
SED2_08376,160,51,2025
SED2_02496,100,104,2025
SED2_03244,400,252,2025
SED2_02528,400,21,2025
SED2_09369,160,2,2025
SED2_06412,250,1,2025
SED2_02621,250,SIN DATA,2025
SED2_06498,100,140,2025
SED2_09796,250,1,2025
SED2_05334,100,106,2025
SED2_03934,100,SIN DATA,2025
SED2_09088,100,88,2025
SED2_08899,400,1,2025
SED2_08594,50,SIN DATA,2025
SED2_08648,250,222,2025
SED2_04875,250,SIN DATA,2025
SED2_05970,100,SIN DATA,2025
SED2_02600,100,SIN DATA,2025
SED2_08089,160,287,2025
SED2_00624,160,130,2025
SED2_01602,160,SIN DATA,2025
SED2_03218,250,14,2025
SED2_09442,160,104,2025
SED2_04502,160,25,2025
SED2_00922,160,52,2025
SED2_04665,160,SIN DATA,2025
SED2_03971,160,SIN DATA,2025
SED2_00053,160,SIN DATA,2025
SED2_08928,160,179,2025
SED2_01859,100,189,2025
SED2_03679,100,57,2025
SED2_02897,250,251,2025
SED2_08262,160,1,2025
SED2_00358,400,SIN DATA,2025
SED2_08820,100,8,2025
SED2_05000,160,236,2025
SED2_02809,50,37,2025
SED2_00925,250,222,2025
SED2_06548,160,7,2025
SED2_00601,100,SIN DATA,2025
SED2_09785,250,2,2025
SED2_08397,250,361,2025
SED2_00884,250,64,2025
SED2_02871,250,3,2025
SED2_02493,50,14,2025
SED2_07910,100,SIN DATA,2025
SED2_08757,160,SIN DATA,2025
SED2_08289,250,49,2025
SED2_04606,100,8,2025
SED2_04916,160,84,2025
SED2_06609,100,SIN DATA,2025
SED2_02124,250,181,2025
SED2_01590,250,SIN DATA,2025
SED2_05926,160,SIN DATA,2025
SED2_03742,160,SIN DATA,2025
SED2_00523,250,SIN DATA,2025
SED2_04474,160,138,2025
SED2_04903,160,73,2025
SED2_01663,100,219,2025
SED2_02824,160,93,2025
SED2_01552,160,178,2025
SED2_07562,160,60,2025
SED2_04740,160,110,2025
SED2_08713,160,49,2025
SED2_09173,160,119,2025
SED2_08256,160,282,2025
SED2_01880,250,SIN DATA,2025
SED2_01693,100,59,2025
SED2_00509,50,5,2025
SED2_02405,160,117,2025
SED2_09046,250,104,2025
SED2_09469,160,44,2025
SED2_04826,100,15,2025
SED2_06053,100,36,2025
SED2_06189,160,1,2025
SED2_00875,100,110,2025
SED2_05635,160,69,2025
SED2_02502,160,SIN DATA,2025
SED2_00307,400,32,2025
SED2_09694,160,150,2025
SED2_06647,160,128,2025
SED2_00889,100,71,2025
SED2_09938,160,74,2025
SED2_07697,160,44,2025
SED2_06685,400,23,2025
SED2_03620,250,180,2025
SED2_08175,100,SIN DATA,2025
SED2_06879,50,90,2025
SED2_04402,160,SIN DATA,2025
SED2_04486,100,13,2025
SED2_00905,160,SIN DATA,2025
SED2_09584,400,SIN DATA,2025
SED2_04706,250,2,2025
SED2_07940,160,85,2025
SED2_07129,160,178,2025
SED2_00528,250,1,2025
SED2_09383,100,62,2025
SED2_09775,250,1,2025
SED2_00758,160,SIN DATA,2025
SED2_07586,100,SIN DATA,2025
SED2_02044,160,1,2025
SED2_05034,160,3,2025
SED2_08288,100,SIN DATA,2025
SED2_05173,160,24,2025
SED2_07030,400,1,2025
SED2_07840,100,158,2025
SED2_08623,400,125,2025
SED2_06552,100,143,2025
SED2_03281,160,68,2025
SED2_04965,160,3,2025
SED2_02855,160,41,2025
SED2_04608,100,133,2025
SED2_02918,160,24,2025
SED2_05447,160,270,2025
SED2_08989,100,103,2025
SED2_00383,160,164,2025
SED2_08910,100,105,2025
SED2_07315,250,SIN DATA,2025
SED2_01310,50,SIN DATA,2025
SED2_00671,400,163,2025
SED2_07912,160,SIN DATA,2025
SED2_08476,100,58,2025
SED2_06025,100,76,2025
SED2_04024,100,178,2025
SED2_06723,100,110,2025
SED2_01174,160,SIN DATA,2025
SED2_07834,100,44,2025
SED2_00474,50,240,2025
SED2_04300,100,10,2025
SED2_07493,160,SIN DATA,2025
SED2_06757,100,SIN DATA,2025
SED2_05104,160,SIN DATA,2025
SED2_04884,400,51,2025
SED2_07162,400,3,2025
SED2_04139,160,255,2025
SED2_00190,160,SIN DATA,2025
SED2_02998,160,SIN DATA,2025
SED2_02145,160,43,2025
SED2_07270,160,84,2025
SED2_04351,100,76,2025
SED2_02529,160,176,2025
SED2_04545,100,SIN DATA,2025
SED2_03125,160,89,2025
SED2_01965,160,11,2025
SED2_08893,100,95,2025
SED2_07866,160,SIN DATA,2025
SED2_02143,160,24,2025
SED2_02495,250,1,2025
SED2_04333,100,95,2025
SED2_05188,160,36,2025
SED2_06833,160,40,2025
SED2_09835,160,SIN DATA,2025
SED2_00057,160,26,2025
SED2_07161,100,12,2025
SED2_06043,100,53,2025
SED2_07790,160,66,2025
SED2_08341,100,52,2025
SED2_02049,160,5,2025
SED2_03879,100,69,2025
SED2_08094,160,79,2025
SED2_00761,160,8,2025
SED2_09225,160,101,2025
SED2_04473,160,13,2025
SED2_03074,100,39,2025
SED2_05877,100,84,2025
SED2_00578,160,140,2025
SED2_07437,250,215,2025
SED2_05325,100,76,2025
SED2_03999,160,78,2025
SED2_08357,100,209,2025
SED2_03956,160,494,2025
SED2_01644,160,53,2025
SED2_06074,100,144,2025
SED2_04576,250,SIN DATA,2025
SED2_06324,100,42,2025
SED2_01403,160,290,2025
SED2_02673,160,104,2025
SED2_09803,160,SIN DATA,2025
SED2_02992,250,445,2025
SED2_08144,100,248,2025
SED2_06915,100,12,2025
SED2_06150,100,16,2025
SED2_01791,100,SIN DATA,2025
SED2_08280,100,SIN DATA,2025
SED2_02715,160,4,2025
SED2_07845,100,4,2025
SED2_04766,100,237,2025
SED2_08984,160,1,2025
SED2_06990,400,208,2025
SED2_06989,160,43,2025
SED2_03211,100,21,2025
SED2_04871,50,71,2025
SED2_09098,100,61,2025
SED2_08971,100,43,2025
SED2_07328,160,32,2025
SED2_09242,160,39,2025
SED2_01670,160,41,2025
SED2_05185,250,6,2025
SED2_07163,250,40,2025
SED2_07594,250,47,2025
SED2_09086,250,57,2025
SED2_07222,400,5,2025
SED2_09393,100,58,2025
SED2_06065,160,40,2025
SED2_02409,100,162,2025
SED2_06069,100,41,2025
SED2_06533,160,166,2025
SED2_07733,160,43,2025
SED2_01049,160,8,2025
SED2_00080,100,71,2025
SED2_01684,160,39,2025
SED2_06207,160,81,2025
SED2_08427,160,105,2025
SED2_08997,160,76,2025
SED2_04265,160,68,2025
SED2_03704,160,86,2025
SED2_05210,160,102,2025
SED2_07407,100,51,2025
SED2_08540,100,66,2025
SED2_09428,160,55,2025
SED2_09879,160,37,2025
SED2_06598,160,40,2025
SED2_04964,160,122,2025
SED2_05147,160,17,2025
SED2_04130,100,82,2025
SED2_03119,100,86,2025
SED2_02655,100,62,2025
SED2_04892,160,105,2025
SED2_06734,100,41,2025
SED2_04286,100,7,2025
SED2_05435,400,8,2025
SED2_07618,100,52,2025
SED2_07066,160,13,2025
SED2_00549,250,96,2025
SED2_01995,160,104,2025
SED2_01088,50,54,2025
SED2_03458,100,44,2025
SED2_05207,160,25,2025
SED2_02473,100,79,2025
SED2_02113,100,137,2025
SED2_04581,160,138,2025
SED2_03501,160,34,2025
SED2_01902,160,414,2025
SED2_04499,160,1,2025
SED2_03524,100,59,2025
SED2_09588,400,16,2025
SED2_02573,100,18,2025
SED2_01244,160,114,2025
SED2_04615,100,114,2025
SED2_01321,160,4,2025
SED2_06164,160,275,2025
SED2_03002,400,22,2025
SED2_05828,160,SIN DATA,2025
SED2_02122,100,SIN DATA,2025
SED2_00372,100,27,2025
SED2_04808,160,91,2025
SED2_08658,400,4,2025
SED2_03435,100,33,2025
SED2_06011,160,31,2025
SED2_03627,50,SIN DATA,2025
SED2_00179,50,SIN DATA,2025
SED2_08072,50,SIN DATA,2025
SED2_01063,160,34,2025
SED2_03388,160,69,2025
SED2_04733,250,240,2025
SED2_01807,160,89,2025
SED2_04230,100,SIN DATA,2025
SED2_04374,100,6,2025
SED2_03286,100,82,2025
SED2_06419,250,12,2025
SED2_07087,160,17,2025
SED2_02565,100,SIN DATA,2025
SED2_03147,160,57,2025
SED2_04541,100,1,2025
SED2_00129,100,6,2025
SED2_00435,100,40,2025
SED2_00745,100,1,2025
SED2_00194,100,5,2025
SED2_09194,160,173,2025
SED2_03921,160,99,2025
SED2_00483,400,2,2025
SED2_08896,250,SIN DATA,2025
SED2_04055,100,196,2025
SED2_01152,100,57,2025
SED2_08619,160,62,2025
SED2_01876,160,171,2025
SED2_09108,400,5,2025
SED2_02576,160,104,2025
SED2_05054,160,103,2025
SED2_01517,160,309,2025
SED2_01120,100,11,2025
SED2_02281,100,50,2025
SED2_06245,160,22,2025
SED2_05493,100,SIN DATA,2025
SED2_00796,160,SIN DATA,2025
SED2_03504,100,SIN DATA,2025
SED2_03044,100,SIN DATA,2025
SED2_04257,160,59,2025
SED2_06703,100,19,2025
SED2_08823,100,21,2025
SED2_00276,160,34,2025
SED2_04059,50,63,2025
SED2_04960,100,46,2025
SED2_00248,160,151,2025
SED2_09196,160,66,2025
SED2_09104,100,36,2025
SED2_07186,100,128,2025
SED2_02416,160,50,2025
SED2_01546,100,100,2025
SED2_00536,160,43,2025
SED2_03259,160,29,2025
SED2_01469,160,86,2025
SED2_00843,100,306,2025
SED2_03649,160,98,2025
SED2_00069,250,1,2025
SED2_08649,100,2,2025
SED2_01564,160,168,2025
SED2_09367,100,16,2025
SED2_05452,160,165,2025
SED2_06223,160,135,2025
SED2_06374,160,9,2025
SED2_05621,160,43,2025
SED2_04122,100,103,2025
SED2_03335,160,17,2025
SED2_03772,160,99,2025
SED2_08139,160,146,2025
SED2_05290,160,29,2025
SED2_01006,400,SIN DATA,2025
SED2_01878,160,SIN DATA,2025
SED2_07072,160,SIN DATA,2025
SED2_05608,100,6,2025
SED2_05687,160,8,2025
SED2_04935,100,59,2025
SED2_07626,100,99,2025
SED2_07800,400,73,2025
SED2_00497,160,13,2025
SED2_08223,100,55,2025
SED2_06777,100,40,2025
SED2_00427,100,27,2025
SED2_00604,160,SIN DATA,2025
SED2_05637,160,SIN DATA,2025
SED2_03465,160,SIN DATA,2025
SED2_07811,250,SIN DATA,2025
SED2_08654,100,152,2025
SED2_00589,50,63,2025
SED2_02186,100,36,2025
SED2_01844,160,56,2025
SED2_02378,160,157,2025
SED2_05126,400,348,2025
SED2_07035,160,SIN DATA,2025
SED2_04276,100,SIN DATA,2025
SED2_04847,160,7,2025
SED2_00001,100,69,2025
SED2_09640,50,SIN DATA,2025
SED2_04563,100,12,2025
SED2_07078,100,68,2025
SED2_01000,100,39,2025
SED2_01828,100,60,2025
SED2_00152,250,SIN DATA,2025
SED2_04828,100,3,2025
SED2_06908,160,59,2025
SED2_01716,160,142,2025
SED2_00180,400,32,2025
SED2_00361,50,27,2025
SED2_06281,100,85,2025
SED2_02491,400,1,2025
SED2_01913,100,224,2025
SED2_05431,160,116,2025
SED2_07409,100,21,2025
SED2_01415,160,SIN DATA,2025
SED2_09521,160,244,2025
SED2_02995,100,114,2025
SED2_09533,160,34,2025
SED2_01234,100,96,2025
SED2_01149,160,120,2025
SED2_01462,400,33,2025
SED2_08813,400,2,2025
SED2_06076,160,35,2025
SED2_02605,100,26,2025
SED2_08519,160,68,2025
SED2_04468,100,31,2025
SED2_00398,160,20,2025
SED2_03817,100,83,2025
SED2_05850,100,122,2025
SED2_01464,100,78,2025
SED2_07710,250,43,2025
SED2_07846,100,35,2025
SED2_07188,100,20,2025
SED2_08983,100,18,2025
SED2_00677,400,14,2025
SED2_03515,160,77,2025
SED2_03560,160,142,2025
SED2_09545,100,24,2025
SED2_05884,250,37,2025
SED2_08550,160,43,2025
SED2_03764,100,SIN DATA,2025
SED2_09490,100,48,2025
SED2_01254,250,21,2025
SED2_09016,160,108,2025
SED2_06368,50,37,2025
SED2_06897,100,SIN DATA,2025
SED2_02045,100,121,2025
SED2_08806,160,207,2025
SED2_05610,100,162,2025
SED2_09522,100,161,2025
SED2_03696,100,220,2025
SED2_03320,100,174,2025
SED2_08373,400,168,2025
SED2_06390,100,173,2025
SED2_02450,100,131,2025
SED2_08975,250,182,2025
SED2_00965,100,217,2025
SED2_07445,250,108,2025
SED2_07256,160,103,2025
SED2_04511,50,153,2025
SED2_06707,100,107,2025
SED2_06727,100,122,2025
SED2_06274,25,59,2025
SED2_02058,250,109,2025
SED2_02386,100,166,2025
SED2_03300,100,192,2025
SED2_02061,160,151,2025
SED2_06329,100,50,2025
SED2_00819,400,32,2025
SED2_07199,160,62,2025
SED2_08267,400,7,2025
SED2_05797,250,299,2025
SED2_05400,160,3,2025
SED2_04739,250,368,2025
SED2_06430,250,518,2025
SED2_00233,160,32,2025
SED2_09852,25,75,2025
SED2_04498,50,93,2025
SED2_02596,100,71,2025
SED2_03143,100,2,2025
SED2_05123,100,86,2025
SED2_05011,160,82,2025
SED2_07337,800,43,2025
SED2_09762,100,203,2025
SED2_05323,160,299,2025
SED2_03361,160,278,2025
SED2_02790,250,210,2025
SED2_00763,100,213,2025
SED2_03546,100,161,2025
SED2_05776,250,254,2025
SED2_04392,50,85,2025
SED2_01679,160,229,2025
SED2_06198,50,96,2025
SED2_09646,100,142,2025
SED2_05556,100,227,2025
SED2_03855,100,234,2025
SED2_01977,100,165,2025
SED2_04064,100,102,2025
SED2_01092,160,149,2025
SED2_03196,25,46,2025
SED2_01659,100,158,2025
SED2_01237,100,146,2025
SED2_06265,50,62,2025
SED2_02518,75,23,2025
SED2_05508,25,36,2025
SED2_07253,25,60,2025
SED2_06616,25,33,2025
SED2_01592,160,152,2025
SED2_03544,100,121,2025
SED2_01039,100,248,2025
SED2_09770,160,135,2025
SED2_05765,100,196,2025
SED2_01494,250,229,2025
SED2_02468,160,287,2025
SED2_08039,100,208,2025
SED2_00121,160,125,2025
SED2_03545,160,240,2025
SED2_09664,100,200,2025
SED2_02433,100,6,2025
SED2_02691,25,68,2025
SED2_04904,100,265,2025
SED2_05414,50,82,2025
SED2_01098,160,155,2025
SED2_03818,160,115,2025
SED2_04267,160,212,2025
SED2_02265,160,172,2025
SED2_01798,100,177,2025
SED2_06696,50,75,2025
SED2_04704,50,98,2025
SED2_04531,50,77,2025
SED2_03765,100,71,2025
SED2_07274,100,103,2025
SED2_01701,250,127,2025
SED2_06927,250,122,2025
SED2_02407,160,149,2025
SED2_08032,100,89,2025
SED2_01278,400,16,2025
SED2_03895,160,111,2025
SED2_04601,100,124,2025
SED2_01782,100,115,2025
SED2_06399,100,95,2025
SED2_00208,160,103,2025
SED2_04887,160,361,2025
SED2_09535,160,94,2025
SED2_00739,50,85,2025
SED2_08415,160,119,2025
SED2_08274,100,133,2025
SED2_02465,100,154,2025
SED2_03732,100,12,2025
SED2_01994,100,180,2025
SED2_00702,160,99,2025
SED2_02648,100,200,2025
SED2_07455,250,105,2025
SED2_08570,50,253,2025
SED2_00936,100,54,2025
SED2_02541,630,453,2025
SED2_02659,250,94,2025
SED2_07951,400,116,2025
SED2_02141,100,219,2025
SED2_09232,250,74,2025
SED2_03521,160,166,2025
SED2_08712,50,78,2025
SED2_00130,75,27,2025
SED2_02877,50,21,2025
SED2_05108,40,84,2025
SED2_05171,160,350,2025
SED2_07577,100,15,2025
SED2_07546,25,55,2025
SED2_04856,250,355,2025
SED2_00460,250,130,2025
SED2_04853,100,65,2025
SED2_09410,100,156,2025
SED2_07915,160,86,2025
SED2_02146,160,28,2025
SED2_02097,160,176,2025
SED2_00051,50,72,2025
SED2_08618,160,171,2025
SED2_02990,100,243,2025
SED2_03847,100,184,2025
SED2_06874,100,69,2025
SED2_02895,100,11,2025
SED2_05491,250,190,2025
SED2_03759,100,284,2025
SED2_03718,50,109,2025
SED2_03491,400,82,2025
SED2_03763,100,91,2025
SED2_09142,250,276,2025
SED2_08740,250,14,2025
SED2_08326,250,192,2025
SED2_07025,250,331,2025
SED2_01414,100,155,2025
SED2_09211,50,106,2025
SED2_08434,160,5,2025
SED2_09075,160,13,2025
SED2_00462,160,65,2025
SED2_09631,400,58,2025
SED2_06816,250,67,2025
SED2_09828,100,91,2025
SED2_03083,100,34,2025
SED2_05040,25,126,2025
SED2_05304,100,181,2025
SED2_06715,160,125,2025
SED2_01526,100,58,2025
SED2_07103,100,72,2025
SED2_04088,250,82,2025
SED2_05565,160,216,2025
SED2_08389,40,48,2025
SED2_01605,100,143,2025
SED2_09426,50,90,2025
SED2_05648,160,157,2025
SED2_00790,50,90,2025
SED2_01228,100,133,2025
SED2_07497,250,43,2025
SED2_00638,50,3,2025
SED2_03467,100,56,2025
SED2_01274,400,331,2025
SED2_04921,400,119,2025
SED2_09823,160,213,2025
SED2_06212,250,123,2025
SED2_00433,100,55,2025
SED2_01652,400,7,2025
SED2_06161,250,354,2025
SED2_01542,250,241,2025
SED2_00914,100,212,2025
SED2_02091,100,170,2025
SED2_03617,160,148,2025
SED2_03168,160,105,2025
SED2_04238,400,23,2025
SED2_09865,160,139,2025
SED2_00457,160,219,2025
SED2_08670,250,337,2025
SED2_06760,630,13,2025
SED2_02674,250,98,2025
SED2_06536,100,98,2025
SED2_04727,100,218,2025
SED2_02692,100,185,2025
SED2_05422,100,101,2025
SED2_00567,100,162,2025
SED2_06364,100,151,2025
SED2_01030,400,62,2025
SED2_02033,250,39,2025
SED2_00945,250,82,2025
SED2_03865,160,182,2025
SED2_05338,100,123,2025
SED2_08843,250,228,2025
SED2_00653,50,137,2025
SED2_01015,250,162,2025
SED2_09502,400,269,2025
SED2_04388,250,306,2025
SED2_04125,100,138,2025
SED2_07128,100,240,2025
SED2_04416,100,105,2025
SED2_07194,160,134,2025
SED2_08723,160,98,2025
SED2_09515,160,151,2025
SED2_07621,100,116,2025
SED2_07943,160,98,2025
SED2_07333,100,34,2025
SED2_01530,100,125,2025
SED2_08023,175,126,2025
SED2_00670,250,230,2025
SED2_01672,100,74,2025
SED2_04756,50,79,2025
SED2_09091,100,45,2025
SED2_07239,100,157,2025
SED2_08054,100,141,2025
SED2_09394,250,292,2025
SED2_03469,100,250,2025
SED2_07529,100,100,2025
SED2_04798,160,233,2025
SED2_01508,15,47,2025
SED2_05652,50,88,2025
SED2_04568,160,201,2025
SED2_00306,160,140,2025
SED2_01346,50,39,2025
SED2_01784,400,104,2025
SED2_05602,100,163,2025
SED2_01270,100,104,2025
SED2_08853,160,177,2025
SED2_02802,160,4,2025
SED2_00688,50,56,2025
SED2_05900,100,160,2025
SED2_07873,100,196,2025
SED2_01945,100,257,2025
SED2_04788,100,210,2025
SED2_03264,100,114,2025
SED2_03425,50,115,2025
SED2_01431,100,36,2025
SED2_00892,100,94,2025
SED2_03481,100,120,2025
SED2_04482,50,36,2025
SED2_08211,50,58,2025
SED2_09587,160,207,2025
SED2_07268,100,66,2025
SED2_00225,100,136,2025
SED2_08759,400,313,2025
SED2_07116,160,349,2025
SED2_00856,50,119,2025
SED2_02685,250,173,2025
SED2_00570,160,9,2025
SED2_08807,40,33,2025
SED2_08307,250,200,2025
SED2_03148,250,155,2025
SED2_05768,250,228,2025
SED2_08251,100,257,2025
SED2_07981,250,524,2025
SED2_02568,160,220,2025
SED2_07101,50,16,2025
SED2_02994,50,5,2025
SED2_07307,50,3,2025
SED2_06555,160,11,2025
SED2_04142,250,4,2025
SED2_01009,160,228,2025
SED2_08508,100,119,2025
SED2_07281,160,67,2025
SED2_03475,400,11,2025
SED2_00094,160,182,2025
SED2_00182,250,203,2025
SED2_01319,50,94,2025
SED2_07000,100,125,2025
SED2_00166,250,13,2025
SED2_05145,400,174,2025
SED2_08599,400,321,2025
SED2_02397,160,98,2025
SED2_09600,160,5,2025
SED2_01289,250,25,2025
SED2_00695,100,202,2025
SED2_00421,100,18,2025
SED2_00482,160,185,2025
SED2_01105,160,24,2025
SED2_04462,160,238,2025
SED2_02327,400,126,2025
SED2_07223,100,98,2025
SED2_01401,100,127,2025
SED2_03160,400,75,2025
SED2_01053,250,376,2025
SED2_04031,100,85,2025
SED2_02860,250,5,2025
SED2_03359,50,81,2025
SED2_09518,100,116,2025
SED2_01418,50,10,2025
SED2_04104,160,175,2025
SED2_00251,25,10,2025
SED2_01167,160,165,2025
SED2_06149,100,215,2025
SED2_06332,50,135,2025
SED2_02481,100,210,2025
SED2_07822,250,88,2025
SED2_04656,100,300,2025
SED2_06537,160,147,2025
SED2_04605,250,190,2025
SED2_08592,100,93,2025
SED2_08442,50,15,2025
SED2_01600,100,132,2025
SED2_00161,160,566,2025
SED2_01736,100,148,2025
SED2_02284,160,197,2025
SED2_01706,50,75,2025
SED2_02357,160,11,2025
SED2_02354,400,354,2025
SED2_08419,250,194,2025
SED2_06314,400,225,2025
SED2_06436,160,117,2025
SED2_08031,50,121,2025
SED2_03557,250,269,2025
SED2_07829,100,253,2025
SED2_05012,160,159,2025
SED2_04736,100,142,2025
SED2_06731,100,164,2025
SED2_05192,100,143,2025
SED2_00270,15,55,2025
SED2_00532,25,177,2025
SED2_00023,50,45,2025
SED2_09662,160,166,2025
SED2_03600,250,67,2025
SED2_01599,50,84,2025
SED2_09693,100,79,2025
SED2_02814,250,291,2025
SED2_04997,250,324,2025
SED2_02728,160,184,2025
SED2_05755,250,183,2025
SED2_06206,100,121,2025
SED2_00765,100,131,2025
SED2_09252,100,101,2025
SED2_09513,160,8,2025
SED2_05213,400,237,2025
SED2_00582,100,125,2025
SED2_08632,100,283,2025
SED2_07433,250,113,2025
SED2_05387,25,64,2025
SED2_07749,100,92,2025
SED2_00904,250,203,2025
SED2_01353,160,2,2025
SED2_03357,100,20,2025
SED2_06216,40,28,2025
SED2_02188,250,14,2025
SED2_09933,50,56,2025
SED2_04561,100,234,2025
SED2_03701,100,153,2025
SED2_06638,160,209,2025
SED2_06978,100,120,2025
SED2_03117,400,159,2025
SED2_07636,160,370,2025
SED2_04320,100,196,2025
SED2_08515,100,165,2025
SED2_04353,100,141,2025
SED2_09477,100,221,2025
SED2_00563,50,16,2025
SED2_07868,100,89,2025
SED2_07077,160,179,2025
SED2_02770,100,81,2025
SED2_07124,160,448,2025
SED2_09082,160,254,2025
SED2_05069,100,97,2025
SED2_01914,50,95,2025
SED2_06932,100,69,2025
SED2_08367,100,281,2025
SED2_02301,100,258,2025
SED2_06030,250,199,2025
SED2_01618,250,183,2025
SED2_03986,100,106,2025
SED2_05908,100,118,2025
SED2_06233,160,201,2025
SED2_04817,160,174,2025
SED2_05412,100,192,2025
SED2_04131,100,65,2025
SED2_09366,400,56,2025
SED2_08219,250,281,2025
SED2_08865,160,2,2025
SED2_02635,250,12,2025
SED2_08708,250,19,2025
SED2_01438,400,203,2025
SED2_04598,250,138,2025
SED2_09902,250,104,2025
SED2_03566,400,61,2025
SED2_05978,250,52,2025
SED2_04467,400,219,2025
SED2_01873,250,64,2025
SED2_07130,160,189,2025
SED2_05972,320,6,2025
SED2_05929,160,183,2025
SED2_08800,400,34,2025
SED2_05243,250,210,2025
SED2_03523,160,380,2025
SED2_06857,160,19,2025
SED2_07498,100,30,2025
SED2_09425,100,3,2025
SED2_07601,400,42,2025
SED2_01952,160,200,2025
SED2_01936,160,109,2025
SED2_06645,250,5,2025
SED2_00517,160,161,2025
SED2_02224,400,404,2025
SED2_07813,250,153,2025
SED2_09543,400,326,2025
SED2_03579,100,23,2025
SED2_04136,160,168,2025
SED2_08615,100,117,2025
SED2_08556,100,91,2025
SED2_06849,100,91,2025
SED2_05274,100,145,2025
SED2_00370,160,129,2025
SED2_00337,250,262,2025
SED2_01988,100,180,2025
